Username,EmailAddress,Password,GivenName,Surname,StreetAddress,City,State,ZipCode,CCType,CCNumber,CVV2,CCExpires
Spold1937,PamelaRFoster@pookmail.com,keeWaeg4ieH,Pamela,Foster,3515 Bell Street,New York,NY,10004,MasterCard,5127368023805763,107,3/2013
Forebole,FredericaDRamos@dodgit.com,shuongoh7K,Frederica,Ramos,572 Main Street,Seattle,WA,98109,MasterCard,5268254488480012,308,12/2016
Loon1930,MarshaJEspinosa@pookmail.com,afeeB5Ohiex,Marsha,Espinosa,4710 Middleville Road,Alhambra,CA,91801,Visa,4485067158746391,441,6/2014
Venly1982,MichelleSShannon@spambob.com,aelooCh2k,Michelle,Shannon,4646 Stark Hollow Road,Nucla,CO,81424,Visa,4532115528632974,890,9/2017
Awer1954,RobertJKwan@dodgit.com,looB0eevoo,Robert,Kwan,1999 Lowland Drive,Tonica,IL,61370,Visa,4929443284156819,054,5/2017
Ably1964,JoseKCollins@trashymail.com,iphuPh8zah,Jose,Collins,4396 Washburn Street,Baton Rouge,LA,70814,MasterCard,5538020043993656,347,9/2015
Wayinshound,RebeccaCPowers@dodgit.com,Yai8heib3,Rebecca,Powers,1955 Hillcrest Drive,Seattle,WA,98109,Visa,4916928150105804,628,1/2017
Fivinte,TashaMJohnson@mailinator.com,iChooHu4Ei,Tasha,Johnson,381 Hilltop Haven Drive,Riverdale,NJ,07442,Visa,4916177561115941,690,11/2016
Whate1940,MelvinACole@trashymail.com,Bawee6eezi,Melvin,Cole,2470 Nuzum Court,Holland,NY,14080,MasterCard,5432977205950997,051,12/2016
Thans1951,ToddMBertrand@spambob.com,Ier1ieSae,Todd,Bertrand,3238 Doctors Drive,Santa Monica,CA,90401,MasterCard,5589167547320445,192,12/2013
Facresid,KathyLEverett@spambob.com,liN2Oosh6Qu,Kathy,Everett,4889 Lucy Lane,Columbus,IN,47201,MasterCard,5386102269030257,856,10/2017
Ancterionts1964,LeeMBenham@pookmail.com,ieBee3ai,Lee,Benham,1352 Stratford Park,Evansville,IN,47708,Visa,4929561762718253,509,3/2014
Thimpubstur1954,AnthonyMKnight@spambob.com,ieCh9moo,Anthony,Knight,2349 Fleming Street,Montgomery,AL,36014,MasterCard,5445863429563912,796,12/2017
Wairds,SantiagoJRomo@mailinator.com,choh9noob9B,Santiago,Romo,1443 Ridenour Street,Miami,FL,33131,Visa,4716571605796447,614,6/2013
Whistring,CarmeliaDLogan@mailinator.com,RahPh5ca1eeSh,Carmelia,Logan,1484 Chardonnay Drive,Seattle,WA,98161,Visa,4916202685361641,542,2/2014
Saughts1970,AlexSGriffin@trashymail.com,ipagoh1V,Alex,Griffin,4690 Woodside Circle,Panama City,FL,32401,Visa,4539329668944411,902,2/2013
Throureept,NelsonLSmith@pookmail.com,iTood6Nikoh,Nelson,Smith,2924 Scheuvront Drive,Denver,CO,80202,Visa,4716882720963477,972,9/2015
Felleating,ElizabethGLaws@pookmail.com,ahki1Eelu,Elizabeth,Laws,4025 Progress Way,Melrose,MN,56352,Visa,4716519287442756,513,6/2013
Cidew1981,CharlesDGarcia@dodgit.com,ceetha1Baew,Charles,Garcia,1803 Colony Street,Bridgeport,CT,06604,MasterCard,5220912852935849,149,11/2016
Inges1969,AntonioJEvans@trashymail.com,Ees9Roh6,Antonio,Evans,1803 Oakway Lane,Burbank,CA,91502,MasterCard,5352515956877393,673,4/2017
Quan1981,KathleenRRosado@trashymail.com,se5Aisiez2u,Kathleen,Rosado,3568 Harron Drive,Baltimore,MD,21201,MasterCard,5257297581474690,364,10/2017
Thavest,RussellCWingfield@pookmail.com,eiL7ineengo,Russell,Wingfield,1825 Patterson Road,Garden City,NY,11530,Visa,4716510174475827,124,11/2013
Hermort,SusanBChild@spambob.com,ieBuNgeiG3p,Susan,Child,4171 Lodgeville Road,Saint Paul,MN,55104,MasterCard,5331161895023512,339,4/2015
Thencerest,EssieAGonzales@trashymail.com,Aebeva4ie,Essie,Gonzales,2400 Roosevelt Street,San Francisco,CA,94107,MasterCard,5385613171040789,580,5/2015
Fourpried,DebraCChavez@pookmail.com,kee4yooSai,Debra,Chavez,3761 Ash Avenue,Saint Louis,MO,63146,MasterCard,5526509517913756,345,5/2017
Reverigire1964,CarolTGrover@dodgit.com,Eech2reir,Carol,Grover,3634 Upland Avenue,Holland,OH,43528,MasterCard,5455573399056501,248,5/2013
Loven1935,MorrisAHoward@dodgit.com,aipeiQu0,Morris,Howard,545 Duke Lane,Metuchen,NJ,08840,MasterCard,5403547058364367,870,7/2014
Messin,WilliamRStevens@mailinator.com,yohMai2sho,William,Stevens,720 Despard Street,Atlanta,GA,30303,MasterCard,5574726924580132,845,8/2015
Wharythe,JacquelineRPrince@spambob.com,ha5Pae2ohng,Jacqueline,Prince,2939 Eva Pearl Street,Gonzales,LA,70737,Visa,4539965778485819,719,2/2017
Shastaidow,DorisSDawes@spambob.com,Yeeceegh3roh,Doris,Dawes,2152 Glen Street,Summer Shade,KY,42166,Visa,4539017609975475,319,12/2015
Raimad75,DebraBMercer@trashymail.com,oogaot1dahD,Debra,Mercer,3228 Lake Floyd Circle,Columbia,MD,21044,MasterCard,5100350513438876,730,7/2016
Hatiltas,BeverlySKing@mailinator.com,ci8phaeHi9,Beverly,King,1336 Laurel Lane,Odessa,TX,79762,Visa,4716794404408770,262,6/2015
Liencimed90,RandyMGuthrie@dodgit.com,uabohQu9sh,Randy,Guthrie,4310 Blackwell Street,Fairbanks,AK,99701,Visa,4556241846940666,598,4/2013
Himmen43,RichardNMaldonado@spambob.com,ugeeQu5chie,Richard,Maldonado,166 Aspen Court,Cambridge,MA,02141,MasterCard,5537975482978032,036,1/2017
Vieciare,AmberAPalmer@trashymail.com,boHeiWie4ahShoo,Amber,Palmer,77 Lightning Point Drive,Memphis,TN,38115,MasterCard,5593159363450327,525,8/2016
Alugh1985,DeanMMedina@pookmail.com,eiThoh0eiw,Dean,Medina,1213 Bruce Street,Maryland Heights,MO,63043,MasterCard,5274539583609149,045,12/2013
Beittlet,ClaytonMNewlin@pookmail.com,koh4Jia0,Clayton,Newlin,3783 Fairfield Road,Milwaukee,WI,53202,MasterCard,5221055885624730,613,11/2013
Usbal1927,MichelleBJones@dodgit.com,cae6hon2Ie,Michelle,Jones,581 Ashmor Drive,Fargo,MN,58102,MasterCard,5328797093753684,792,4/2013
Lievaight79,TerriJSchneider@trashymail.com,Eev4ohqu9ah,Terri,Schneider,3369 Snowbird Lane,Omaha,NE,68102,Visa,4716151831692296,592,1/2017
Foraors,KevinSSlayton@mailinator.com,HoniiPh4shie,Kevin,Slayton,1267 Meadow Lane,San Francisco,CA,94108,Visa,4532584485256376,970,7/2014
Heathence,BrendaPFay@trashymail.com,Hied7aiph1gu,Brenda,Fay,2602 Tecumsah Lane,Mount Pleasant,IA,52641,MasterCard,5440007409774553,163,8/2014
Saink1986,KarenETatum@mailinator.com,Feh0GeF6,Karen,Tatum,3041 Wexford Way,Barnwell,SC,29812,MasterCard,5446767423065379,925,2/2017
Geopme72,MaryannMSeals@pookmail.com,aimeruone9H,Maryann,Seals,1092 Valley Street,Camden,NJ,08102,Visa,4916065960856357,040,8/2017
Hiecand,RuthVHughley@dodgit.com,faivahLool2,Ruth,Hughley,4136 Agriculture Lane,Miami,FL,33165,Visa,4929145630731613,638,4/2017
Picamortiver30,MarkJNadeau@dodgit.com,Joo1aej6gai,Mark,Nadeau,1905 Douglas Dairy Road,Martinsville,VA,24112,Visa,4556197916870029,962,7/2017
Haturim77,HollyEHakes@mailinator.com,cie2EiPo6l,Holly,Hakes,1374 Lincoln Drive,Harrisburg,PA,17101,Visa,4532001453612951,248,2/2016
Litheir,RobertCJordon@pookmail.com,aoX1paChei,Robert,Jordon,1410 Wilson Avenue,Italy,TX,76651,Visa,4539909584543452,380,6/2017
Glesing,LucilleBWalker@pookmail.com,deir8OTh,Lucille,Walker,1969 Richards Avenue,Stockton,CA,95207,MasterCard,5546992848262737,196,6/2016
Pubjead,JeremyLMichaud@mailinator.com,oichie5Ah,Jeremy,Michaud,2314 Terra Cotta Street,Thief River Falls,MN,56701,MasterCard,5469590764398205,120,4/2015
Andeaphs,MarilynTSierra@dodgit.com,Yahch4xah,Marilyn,Sierra,4112 Locust Street,Leslie,GA,31764,MasterCard,5244774863663717,103,3/2013