Username,EmailAddress,Password,GivenName,Surname,StreetAddress,City,State,ZipCode,CCType,CCNumber,CVV2,CCExpires
Gnitend,LuciaTMurray@spambob.com,so9heif8FahG7,Lucia,Murray,3287 Duffy Street,Union Mills,IN,46382,Visa,4485575462834158,161,6/2015
Hissfin,JannaDBryant@spambob.com,Phie0oze4Pae,Janna,Bryant,4238 Timber Oak Drive,Dalhart,TX,79022,MasterCard,5407049016633179,438,2/2013
Forst1993,LuisCRoberts@trashymail.com,iCoo4kahz,Luis,Roberts,3665 Northwest Boulevard,Jersey City,NJ,07304,MasterCard,5206285759051137,416,12/2015
Mrseach,PeterJPenley@spambob.com,Eed5ookie,Peter,Penley,1783 Hiddenview Drive,Philadelphia,PA,19108,MasterCard,5464384195998261,337,10/2016
Hadonse,MarkBGooch@spambob.com,Ahchai9lei,Mark,Gooch,3361 Thrash Trail,Dallas,TX,75212,MasterCard,5274452611335903,333,4/2014
Georl1940,RoslynGLeedy@trashymail.com,baibuiV9zai,Roslyn,Leedy,178 Romines Mill Road,Dallas,TX,75247,MasterCard,5388852980913128,917,12/2016
Knotans,HenryPRobertson@spambob.com,cohMu2aik,Henry,Robertson,2513 Collins Street,Tampa,FL,33602,MasterCard,5114294276182566,590,7/2015
Thilvely,HaroldDEricson@pookmail.com,no4ahFoquae,Harold,Ericson,558 Kelly Drive,Beckley,WV,25801,Visa,4532135084620965,713,12/2013
Reprockless1938,SharonMDickerson@mailinator.com,Oy0aiSaeNom,Sharon,Dickerson,3955 Simpson Street,Secor,IL,61771,MasterCard,5255707411260053,298,10/2015
Cluch1983,MarcBByers@mailinator.com,li9Reetu,Marc,Byers,189 Steele Street,Elmhurst,IL,60126,MasterCard,5426953213767747,748,2/2014
Muchat,WarrenAGeib@dodgit.com,ooseeZ3ving,Warren,Geib,3388 Lindale Avenue,Oakland,CA,94612,MasterCard,5182184140308017,112,6/2017
Coll1954,MichelleSYearby@mailinator.com,Phei9Wooch,Michelle,Yearby,2593 Creekside Lane,Santa Barbara,CA,93178,MasterCard,5421890680278201,680,4/2017
Mrsmants1935,MaryDBonet@mailinator.com,eiFoof3Oo,Mary,Bonet,3845 Lincoln Drive,Harrisburg,PA,17102,MasterCard,5406101686828109,396,12/2013
Aftessest,RachelWDickson@dodgit.com,Cheiloighii4,Rachel,Dickson,4849 Tully Street,Dearborn,MI,48126,MasterCard,5429501874379950,806,6/2015
Oveass,MichaelCLucky@mailinator.com,se1quohn0Th,Michael,Lucky,1718 Fulton Street,Glenville,WV,26351,MasterCard,5532276069174300,282,11/2015
Thre1977,JerryCMason@pookmail.com,Of9taenaime,Jerry,Mason,3987 White Lane,Clarksville,AR,72830,MasterCard,5302338443384100,756,12/2015
Preple,FrancisCNathan@pookmail.com,weaZ3yuu5Ie,Francis,Nathan,2458 Brown Bear Drive,Los Angeles,CA,90017,MasterCard,5163725106709110,568,2/2015
Whismor1993,AnaRDecker@spambob.com,boh6Agio0ah,Ana,Decker,508 Hornor Avenue,Tulsa,OK,74105,MasterCard,5380987656177125,465,1/2013
Hationers,JodyWWilliams@mailinator.com,ao2ci8Nae,Jody,Williams,1151 Hillview Drive,Rohnert Park,CA,94928,MasterCard,5435718125855784,558,4/2013
Ressoare,EvaDRauch@trashymail.com,eR4ohfai,Eva,Rauch,4301 Nicholas Street,Concordia,KS,66901,MasterCard,5508344172539833,229,3/2013
Upok1993,VanessaKStaley@mailinator.com,uH5ooc8Eing,Vanessa,Staley,4805 Pineview Drive,Wilmont,MN,56185,Visa,4539637819983405,052,1/2013
Taid1980,RobertDMusgrave@spambob.com,Keehahquu6u,Robert,Musgrave,4492 Meadowbrook Mall Road,Gardena,CA,90247,MasterCard,5140612982824031,633,4/2015
Bince1957,AmandaREvans@spambob.com,sheith7Veph,Amanda,Evans,4220 Pretty View Lane,Arcata,CA,95521,MasterCard,5331825070890826,517,6/2015
Whearommens,RitaJWarner@mailinator.com,seisieK5ail,Rita,Warner,3382 Goldleaf Lane,Jersey City,NJ,07304,Visa,4539334786006077,116,7/2017
Ressibing,DianeAHarper@spambob.com,Rugh6thail,Diane,Harper,408 Robinson Court,Saginaw,MI,48607,Visa,4532626817690689,263,9/2016
Heved1970,DouglasBParrish@pookmail.com,ko2KiefaiR,Douglas,Parrish,1619 Lang Avenue,Mountain View,UT,82939,MasterCard,5418765203978088,630,8/2015
Ofas1976,KatherineJRoberson@spambob.com,echu7Ahph,Katherine,Roberson,187 Court Street,Hillsboro,MO,63050,MasterCard,5382428586627770,274,7/2017
Shous1982,NicoleRArms@mailinator.com,ShoD9ohngil,Nicole,Arms,4470 Stroop Hill Road,Atlanta,GA,30309,MasterCard,5556011057234191,120,7/2013
Railiciere,StephenIAnderson@trashymail.com,yaiz2xeeWai,Stephen,Anderson,3040 Hidden Pond Road,Westmoreland,TN,37186,Visa,4716711798831789,717,8/2014
Hambethinde,TraciCBoyd@pookmail.com,ooP6ezooQua,Traci,Boyd,542 Harter Street,Dayton,OH,45402,Visa,4916014935420550,384,8/2013
Siver1979,WesleyLMorgan@trashymail.com,eip8ei6P,Wesley,Morgan,1538 Thompson Street,Paramount,CA,90723,MasterCard,5556868199943165,682,12/2016
Whomen,JamesMSmith@dodgit.com,oR0ooc6b,James,Smith,2384 Thompson Drive,Oakland,CA,94606,MasterCard,5102993091390783,911,3/2013
Spirly1987,LarryJHill@spambob.com,Tiig0aeCoh,Larry,Hill,625 Ingram Road,North Wilkesboro,NC,28659,MasterCard,5289542347553986,132,7/2016
Thisharm1975,ClintKLogan@pookmail.com,YaikuD1ah,Clint,Logan,3659 Hickory Ridge Drive,Las Vegas,NV,89119,MasterCard,5561675342149340,041,9/2014
Lazieution,DanielVTrussell@spambob.com,kooCoor8aa,Daniel,Trussell,3810 Watson Lane,Charlotte,NC,28202,MasterCard,5338565847425588,469,9/2015
Wonelf,JerryLHalverson@mailinator.com,wahPh9ing,Jerry,Halverson,2829 Lighthouse Drive,Branson,MO,65616,Visa,4532414391692102,051,10/2015
Theented,JeremyMDutton@pookmail.com,ooPegu6k,Jeremy,Dutton,4830 Still Pastures Drive,Columbia,SC,29223,MasterCard,5393363275425052,957,2/2014
Andeten,LeoPNunley@mailinator.com,Noodoh5boh,Leo,Nunley,4223 Benson Street,Sugar Camp,WI,54501,Visa,4485048700139186,997,1/2013
Expaletioll,StephanieWOwens@mailinator.com,chijogain5Oo,Stephanie,Owens,3353 Tennessee Avenue,Westland,MI,48185,MasterCard,5431647189297407,967,11/2015
Loundoll,CherylMGonzalez@dodgit.com,loovei1Ie,Cheryl,Gonzalez,3314 Terra Street,Vancouver,WA,98660,MasterCard,5324844694572271,582,10/2017
Othistiout,HelenJWilliams@dodgit.com,ooNg8Shuph,Helen,Williams,3677 Preston Street,Scott City,KS,67871,Visa,4539151883814603,404,1/2014
Bagall,NancyDPonce@dodgit.com,oolahP5oop,Nancy,Ponce,73 North Avenue,Omaha,NE,68114,MasterCard,5424306632958458,133,2/2017
Tootionese1970,JulieNSmith@trashymail.com,aiheThee2,Julie,Smith,1485 Henry Ford Avenue,Tulsa,OK,74119,Visa,4929895783189338,916,2/2014
Whandsh,MarlonMRichardson@mailinator.com,Phei9veix8xei,Marlon,Richardson,1743 Owagner Lane,Seattle,WA,98101,Visa,4716336593236461,426,7/2017
Raws1982,DonaldMCooper@dodgit.com,meevaiz6W,Donald,Cooper,639 Stewart Street,Indianapolis,IN,46254,MasterCard,5244155402565672,113,3/2016
Cablame,NathanGEaves@mailinator.com,cae6meli0Xae,Nathan,Eaves,3975 Frum Street,Nashville,TN,37206,MasterCard,5555676061728429,465,2/2016
Calt1931,GabrielMThomas@mailinator.com,tae4teeWa,Gabriel,Thomas,3727 Harter Street,Dayton,OH,45402,MasterCard,5342200718454889,918,6/2013
Shopean,BobbiJLarson@dodgit.com,nootoo6Ix,Bobbi,Larson,2409 Village View Drive,Mount Airy,MD,21771,MasterCard,5159560750809494,644,4/2014
Wholubt,BarbaraMRichardson@spambob.com,Kah3uth0aec,Barbara,Richardson,1532 Peaceful Lane,Warrensville Heights,OH,44128,Visa,4532449082220771,404,8/2013
Primuch,NancyKKennedy@spambob.com,cegh9aFai,Nancy,Kennedy,2807 Harvest Lane,Conception Junction,MO,64434,Visa,4556201687136253,067,11/2014
Compay,RobertLHorton@mailinator.com,OShia7uVae,Robert,Horton,1657 Ripple Street,Corunna,MI,48817,MasterCard,5372036901480312,528,11/2016
Excurce,KarenJAvalos@trashymail.com,een5Loop4oo,Karen,Avalos,117 Poplar Avenue,San Diego,CA,92105,Visa,4532544618439315,108,7/2017
Spoe1933,JeannieMHare@mailinator.com,Ohpi1eoTh,Jeannie,Hare,489 Clinton Street,Philadelphia,PA,19103,MasterCard,5509223844815525,015,7/2016
Wrond1944,EugeneGBell@dodgit.com,hai6wah9Ah,Eugene,Bell,2433 Ferrell Street,Duluth,MN,55825,MasterCard,5575310347812080,249,2/2017
Shom1976,JonathanSRice@pookmail.com,ohp2Vahbu,Jonathan,Rice,2383 Farnum Road,New York,NY,10021,Visa,4916655827424769,461,5/2014
Unte1964,MartinVCampbell@spambob.com,xooG0laaChai,Martin,Campbell,1524 Washington Street,Robstown,TX,78380,Visa,4532556753150630,991,7/2014
Wifeephery,CoryEMiller@mailinator.com,Eeghokief9,Cory,Miller,4578 Beeghley Street,Killeen,TX,76543,Visa,4556859375755484,643,12/2014
Roughboody,RolandoMFrank@dodgit.com,eequooQu1,Rolando,Frank,1954 Elk Street,San Juan Capistrano,CA,92675,MasterCard,5188793471486053,309,8/2015
Wompe1932,RandyEHunnicutt@dodgit.com,viephaeX5ree,Randy,Hunnicutt,1437 Charter Street,Kansas City,KS,64106,MasterCard,5509988494677942,515,9/2015
Abod1947,DorisFDenney@dodgit.com,zeeDuh7ooR3,Doris,Denney,4304 Hickory Heights Drive,Hanover,MD,21076,MasterCard,5225913357370818,389,8/2013
Sheas1928,NatalieMFord@spambob.com,Zee7EeChaeN,Natalie,Ford,4527 Westfall Avenue,Owatonna,MN,55060,Visa,4539730396020079,475,7/2016
Blighte,VioletGStanley@mailinator.com,FahNgai5eem,Violet,Stanley,3490 Kelly Street,Charlotte,NC,28202,MasterCard,5366561771259692,143,7/2016
Ablity,DianneKWhite@spambob.com,il8aeTie6,Dianne,White,4022 Limer Street,West Point,GA,31833,MasterCard,5410761378924757,050,2/2013
Liblaingledy,SheilaRDantzler@spambob.com,nughahk2Xie,Sheila,Dantzler,4604 Hudson Street,Red Bank,NJ,07701,MasterCard,5587803005402836,559,4/2014
Castis66,WilliamJCousin@trashymail.com,nieLe2zai,William,Cousin,4033 McDonald Avenue,Orlando,FL,32810,Visa,4556117509730919,779,4/2013
Momyce,JamesDFralick@trashymail.com,goh2Seeph,James,Fralick,4987 Eastland Avenue,Port Gibson,MS,39150,MasterCard,5251050122398498,195,7/2017
Cide1964,JohnTWilliams@mailinator.com,kohnaig1aiD,John,Williams,639 Blue Spruce Lane,Bishop,MD,21812,MasterCard,5475730759924936,989,9/2015
Minged1984,DaleCValdez@mailinator.com,PhieZei9,Dale,Valdez,4338 Elliot Avenue,Seattle,WA,98101,Visa,4929006541321706,360,4/2013
Figh1975,OrlandoLPhillips@trashymail.com,Aicae0nah,Orlando,Phillips,823 Terra Cotta Street,Cotton,MN,55724,MasterCard,5268004609271596,424,12/2013
Nortenathe,MarcMTupper@trashymail.com,Ce1aep4shei,Marc,Tupper,1192 Sweetwood Drive,Denver,CO,80216,MasterCard,5303772133360112,612,12/2017
Marrove,GordonAJackson@mailinator.com,ooKu9egae1,Gordon,Jackson,394 Willis Avenue,Daytona Beach,FL,32114,MasterCard,5551479190821437,726,9/2017
Inare1962,GayleTColon@pookmail.com,aet6raCai2zie,Gayle,Colon,4519 Sundown Lane,Austin,TX,78664,MasterCard,5575592147028054,764,6/2017
Vollivind45,NeldaMTobin@trashymail.com,aebieveeb1F,Nelda,Tobin,787 Stratford Park,Decker,IN,47524,Visa,4556631669851356,878,1/2016
Frombleasome,NadaAScott@mailinator.com,aZen1Wee5th,Nada,Scott,3534 Argonne Street,Newark,DE,19711,Visa,4916866651058009,096,6/2015
Rialf1965,ChesterKWinfield@mailinator.com,amaibeV1o,Chester,Winfield,503 Bingamon Branch Road,Northbrook,IL,60062,MasterCard,5176950544144200,708,2/2014
Usad1966,CharlesJHerman@trashymail.com,eeg5Neex4Ah,Charles,Herman,4510 Settlers Lane,Manhattan,NY,10016,Visa,4916477564966773,861,4/2016
Turs1928,JoycePRiddle@mailinator.com,eifael5ooPei,Joyce,Riddle,1522 Myra Street,Providence,RI,02905,MasterCard,5203047381057525,462,9/2014
Thationeath,ErnestoAFarthing@trashymail.com,iiHakieph3o,Ernesto,Farthing,2604 Ralph Drive,Independence,OH,44131,MasterCard,5283428813385499,545,11/2016
Wervas,PatriciaSCastillo@spambob.com,ogie8PeuFah,Patricia,Castillo,614 Norma Lane,Monroe,LA,71201,Visa,4916319616849211,385,8/2014
Pribue,BruceBGooding@pookmail.com,ahnaiCeeph3,Bruce,Gooding,4585 Cooks Mine Road,Albuquerque,NM,87106,MasterCard,5205837812819354,874,12/2015
Withater,ShirleyTVega@trashymail.com,Ax4ootaeGho,Shirley,Vega,449 Hott Street,Oklahoma City,OK,73115,Visa,4532109161623846,773,2/2017
Abone1953,FlorencioCWallis@dodgit.com,tei5xooN8Oh,Florencio,Wallis,2223 Marietta Street,Santa Rosa,CA,95401,Visa,4716668560392392,005,12/2016
Saimed,MaryRBelin@dodgit.com,Aemoo4kie7oo,Mary,Belin,1112 Hog Camp Road,Wheeling,IL,60090,Visa,4929205795848162,792,11/2015
Haval1929,JesseMHarriman@mailinator.com,EeH2adoYi8ah,Jesse,Harriman,517 Wilmar Farm Road,Beltsville,MD,20705,MasterCard,5471481422105271,714,6/2016
Uppoing,MargieNEllwood@spambob.com,Ic8iefiak,Margie,Ellwood,625 Buffalo Creek Road,Nashville,TN,37212,MasterCard,5504235523125799,170,12/2014
Incery,BobbyJStrauss@spambob.com,Iy7ahtaiph,Bobby,Strauss,4328 Olen Thomas Drive,Wichita Falls,TX,76301,Visa,4916462358844170,281,4/2017
Chring1934,CynthiaJFelder@spambob.com,Raeshae7ie,Cynthia,Felder,3067 Stoney Lonesome Road,Harrisburg,PA,17109,MasterCard,5433758796684792,537,2/2013
Beflon,MatthewJRivera@dodgit.com,fieW8Beip8Ph,Matthew,Rivera,2800 Chatham Way,Beltsville,MD,20705,MasterCard,5550173956101057,763,3/2015
Selmerry,ThomasBStillman@mailinator.com,thachieth5H,Thomas,Stillman,4254 Coolidge Street,Philipsburg,MT,59858,Visa,4485498036374579,014,7/2013
Suchiss,MichaelMHanks@spambob.com,ieghoFuh6v,Michael,Hanks,3885 Winifred Way,Indianapolis,IN,46254,Visa,4539157233293505,401,3/2015
Stroned,RosaDSmith@dodgit.com,ohheefie8K,Rosa,Smith,3206 Preston Street,Phoenix,AZ,85034,Visa,4556326967164814,731,6/2013
Prizing,KirkKWilliamson@spambob.com,meCeimeiG2,Kirk,Williamson,4602 Jennifer Lane,Raleigh,NC,27604,Visa,4556595575393797,115,4/2015
Camedid,RitaBLewis@dodgit.com,eish5ahX,Rita,Lewis,156 Brooke Street,Sugar Land,TX,77478,Visa,4485661786321526,778,10/2013
Emptandly,AaronMDennis@spambob.com,heuXutu5,Aaron,Dennis,2262 Franklin Avenue,Corpus Christi,TX,78476,Visa,4532959894435235,102,10/2015
Seleady52,AbbyGDuncan@spambob.com,ohLoh4aph,Abby,Duncan,1493 Honeysuckle Lane,Snohomish,WA,98290,Visa,4485889009102833,275,6/2017
Therec,MaryHHickok@dodgit.com,Soophai1,Mary,Hickok,4672 Lowes Alley,Columbus,OH,43215,MasterCard,5487668011502775,157,3/2013
Fichave,SarahDGreen@spambob.com,eg4thooK,Sarah,Green,176 Vine Street,Schaumburg,IL,60173,Visa,4916676426882777,023,12/2017
Discompard,HarleyMTang@dodgit.com,rae2Ioj4,Harley,Tang,4389 Wolf Pen Road,San Francisco,CA,94107,MasterCard,5128904006543887,556,3/2013
Madeelay,WilliamAQuinones@pookmail.com,zah1eN4Aeg2,William,Quinones,3031 Liberty Street,Dallas,TX,75204,Visa,4929232707120126,154,10/2013
Hapsylle,LeoJLee@mailinator.com,jae9anuL2ae,Leo,Lee,1932 Deer Haven Drive,Duncan,SC,29334,Visa,4556331933109422,624,6/2014
Vinge1969,PaulineMLewis@mailinator.com,ooc9Tie9ie,Pauline,Lewis,3086 Hinkle Lake Road,Newton,MA,02160,MasterCard,5432460700954673,748,5/2014
Dowent,VanIGoforth@mailinator.com,Ahpaic0ee,Van,Goforth,4327 Stiles Street,Bridgeville,PA,15017,Visa,4539530478901976,797,11/2013
Withaticking,BrianZMcFarland@mailinator.com,Ahx5oozui9oo,Brian,McFarland,892 Northwest Boulevard,Lakewood,NJ,08701,MasterCard,5351988823482112,585,9/2014
Amplad,BonnieLLevy@mailinator.com,EeGh8nahH,Bonnie,Levy,4987 Musgrave Street,Atlanta,GA,30303,Visa,4929577814861792,121,11/2017
Tyrdeed,JorgeRBradley@spambob.com,eiXoh8neiqu,Jorge,Bradley,3839 Mattson Street,Portland,OR,97205,Visa,4929820121201892,025,1/2017
Dégrablinule,SadieCRuelas@spambob.com,ACh0roh8pi,Sadie,Ruelas,4995 Vineyard Drive,Cleveland,OH,44114,Visa,4916040176812668,566,7/2013
Befouself,AndrewYCartier@spambob.com,Ahcu4gah6D,Andrew,Cartier,2569 Seth Street,Abilene,TX,79601,MasterCard,5390509038653199,832,11/2013
Whovestaken,WillieARobinson@spambob.com,chohy9Iquo1,Willie,Robinson,2428 Woodland Avenue,Morgan City,LA,70380,MasterCard,5193149994392489,779,9/2014
Coman1940,EdithIKlein@spambob.com,ech2pai3aiJoh,Edith,Klein,1534 Conaway Street,Fairbanks,IN,47849,Visa,4929708982526988,348,5/2014
Yourinsuil,CharlesVDesousa@trashymail.com,zohXe0ju,Charles,Desousa,4413 Fraggle Drive,Oak Brook,IL,60523,Visa,4556175146290887,130,7/2015
Loulace,SeanFHicks@mailinator.com,aiFebong3th,Sean,Hicks,3459 Peck Street,Twin Mountain,NH,03595,Visa,4539932362243921,971,10/2015
Yesom1972,DrewEHennessey@dodgit.com,ai5Wie7ji,Drew,Hennessey,3141 Pearl Street,Sacramento,CA,95823,Visa,4485119086958893,997,10/2017
Meare1938,DonaldRDonaldson@mailinator.com,Ezohcho2,Donald,Donaldson,3810 Junkins Avenue,Albany,GA,31707,Visa,4485717383622995,300,10/2017
Ates1946,JanieJParker@mailinator.com,fa6voh1Sa,Janie,Parker,4312 Concord Street,Charlotte,NC,28263,MasterCard,5368973806134600,298,10/2016
Leted1967,JulieRGuest@spambob.com,Roovai7sh,Julie,Guest,4146 Meadowcrest Lane,Frenchburg,KY,40322,Visa,4556053234582517,158,8/2013
Ovell1927,LeslieAJohnson@mailinator.com,Bie1lae9,Leslie,Johnson,661 Spring Haven Trail,East Orange,NJ,07017,Visa,4485815851629565,741,9/2017
Challits,JohnLAbel@dodgit.com,EiCit6Mae,John,Abel,219 Creekside Lane,Santa Barbara,CA,93101,MasterCard,5339488446587675,198,5/2014
Altaid,ScottASedgwick@mailinator.com,ieh2ugooHe,Scott,Sedgwick,829 Thorn Street,Cheyenne,WY,82001,MasterCard,5343760841102936,360,5/2017
Deping84,JoanneDReynolds@trashymail.com,saez0Ibiewo,Joanne,Reynolds,473 Bee Street,Muskegon Heights,MI,49444,MasterCard,5349434598231397,135,3/2013
Approunce,MerleWHayek@trashymail.com,phid0Ahxie,Merle,Hayek,221 Jacobs Street,Monroeville,PA,15146,MasterCard,5313935495169946,381,5/2013
Saing1975,CliffordDBuckley@spambob.com,Che3aequo,Clifford,Buckley,3936 Valley View Drive,Waltham,MA,02154,MasterCard,5364664941800650,712,8/2017
Darnording,GwendolynKBachman@mailinator.com,Ohnohch6eGo,Gwendolyn,Bachman,4928 Prospect Valley Road,Long Beach,CA,90802,Visa,4539891282293392,228,4/2013
Ruch1971,AdamPMathews@pookmail.com,ooloo3EiY,Adam,Mathews,3328 Ocello Street,San Diego,CA,92103,MasterCard,5209492088961518,560,3/2014
Beforming,OscarEAltom@dodgit.com,cheec5eeG4,Oscar,Altom,4412 Fieldcrest Road,Huntington,NY,11743,Visa,4916867495475789,308,5/2013
Wome1957,MaryRFitzgerald@trashymail.com,uuphie6AS,Mary,Fitzgerald,190 Walt Nuzum Farm Road,Dansville,NY,14437,MasterCard,5500780314185779,142,2/2015
Olunnime,SarahTJackson@trashymail.com,Ohcai7jei,Sarah,Jackson,3405 Hillview Drive,Oakland,CA,94612,Visa,4716623421885985,488,1/2015
Andento,JedDHamilton@spambob.com,ahNgai6ae,Jed,Hamilton,859 Rosewood Lane,New York,NY,10001,Visa,4556654748131202,497,12/2015
Sagoonger,KentVCooper@mailinator.com,zeiRah1qu,Kent,Cooper,3833 John Calvin Drive,Chicago,IL,60605,Visa,4716623504706108,120,4/2017
Youghted,JerryTTroxell@dodgit.com,Quovohngoh5,Jerry,Troxell,163 Pick Street,Loveland,CO,80537,Visa,4929651573369832,908,12/2017
Groul1977,RobertMRoman@pookmail.com,ilaiMue7,Robert,Roman,3103 Clifford Street,San Leandro,CA,94578,MasterCard,5528004669139036,476,12/2017
Freen1931,ArnoldSRios@pookmail.com,moNg6Uquah6,Arnold,Rios,4423 Formula Lane,Irving,TX,75039,Visa,4556128413999193,558,2/2017
Worcen,DennisLSantiago@pookmail.com,oo9veiToo,Dennis,Santiago,1966 University Hill Road,Macomb,IL,61455,Visa,4916034306330881,315,4/2013
Bromp1934,RobertMRiley@pookmail.com,Gui2Ahwee,Robert,Riley,4335 Prospect Street,Bridgeport,NJ,08014,MasterCard,5316009075000595,618,7/2014
Wrimet,DebbieSHamilton@mailinator.com,the5Wahh8qu,Debbie,Hamilton,1787 Walnut Avenue,Rochelle Park,NJ,07662,Visa,4532868289600412,615,9/2014
Younnoullits,JanetSLucky@spambob.com,mooKeit3eil,Janet,Lucky,4936 Emeral Dreams Drive,Romeoville,IL,60441,Visa,4929530824774026,558,7/2016
Pariz1946,JenniferVHicks@pookmail.com,ieTu8Zohsh,Jennifer,Hicks,2838 Twin House Lane,Springfield,MO,65865,MasterCard,5215863965677298,847,2/2015
Likeen68,SusanEGrossman@dodgit.com,phiwailooG8d,Susan,Grossman,3687 Capitol Avenue,Paragon,IN,46166,MasterCard,5509026598807097,702,8/2015
Marthe,DannyBDillman@mailinator.com,He9ohthohTh,Danny,Dillman,4239 Emerson Road,Shreveport,LA,71101,MasterCard,5107006072678657,993,1/2017
Aboustinger33,CrystalASmith@trashymail.com,Poo8ohqu7Ie,Crystal,Smith,2078 Chandler Drive,Aurora,MO,65605,Visa,4532424696139501,937,10/2017
Cive1988,WalterKBenham@spambob.com,Di0Theuth,Walter,Benham,1532 Airplane Avenue,Cheshire,CT,06410,Visa,4929569961026865,210,3/2013
Thavill42,DorothyPMartin@trashymail.com,Bo0IeSuj6,Dorothy,Martin,2472 Mandan Road,Dixon,MO,65459,MasterCard,5224592041514287,937,5/2014
Twounds,CareyESimmons@spambob.com,thuWaiRoh4,Carey,Simmons,2487 Frederick Street,El Paso,TX,79912,MasterCard,5207412200846373,770,5/2015
Nothareabror1943,SharonJAlderson@mailinator.com,Aiseey4fee,Sharon,Alderson,2549 Clearview Drive,Littleton,CO,80120,MasterCard,5121853266660658,294,4/2017
Entils,BettyJBoyd@mailinator.com,uusawuW1shoo,Betty,Boyd,1754 Hartland Avenue,Appleton,WI,54911,Visa,4929415365793231,326,11/2014
Thattely,GerryNMcDonald@pookmail.com,bae8Gaecies,Gerry,McDonald,1523 August Lane,Shreveport,LA,71101,Visa,4539651102896521,172,12/2013
Butarly,WendyATuttle@pookmail.com,xaiThoo8d,Wendy,Tuttle,4213 Roosevelt Wilson Lane,Rialto,CA,92376,MasterCard,5318758146558415,525,8/2013
Hout1960,BobbyMEnriquez@dodgit.com,aijeiTh0,Bobby,Enriquez,1779 Tibbs Avenue,Hulett,MT,82720,MasterCard,5380166144870381,278,2/2016
Undranices,JohnnyECollins@trashymail.com,ooso0Nie5,Johnny,Collins,4643 Bernardo Street,Boonville,IN,47601,Visa,4929204107849869,729,5/2014
Shmened,HenryRMurphey@mailinator.com,iFaa7uus9p,Henry,Murphey,4046 Jim Rosa Lane,San Francisco,CA,94143,MasterCard,5155047217255663,030,4/2014
Gally1968,DennisFChan@spambob.com,aiJam3queen,Dennis,Chan,202 Bailey Drive,Cedar Rapids,IA,52404,Visa,4485785530223330,379,9/2015
Fors1952,AlbertCBryant@spambob.com,Shaa7cheiL6,Albert,Bryant,3539 County Line Road,Tampa,FL,33610,MasterCard,5425105778324957,430,5/2014
Essity,JanellRHood@dodgit.com,seej1ooW,Janell,Hood,2128 Layman Court,Winder,GA,30680,MasterCard,5322227152353057,231,2/2013
Vedge1929,DennisSHayes@dodgit.com,leifoow8Th,Dennis,Hayes,4978 Emily Drive,Columbia,SC,29201,MasterCard,5322820699780533,786,1/2014
Suffeaked,ChristinaWLarsen@pookmail.com,aifa3the2Oo,Christina,Larsen,1440 Providence Lane,La Puente,CA,91744,MasterCard,5286831676717368,749,4/2016
Liek1993,NathanFWilliams@spambob.com,AhJai3Ph,Nathan,Williams,4003 Brookview Drive,Beaumont,TX,77701,MasterCard,5435810562453783,502,6/2014
Hatratilis,AmberAWesley@spambob.com,OoT5zei3Qu,Amber,Wesley,3769 Kennedy Court,Hyannis,MA,02601,Visa,4485473785811964,214,3/2016
Wholve,LucilleBHernandez@spambob.com,ouzee0Eeb,Lucille,Hernandez,987 Oakdale Avenue,Tampa,FL,33607,MasterCard,5452176612870881,492,5/2017
Chrocied,JasonCKnorr@pookmail.com,igheoVi4,Jason,Knorr,2940 Apple Lane,Davenport,IL,52804,Visa,4539911916778970,485,12/2016
Haptill,PeterAPoole@trashymail.com,ebu0Oolua,Peter,Poole,567 Steele Street,Chicago,IL,60607,Visa,4539445463256205,423,2/2015
Treary,LawrenceMGibbons@spambob.com,Fi9kohr5oo,Lawrence,Gibbons,4908 Lindale Avenue,San Francisco,CA,94107,MasterCard,5290332045299588,563,10/2016
Yourien,PeteAKoester@mailinator.com,bah8uiMooz,Pete,Koester,2746 Ross Street,Harrisburg,IL,62946,Visa,4485842452505176,286,6/2013
Shenell,SusanCDouglas@mailinator.com,eureiDi0,Susan,Douglas,4833 Caldwell Road,Le Roy,NY,14482,MasterCard,5278122939134009,947,8/2013
Brigingening,JoseJBurchell@pookmail.com,ainaim3C,Jose,Burchell,3489 Del Dew Drive,Laurel,MD,20707,Visa,4532909424606102,533,6/2016
Woperand,CarlCSpears@trashymail.com,wae7neN9,Carl,Spears,1637 Rosewood Court,Rochester,MN,55902,MasterCard,5479650900516280,883,6/2013
Boulciance,SheilaSChouinard@pookmail.com,ung2gacoe9J,Sheila,Chouinard,35 Beech Street,Concord,CA,94520,Visa,4485771421685464,935,6/2016
Thading82,SethMParrish@dodgit.com,iS9zuqu0bai,Seth,Parrish,1879 Irish Lane,Platteville,WI,53818,MasterCard,5308658574152123,758,9/2014
Affir1954,EddieNMasters@mailinator.com,gai3EeHaB5ae,Eddie,Masters,676 Sigley Road,White Cloud,KS,66094,Visa,4485818374898642,649,3/2013
Tilsoopon,JanetATaylor@spambob.com,Teej9aishoo,Janet,Taylor,4682 Whitman Court,Stamford,CT,06905,Visa,4539964053665880,882,3/2014
Washeand,AdrianKCrowe@dodgit.com,Ood4zeu5e,Adrian,Crowe,891 Adams Drive,Houston,TX,77002,MasterCard,5431424542164637,282,6/2017
Almosery,RyanJStanley@pookmail.com,Aej6tieng6,Ryan,Stanley,4188 Ash Street,Dallas,TX,75240,Visa,4929727346914938,506,2/2014
Jurne1954,CarolynBKnight@spambob.com,ePuit2rae,Carolyn,Knight,1111 Charles Street,Ann Arbor,MI,48108,Visa,4556353374597360,448,11/2016
Roat1973,DonnyCThies@mailinator.com,Eihai8wainoh,Donny,Thies,4779 Poplar Lane,Pompano Beach,FL,33064,Visa,4716257645250476,573,8/2014
Alitson55,BrendaCSweeney@dodgit.com,ue8iH5Nah,Brenda,Sweeney,4440 Hinkle Lake Road,Roxbury,MA,02119,Visa,4716123510766329,483,9/2013
Werawn1989,EstherLStroud@pookmail.com,Oog8zorus,Esther,Stroud,4524 Franklin Avenue,Corpus Christi,TX,78412,Visa,4532632883131376,057,7/2015
Wanion,VeraFSchultz@spambob.com,jaiki4aVoo,Vera,Schultz,2964 Harrison Street,San Francisco,CA,94124,Visa,4716438321390469,028,10/2014
Knectee,NancyRHaynie@spambob.com,ii4Phaefah,Nancy,Haynie,2616 Coleman Avenue,Escondido,CA,92025,Visa,4929561077729532,501,11/2015
Witurver,FrancisEDyer@trashymail.com,eeshe5Jo,Francis,Dyer,4849 University Drive,Chicago,IL,60606,Visa,4916440837739773,026,1/2014
Anifing,CathyRKingston@pookmail.com,Iegh7geeSh,Cathy,Kingston,2249 Monroe Avenue,Winter Haven,FL,33830,Visa,4916878802883466,152,10/2013
Wassn1988,ValAReay@trashymail.com,ueLeise5,Val,Reay,4226 Butternut Lane,Alhambra,IL,62001,Visa,4532828797118000,945,1/2013
Stor1929,KathyCToner@mailinator.com,Aigee5ohlae,Kathy,Toner,2024 Bungalow Road,Omaha,NE,68114,Visa,4916180958608882,137,12/2017
Giaten,RichardBFavreau@mailinator.com,Ooc8Aepie,Richard,Favreau,2389 Deercove Drive,Philadelphia,PA,19140,MasterCard,5450308914831111,476,7/2016
Hownsich,RichardALundquist@pookmail.com,OoBiugee0ie,Richard,Lundquist,1235 Harry Place,Charlotte,NC,28211,Visa,4716202059619881,245,11/2017
Tions1974,MaryJLynch@mailinator.com,ohkel5Ui,Mary,Lynch,758 Conaway Street,Petersburg,IN,47567,Visa,4916558844664963,838,10/2016
Regive,CathyMRiley@trashymail.com,GaeghieX0n,Cathy,Riley,3706 Henry Ford Avenue,Tulsa,OK,74131,MasterCard,5499607621114361,964,9/2013
Amill1980,MaggieJRobinson@pookmail.com,hoh9chaGhoh,Maggie,Robinson,883 Euclid Avenue,San Luis Obispo,CA,93401,Visa,4556399506229497,833,4/2015
Mallons,MarieRTaylor@trashymail.com,AeGho2voo,Marie,Taylor,4180 Hog Camp Road,Calumet City,IL,60409,Visa,4556840062362362,887,3/2017
Frover,RitaACunningham@dodgit.com,aes5aeJaex4,Rita,Cunningham,700 Oak Way,Springview,NE,68778,Visa,4539789337197743,572,12/2016
Pragnot,MarciaAVelazquez@mailinator.com,ohGoa7ce,Marcia,Velazquez,4680 Redbud Drive,Brooklyn,NY,11206,MasterCard,5159284173003805,971,9/2013
Dients,WalterACapobianco@trashymail.com,eituo2aiJ,Walter,Capobianco,2238 Viking Drive,Bergholz,OH,43908,MasterCard,5274246690857872,320,8/2016
Suchalm39,SandraRCovert@dodgit.com,Zie2Ii1Ii,Sandra,Covert,1087 Stoney Lonesome Road,Pocono Lake,PA,18347,Visa,4485106443488532,091,1/2016
Eyetinatim,FrederickBJustice@trashymail.com,wuiY4vahph,Frederick,Justice,4929 Bagwell Avenue,Orlando,FL,32810,MasterCard,5369974695146209,352,4/2015
Hiniisteron,DarylCCalcote@trashymail.com,Vaidohfei1ae,Daryl,Calcote,4209 Wood Duck Drive,Marquette,MI,49855,MasterCard,5160284971775833,270,8/2014
Frighters,DawnREvans@pookmail.com,Hiexe9gah,Dawn,Evans,2694 Jewell Road,Minneapolis,MN,55402,Visa,4929130856066514,083,10/2015
Defe1960,AnnaRRivers@spambob.com,Woe1asoj,Anna,Rivers,2717 Conifer Drive,Seattle,WA,98109,Visa,4556313942610459,634,5/2013
Folver,MichaelMMurray@spambob.com,Iep9einou,Michael,Murray,2982 Grey Fox Farm Road,Houston,TX,77032,Visa,4916301189302752,374,2/2014
Whoundle,CarolJCandelaria@trashymail.com,OaB1xeing,Carol,Candelaria,288 Camden Street,Reno,NV,89501,Visa,4539630114269612,357,12/2015
Alidereces,JenniferKCulver@mailinator.com,Eej6Mohph,Jennifer,Culver,539 Cimmaron Road,Santa Ana,CA,92701,MasterCard,5354951990467487,643,11/2015
Destre70,WayneLWade@pookmail.com,jei0Uogo8n,Wayne,Wade,3723 Geraldine Lane,New York,NY,10011,MasterCard,5219794636670188,252,3/2014
Varom1929,EdithCDiaz@trashymail.com,nahWau4coo,Edith,Diaz,4909 Calico Drive,Coulee Dam,WA,99116,MasterCard,5531813110410597,616,10/2016
Comee1971,ShirleyJCresswell@dodgit.com,ooPhoo5fadai,Shirley,Cresswell,321 Holt Street,Delray Beach,FL,33483,Visa,4532134762278832,333,12/2013
Pormed,CynthiaDSmith@spambob.com,vo3aF1ooJ4,Cynthia,Smith,3675 Boring Lane,San Francisco,CA,94143,Visa,4539601933454545,630,7/2017
Preavermy,EvangelinaAPierce@trashymail.com,dua5eci2U,Evangelina,Pierce,1239 Cessna Drive,Fort Wayne,IN,46802,Visa,4485441125029613,292,11/2016
Afterested,DaphneDReynolds@dodgit.com,Sa0aikie,Daphne,Reynolds,697 Dola Mine Road,Apex,NC,27502,Visa,4485029690550301,608,5/2017
Porge1937,AlisonRColson@spambob.com,Aishix9Too,Alison,Colson,566 Bell Street,New York,NY,10004,MasterCard,5507163848874551,715,3/2014
Georted,JenniferWHolmes@trashymail.com,queiW9aiGhi,Jennifer,Holmes,887 Hidden Meadow Drive,Keene,ND,58847,Visa,4916234839199783,891,11/2013
Migniver51,MarjorieJBurrill@pookmail.com,ieyasoh5Iesh,Marjorie,Burrill,1545 Travis Street,Miami,FL,33128,Visa,4916013641588791,371,4/2013
Specult,TimothyBTickle@dodgit.com,jieY4choo9x,Timothy,Tickle,271 Philadelphia Avenue,Salt Lake City,UT,84104,MasterCard,5460836897299078,323,1/2016
Wifeephery,ArceliaKWeber@spambob.com,Ou4yahs7Equ,Arcelia,Weber,4357 Kembery Drive,Yorkville,IL,60560,MasterCard,5328155929010789,790,6/2017
Priever,DeniseJLee@spambob.com,Ahy8ahch5,Denise,Lee,4811 Carriage Court,San Diego,CA,92123,Visa,4485437320640766,572,3/2014
Trame1948,RobertEHatch@pookmail.com,aeghue2feeR,Robert,Hatch,4214 Froe Street,West Liberty,WV,26074,MasterCard,5487982476480421,264,12/2017
Divening,VictoriaJSmith@spambob.com,AiBieph5ido,Victoria,Smith,2141 Whispering Pines Circle,Allen,TX,75002,MasterCard,5502104603237316,492,12/2015
Fout1973,MariRKaczmarek@trashymail.com,oove4ohF,Mari,Kaczmarek,1605 Andell Road,Columbus,OH,43212,MasterCard,5417311170216839,049,7/2015
Huss1960,RobertRHunter@spambob.com,af4ot1Iathu,Robert,Hunter,4765 Young Road,Coeur D Alene,ID,83814,Visa,4485194896161558,114,11/2013
Sayindons,DonCCopeland@mailinator.com,Fe5Ahxikie,Don,Copeland,2722 Grim Avenue,San Diego,CA,92103,Visa,4716855884756168,822,4/2015
Reeme1934,JasonCMcCarty@trashymail.com,ooZohsh8sh,Jason,McCarty,750 Stadium Drive,Derry,MA,03038,MasterCard,5274907879887861,110,11/2017
Pentor,CliffordSSanders@dodgit.com,keeWahy4ath,Clifford,Sanders,4893 Delaware Avenue,Sausalito,CA,94965,Visa,4556447695825185,762,7/2015
Oughts,ShirleyRLacey@mailinator.com,Theishaec9,Shirley,Lacey,2176 Diamond Street,Marion,NC,28752,Visa,4929011974312347,393,6/2013
Masconew,MelissaBSwanson@trashymail.com,uHoo0chie1,Melissa,Swanson,2722 Park Street,San Francisco,CA,94107,MasterCard,5137775647151002,933,11/2013
Haping,JamesMSandlin@trashymail.com,fae9phiRi,James,Sandlin,956 Still Street,Beaverdam,OH,45808,MasterCard,5326056017170513,690,5/2015
Fleavermak,MargeryDHeckman@dodgit.com,Ohpahcee1zae,Margery,Heckman,3317 Highland View Drive,Sacramento,CA,95814,Visa,4916717684758927,580,2/2016
Mingenty,AndreaDHoppe@pookmail.com,wuithoj4Mai,Andrea,Hoppe,4142 Devils Hill Road,Jackson,MS,39201,MasterCard,5197456836355731,916,8/2015
Trighom,DonnaMWilliams@trashymail.com,Aenik2io,Donna,Williams,2925 Emily Drive,Columbia,SC,29201,MasterCard,5150152557791965,450,6/2016
Hisseepow,ArvillaJEstes@dodgit.com,yaiXoorie6n,Arvilla,Estes,3221 Duffy Street,Gary,IN,46402,MasterCard,5142194153250658,132,5/2017
Butiefull,TracyRRainey@spambob.com,sheerei9doP,Tracy,Rainey,2379 South Street,Midland,TX,79703,MasterCard,5222799626529679,516,11/2015
Thaddetishe,CarolEWallace@mailinator.com,ioph1Chi0ah,Carol,Wallace,3329 Ersel Street,Dallas,TX,75219,MasterCard,5497852976421555,202,8/2014
Torrisheacer,JeffAJefferson@spambob.com,ohhoc9sheiJ,Jeff,Jefferson,1928 Bingamon Branch Road,Poughkeepsie,NY,12601,Visa,4485082549393886,783,6/2014
Shoutheasken,RonaldHFord@dodgit.com,iJoomaiX3Qu,Ronald,Ford,3747 Holden Street,San Diego,CA,92115,Visa,4716448904091855,009,10/2016
Sised1979,IrisBMoreno@mailinator.com,heigh1faex2B,Iris,Moreno,51 Poling Farm Road,Inman,NE,68742,Visa,4929178215849351,421,11/2014
Aninat,BarbaraJStubblefield@pookmail.com,aoWiin4aech,Barbara,Stubblefield,3924 Felosa Drive,San Angelo,TX,76903,Visa,4485566050071246,960,3/2015
Doemse,PhilipEDerrick@mailinator.com,aeGaem4eoBee,Philip,Derrick,1706 Bastin Drive,Fort Washington,PA,19034,MasterCard,5185671786378871,304,11/2013
Exacked1979,WadeRBasinger@pookmail.com,Vo1Ci2ohThoo,Wade,Basinger,271 Broad Street,Birmingham,AL,35209,Visa,4485708721918526,623,12/2017
Finediound44,TiaWWhittaker@dodgit.com,eesh6ohV,Tia,Whittaker,3957 Oakway Lane,Los Angeles,CA,90017,MasterCard,5254620499418785,803,7/2014
Boint1943,EugeneSBrown@mailinator.com,AiGh5QuaQu2,Eugene,Brown,129 Simons Hollow Road,Middletown,PA,10940,Visa,4716269720951787,389,12/2016
Brishemed,MichaelMYoung@pookmail.com,nop8Zoocooy,Michael,Young,2117 Scheuvront Drive,Boulder,CO,80302,Visa,4929480942105887,867,8/2017
Wastionews,EmilioDBloom@trashymail.com,uruNoo5iema,Emilio,Bloom,4849 Stanton Hollow Road,Boston,MA,02210,Visa,4539713954409496,912,2/2017
Timsest,ChadCSmith@mailinator.com,een7Aejie,Chad,Smith,2011 Birch Street,Westfield,IN,46074,MasterCard,5263363074436273,643,3/2016
Undeng,ChristineDArrington@mailinator.com,Shee8yaeH,Christine,Arrington,2504 Beechwood Drive,Crisfield,MD,21817,Visa,4916464645142772,936,12/2014
Wried1932,TheresaCThomas@pookmail.com,ilahQuir5y,Theresa,Thomas,4657 Millbrook Road,Wheeling,IL,60090,MasterCard,5284286824037213,090,6/2015
Arborl,DouglasEWright@dodgit.com,Aix2quehei,Douglas,Wright,1176 Devils Hill Road,Jackson,MS,39201,MasterCard,5596772777882922,801,2/2017
Stion1969,JimmyHWilliams@spambob.com,Shasaiyah3,Jimmy,Williams,3709 Saint Clair Street,Ashland,MS,38603,MasterCard,5212372566836660,624,10/2016
Promarls,AnaJGraham@trashymail.com,Aibe9uud0,Ana,Graham,2209 Big Indian,New Orleans,LA,70112,Visa,4929697326763953,796,6/2015
Pithery,FredRBarnes@spambob.com,IuHaci5aeY,Fred,Barnes,36 Finwood Road,Keyport,NJ,07735,Visa,4916816904670324,700,11/2016
Onger1977,ShaquanaJDavis@dodgit.com,mixi1maiTei,Shaquana,Davis,4083 Walnut Hill Drive,Cincinnati,OH,45249,MasterCard,5302583662520294,898,5/2017
Tworris56,DavidYMcGhee@trashymail.com,sheiShui9sh,David,McGhee,4833 Delaware Avenue,San Francisco,CA,94107,Visa,4716601244684140,345,1/2016
Thention,NickCSchexnayder@dodgit.com,eiF6ocie,Nick,Schexnayder,2167 Sunset Drive,Berryville,AR,72616,Visa,4556814226583148,202,3/2015
Everavered,MatthewRLee@spambob.com,AeGh1bai3,Matthew,Lee,3114 Martha Ellen Drive,Ely,NV,89301,Visa,4556143356241339,293,2/2014
Hoppen1934,BettyALien@pookmail.com,oNgi7biV,Betty,Lien,4047 C Street,Boston,MA,02110,Visa,4485564868866196,049,2/2016
Mong1990,ChristinaCAgostini@pookmail.com,ahpei6Hiey,Christina,Agostini,4912 Hinkle Deegan Lake Road,Syracuse,NY,13202,Visa,4716713521680046,996,4/2013
Womed1988,ScottLRubin@spambob.com,wue4AeyaeNg,Scott,Rubin,4996 Charla Lane,Garland,TX,75040,MasterCard,5414203882063968,868,10/2015
Peand1962,BrandonSSund@pookmail.com,EiY4neeX5oh,Brandon,Sund,4638 Roosevelt Road,Moundridge,KS,67107,MasterCard,5472813063813152,706,8/2015
Thoom1946,AngelaDCampbell@trashymail.com,Od9thaeweep,Angela,Campbell,3080 Harley Vincent Drive,Warrensville Heights,OH,44128,MasterCard,5124307137998604,809,12/2015
Uposecushers,KendraRMoler@trashymail.com,ooN5eexae,Kendra,Moler,3539 Doe Meadow Drive,Beltsville,MD,20705,Visa,4929189956263769,130,1/2016
Ning1946,BetteJFlemming@pookmail.com,Eir0aiyieNah,Bette,Flemming,3952 Tetrick Road,Tampa,FL,33610,MasterCard,5235125369382727,748,11/2015
Inattleaces,DaleLMcCutcheon@dodgit.com,ieRu2puNg,Dale,McCutcheon,3761 Bingamon Branch Road,Waukegan,IL,60085,MasterCard,5190088839290693,768,3/2013
Tharea,NinaRHampton@trashymail.com,eishuPah0,Nina,Hampton,1573 Fairfax Drive,New Providence,NJ,07974,MasterCard,5568769329777943,533,6/2014
Thels1991,RobertTHartman@pookmail.com,ojie5ahChu1,Robert,Hartman,3842 Stanley Avenue,Garden City,NY,11530,MasterCard,5427307060349076,233,10/2016
Maind1990,StevenJAbrams@dodgit.com,Wungae2Ug1,Steven,Abrams,4942 Broaddus Avenue,Whitesville,KY,42378,MasterCard,5491287422582534,429,7/2013
Throffes,SherriJHallett@spambob.com,eequua4ieC,Sherri,Hallett,3280 Walnut Hill Drive,Portland,OH,45204,MasterCard,5430806691026933,312,5/2013
Stivider37,MarcellaPOaks@spambob.com,Zee5oZaeThoo,Marcella,Oaks,2447 Green Street,Nashville,TN,37027,Visa,4485632891467991,200,1/2014
Muct1963,MarvinSChang@dodgit.com,yiPaf0igh,Marvin,Chang,2809 Hazelwood Avenue,Knierim,IA,50552,Visa,4485163494545173,720,3/2015
Mansispicher1989,HelenJBrown@spambob.com,mie2ae4Rah,Helen,Brown,937 Pride Avenue,Bronx,NY,10458,Visa,4539302055164760,089,6/2015
Gocielince76,AdrianSSchulz@spambob.com,Onoopu5xie0,Adrian,Schulz,4842 Bottom Lane,Buffalo,NY,14202,Visa,4929561755280113,181,2/2016
Beculd1967,MableJBooth@trashymail.com,lu4Aix8Ei,Mable,Booth,2693 Mahlon Street,Lakewood,NJ,08701,MasterCard,5119945995638023,223,6/2017
Tintles,StevenYEugene@mailinator.com,OhX9zahk5,Steven,Eugene,2452 Howard Street,Grand Rapids,MI,49505,Visa,4929410518502324,522,10/2014
Monce1934,EileenMSharp@spambob.com,naecia0Koh,Eileen,Sharp,840 Dog Hill Lane,Junction City,KS,66441,Visa,4532867036342310,046,4/2014
Pont1953,AshleyEBurke@dodgit.com,aisom0Ahnoo,Ashley,Burke,3802 Jerome Avenue,Harlingen,TX,78550,Visa,4716926732457752,988,2/2013
Mooks1947,JohnMMoore@pookmail.com,ahLeng5Tae,John,Moore,4269 Jessie Street,Columbus,OH,43215,MasterCard,5269973862214304,424,1/2014
Tworaverefor,HattieWDaniels@dodgit.com,chaem2Aht,Hattie,Daniels,174 Bird Street,Roswell,NM,88201,Visa,4539240047532399,781,10/2014
Sitherens,JamesMAlvarez@dodgit.com,Ri8dogiJ8mah,James,Alvarez,4808 Gnatty Creek Road,Hicksville,NY,11612,Visa,4716753433109080,432,8/2016
Goopect,RichardLLashley@mailinator.com,thiKe0eiJ1,Richard,Lashley,4593 Huntz Lane,Townsend,MA,01469,MasterCard,5394739370328078,128,2/2017
Debefors,JohnnyLRuble@dodgit.com,Poogie7oo,Johnny,Ruble,1025 Sardis Station,Minneapolis,MN,55405,Visa,4929086904343133,144,2/2016
Troms1992,JaneDCobb@trashymail.com,eiRasief4ai,Jane,Cobb,615 Private Lane,Cordele,GA,31015,Visa,4485525884870819,834,12/2015
Whilke1927,LindseyJSmith@pookmail.com,eeChoh3re2y,Lindsey,Smith,4015 Browning Lane,Binghamton,NY,13901,MasterCard,5273471974377329,112,12/2015
Voldall87,HelenRWright@dodgit.com,AitootahD4,Helen,Wright,2478 Riverside Drive,Calhoun,GA,30701,MasterCard,5238258763460646,225,8/2016
Eartherry,AlonzoSHaynes@mailinator.com,heicohBooz6,Alonzo,Haynes,1880 Roosevelt Wilson Lane,Fullerton,CA,93632,MasterCard,5496380759227511,652,12/2013
Casks1946,DouglasHEury@mailinator.com,tu5ohWe8,Douglas,Eury,1105 Renwick Drive,Portland,PA,97205,Visa,4556355348241447,876,9/2017
Tives1956,ThereseDMcLaughlin@spambob.com,Aitiepah7sah,Therese,McLaughlin,4378 Crestview Manor,Indianapolis,IN,46254,MasterCard,5455849235030904,464,4/2014
Interede,AmandaNSwinney@mailinator.com,ooy9nu6oBoh,Amanda,Swinney,2005 Clay Street,Bargersville,IN,46106,MasterCard,5114319085559652,307,10/2015
Knevity74,VeraLLittle@spambob.com,sairo3Aequoh,Vera,Little,2813 State Street,Detroit,MI,48204,Visa,4716419666943815,056,1/2017
Quather,RaymondAPerdue@mailinator.com,aiXie4ein6,Raymond,Perdue,3737 Arrowood Drive,Jacksonville,FL,32202,MasterCard,5355899509485103,576,6/2013
Calle1971,JohnADowdell@spambob.com,bei7Eed6xi,John,Dowdell,1603 Rafe Lane,Greenville,MS,38701,MasterCard,5281211848451490,510,10/2014
Gralwyn,LuisSSimon@trashymail.com,Aghai1Aih,Luis,Simon,140 Little Acres Lane,Danville,IL,61832,MasterCard,5495485145205047,260,9/2015
Haked1929,FlorenceDOrange@dodgit.com,eeJeeh8uc,Florence,Orange,3861 Overlook Drive,Richmond,IN,47374,MasterCard,5372157340794582,239,12/2016
Whiscoget,RichardNHoagland@pookmail.com,zaLua6oxai,Richard,Hoagland,3075 Small Street,New York,NY,10016,Visa,4716432454114796,174,5/2014
Searenes,MyraTStreet@spambob.com,iaz1Bie9z,Myra,Street,2398 Waterview Lane,Hope,NM,88250,MasterCard,5394251266218348,580,9/2013
Hiscre1927,ChristopherMGlenn@spambob.com,uTh5oa7h,Christopher,Glenn,3208 Orphan Road,Buffalo,NY,14204,Visa,4916100330544407,210,4/2015
Cralmonce,PatriciaASickels@mailinator.com,Hie8shei7Ah,Patricia,Sickels,452 Concord Street,Charlotte,NC,28273,MasterCard,5387951976308292,443,12/2016
Suslefor,QuentinCYoung@trashymail.com,aiz7te0Ee,Quentin,Young,2708 Jones Avenue,Winston Salem,NC,27107,Visa,4532946701542022,107,9/2017
Bunged,GregoryHBryant@pookmail.com,Ucu5deiV6oh,Gregory,Bryant,4802 Morningview Lane,Latimer,IA,50452,MasterCard,5302731091110233,292,7/2014
Blebougge,JodiBRiley@trashymail.com,ua3AhNgie,Jodi,Riley,1679 Maxwell Farm Road,Sacramento,CA,94260,Visa,4916017928525947,046,7/2016
Wrown1975,LeighFBrennan@pookmail.com,ahZauv9iivoh,Leigh,Brennan,2986 Caldwell Road,Brighton,NY,14623,Visa,4485483535247104,085,10/2013
Shought1933,CharlesHWhitis@dodgit.com,noac8Imee,Charles,Whitis,2231 Big Elm,Kansas City,MO,64110,Visa,4532554624572165,246,3/2013
Faryinly,IraAMcMullen@trashymail.com,eeph5Iengie,Ira,McMullen,3681 Emily Renzelli Boulevard,Fremont,CA,94539,MasterCard,5244958454513700,016,10/2016
Therned,DavidSBurch@mailinator.com,Ohsee8Aixa,David,Burch,4984 Modoc Alley,Pocatello,ID,83204,MasterCard,5522359363186881,479,4/2014
Eavelp1956,CourtneyBFerris@dodgit.com,Veeshoh5g,Courtney,Ferris,1315 Hayhurst Lane,Livonia,MI,48150,MasterCard,5159661205545665,331,3/2016
Vouriessing,RobertDHinkel@dodgit.com,Eel8ephaiDei,Robert,Hinkel,1125 Rebecca Street,Palatine,IL,60067,MasterCard,5225909431399971,882,5/2016
Whill1976,KelliHMurphy@mailinator.com,EiL6shau,Kelli,Murphy,2893 Aaron Smith Drive,Chambersburg,PA,17201,Visa,4716723410567055,599,5/2015
Hishencon,StephenSFields@pookmail.com,Omai1phied,Stephen,Fields,4608 Parkway Drive,Kearny,AZ,85237,MasterCard,5302593712375474,525,5/2013
Somearesove,SandraRKettner@mailinator.com,dieSh0aeng,Sandra,Kettner,1063 Farnum Road,New York,NY,10007,Visa,4929578843506846,443,12/2013
Shaterinew,BradleyPCarney@pookmail.com,afa0Teim,Bradley,Carney,370 Sunny Glen Lane,Beachwood,OH,44122,MasterCard,5401962312306009,785,6/2017
Sucantien,OttoTJewett@mailinator.com,Yoh3foopah,Otto,Jewett,1310 East Avenue,Superstition,AZ,85220,Visa,4532978805414956,062,5/2013
Hoodmine,MaryGNewton@spambob.com,ahyaaxo3K,Mary,Newton,2292 Gateway Avenue,Earlimart,CA,93219,Visa,4532843513515322,217,3/2016
Thespery,ChristianKLadd@pookmail.com,vuCaip5thao,Christian,Ladd,4267 Hudson Street,Piscataway,NJ,08854,Visa,4916733561240350,443,2/2016
Gosaing,JasminRMiller@pookmail.com,nohGh8eim,Jasmin,Miller,3155 Hiddenview Drive,Philadelphia,PA,19106,MasterCard,5362867435465532,965,2/2016
Inginy,ConnieJStephens@pookmail.com,Ce4theeJa,Connie,Stephens,3930 Wiseman Street,Knoxville,TN,37917,Visa,4716294854983554,904,4/2015
Stice1930,MaryRRodriguez@trashymail.com,Cee4ooz5ah,Mary,Rodriguez,1970 West Side Avenue,Newark,NJ,07102,Visa,4929191728513208,221,9/2016
Crecry,ColetteTJordan@mailinator.com,iS9Xahqu7,Colette,Jordan,4229 Kimberly Way,Boston,MA,02107,MasterCard,5245251583220507,504,8/2013
Scimerial,LloydDBoatright@pookmail.com,ahThu6ie,Lloyd,Boatright,3518 Rhode Island Avenue,Washington,DC,20005,Visa,4539429557929786,688,8/2014
Ninsat,RuthJSisk@mailinator.com,wilaew6Fei,Ruth,Sisk,320 State Street,Detroit,MI,48202,MasterCard,5454473452920746,958,5/2013
Lomponythe79,BettyJMaclean@dodgit.com,EeNg9eeBai,Betty,Maclean,2334 White Avenue,Corpus Christi,TX,78476,MasterCard,5599391542420103,157,5/2014
Utall1981,MelissaDFoster@pookmail.com,Vo9oote9ae,Melissa,Foster,3881 Sycamore Lake Road,Oshkosh,WI,54901,Visa,4929913857506541,380,2/2014
Vory1962,JohnHFrance@mailinator.com,roh6aiRie3ie,John,France,840 Franklin Street,Montgomery,AL,36104,Visa,4916277498194686,901,5/2017
Lossinat59,RobertMPerson@trashymail.com,Raethae4,Robert,Person,1886 Poco Mas Drive,Dallas,TX,75219,MasterCard,5460192604237724,308,2/2015
Foody1945,JuliaCTrapp@trashymail.com,Jieshej7,Julia,Trapp,2824 Kimberly Way,Boston,MA,02215,MasterCard,5165625655986317,004,2/2016
Eforts1953,RobertAPhipps@spambob.com,ziiNguy2eiNg,Robert,Phipps,3318 Zappia Drive,Willisburg,KY,40078,Visa,4485065092874006,661,10/2013
Beembigh,ChristineMBautista@dodgit.com,nez8aeHoo,Christine,Bautista,2500 Crim Lane,Dayton,OH,45459,MasterCard,5323469010335749,292,2/2015
Mannery1945,EugeneEJones@dodgit.com,Io9Dohthoo,Eugene,Jones,814 Ripple Street,Freeland,MI,48623,Visa,4916823322576836,877,12/2014
Haread1960,DonaldPPacheco@pookmail.com,Haing4Hoo,Donald,Pacheco,849 Daylene Drive,Southfield,MI,48075,Visa,4485073257669344,464,9/2015
Forutived,JohnLCurry@trashymail.com,Bah6eiruo,John,Curry,3944 West Virginia Avenue,Ballston,NY,12302,Visa,4929195207114602,679,8/2015
Morant,OlinMBoerger@mailinator.com,mooJoozeiy3,Olin,Boerger,1861 Cheshire Road,Hartford,CT,06103,MasterCard,5578418876888889,751,8/2015
Andhom1984,ArmandoJCumming@trashymail.com,Udai7EiGoo,Armando,Cumming,1833 Amethyst Drive,Adrian,MI,49221,Visa,4916805063586728,914,2/2014
Lonarterfes,MichaelBStringer@dodgit.com,Ahgee8ung,Michael,Stringer,2154 Carriage Lane,Elysburg,PA,17824,MasterCard,5402353384555286,456,11/2013
Musibiguld,WillieMMason@mailinator.com,veethohJ2om,Willie,Mason,3116 Ruckman Road,Oklahoma City,OK,73102,Visa,4916036023626020,846,3/2017
Wifeeminly,MichaelCHurley@trashymail.com,xighu5ahBoh,Michael,Hurley,2663 College View,Metropolis,IL,62960,MasterCard,5499531922844122,033,11/2017
Portic,SaulTRunyan@mailinator.com,AeshauRee2oo,Saul,Runyan,1969 Conference Center Way,Washington,VA,20005,MasterCard,5217886664468337,897,7/2017
Sublimuld,DerrickDRosado@spambob.com,ieK8eo5w,Derrick,Rosado,1041 Findley Avenue,Pembina,ND,58271,Visa,4929479464209796,599,9/2014
Poper1970,JeffreySKeller@mailinator.com,alee4aPh,Jeffrey,Keller,3361 Shady Pines Drive,Paducah,KY,42001,Visa,4539000623070945,849,11/2016
Fultentreske,RamonCLeal@mailinator.com,Sho7eigoh,Ramon,Leal,2645 Stratford Drive,Hanapepe,HI,96716,MasterCard,5202061441944615,143,8/2013
Buseents,JanisGVargas@pookmail.com,pe6YieNg2hee,Janis,Vargas,4012 Ottis Street,Oklahoma City,OK,73102,Visa,4539299425892858,622,6/2017
Wito1960,AnthonyTZehner@trashymail.com,CaiJ6shu5ah,Anthony,Zehner,1269 Leverton Cove Road,Stockbridge,MA,01262,Visa,4532953327199682,014,5/2017
Youlgessaid1939,PaulDSegura@mailinator.com,ku8Eikaewee,Paul,Segura,1366 Stoney Lonesome Road,Pottsville,PA,17901,MasterCard,5172826366116498,571,8/2015
Buourproy1982,CandaceDWilliams@trashymail.com,fi7Ahtoh,Candace,Williams,3135 Benson Street,Appleton,WI,54914,MasterCard,5192645883441890,451,3/2013
Busind,MelissaRCosta@spambob.com,Soogaiqu2,Melissa,Costa,2354 Green Street,Nashville,TN,37209,MasterCard,5431660868097089,759,10/2016
Weepre,ErikaRRankin@mailinator.com,Axai8yePh,Erika,Rankin,3077 Ross Street,Glen Carbon,IL,62034,Visa,4539518991973333,471,3/2015
Hatoreld,RicardoAEvans@mailinator.com,eif3eeG9,Ricardo,Evans,915 Lakewood Drive,Wayne,NJ,07477,Visa,4716644231406218,804,1/2013
Thincomme,GloriaBWay@pookmail.com,aip6ahZ4vi,Gloria,Way,3142 Broadway Avenue,Bristol,TN,37620,Visa,4539393889439064,892,5/2017
Fromescon,DeloiseTPurcell@trashymail.com,Iegee8fiet6Ah,Deloise,Purcell,2361 Chandler Hollow Road,Gibsonia,PA,15044,MasterCard,5428770399209940,893,8/2014
Hinesself,LaurieLWatford@trashymail.com,Ma1xiej7ki,Laurie,Watford,958 Frosty Lane,Binghamton,NY,13901,MasterCard,5273757339158549,856,12/2015
Trom1966,LaurelPKuhl@trashymail.com,oom5ohXoh,Laurel,Kuhl,3209 Oak Way,Arlington,NE,68002,Visa,4532690348895712,631,6/2015
Owelve66,CristobalIRodriguez@spambob.com,osooK3Eim2f,Cristobal,Rodriguez,2634 Cinnamon Lane,San Antonio,TX,78258,Visa,4716199324326146,487,6/2017
Fortherry,KarenPMcKinney@mailinator.com,thaiP4out,Karen,McKinney,356 Ash Street,Ennis,TX,75119,MasterCard,5235431748960468,085,12/2014
Gorn1940,GerriBDo@trashymail.com,Boocaev5t,Gerri,Do,4077 McKinley Avenue,Denver,CO,80218,Visa,4485106169640381,067,12/2015
Twours,HughSHolsinger@trashymail.com,shaiT5thoo,Hugh,Holsinger,4079 Goldie Lane,Cincinnati,OH,45236,Visa,4556946791826617,589,5/2014
CalkÜrewn,RoyTLane@trashymail.com,PheeNg3oo,Roy,Lane,1529 Langtown Road,Toledo,OH,43609,Visa,4716733975797344,293,9/2015
Pokinklant,CatherineKSmith@spambob.com,yeej2veiNg,Catherine,Smith,4936 Camel Back Road,Fairfax,OK,74637,MasterCard,5391562057547841,897,4/2013
Fugh1930,KristynBYoung@mailinator.com,fae4vu1El9,Kristyn,Young,2776 Berkley Street,Philadelphia,PA,19108,Visa,4485077902736481,318,6/2016
Wasaim,WendyNMalcolm@spambob.com,aez8AXah8,Wendy,Malcolm,3724 Franklee Lane,Fort Washington,PA,19034,MasterCard,5416888203875005,515,12/2015
Kinkin,FrancesBMyers@pookmail.com,oiz1Ohsierae,Frances,Myers,2872 Burnside Avenue,Park City,UT,84060,MasterCard,5312312960757863,376,5/2016
Ourne1939,CassandraHSantistevan@spambob.com,heiXooriep2G,Cassandra,Santistevan,4982 Cerullo Road,Louisville,KY,40242,MasterCard,5245993310971890,391,10/2015
Whadminvabot62,JohnnyBWilliams@trashymail.com,pie2deeT3,Johnny,Williams,781 Villa Drive,South Bend,IN,46601,Visa,4539851421902121,476,3/2013
Wifor1927,RonaldSLyle@mailinator.com,chie1Aok4hah,Ronald,Lyle,4060 Angus Road,New York,NY,10019,Visa,4916867677050905,738,9/2016
Rearget,ChrisJOutlaw@spambob.com,eegh2Shi3,Chris,Outlaw,3474 Hart Ridge Road,Saginaw,MI,48607,Visa,4716955188372538,560,1/2013
Identionevid,ScottASmith@mailinator.com,Peechoh3,Scott,Smith,2627 Ralph Drive,Westlake,OH,44145,MasterCard,5326957299564192,049,4/2013
Thearegaven1969,EvelynRMcSherry@dodgit.com,fa4aveemuH,Evelyn,McSherry,4696 Parkway Street,Palm Springs,CA,92262,Visa,4556558646452299,303,2/2014
Diestill1992,MariettaMCook@mailinator.com,kiengei2Oh,Marietta,Cook,4757 Meadowcrest Lane,Lexington,KY,40507,MasterCard,5236363773132433,780,11/2017
Logy1988,JohnJChurchill@dodgit.com,Zeewai9dae8,John,Churchill,903 Anthony Avenue,Abilene,TX,79601,Visa,4929356564651293,352,5/2016
Onday1962,TeresaAGuillen@trashymail.com,Ahroo0taebai,Teresa,Guillen,2165 Kelley Road,Gulfport,MS,39507,Visa,4532657197323260,379,10/2016
Upold1935,MaeDEast@dodgit.com,einueth9L,Mae,East,4420 Pratt Avenue,South Prairie,WA,98385,MasterCard,5188890092036240,120,12/2014
Blegifter,SteveCSteele@spambob.com,Ohr8eegaiB,Steve,Steele,899 Brooke Street,Houston,TX,77063,Visa,4556872975834336,374,11/2016
Becruily,WalterKBower@trashymail.com,Eigee2gaiD,Walter,Bower,576 Hanifan Lane,Atlanta,GA,30310,MasterCard,5104447309778519,163,3/2016
Doemput,PhillipMLanglinais@trashymail.com,eiCh5aeg2och,Phillip,Langlinais,2469 Romrog Way,Grand Island,NE,68801,MasterCard,5171159050331772,479,7/2017
Vern1980,StacyPHarris@mailinator.com,UjahGhi6ai,Stacy,Harris,1307 Saint James Drive,Harrisburg,PA,17102,Visa,4716383348126696,794,6/2016
Yousininds1992,LauraHClayson@mailinator.com,as8Aef5p,Laura,Clayson,584 Kennedy Court,Walpole,MA,02081,Visa,4539707235535855,347,1/2015
Lemor1929,XochitlMCline@mailinator.com,ahgiken6Oh,Xochitl,Cline,2443 Harry Place,Charlotte,NC,28202,MasterCard,5344686135929644,854,12/2016
Promptiff1941,ClintonBDotson@pookmail.com,OhphahCh2Ee,Clinton,Dotson,2393 Dawson Drive,Jessieville,AR,71949,Visa,4556315117756710,309,9/2017
Socconeregal,CarmenCLanza@spambob.com,ba7Pis9Aef,Carmen,Lanza,3735 Polk Street,Tucson,AZ,85701,MasterCard,5556161111062169,538,7/2016
Maress,LarryMSwain@dodgit.com,FeigiW9ieD,Larry,Swain,211 Morris Street,Gonzales,TX,78629,Visa,4556209541655939,161,11/2017
Goeve1929,IreneDThomas@trashymail.com,eeB4phe5ee,Irene,Thomas,1431 Ryan Road,Crooks,SD,57020,Visa,4556745794112664,269,1/2017
Ocre1933,LindaMFreeman@trashymail.com,Kigh5AhP9ie,Linda,Freeman,3435 Brown Bear Drive,Riverside,CA,92503,MasterCard,5259816828565289,781,7/2014
Kepon1961,MaryFAutrey@pookmail.com,NiuT8hei4Ee,Mary,Autrey,382 Nickel Road,Los Angeles,CA,90017,Visa,4556556285876315,958,2/2015
Surplify,GeorgianaJNeufeld@pookmail.com,tah4aesheiX,Georgiana,Neufeld,2240 Lawman Avenue,Washington,VA,20011,Visa,4929730353266226,056,3/2016
Rearld,NellieLFoster@mailinator.com,hiemooghei7R,Nellie,Foster,3311 Byrd Lane,Tijeras,NM,87008,Visa,4532652736541530,582,7/2014
Angst1986,MichaelLCasillas@spambob.com,EiThie0a,Michael,Casillas,2057 Hott Street,Meridian,OK,73058,MasterCard,5296509555947433,868,2/2015
Ouns1967,BrianKEspinoza@mailinator.com,xox2Wooqu,Brian,Espinoza,1951 College Avenue,Dayton,OH,45402,Visa,4539864202782893,967,7/2014
Pretage,KatherineJBillingsley@spambob.com,iep6paDoo,Katherine,Billingsley,2973 Bird Spring Lane,Kemah,TX,77565,Visa,4916143177247155,880,11/2016
Upits1946,RudyCMcCollum@dodgit.com,sechie2ITh,Rudy,McCollum,1705 Kelley Road,Bay St Louis,MS,39520,Visa,4916926264605222,250,6/2017
Luctaps79,EltonABoone@dodgit.com,oj3thiewoaGh,Elton,Boone,1783 Bloomfield Way,North New Portland,ME,04961,Visa,4716413444590261,773,1/2013
Firly1959,PatriciaSHackett@mailinator.com,Ohmi3aeng0g,Patricia,Hackett,3876 Poling Farm Road,Omaha,NE,68102,Visa,4716550635871453,437,1/2016
Thenceacin,ThomasCDespain@dodgit.com,iemae4Pei,Thomas,Despain,4611 Sunny Glen Lane,Cleveland,OH,44115,MasterCard,5118364215556182,152,1/2013
Hapsylle1958,JenniferNPerkins@dodgit.com,ohghiJaeR0,Jennifer,Perkins,1913 Courtright Street,Moorhead,ND,56560,Visa,4916339944608980,713,6/2014
Sorece,VelmaFBest@pookmail.com,ahngohh8Ah,Velma,Best,3334 Richards Avenue,Stockton,CA,95202,MasterCard,5144716880318727,862,2/2017
Hollices,NoemiLOberg@pookmail.com,nooV9tuph,Noemi,Oberg,3742 Deercove Drive,Dallas,TX,75208,MasterCard,5501438566380338,117,8/2017
Seturs,JoeGHurst@pookmail.com,wig6aCiph,Joe,Hurst,3324 D Street,Southfield,MI,48075,Visa,4916406741415859,242,6/2013
Nexplas,WilliamLRomero@mailinator.com,voo9Aog3oo,William,Romero,3418 Benedum Drive,Monsey,NY,10952,Visa,4556721864627212,271,7/2013
Pachat,KennethEMartin@pookmail.com,Ahc1Yaemae,Kenneth,Martin,4007 Oak Way,Wahoo,NE,68066,MasterCard,5102178404663957,339,4/2014
Looduale34,DouglasBJackson@mailinator.com,ahTh1wohg,Douglas,Jackson,2527 Sardis Sta,Richardson,TX,75081,MasterCard,5498150008736135,536,6/2017
Thasce,RayBMitchell@trashymail.com,ahle2ahph2Oh,Ray,Mitchell,4616 Penn Street,Vichy,MO,65580,MasterCard,5394083116086249,380,8/2014
Thaties,DouglasNNick@pookmail.com,hah3teu3B,Douglas,Nick,4471 Swick Hill Street,Brazoria,TX,77422,MasterCard,5571486253399496,236,9/2015
Fave1979,ElizabethNHernandez@trashymail.com,cah3Aif3jae,Elizabeth,Hernandez,2487 Five Points,Hanover,MD,21076,Visa,4929837715602962,846,10/2014
Haile1961,MichaelREssex@pookmail.com,iezeeD2pha7,Michael,Essex,4560 Queens Lane,Danville,VA,24541,MasterCard,5190111932295912,311,11/2014
Suslefor,TerryDStuckey@pookmail.com,thaiz4Baech,Terry,Stuckey,1103 Cambridge Drive,Youngtown,AZ,85363,Visa,4716311795771755,321,1/2015
Nembee,EricMMiddleton@spambob.com,chiegh7Ohha,Eric,Middleton,1452 Woodland Drive,Omaha,NE,68102,Visa,4485517031559924,425,8/2016
Nothat,ElizabethRTrotter@trashymail.com,aepoa7oRai,Elizabeth,Trotter,4849 Nutters Barn Lane,Urbandale,IA,50322,Visa,4929056475026961,101,11/2015
Aftelly,CarmenJPease@spambob.com,jee2Keesae,Carmen,Pease,4724 Elliot Avenue,Seattle,WA,98109,MasterCard,5185136917022475,481,9/2015
Treverg,LindaNSchrader@spambob.com,ZiBohdo0,Linda,Schrader,292 Southern Street,Huntington,NY,11743,MasterCard,5250446717708177,202,5/2015
Aliectalk,AngelaRChaidez@mailinator.com,Sho0Liedi,Angela,Chaidez,1221 West Side Avenue,Jersey City,NJ,07306,MasterCard,5452691383693866,299,12/2017
Therstaid,MaryTStamper@mailinator.com,phoachie7Ie,Mary,Stamper,2472 Lakeland Park Drive,Norcross,GA,30071,MasterCard,5243065293394911,911,12/2016
Gorry1937,JohnMShetler@spambob.com,goSh3thie0,John,Shetler,3105 Farland Street,Cambridge,MA,02141,Visa,4916099843127595,062,4/2015
Werat1983,DarleneAJohnson@dodgit.com,Nie5heighee,Darlene,Johnson,4312 White Pine Lane,Martinsville,VA,24112,Visa,4929156165824905,859,4/2016
Yeartat,StefanieGHopkins@trashymail.com,uke0ooPh3u,Stefanie,Hopkins,4367 Goldleaf Lane,Oakland,NJ,07436,MasterCard,5377175824758613,136,4/2015
Parist40,HaroldAPowers@spambob.com,aeSh2ooMae,Harold,Powers,4278 Coal Road,Lansford,PA,18232,MasterCard,5100785890163219,166,8/2016
Arromed,AlvaroSShaver@spambob.com,viel5Phio,Alvaro,Shaver,849 Daffodil Lane,Mclean,VA,22101,MasterCard,5216032173306350,249,9/2013
Danow1990,JoeDZimmerman@trashymail.com,lah4aoShe,Joe,Zimmerman,1560 Chardonnay Drive,Seattle,WA,98119,MasterCard,5107849982135536,369,12/2016
Beareseser,KeithPMcClure@trashymail.com,Eehoig5uB,Keith,McClure,116 Oakwood Avenue,New York,NY,10025,Visa,4716922465564500,554,2/2015
Begfring,DavidLPowell@spambob.com,taj2aetie6O,David,Powell,3504 Sugarfoot Lane,Indianapolis,IN,46214,MasterCard,5183552349731420,635,1/2014
Disated,RichardJCravens@trashymail.com,aiHaechai5a,Richard,Cravens,2456 Dola Mine Road,Durham,NC,27705,Visa,4539995140282842,271,1/2013
Yesom1953,RobertBEtienne@mailinator.com,jiePhie7yoo,Robert,Etienne,4532 Twin House Lane,Rich Hill,MO,64779,Visa,4916407232805657,104,11/2017
Incibes,RichardLKaufman@pookmail.com,Wah2aethish,Richard,Kaufman,3719 Sugarfoot Lane,Otterbein,IN,47970,MasterCard,5243942289399080,434,2/2017
Therks,JamesLEdward@pookmail.com,Iiyi3EeChae,James,Edward,2851 Joy Lane,Agoura,CA,91301,MasterCard,5440728775009254,287,5/2013
Qualking,RobertPJantzen@pookmail.com,eigao9aip0Ai,Robert,Jantzen,3431 Maple Court,Sikeston,MO,63801,Visa,4532291840653061,673,4/2013
Uple1945,CristopherRGrant@dodgit.com,Ousoo9ibah,Cristopher,Grant,1032 Kemper Lane,Salt Lake City,UT,84104,Visa,4539827807687007,326,7/2014
Hima1938,DebbieBWilliams@pookmail.com,uugh4Uf8oh,Debbie,Williams,2277 Emma Street,Wheeler,TX,79096,Visa,4485385085844182,075,4/2013
Throgely1970,CindyAAlmond@trashymail.com,ooDixijuL8,Cindy,Almond,603 Public Works Drive,Elizabethton,TN,37643,Visa,4916763400601827,577,10/2015
Youldry,BrianVMorgan@mailinator.com,Ahng5miese7,Brian,Morgan,737 Conifer Drive,Issaquah,WA,98029,Visa,4539859698554012,429,8/2017
Speargons,MaryNLebrun@dodgit.com,eif4haijahNg,Mary,Lebrun,3469 Thompson Street,Gardena,CA,90248,MasterCard,5388534368527957,175,12/2015
Himpled1985,DanielSGonzalez@trashymail.com,ohxaiG4xe9z,Daniel,Gonzalez,4651 Charack Road,Rising Sun,IN,47040,MasterCard,5268778186650773,042,8/2016
Fass1965,SaraJMulligan@pookmail.com,ahReoshi7,Sara,Mulligan,272 Maloy Court,Lenora,KS,67645,MasterCard,5230812517041165,417,2/2016
Crom1973,CharlesMFranklin@pookmail.com,eenohN1Nu,Charles,Franklin,3572 Victoria Street,Baton Rouge,LA,70802,Visa,4485359963370172,311,7/2013
Waso1987,MildredMWeaver@spambob.com,ie0HenuaB,Mildred,Weaver,875 Selah Way,South Burlington,VT,05403,MasterCard,5202778788015721,028,11/2014
Onsgived,DustinEGorman@pookmail.com,roo3lohK7,Dustin,Gorman,3108 Vineyard Drive,Painesville,OH,44077,Visa,4485490723093505,489,1/2016
Whimily,MadelineMAngulo@trashymail.com,eeChooyei8U,Madeline,Angulo,1924 Sunny Day Drive,Tustin,CA,92680,MasterCard,5291029623294226,618,9/2014
Whicee,JaneDGomez@spambob.com,Mexae0Ch,Jane,Gomez,1977 John Avenue,Lansing,MI,48912,Visa,4532067369939184,900,5/2017
Mallifects,RobertSNorris@pookmail.com,ohchahRe4dai,Robert,Norris,3539 Pretty View Lane,Concord,CA,94520,Visa,4716369013210220,146,2/2017
Noblithated,RalphJBryan@pookmail.com,vai5re7Ae,Ralph,Bryan,1068 Tea Berry Lane,Eau Claire,WI,54701,MasterCard,5258105145580937,270,6/2015
Thicaught,ElizabethDCluff@pookmail.com,zoiY9Xeye,Elizabeth,Cluff,1185 Stiles Street,Pittsburgh,PA,15213,MasterCard,5113466269216210,501,10/2016
Hinguad,RaymondMJacobs@pookmail.com,Phae9Thazai,Raymond,Jacobs,2671 Dane Street,Soap Lake,WA,98851,MasterCard,5176368539465359,553,7/2015
Copichatte,JerryKLapine@mailinator.com,Aebo4dai5aY,Jerry,Lapine,130 Cherry Tree Drive,Jacksonville,FL,32216,Visa,4532164455300551,509,3/2015
Bron1949,ShirleySJackson@spambob.com,aiMoo8voo,Shirley,Jackson,1086 Joanne Lane,Cambridge,MA,02142,Visa,4485489885599143,618,2/2016
Harbeadven,MiltonBRoach@pookmail.com,ahvich3Ee,Milton,Roach,854 White Oak Drive,Union Star,MO,64494,MasterCard,5138592088741681,027,7/2013
Suand1945,ChristopherCMorris@dodgit.com,OhGhi3Eing,Christopher,Morris,3644 Nicholas Street,Ottawa,KS,66067,MasterCard,5543621379002492,619,7/2013
Kateree,GeorgeJDonahue@dodgit.com,Fai1saeNepa,George,Donahue,2087 Earnhardt Drive,Louisville,KY,40202,MasterCard,5384543014857589,763,10/2017
Thal1990,LizzieDRogers@dodgit.com,pae0Phahno6,Lizzie,Rogers,2141 Reppert Coal Road,Bloomfield Township,MI,48302,MasterCard,5528321497737835,396,12/2015
Evaithere,MariaJBoyles@mailinator.com,OM4Laisae,Maria,Boyles,3064 Braxton Street,Yorkville,IL,60560,MasterCard,5268020849495605,071,5/2015
Almen1950,RobertPSchuler@dodgit.com,GuJo4xeidai,Robert,Schuler,1596 Marshall Street,Jarrettsville,MD,21084,MasterCard,5294468479881743,464,6/2013
Pooft1955,DustinMEngel@pookmail.com,gu7Einaid,Dustin,Engel,3181 Elm Drive,New York,NY,10013,MasterCard,5409107174418896,733,6/2014
Haless,TheresaRTodd@trashymail.com,aegh8Ma1ai,Theresa,Todd,1471 Buck Drive,Salt Lake City,UT,84104,Visa,4556135085613580,114,12/2015
Vichime,AnthonyNRomero@pookmail.com,rib4Haj8th,Anthony,Romero,934 Edington Drive,Alpharetta,GA,30201,Visa,4485668823594759,194,11/2013
Thilvely,EmmaEPedersen@spambob.com,Nuik2pee0ee,Emma,Pedersen,419 Johnny Lane,Waukesha,WI,53188,MasterCard,5411293278943355,563,4/2014
Witneret44,GeorgeRWatt@spambob.com,ees0OochahDie,George,Watt,1695 Goodwin Avenue,Spokane,WA,99202,MasterCard,5352857110893399,709,6/2015
Ithey1932,DeborahTPreston@dodgit.com,chait9Giel,Deborah,Preston,1283 Clinton Street,Philadelphia,PA,19103,Visa,4929445050978821,134,3/2014
Thearced,RafaelEDriscoll@spambob.com,Kei8oo6aish,Rafael,Driscoll,4326 Radio Park Drive,Columbus,GA,31901,MasterCard,5122254412797438,129,2/2015
Chfur1950,JoyPHolst@trashymail.com,ohbuz2Oogh,Joy,Holst,2103 Bates Brothers Road,Columbus,OH,43215,MasterCard,5317496457031240,968,4/2013
Tatmedge,ErikCMak@dodgit.com,Bu2phieS,Erik,Mak,1993 Bungalow Road,Omaha,NE,68154,MasterCard,5240258596414410,152,6/2013
Thredy,JudyDHoward@pookmail.com,iR8ohlooch9,Judy,Howard,4120 Vine Street,Chicago,IL,60606,MasterCard,5122625303989459,982,11/2017
Traboy,JeanDHavens@spambob.com,Eijia3eBoh,Jean,Havens,1341 Levy Court,Lawrence,MA,01840,Visa,4539666929593473,451,7/2013
Mounce,MirianDSwearengin@dodgit.com,waixi6ahBoh,Mirian,Swearengin,4824 Brooke Street,Houston,TX,77021,MasterCard,5419069911475175,287,1/2013
Equill1927,ConnieMHitchcock@dodgit.com,mei3upaeGh,Connie,Hitchcock,3480 Stanley Avenue,Hicksville,NY,11612,MasterCard,5309645228299540,998,3/2014
Gropen,LeeEYuen@dodgit.com,gooD5aekoc,Lee,Yuen,2398 Seltice Way,Leadore,ID,83464,Visa,4539885966504181,350,4/2017
Shettlees,ThomasCSpeirs@trashymail.com,Uo5aezai,Thomas,Speirs,438 Ashwood Drive,Alvord,IA,51230,Visa,4532495777601221,515,9/2016
Woublest,CharlesMGeorge@pookmail.com,LoJaex9noo9,Charles,George,1607 Arbor Court,Casper,WY,82601,Visa,4532683329575833,416,11/2014
Hicithe,WilliamMMartin@spambob.com,ahqu6Vae9g,William,Martin,3452 Lake Floyd Circle,Newark,DE,19714,Visa,4539205721361928,984,6/2013
Relly1986,MichaelCWooton@pookmail.com,citohS3ohy,Michael,Wooton,1138 Lena Lane,Ellisville,MS,39437,MasterCard,5127603388165852,589,12/2017
Yousin,PatriciaVHoward@dodgit.com,Ashie9zuru,Patricia,Howard,358 Dye Street,Tempe,AZ,85283,Visa,4532358798175130,206,4/2014
Sheary59,DaphneJStrong@dodgit.com,Teigaonu4i,Daphne,Strong,3822 Libby Street,Torrance,CA,90503,MasterCard,5236331532050717,483,1/2017
Menturn,CristinaSHooker@dodgit.com,hohSh5ahb,Cristina,Hooker,1107 Anthony Avenue,San Angelo,TX,76901,MasterCard,5123974528522847,701,3/2017
Aran1971,PaulJCody@dodgit.com,iweetaJ9r,Paul,Cody,1972 Cedarstone Drive,Findlay,OH,45840,MasterCard,5249570910305608,774,2/2014
Scowersels,StevenTMcNees@mailinator.com,ziephai4Yie,Steven,McNees,3881 Science Center Drive,Coeur D Alene,ID,83814,MasterCard,5126131926757668,497,3/2015
Taitione,JeffRDeaton@spambob.com,ohDo4quoh,Jeff,Deaton,3628 Queens Lane,Danville,VA,24541,MasterCard,5382795749612091,392,11/2015
Hosee1987,LaurieDWoods@mailinator.com,ies9Thoo3Ar,Laurie,Woods,3051 Melody Lane,Richmond,VA,23220,MasterCard,5406663902216880,132,3/2014
Thenat,JuanLSmith@dodgit.com,Eeh0Leif,Juan,Smith,4202 James Martin Circle,Columbus,OH,43201,Visa,4716265937859797,255,5/2013
Engand,JohnBTerrill@trashymail.com,nohMua7oung,John,Terrill,1816 Spruce Drive,Wexford,PA,15090,Visa,4556055251144204,906,12/2014
Youce1930,ClintonKMorales@mailinator.com,ohM1mie9iC0ai,Clinton,Morales,2007 Rosewood Lane,New York,NY,10018,MasterCard,5556082259151947,467,4/2016
Greanded,EstelleTHughes@spambob.com,ohghee6aiW7,Estelle,Hughes,3415 Hillview Street,Lexington,SC,29072,MasterCard,5166511071437706,355,1/2016
Learfigh,PaulERoberts@spambob.com,sayuaNei4oo,Paul,Roberts,2399 Berkley Street,Philadelphia,PA,19108,MasterCard,5294931001989292,534,10/2014
Clevestimen,MistyRPatterson@trashymail.com,aiKoos6ohv,Misty,Patterson,2154 Golf Course Drive,Arlington,VA,22201,Visa,4532423946001016,228,7/2014
Giatead,GraigDYen@trashymail.com,aihoh3aNgie5,Graig,Yen,2832 Maple Avenue,Stockton,CA,95204,Visa,4532588235851576,507,3/2013
Galeafeend,TimothyLBarron@spambob.com,queeChei5pee,Timothy,Barron,1634 Losh Lane,Pittsburgh,PA,15212,MasterCard,5364423433124859,093,4/2015
Nabowness1957,TheresaLIrwin@mailinator.com,viit1jaW4iegh,Theresa,Irwin,1628 Hinkle Lake Road,Boston,MA,02114,Visa,4716870125256183,820,7/2017
Dairriortand,MelissaMWhittle@dodgit.com,iesheeB5,Melissa,Whittle,4901 Ridge Road,Wichita,KS,67202,MasterCard,5344633553441363,830,7/2013
Carold,MelissaKPlaza@dodgit.com,ci3aeco3Ai,Melissa,Plaza,4402 Hillcrest Avenue,Revere,MA,02151,MasterCard,5518944984464423,623,7/2015
Priet1978,BarbaraKEdwards@dodgit.com,mah1Thei6I,Barbara,Edwards,3598 Simpson Avenue,Mcveytown,PA,17051,Visa,4532708533738859,778,12/2017
Pues1953,JorgeDJones@spambob.com,eiPopeesiiw6,Jorge,Jones,3302 Pringle Drive,Northbrook,IL,60062,Visa,4916276699825601,093,4/2015
Tated1987,DonaldEMiner@pookmail.com,aeQu0Bae,Donald,Miner,2399 Sherman Street,Salina,KS,67401,MasterCard,5352937683897843,654,12/2016
Outworight,LouisJChesson@spambob.com,Pae3uz5Z,Louis,Chesson,294 Woodhill Avenue,Elkridge,MD,21227,Visa,4716774189699868,180,11/2016
Calmsen,DouglasPCombs@trashymail.com,hieJejilo1d,Douglas,Combs,1929 Ashton Lane,Austin,TX,78704,MasterCard,5287558305406472,025,1/2014
Pentever,LoganCRouse@dodgit.com,ahNgeiH7eiy,Logan,Rouse,3296 Marigold Lane,Miami,FL,33131,MasterCard,5502286660878999,976,11/2016
Niname,DeborahLMardis@mailinator.com,ohNol1oozah,Deborah,Mardis,4746 Oakway Lane,Los Angeles,CA,90071,Visa,4539673608743247,129,6/2016
Otherid,CarlosAJordan@trashymail.com,iew6iePha9ei,Carlos,Jordan,4580 Birch  Street,El Paso,TX,79901,MasterCard,5260955254828469,666,6/2016
Yourepto,MargaretRForsyth@trashymail.com,rohM1Sah5oo,Margaret,Forsyth,645 Henry Ford Avenue,Tulsa,OK,74105,MasterCard,5457711377440747,502,2/2017
Obte1951,JohannaJBernardini@pookmail.com,Eeradii2,Johanna,Bernardini,2534 Irving Place,O Fallon,MO,63366,MasterCard,5126434224239920,129,4/2017
Thatereping,JesusJBrown@dodgit.com,toasheid2Ah,Jesus,Brown,4444 Bubby Drive,Austin,TX,78701,MasterCard,5350165944991856,156,11/2014
Wenscipt69,PhilipEKendall@dodgit.com,Sho6tooKa,Philip,Kendall,1186 Ersel Street,Dallas,TX,75204,MasterCard,5140384658532344,546,1/2015
Youlthad,PennyPWood@spambob.com,Reehoor4vae,Penny,Wood,3632 Oak Ridge Drive,Rolla,MO,65401,Visa,4716611183430058,782,3/2014
Wriney,JerryAWagner@pookmail.com,RaiCh4fi,Jerry,Wagner,899 Goff Avenue,Grand Rapids,MI,49503,Visa,4539469305549528,788,8/2015
Outte1940,PatrickMChristianson@dodgit.com,eethaac9eTh,Patrick,Christianson,1374 Boggess Street,Wichita Falls,TX,76301,Visa,4716490600306922,199,4/2017
Goter1977,AnnCWomack@pookmail.com,aiNgiey8ah,Ann,Womack,591 Maxwell Farm Road,Roanoke,VA,24019,MasterCard,5357452712390104,917,4/2016
Wouls1955,LoraNBarnes@pookmail.com,naG6thaikoh,Lora,Barnes,2263 Summit Street,La Motte,IA,52054,MasterCard,5185055986944262,498,8/2016
Antiondeorus,ShawnCWeitz@mailinator.com,isoci4Eif,Shawn,Weitz,2060 Cameron Road,Olean,NY,14760,MasterCard,5323044855721186,782,10/2016
Ausiout69,CherylDEngelman@dodgit.com,Nahbu5asoo,Cheryl,Engelman,4862 Cost Avenue,Laurel,MD,20707,MasterCard,5213214109803956,553,2/2017
Nonsing,AnthonyBLawson@trashymail.com,ipiLa5iphoh,Anthony,Lawson,2393 Medical Center Drive,Tampa,FL,33619,MasterCard,5411063311406201,792,10/2014
Forthemight1942,StephenEHutchinson@pookmail.com,ohChee7ie,Stephen,Hutchinson,951 North Street,Charlottesville,VA,22901,MasterCard,5289825989845343,160,5/2014
Sirery,MelissaMSherrick@spambob.com,Ce6aeGheiJ0,Melissa,Sherrick,3002 Stark Hollow Road,Aspen,CO,81611,Visa,4556691296259910,816,11/2013
Whadrect,KarenJWhitaker@spambob.com,oeRoaz8ox,Karen,Whitaker,3255 Sarah Drive,Lake Charles,LA,70605,MasterCard,5150355519783240,667,3/2013
Brin1982,KirkETrujillo@trashymail.com,AhLoJ8ieR,Kirk,Trujillo,4538 Elk Creek Road,Jonesboro,GA,30236,MasterCard,5102542365978847,531,1/2015
Hortilly,AnnJMessenger@dodgit.com,tieThai2ch,Ann,Messenger,4439 Highland Drive,Appleton,WI,54911,MasterCard,5101091363960994,063,8/2017
Brank1964,CatherinePPhillips@pookmail.com,cahC1chohcoo,Catherine,Phillips,4830 Stutler Lane,State College,PA,16803,Visa,4485888282217656,291,11/2017
Muct1948,ArchieNHarris@mailinator.com,aeSie5Ph,Archie,Harris,2418 Elmwood Avenue,Scottsdale,AZ,85251,Visa,4716501285229781,790,6/2017
Imandry,BenjaminSWatson@dodgit.com,Oogui1eita9,Benjamin,Watson,1410 Concord Street,Charlotte,NC,28212,Visa,4716613586903665,681,6/2013
Wroody,IreneRPierce@pookmail.com,shohyeiTi4,Irene,Pierce,2822 Elk Creek Road,Jonesboro,GA,30236,MasterCard,5184812652015962,671,6/2016
Godder,HelenGWilder@trashymail.com,oye6Vi7Een,Helen,Wilder,928 Smith Street,Boston,MA,02110,MasterCard,5311204891615727,675,5/2014
