Username,EmailAddress,Password,GivenName,Surname,StreetAddress,City,State,ZipCode,CCType,CCNumber,CVV2,CCExpires
Leaved1960,DebbieMMeyer@pookmail.com,fahd6Eivoh,Debbie,Meyer,4013 Davis Court,Stlouis,IL,63101,MasterCard,5118657298835856,022,9/2017
Dore1993,HenryADunn@pookmail.com,duDahFook8o,Henry,Dunn,4111 Beeghley Street,Waco,TX,76705,Visa,4485453111569809,727,3/2016
Dockly,LilliePBryant@spambob.com,cuaJohlaco2,Lillie,Bryant,1479 Hog Camp Road,Wheeling,IL,60090,Visa,4539092312106627,196,1/2015
Cung1976,HarryMCounts@trashymail.com,AR2Eechoo,Harry,Counts,1521 Rainy Day Drive,Woburn,MA,01801,MasterCard,5200413711372377,082,2/2016
Hoings,MatthewJMoody@trashymail.com,Iechoh5b,Matthew,Moody,2530 Elliott Street,Manchester,NH,03101,MasterCard,5329688593387827,806,2/2015
Pornat,CatherineMLukasik@spambob.com,aesh4zaePe,Catherine,Lukasik,1109 Glen Street,Paducah,KY,42001,MasterCard,5466502525327749,075,11/2014
Aborear,AlanSKale@pookmail.com,Lir1ua5osh,Alan,Kale,3656 Bagwell Avenue,Leesburg,FL,32749,Visa,4716233055496347,780,10/2013
Twought,NatalieDChandler@mailinator.com,ohSah5Finoo,Natalie,Chandler,3636 Cherry Ridge Drive,Roseville,MI,48066,Visa,4716494727536858,926,5/2016
Leent1938,JohnDWashington@spambob.com,kae0phaiC,John,Washington,415 Prudence Street,Detroit,MI,48209,MasterCard,5245964530544353,007,5/2015
Manded58,RonaldLDitch@mailinator.com,Leeshovai3w,Ronald,Ditch,3325 Camden Place,Awendaw,SC,29429,MasterCard,5415124531881833,965,9/2015
Whaveribut,MichaelBWoodward@pookmail.com,eehohT9loo,Michael,Woodward,1305 Public Works Drive,Knoxville,TN,37917,MasterCard,5597432081126826,806,8/2016
Sunight,AngieARenfro@pookmail.com,Ahb0cox1Ei,Angie,Renfro,2008 Flanigan Oaks Drive,Waldorf,MD,20601,MasterCard,5375886184862819,409,7/2015
Hemplife,JudithTYounger@mailinator.com,eeR4aijoo,Judith,Younger,4784 Cinnamon Lane,San Antonio,TX,78202,MasterCard,5380114614822953,956,4/2017
Samond1933,ThomasKCahoon@mailinator.com,ohw3sho4Mi,Thomas,Cahoon,2878 Lonely Oak Drive,Mobile,AL,36693,MasterCard,5420435139858913,631,3/2016
Witert,JohnHBrown@dodgit.com,GaRei4ei,John,Brown,2514 Burwell Heights Road,Beaumont,TX,77701,MasterCard,5516381485802565,499,2/2013
Andento,LorraineJGonzalez@trashymail.com,aituo0Dei,Lorraine,Gonzalez,2544 Clover Drive,La Jara,CO,81140,Visa,4716817176894966,638,6/2014
Inteall,FrancesCGouin@spambob.com,pae9Aete2,Frances,Gouin,650 Liberty Avenue,Placentia,CA,92670,Visa,4716730551393811,466,8/2013
Hatheat,CharlesVNichols@dodgit.com,ahQu5Nee,Charles,Nichols,4194 Amethyst Drive,Lansing,MI,48933,MasterCard,5514636287254022,138,4/2014
Ornise,ArleneRMerriman@pookmail.com,Tiim9neisah,Arlene,Merriman,4080 Hickory Ridge Drive,Las Vegas,NV,89109,Visa,4532288282713031,003,3/2014
Plaun1963,MichaelJCortes@trashymail.com,xahMue9go1w,Michael,Cortes,4261 Griffin Street,Phoenix,AZ,85003,MasterCard,5279312579126428,098,6/2014
Comper,IreneALevine@spambob.com,air8Wahjiigh,Irene,Levine,3492 Morris Street,San Antonio,TX,78212,Visa,4929660786809674,817,3/2013
Faids1956,RonaldSBogue@pookmail.com,Eheileix7ei,Ronald,Bogue,446 Wakefield Street,Philadelphia,PA,19103,Visa,4539049938260089,019,1/2015
Withentrien,BrookDBachand@mailinator.com,fah0eeriNg,Brook,Bachand,401 Richison Drive,Three Forks,MT,59752,Visa,4929189744062143,444,10/2016
Thilimucks,JamesTCarter@pookmail.com,phahVeo7,James,Carter,3270 Steve Hunt Road,Miami Springs,FL,33166,Visa,4929625392377614,530,9/2017
Himetch,AlmedaJGarbutt@trashymail.com,Phoo9fah4o,Almeda,Garbutt,4089 Hershell Hollow Road,Everett,WA,98208,MasterCard,5338970512630472,825,6/2013
Gooks1946,SamJGarner@dodgit.com,AhKaeZ6ph,Sam,Garner,366 Oak Lane,Darlington,MO,64438,Visa,4539229774392903,185,9/2014
Bendind,JohnMWomack@pookmail.com,zieCh0cohve,John,Womack,1437 Red Hawk Road,Saint Cloud,MN,56301,MasterCard,5102047271988724,300,7/2017
Carturestry,LorraineCCasper@trashymail.com,iesi1ohPie6,Lorraine,Casper,907 Post Farm Road,Atlanta,GA,30303,MasterCard,5447291386181650,623,5/2016
Abong1930,BenitaRFriedman@trashymail.com,ooBahh5ahpee,Benita,Friedman,2879 Brooklyn Street,Blacksburg,VA,24060,Visa,4539200851377000,007,10/2013
Othisforince,ChristineDGarner@pookmail.com,aivec7Noo4f,Christine,Garner,4128 Duke Lane,Holmdel,NJ,07733,MasterCard,5563408096071538,534,4/2014
Spectlemeded,DelbertSNorman@trashymail.com,aP1shu1oh,Delbert,Norman,4280 Michigan Avenue,Grove City,PA,16127,MasterCard,5403178356567236,597,2/2013
Ficumard73,JeffreySMathews@trashymail.com,go4Menguyoo,Jeffrey,Mathews,2624 Olen Thomas Drive,Nocona,TX,76255,Visa,4556494827055737,234,5/2014
Pleempaske76,RodolfoJElem@dodgit.com,phohQuoh0,Rodolfo,Elem,3456 Counts Lane,Portland,KY,45204,Visa,4539754302746619,903,7/2015
Hinquit,WilfordBZuniga@dodgit.com,Thio3lohl,Wilford,Zuniga,4836 Caynor Circle,Summit,NJ,07901,MasterCard,5598298279747130,847,4/2016
Hateplesent,PhillipCBarker@mailinator.com,ha5oR1usaed,Phillip,Barker,4381 Locust Court,Santa Fe Springs,CA,90670,MasterCard,5364277505433204,720,6/2014
Congthed,MicheleAAmos@dodgit.com,Ad7eiGhoo,Michele,Amos,2405 Barfield Lane,Whiteland,IN,46184,Visa,4556547062493226,053,9/2013
Grothe,CherylDJordan@trashymail.com,Ohn5ief7,Cheryl,Jordan,3451 University Drive,Chicago,IL,60606,Visa,4539188621379184,900,10/2015
Andsor47,AmyJErrico@trashymail.com,seePoobai1,Amy,Errico,4974 Ocala Street,Orlando,FL,32805,Visa,4716574424349976,513,5/2013
Thadine,JillDCourtney@spambob.com,Eexaiqu2huV,Jill,Courtney,4067 Froe Street,Wheeling,WV,26003,Visa,4716594086361861,270,3/2014
Doill1986,EllenMWhite@dodgit.com,leeshuoX0,Ellen,White,670 Dark Hollow Road,Camden,NJ,08102,Visa,4539030034968239,656,8/2015
Whirs1954,LindaDLamb@pookmail.com,caes0Eiph,Linda,Lamb,2603 Overlook Drive,Richmond,IN,47374,Visa,4929492612667559,722,4/2015
Giffer,MichaelJDailey@mailinator.com,ieCiequ8o,Michael,Dailey,2847 Christie Way,North Billerica,MA,01862,Visa,4532900672820594,076,10/2015
Drood1978,LindaSCupp@trashymail.com,thohmoo5Ko,Linda,Cupp,3979 Kennedy Court,Bedford,MA,01730,MasterCard,5572115117412695,873,11/2017
Wartime,RaymondCHicks@spambob.com,aic9phuX0,Raymond,Hicks,2477 Nicholas Street,Hanover,KS,66945,Visa,4532508156722580,111,6/2014
Thaders,JeffreyEPeck@mailinator.com,cah6aquoPah,Jeffrey,Peck,720 Ingram Street,Dayton,OH,45402,MasterCard,5270860998728918,066,11/2015
Shoemah,KeithMRanck@spambob.com,Uujio8ei,Keith,Ranck,4628 Green Gate Lane,Salisbury,MD,21875,MasterCard,5118403030232254,496,11/2017
Tionfoleth,JimJHowlett@pookmail.com,uang9Oow,Jim,Howlett,1839 Court Street,Olivette,MO,63132,Visa,4539885912911936,391,9/2016
Sorn1971,TeresaRTaylor@pookmail.com,ahsh0quieNg,Teresa,Taylor,3930 Star Route,Chicago,IL,60605,MasterCard,5182334046063543,934,10/2015
Camport,PatrickAZhao@mailinator.com,ahX7shahshi,Patrick,Zhao,1667 Brooke Street,Sugar Land,TX,77478,Visa,4485362636689119,226,8/2017
Licess,LynnJGreen@trashymail.com,alia1Dooshi,Lynn,Green,3028 Rocky Road,Philadelphia,PA,19107,Visa,4716022528132518,760,2/2015
Diater,ChristopherHHuard@spambob.com,eimeel2iVei,Christopher,Huard,2379 Lightning Point Drive,Memphis,TN,38118,MasterCard,5285928411374561,814,7/2015
Befee1946,JosephASilver@pookmail.com,xue3ouTh7,Joseph,Silver,4235 Fulton Street,Rainelle,WV,25962,MasterCard,5349634794951181,212,4/2016
Alligns,JohnCCooley@mailinator.com,ieDee5eb,John,Cooley,3569 Columbia Boulevard,Trappe,MD,21673,MasterCard,5380112796686899,465,10/2013
Baris1973,NancyDSmith@dodgit.com,eegaew9Gi,Nancy,Smith,1109 Masonic Hill Road,Little Rock,AR,72210,MasterCard,5440790654967523,594,2/2013
Whinly,JacquelineJTaylor@dodgit.com,ka1ieJ8dueTh,Jacqueline,Taylor,4323 Stout Street,Littlestown,PA,17340,MasterCard,5112028315350871,441,3/2015
Peconesuring46,RossMGreenwood@dodgit.com,aethah2ciiK,Ross,Greenwood,63 Geraldine Lane,New York,NY,10011,Visa,4556725516115526,298,5/2014
Switted,CarolRHardy@spambob.com,iz6haSei,Carol,Hardy,694 Goldcliff Circle,Washington,DC,20200,Visa,4556515473952528,242,10/2017
Chme1936,MelissaJSaunders@pookmail.com,mee6thieN,Melissa,Saunders,2574 Goldie Lane,Cincinnati,OH,45236,MasterCard,5279637434758951,310,3/2013
Whapot,RobertRGreene@trashymail.com,OhBeik9siep,Robert,Greene,2911 Buckhannan Avenue,East Syracuse,NY,13057,MasterCard,5496363808278842,448,4/2014
Thowenty1962,DavidRShirley@mailinator.com,Zo0Tem3bah,David,Shirley,55 Jett Lane,Gardena,CA,90247,MasterCard,5303114655453944,100,2/2017
Goomencirt28,JamesCToupin@pookmail.com,vooNie3x,James,Toupin,594 Freshour Circle,San Antonio,TX,78205,Visa,4539194064743456,101,10/2015
Horwill,ThomasSPacheco@spambob.com,PauPah2go2sah,Thomas,Pacheco,2698 Half and Half Drive,Fresno,CA,93721,Visa,4929011502973941,001,12/2013
Ectiseethe86,WilliamRAyres@pookmail.com,wieXa2mee,William,Ayres,1555 Lucy Lane,Chandler,IN,47610,Visa,4929346094233316,103,2/2017
Composidand,JamesSRobinson@dodgit.com,Nigh1aetoex,James,Robinson,2901 Morris Street,Sisterdale,TX,78006,Visa,4485537903660956,098,4/2014
Samostow74,PaulAMartinez@pookmail.com,iY0ok6Fahgh,Paul,Martinez,4850 Steve Hunt Road,Miami Springs,FL,33166,MasterCard,5388984750626034,780,4/2015
Bectinced,MarkDPrestridge@pookmail.com,Iel3eeghoh,Mark,Prestridge,479 Pine Garden Lane,Canton,GA,30114,Visa,4916382182723319,585,11/2013
Womaid,NikiDJohnson@mailinator.com,Jah7cho7s,Niki,Johnson,3616 Rodney Street,Foristell,MO,63348,Visa,4556508346214184,308,6/2016
Oulive,LizTHelms@mailinator.com,hoi3aesoD7,Liz,Helms,4342 Marie Street,Laurel,MD,20707,MasterCard,5271679589380296,862,5/2016
Noblat,MarvinSCrader@spambob.com,Shei8oht2ah,Marvin,Crader,4150 Cambridge Court,Springdale,AR,72764,MasterCard,5203430473871740,888,11/2014
Necovioll69,DonaldKBurks@dodgit.com,ejuiToh6lae,Donald,Burks,3946 Sun Valley Road,Spokane,WA,99201,Visa,4539947755759333,633,12/2013
Leck1978,MaryBEisen@trashymail.com,auveceig3Oj,Mary,Eisen,1187 Goodwin Avenue,Wenatchee,WA,98801,Visa,4485157832631588,515,12/2014
Twereent,KennethACordova@dodgit.com,eibo7Iagh,Kenneth,Cordova,1280 Turkey Pen Road,New York,NY,10011,Visa,4556950998184598,131,1/2014
Fortionoot,AliceTDominguez@mailinator.com,cu9ahw1Xei,Alice,Dominguez,2051 Jennifer Lane,Durham,NC,27704,Visa,4929774803257377,345,4/2017
Annimande,AustinLParker@pookmail.com,iepoo7Yiet,Austin,Parker,133 Bingamon Branch Road,Chicago,IL,60631,MasterCard,5138308889171048,052,9/2017
Marreird,JoanILevine@spambob.com,toh1ooXeeph,Joan,Levine,1001 Sunburst Drive,Fort Myers,FL,33901,Visa,4485838801997155,074,9/2013
Jecome,WilliamLBone@spambob.com,Eare8poh4,William,Bone,3909 Carolyns Circle,Dallas,TX,75201,Visa,4916606598963998,176,4/2015
Whousen,MarkLMcMaster@spambob.com,jeP5ooZa,Mark,McMaster,2203 Goodwin Avenue,Pullman,WA,99163,Visa,4929776969314124,050,6/2015
Maidne,LuisRRuby@dodgit.com,zooRee3haep1a,Luis,Ruby,2568 Platinum Drive,Parker,PA,16049,MasterCard,5348259068410903,432,5/2014
Sumbing,RicardoBCooper@mailinator.com,eePeekoo0n,Ricardo,Cooper,4634 Washburn Street,Baton Rouge,LA,70802,MasterCard,5104984842393448,528,3/2017
Anocand,ThelmaRBerry@mailinator.com,Yae9tiep,Thelma,Berry,1172 Meadow View Drive,Wallingford,CT,06492,Visa,4532284505674480,563,1/2014
Hadagar,PaulHShaw@trashymail.com,eeTh8aa4Oo,Paul,Shaw,608 Reppert Coal Road,Warren,MI,48093,Visa,4532681122737592,815,4/2016
Nough1961,JohnTMcCauley@dodgit.com,beaB2eex,John,McCauley,1007 Oliver Street,Godley,TX,76044,MasterCard,5454551977750233,053,3/2016
Gethe1933,DarrelDRamos@dodgit.com,chi2seip6R,Darrel,Ramos,290 Tenmile,Newport News,VA,23608,MasterCard,5366982677388973,622,6/2017
Anorch84,StevenMFurness@spambob.com,Ka6ahdieQu,Steven,Furness,4150 Benson Park Drive,Oklahoma City,OK,73111,Visa,4539478873825632,480,4/2016
Hatifich,JessieMTomas@mailinator.com,mohmoo2Jie,Jessie,Tomas,787 Beechwood Drive,Ellicott City,MD,21042,Visa,4556554120110834,994,11/2015
Monts1943,RonaldVThompson@trashymail.com,uwiuMo4phah,Ronald,Thompson,3290 Cottonwood Lane,Grand Rapids,MI,49503,Visa,4485961850123257,184,2/2014
Donced,KarenLMcCormick@mailinator.com,Mia7Shoquai,Karen,McCormick,432 Valley Street,Camden,NJ,08102,MasterCard,5569449240357187,584,12/2013
Thadell,DerekTCraig@mailinator.com,aeFeePahC7oo,Derek,Craig,4428 Kildeer Drive,Norfolk,VA,23502,Visa,4556972967360652,137,2/2015
Filly1976,RufusWSmith@spambob.com,ahcieHoo1,Rufus,Smith,2661 Lincoln Drive,Biglerville,PA,17307,Visa,4929253170599125,577,7/2014
Scrioned1944,ElijahKBethea@pookmail.com,Doh3eewaim0,Elijah,Bethea,2616 Upton Avenue,West Enfield,ME,04493,MasterCard,5105283907444843,061,3/2014
Gradde1961,ChristyPPham@mailinator.com,EPhahc2ei0oo,Christy,Pham,3898 Marion Drive,Plant City,FL,33566,MasterCard,5303022694279594,892,9/2016
Wittionfer,FrederickSSutton@pookmail.com,ieghae3EChi,Frederick,Sutton,655 Tyler Avenue,Hialeah,FL,33012,Visa,4556288261027909,999,6/2017
Reaver,EdithRRoper@dodgit.com,lee6Iem7uyel,Edith,Roper,747 Joes Road,Lyon Mountain,NY,12952,MasterCard,5281104648835980,549,1/2013
Therend,BenTSeibert@spambob.com,Quee4boqu,Ben,Seibert,4000 Veltri Drive,Anchorage,AK,99503,MasterCard,5531469776837571,804,1/2016
Mintrairself,LenaTChristensen@mailinator.com,Yuyaro7Ah,Lena,Christensen,897 Fairfax Drive,Piscataway,NJ,08854,Visa,4929448307285479,124,9/2016
Subjecould,JesseWBartlett@dodgit.com,ail2Oogoo,Jesse,Bartlett,2161 Rubaiyat Road,Grand Rapids,MI,49503,MasterCard,5344693989347105,608,5/2017
Smon1980,MichaelPColon@trashymail.com,zoMomui7Oof,Michael,Colon,1111 Kuhl Avenue,Marietta,GA,30064,MasterCard,5456373168241767,844,2/2017
Youden,CatherineRPeterman@spambob.com,aiQueexohk0,Catherine,Peterman,1973 Briercliff Road,Staten Island,NY,10314,Visa,4716873055634254,196,8/2017
Alry1960,PaulSShields@mailinator.com,Zo3mohkai,Paul,Shields,1302 Goodwin Avenue,Richland,WA,99352,Visa,4532088024141032,211,11/2015
Plis1978,MauriceAJackson@mailinator.com,ahloo1iMai,Maurice,Jackson,2412 Ventura Drive,San Jose,CA,95110,Visa,4556622939784089,217,6/2014
Lisell,SharonMWilson@mailinator.com,Aen3joaf0,Sharon,Wilson,1881 Zappia Drive,Independence,KY,41051,MasterCard,5403454467083417,728,3/2013
Spitied,RonaldNWilson@trashymail.com,ree1Ahla4iNo,Ronald,Wilson,3461 Woodside Circle,Pensacola,FL,32507,MasterCard,5378644030967275,653,3/2014
Loyarround,JamesKLamkin@pookmail.com,Kae7ALaeG,James,Lamkin,2782 Harry Place,Gastonia,NC,28052,MasterCard,5488396359332675,363,1/2014
Stlemulack,BettyCJenson@pookmail.com,Neim1kei,Betty,Jenson,1178 West Virginia Avenue,Ballston,NY,12302,Visa,4929550547010094,089,11/2013
Ired1937,AmandaJWycoff@spambob.com,eiB2aiK9,Amanda,Wycoff,3792 Goldie Lane,Cincinnati,OH,45203,MasterCard,5455871998438611,669,11/2014
Abort1975,AngelaADorman@dodgit.com,iep6Xiequ,Angela,Dorman,3269 Oakmound Drive,Chicago,IL,60647,MasterCard,5327287638434694,638,9/2015
Proanded1949,JosieRWilliams@spambob.com,puic4Aing,Josie,Williams,3699 River Road,Colorado Springs,CO,80903,Visa,4532815599427770,296,4/2015
Inving,ToniKSteele@mailinator.com,azeuJoh9,Toni,Steele,2720 Spinnaker Lane,Dekalb,IL,60115,Visa,4556609760633188,290,10/2015
Cogn1969,GeorgeMSimmon@dodgit.com,looGieho0zu,George,Simmon,4060 Froe Street,New Martinsville,WV,26155,MasterCard,5283046088996772,585,12/2015
Aplues,EffieSGardner@dodgit.com,Gei6Aekooch,Effie,Gardner,2911 Hilltop Street,Chicopee,MA,01013,Visa,4716331715399453,990,4/2014
Raing1967,ToddHMcPherson@spambob.com,daiB7waa8,Todd,McPherson,4279 Commerce Boulevard,Omaha,NE,68137,MasterCard,5132921825965574,675,7/2017
Savelys,DarrelALedoux@trashymail.com,ieLeiphei8loh,Darrel,Ledoux,1586 Randolph Street,Fall River,MA,02720,MasterCard,5594510068513588,198,8/2017
Namintaid,HaroldOCanaday@pookmail.com,kahN3Oqu,Harold,Canaday,3383 Sun Valley Road,Wenatchee,WA,98801,Visa,4485248179334660,013,11/2017
Impatentownd,LeeMBuckles@pookmail.com,tioNg7Eida,Lee,Buckles,2435 Romines Mill Road,Dallas,TX,75212,Visa,4485516546030280,827,8/2016
Dinvis,NoelFSams@pookmail.com,Phie6pood,Noel,Sams,4472 Cunningham Court,Rochester Hills,MI,48306,Visa,4716108190533933,357,6/2013
Derapt,LarryCWinters@pookmail.com,Ood6BahY,Larry,Winters,3150 Bryan Avenue,Red Wing,MN,55066,MasterCard,5150569853346378,858,11/2015
Wimen1990,CatherineWMiller@spambob.com,Dai5QuaeW,Catherine,Miller,926 Archwood Avenue,Mountain View,WY,82939,MasterCard,5200422365586109,053,6/2014
Daithis1950,SherrieKMartin@trashymail.com,Exah8Ujahl,Sherrie,Martin,870 Baker Avenue,Watauga,TX,76148,Visa,4929393269033899,530,1/2013
Lumbeavy,RickeyASierra@dodgit.com,Paenae8V,Rickey,Sierra,1497 Wilkinson Court,Fort Myers,FL,33901,Visa,4916404368625579,792,12/2014
Musen1955,LucilleDMcLaughlin@pookmail.com,cae9pe6ooPhah,Lucille,McLaughlin,588 Melody Lane,Tappahannock,VA,22560,Visa,4929497464827136,548,11/2016
Dostaingive,DoloresTJaimes@dodgit.com,Pey7he5oomae,Dolores,Jaimes,1016 West Drive,Chicago,IL,60607,Visa,4916494709766398,200,3/2014
Quisging,WilmaJBergeron@dodgit.com,rah3ooWoh,Wilma,Bergeron,1430 College View,Eddyville,IL,62928,MasterCard,5237143462819204,306,11/2014
Cepearre,RooseveltDReis@mailinator.com,aBa3aihu,Roosevelt,Reis,3316 Raccoon Run,Seattle,WA,98116,Visa,4929358339411227,416,6/2013
Ince1974,MableDAshby@mailinator.com,toh3Ohpaw,Mable,Ashby,1465 Columbia Road,Newark,DE,19711,MasterCard,5183204522003736,050,1/2016
Lart1984,DeniseJGaither@dodgit.com,ukooTh5oona,Denise,Gaither,2728 Whitetail Lane,Dallas,TX,75247,MasterCard,5178214098360102,801,7/2017
Coland,KaraFFriesen@trashymail.com,Zoo8auwoC,Kara,Friesen,3041 Whaley Lane,Waukesha,WI,53186,Visa,4556930482853031,177,5/2014
Theyes,DellaRHolmes@dodgit.com,KaWee8Neisoh,Della,Holmes,56 Flinderation Road,Bensenville,IL,60106,MasterCard,5250119773948850,674,6/2016
Arighter,SeanMCollins@pookmail.com,IeDa6choh,Sean,Collins,3635 Copperhead Road,Clinton,CT,06413,MasterCard,5310193775813345,776,12/2015
Nattighe,OsvaldoEOtero@pookmail.com,aeK8ooxaixah,Osvaldo,Otero,4855 Cost Avenue,Mechanicsville,MD,20659,Visa,4532828580573072,259,8/2014
Wiscon,SusanDGamble@dodgit.com,aighahl7L,Susan,Gamble,1727 Forest Avenue,New York,NY,10016,MasterCard,5213938335541945,276,11/2017
Coungthe,JaunitaLDenny@trashymail.com,FeeKiSha5g,Jaunita,Denny,1192 Glory Road,Vanleer,TN,37181,Visa,4716971360967003,340,12/2013
Tandishe,StacyJEstes@mailinator.com,PeiMeon8quu,Stacy,Estes,835 University Hill Road,Armstrong,IL,61812,MasterCard,5101029332727896,142,12/2017
Frood1968,JuliePStine@dodgit.com,Aem8thoo3o,Julie,Stine,4389 Beech Street,Walnut Creek,CA,94596,Visa,4532117164094956,055,3/2017
Matelike,TeresaSCraig@mailinator.com,AhGie3ahbae,Teresa,Craig,690 West Fork Street,Sidney,MT,59270,MasterCard,5356394047430430,249,3/2013
Haplen,ThomasJFlock@dodgit.com,Zie4uulo7ei,Thomas,Flock,2979 Smithfield Avenue,Amarillo,TX,79101,MasterCard,5355843644677695,185,7/2014
Hiecand1953,BerniceCDay@spambob.com,gaKahr1Quah,Bernice,Day,1662 Goldcliff Circle,Washington,DC,20009,MasterCard,5473663401913159,269,11/2016
Cogne1968,WendyKHill@spambob.com,thukib2Pu,Wendy,Hill,1238 Mill Street,Greenville,SC,29601,MasterCard,5191952843559436,184,10/2017
Uniagard,AngeliaLBohnert@mailinator.com,Iej9uw3wai,Angelia,Bohnert,2091 Willow Greene Drive,Montgomery,AL,36104,Visa,4539630140247541,579,3/2014
Jecrer1972,MariaALatham@pookmail.com,Aiphiep9g,Maria,Latham,4742 Court Street,Maryland Heights,MO,63043,Visa,4532569091286115,548,7/2013
Joyesugly,StevenAMarshall@mailinator.com,eivee6aSh,Steven,Marshall,2056 Jewell Road,Minneapolis,MN,55404,MasterCard,5176197302987350,690,11/2015
Indect,MarkNCoulter@pookmail.com,beijahWaa2,Mark,Coulter,2165 Jett Lane,Pomona,CA,91766,MasterCard,5386767295680034,781,6/2017
Sard1939,DinaCGallagher@dodgit.com,Que5chea3,Dina,Gallagher,330 Rockford Road,Reno,NV,89501,MasterCard,5180394848651020,800,10/2015
Extrany,DebraJWaters@trashymail.com,Phu8haengu,Debra,Waters,4044 Hartway Street,Kimball,SD,57355,MasterCard,5163160779308174,436,1/2013
Boused1993,DanielleAHill@spambob.com,zu8Eesa4hoo,Danielle,Hill,3808 Conifer Drive,Snoqualmie Pass,WA,98068,Visa,4556244105212116,135,4/2014
Thavibittend60,BrianRHudson@trashymail.com,zol2IkiD5th,Brian,Hudson,2645 George Avenue,Mobile,AL,36602,MasterCard,5125179822859949,204,12/2016
Reit1937,DonBAverill@mailinator.com,OKauz8lizae,Don,Averill,4982 Beeghley Street,Lakeside Village,TX,76062,MasterCard,5238456241033759,715,11/2014
Stlited,VincentJTardy@trashymail.com,uuMeej7ief,Vincent,Tardy,548 Oral Lake Road,Mound,MN,55364,MasterCard,5203086973338398,915,9/2014
Rallown93,JamesAStpeter@mailinator.com,shei8EiV4,James,Stpeter,3122 Harrison Street,San Francisco,CA,94112,Visa,4716957541407233,989,10/2014
Shation,ElizabethTWhite@mailinator.com,haet3Eiquah,Elizabeth,White,2288 Heavner Court,Lakota,IA,50451,MasterCard,5401445316414847,785,4/2013
Sperned,RobertLGray@trashymail.com,cohsahY2p,Robert,Gray,3084 Terra Street,Olympia,WA,98501,Visa,4532338164506779,123,8/2013
Rosees,AaronDBridges@spambob.com,nohj9aiY,Aaron,Bridges,1215 Conaway Street,Petersburg,IN,47567,Visa,4929388870748083,493,2/2016
Thounater,JerryRFaulkner@trashymail.com,Ahghie2h,Jerry,Faulkner,4979 Lee Avenue,Pennsauken,NJ,08110,Visa,4556536760746274,667,12/2013
Mantiontin,ChristinaMKarl@pookmail.com,ohF9eeph,Christina,Karl,4676 Drainer Avenue,Panama City,FL,32405,MasterCard,5202351833713383,120,12/2016
Alds1937,CraigJPatterson@spambob.com,Zoighuo5Sh,Craig,Patterson,4285 New Creek Road,Albertville,AL,35950,Visa,4556131189330130,733,3/2017
Happich,RodneyCHill@pookmail.com,Ar3Kourie,Rodney,Hill,3365 Lynch Street,San Francisco,CA,94107,MasterCard,5374772844305814,793,6/2017
Reast1990,BrendaJHendricks@pookmail.com,tooKem6ahr3,Brenda,Hendricks,1844 State Street,Detroit,MI,48208,Visa,4716143362426814,608,11/2015
Vold1967,ReneeTJohnson@mailinator.com,uoShagh5cah,Renee,Johnson,1189 Brooke Street,Houston,TX,77020,MasterCard,5187077146664166,575,12/2014
Hargereade,DonteIKavanaugh@spambob.com,Zu8joo2ziF9,Donte,Kavanaugh,3040 Ritter Street,Cullman,AL,35055,Visa,4716159567945366,540,3/2014
Mureens,MasonGNewton@mailinator.com,euciov7Moo8,Mason,Newton,1270 Hidden Pond Road,Nashville,TN,37209,MasterCard,5291911882897726,592,8/2015
Entracleas,DavidSMesser@trashymail.com,Noo3cahneez,David,Messer,464 Steele Street,Burr Ridge,IL,61257,MasterCard,5558043129855057,074,6/2015
Raity1972,MelissaDBorrelli@dodgit.com,OhKaeChuu9Chae,Melissa,Borrelli,4265 Hall Street,Las Vegas,NV,89101,Visa,4916149234206712,218,4/2013
Foryanceir,MichaelGBagley@pookmail.com,quohHash3,Michael,Bagley,3745 Rainy Day Drive,Charlestown,MA,02129,MasterCard,5166456777607642,840,8/2014
Fely1938,DavidTWentworth@spambob.com,Eo5zahva,David,Wentworth,2879 Elmwood Avenue,Mesa,AZ,85205,MasterCard,5133315845196709,758,9/2016
Ormin1959,NatashaJArrington@pookmail.com,iek9Yaev,Natasha,Arrington,1758 Pritchard Court,Le Center,MN,56057,MasterCard,5276378631931363,151,4/2017
Toodis,BeverlyRSheehan@pookmail.com,AiNg1quau,Beverly,Sheehan,1736 Honeysuckle Lane,Orchards,WA,98662,Visa,4916828399459998,885,10/2015
Comford73,StevenHLee@pookmail.com,ifaiw9Th,Steven,Lee,1919 Turkey Pen Lane,Red Level,AL,36474,MasterCard,5517737036106419,563,9/2017
Mossearken,MaureenRBenton@spambob.com,ri4iehaeNg,Maureen,Benton,3914 Jett Lane,Los Angeles,CA,90017,Visa,4716170651015446,418,7/2017
Thametiones,BonnieOJones@spambob.com,Shau8eey8,Bonnie,Jones,4612 Derek Drive,Wooster,OH,44691,MasterCard,5359525462780968,950,9/2014
Himsent1930,MariaRDawson@mailinator.com,neerie3AhT,Maria,Dawson,2509 Leo Street,Denver,CO,80202,MasterCard,5568615248990614,649,11/2015
Cousine,MarkSMedders@spambob.com,aeT6ephahd5Oo,Mark,Medders,3762 Half and Half Drive,Boynton Beach,FL,33436,Visa,4716464444947746,142,1/2015
Hicke1981,MarySLustig@dodgit.com,thuFuQu5,Mary,Lustig,1571 Grand Avenue,Winter Park,FL,32733,Visa,4539786417966369,533,12/2017
Flosoney,ShayneSMoore@trashymail.com,wu5Keutu,Shayne,Moore,1009 Worthington Drive,Plano,TX,75093,MasterCard,5550455442388467,754,7/2014
Conestre59,LeonLTurner@dodgit.com,Ieph6vei,Leon,Turner,3260 Park Street,San Jose,CA,95134,MasterCard,5167375547587299,290,8/2013
Ithat1942,AnnRClark@dodgit.com,oungai2ohHaeB,Ann,Clark,147 Elmwood Avenue,Chandler,AZ,85225,MasterCard,5101299853536444,160,4/2013
Theneave,MariaTCampbell@mailinator.com,sheeGeekuk1,Maria,Campbell,4740 Gnatty Creek Road,Westbury,NY,11590,MasterCard,5559341246887501,372,4/2013
Prommor82,MackenzieWHenry@mailinator.com,SheS0an3Uf,Mackenzie,Henry,4453 Ella Street,Palo Alto,CA,94301,Visa,4532490544186176,824,4/2014
Belisho,BrettEMendoza@dodgit.com,avooRoh9k,Brett,Mendoza,1739 Marion Street,Columbia,SC,29210,MasterCard,5479362829894141,487,5/2015
Aniong,RubyZFaber@trashymail.com,QuighaiD7i,Ruby,Faber,4549 Raoul Wallenberg Place,Norwalk,CT,06854,MasterCard,5534911054986429,631,2/2017
Haterly,BrandonLFraser@dodgit.com,IoF6hahNu0,Brandon,Fraser,3205 Euclid Avenue,San Luis Obispo,CA,93401,MasterCard,5396191398312635,208,9/2014
Thonflused,CrystalVMitchell@spambob.com,eifier3S,Crystal,Mitchell,825 Valley Drive,Philadelphia,PA,19103,Visa,4556641822581279,009,4/2016
Mortich1967,GeraldineHStamey@spambob.com,she3pe0Z,Geraldine,Stamey,2719 Charmaine Lane,Lubbock,TX,79401,MasterCard,5200516907406872,371,3/2016
Maing1993,LisaSSanchez@trashymail.com,eug6oShiK,Lisa,Sanchez,2407 Lords Way,Collierville,TN,38017,MasterCard,5285090098607555,584,7/2015
Olosis46,LarryESmith@dodgit.com,Bae8geich0o,Larry,Smith,1474 Ash Avenue,Saint Louis,MO,63130,Visa,4716365455727234,818,11/2016
Canded,JarrettJEveland@dodgit.com,phieVee5ima,Jarrett,Eveland,2996 Owen Lane,Warren,OH,44481,MasterCard,5227864715287517,130,9/2014
Ofigaill1973,RaymondSLamarr@spambob.com,RooSamie9Ie,Raymond,Lamarr,3539 Norma Avenue,Dayton,OH,45402,Visa,4716595197925254,079,8/2017
Antogginly,VeraJKovach@trashymail.com,AGhie6re6s,Vera,Kovach,1475 Modoc Alley,Pocatello,ID,83202,MasterCard,5569524645501017,117,11/2016
Namint,DonaldBEngles@dodgit.com,Ti9oFiaseish,Donald,Engles,2267 Sunset Drive,Stuttgart,AR,72160,MasterCard,5457090734705708,167,5/2015
Sposee,KevinADelatte@trashymail.com,vaiBiehe0n,Kevin,Delatte,2130 Redbud Drive,Huntington,NY,11743,Visa,4556431858714667,557,3/2017
Nosty1947,XavierDPeters@dodgit.com,dee8taic0Oo,Xavier,Peters,4245 Rowes Lane,Owensboro,KY,42301,MasterCard,5249733343234742,120,5/2017
Mothre33,JeffreyJPritchard@trashymail.com,Goh9eijun4to,Jeffrey,Pritchard,868 Stoney Lane,Farmers Branch,TX,75234,Visa,4532489340286354,934,8/2016
Migh1956,MarthaKLewis@spambob.com,aixaethaGh9,Martha,Lewis,4572 Heavner Avenue,Carrollton,GA,30117,Visa,4556724755526477,483,2/2017
Lowdethe,EliasBClark@spambob.com,zi1ahBahd,Elias,Clark,2266 Denver Avenue,City Of Commerce,CA,90040,Visa,4716119268112724,110,2/2015
Beffectrall,StephenMFletcher@spambob.com,Sea5Ciefei,Stephen,Fletcher,4380 Marcus Street,Huntsville,AL,35802,MasterCard,5159883181162527,052,12/2013
Prook1963,HenryMBurge@spambob.com,ahpe8eiVai,Henry,Burge,2407 Logan Lane,Westminster,CO,80030,MasterCard,5458347208308339,163,7/2014
Numpat,GeraldMReber@trashymail.com,Ohkohr3Aiv,Gerald,Reber,3173 Front Street,Detroit,MI,48226,Visa,4539357079367914,093,4/2016
Conage,MichaelBCho@pookmail.com,quai9Eic,Michael,Cho,726 Burnside Court,Phoenix,AZ,85008,Visa,4916854894002547,063,9/2015
Forines1988,HenryDKellam@mailinator.com,aemoo4aiCh,Henry,Kellam,1143 Eagles Nest Drive,Chico,CA,95928,Visa,4556272603021838,525,1/2014
Nained1978,JosephWDavis@spambob.com,poo8Caeyai,Joseph,Davis,1638 Tibbs Avenue,Ekalaka,MT,59324,MasterCard,5404227081724908,163,4/2017
Thavery28,TimothySBauer@pookmail.com,iesh9nohS5,Timothy,Bauer,75 Waterview Lane,Santa Fe,NM,87501,Visa,4539016904466412,270,1/2016
Quat1977,DorisKLeon@trashymail.com,Ried3iugoh,Doris,Leon,4522 Concord Street,Stony Point,NC,28678,MasterCard,5275839402805459,824,8/2017
Thadmilly,DennisCGardner@trashymail.com,esh7ieQuoosh,Dennis,Gardner,2574 Grasselli Street,Portsmouth,NH,03801,Visa,4485336506650419,596,1/2014
Frolound33,ErnestTAcuna@spambob.com,aeCah9heeree,Ernest,Acuna,4937 Rhode Island Avenue,Washington,DC,20002,Visa,4716563015047727,531,2/2016
Corties,MarciaEShaw@pookmail.com,ya4phohF2Ou,Marcia,Shaw,2480 Marshall Street,Marion,MD,21838,Visa,4532930729953841,241,5/2017
Tolde1931,KathleenALopez@pookmail.com,kees1paiXie,Kathleen,Lopez,674 Cliffside Drive,Andover,NY,14806,MasterCard,5296032655070980,144,12/2013
Feek1991,EdwardMMotta@mailinator.com,ao5AhyooH,Edward,Motta,1161 Church Street,Brooklyn,NY,11234,MasterCard,5330121036166662,210,3/2013
Takent1985,GeorgeJDuncan@spambob.com,phi7Caeweeg,George,Duncan,2250 Parkview Drive,Anaheim,CA,92805,MasterCard,5355041996027771,196,8/2015
Hicar1972,JoseEStanley@trashymail.com,he3Igahnai,Jose,Stanley,3499 Wiseman Street,Knoxville,TN,37929,Visa,4716506519477940,340,7/2015
Utaltorge,ShirleyRMcQueen@dodgit.com,eQui4oe3qu,Shirley,McQueen,2232 Sycamore Fork Road,Fort Lauderdale,FL,33304,MasterCard,5431294418007081,698,9/2016
Wassight,RobertTWiseman@trashymail.com,rah8ooWaiSh,Robert,Wiseman,2231 Northwest Boulevard,Cliffside Park,NJ,07010,Visa,4532848760611732,235,7/2013
Derns1949,WilliamWRogers@spambob.com,oR0muogheig,William,Rogers,2321 Elk Street,El Toro,CA,92630,MasterCard,5569936364458296,210,1/2015
Shom1963,MarjorieSGregory@mailinator.com,uf8Aan6ju4ah,Marjorie,Gregory,345 Primrose Lane,Witwen,WI,53578,Visa,4556980538232722,690,1/2016
Gack1957,CharlesCKrajewski@pookmail.com,aiMah3ool,Charles,Krajewski,3195 Eastland Avenue,Jackson,MS,39201,Visa,4485918823741987,542,1/2015
Tholoted,CharlesKBush@dodgit.com,aveeYu0ohsh,Charles,Bush,4239 Primrose Lane,North Freedom,WI,53951,MasterCard,5497975627831151,021,5/2017
Bach1957,KyleeTAnderson@dodgit.com,oPh8tieW6Ie,Kylee,Anderson,4491 Selah Way,Johnson,VT,05656,MasterCard,5348090534514139,937,5/2014
Whemove,DeidreTLomeli@mailinator.com,yahvi5Phee,Deidre,Lomeli,2802 Cerullo Road,Louisville,KY,40216,Visa,4929231796565514,155,7/2015
Somay1967,VictoriaABrady@trashymail.com,Xoo4shohwe,Victoria,Brady,2505 Kennedy Court,Mansfield,MA,02048,Visa,4532576838834982,675,9/2017
Arded1935,RichardRAppling@pookmail.com,ieNgohve5,Richard,Appling,3784 South Street,Midland,TX,79701,Visa,4556873146983242,995,12/2016
Theard,RobertBRaygoza@trashymail.com,UlohZeeF2pe,Robert,Raygoza,1800 Junkins Avenue,Albany,GA,31701,MasterCard,5225260851217131,590,2/2015
Reenamen1973,MarieJMiller@trashymail.com,raek1Yaizee,Marie,Miller,2490 Jessie Street,Westerville,OH,43081,Visa,4716251419613191,988,9/2014
Haned1991,RobertCFrazier@trashymail.com,Foefee8Hi1l,Robert,Frazier,4518 Glenwood Avenue,Brook Park,OH,44142,Visa,4716533726542910,986,7/2014
Upied1937,JenniferJNunn@pookmail.com,woqu7Veek,Jennifer,Nunn,1819 Sycamore Circle,Dallas,TX,75201,Visa,4539052886271785,639,11/2014
Imat1987,DorisMPruneda@trashymail.com,uChaev1a,Doris,Pruneda,2038 Duffy Street,Merrillville,IN,46410,Visa,4485735281344280,921,7/2016
Aloon1969,PennyEHorne@dodgit.com,eeZoub8oo,Penny,Horne,2666 Elliott Street,Manchester,NH,03101,MasterCard,5561432236283540,735,2/2014
Hisidle,WilliamBSchmaltz@spambob.com,ciV5tho4ekoo,William,Schmaltz,728 West Drive,Northbrook,IL,60062,MasterCard,5273506453016011,430,4/2014
Whatier,CharlesSPham@trashymail.com,cai6Seenee,Charles,Pham,185 Adamsville Road,Harlingen,TX,78550,MasterCard,5353668761976790,045,9/2016
Expined,GailDJackson@trashymail.com,Na1pho2aj,Gail,Jackson,710 Cherry Tree Drive,Jacksonville,FL,32202,Visa,4929891377287216,403,5/2016
Mingh1952,ErnestineRSpencer@dodgit.com,Abei2Eiph,Ernestine,Spencer,942 Mandan Road,Manchester,MO,63011,MasterCard,5332639172997879,850,6/2015
Ounins1960,GaryDMcShan@spambob.com,EeF8gohx1,Gary,McShan,3636 Park Boulevard,Derby,IA,50068,MasterCard,5374822920810292,472,3/2015
Incy1948,KevinMPrice@trashymail.com,iR2vahSh,Kevin,Price,1582 Golden Street,Miami,FL,33179,MasterCard,5108498656183973,466,5/2015
Evicanciat,EfrenLEaston@dodgit.com,maeti5Faish,Efren,Easton,1344 Harrison Street,San Rafael,CA,94903,MasterCard,5255853997766806,580,8/2017
Dersecting,AlyceCMarshall@spambob.com,ees0pieX1,Alyce,Marshall,2395 Howard Street,Grand Rapids,MI,49503,MasterCard,5132667765347931,096,9/2014
Leat1993,MichaelHChandler@dodgit.com,of5Aesho4,Michael,Chandler,2876 Hayhurst Lane,Southfield,MI,48034,Visa,4716617332758869,097,6/2016
Hapt1984,DebraRWilliams@trashymail.com,eib8Pheewia,Debra,Williams,909 Drainer Avenue,Tallahassee,FL,32301,Visa,4716888151126351,562,10/2014
Doperelpland,AmyJMarchand@spambob.com,oop2Thee7,Amy,Marchand,593 Buena Vista Avenue,La Grande,OR,97850,MasterCard,5142140921787364,372,9/2017
Thastenthe,JimmySJohnson@mailinator.com,oot1Phia,Jimmy,Johnson,1584 Dale Avenue,Puyallup,WA,98371,MasterCard,5138151899493899,615,6/2016
Testo1946,KennethTShinn@trashymail.com,aPhi0xai,Kenneth,Shinn,3966 Tennessee Avenue,Southfield,MI,48034,Visa,4539981315855166,568,5/2016
Casuld,ChadNSmith@pookmail.com,aef1aena1Rai,Chad,Smith,697 Mudlick Road,Spokane,WA,99201,MasterCard,5207678818810494,337,1/2013
Strooks,PaulBPederson@mailinator.com,aiYahmoiwe4,Paul,Pederson,2338 Michael Street,Houston,TX,77021,Visa,4916439112652446,980,8/2016
Hempring,RamonWEllman@mailinator.com,Eun0weth0,Ramon,Ellman,4096 Peck Court,Los Angeles,CA,90017,MasterCard,5219361626036190,092,8/2013
Hilegs,EvelynWHearn@dodgit.com,au5vagh8ooSh,Evelyn,Hearn,3896 Kuhl Avenue,Atlanta,GA,30329,MasterCard,5513396988159050,879,10/2015
Tiolsell1950,GabrielITeague@pookmail.com,quaacie7Ohbei,Gabriel,Teague,23 Echo Lane,Augusta,MI,49012,Visa,4716100381941470,421,1/2017
Shiled,GlennJNowak@dodgit.com,eteir9Ek,Glenn,Nowak,4027 Bruce Street,Saint Louis,MO,63108,Visa,4716556864688724,996,5/2015
Vaterid,MarkCBancroft@dodgit.com,ich0Oom2,Mark,Bancroft,974 Kembery Drive,Chicago,IL,60654,MasterCard,5453551595155527,599,3/2016
Verody,LaurieAGonzalez@pookmail.com,Ufeej9leeFah,Laurie,Gonzalez,3469 Sharon Lane,Sullivan,MO,63080,MasterCard,5408999769875345,954,11/2017
Bobviscep,AdaROlson@mailinator.com,phooZoz9oo,Ada,Olson,2010 Olen Thomas Drive,Seymour,TX,76380,MasterCard,5475577760564320,310,3/2016
Conuthe,RussellBWebb@dodgit.com,Shaet4zoa0c,Russell,Webb,2701 Chapel Street,Rosenberg,TX,77471,MasterCard,5124608476745294,973,11/2015
Didellp,MichaelCRandolph@spambob.com,Eixi3ooR,Michael,Randolph,2529 Orchard Street,Minneapolis,MN,55415,Visa,4532799428523795,876,2/2015
Surn1981,HaroldCTerry@dodgit.com,Wiv6eeS5Io,Harold,Terry,4561 Parrill Court,Crown Point,IN,46307,MasterCard,5513674663129345,804,8/2016
Eite1953,RichardEMoskowitz@spambob.com,xooHohge4ar9,Richard,Moskowitz,2486 Pritchard Court,Owatonna,MN,55060,Visa,4716615225825787,320,3/2013
Strent68,CameronDGraber@spambob.com,die2aaG1wie,Cameron,Graber,3924 Pretty View Lane,Sacramento,CA,95814,MasterCard,5217469365552624,524,7/2016
Thearly,MichelleHMcLeod@dodgit.com,el0Teep7Roo,Michelle,McLeod,3967 Heavner Avenue,Norcross,GA,30091,Visa,4539579372876990,369,6/2015
Whabre,AnthonyKRatzlaff@pookmail.com,aeJ1ohhaiHe,Anthony,Ratzlaff,1286 School Street,Washington,DC,20024,Visa,4929483369557580,533,5/2017
Thopilt,JuanBCollins@trashymail.com,poh4eiT2,Juan,Collins,291 Lincoln Street,Laurel Springs,NJ,08021,MasterCard,5101074688326471,466,4/2016
Digivoic,DanielJPratt@pookmail.com,oophahk5Oi5,Daniel,Pratt,4198 Eastland Avenue,Canton,MS,39046,MasterCard,5345285040084113,247,1/2013
Noing1952,SamuelMEdmondson@mailinator.com,Ui8bie6ek,Samuel,Edmondson,1352 Roane Avenue,Hyattsville,MD,20781,MasterCard,5310294511362538,751,12/2016
Haing1948,MichaelLSummers@mailinator.com,sie7Eighai,Michael,Summers,1091 Lindale Avenue,Concord,CA,94520,Visa,4916804322854340,216,8/2015
Wineirle,DebbieFDickson@trashymail.com,Io9FieVa,Debbie,Dickson,211 Lena Lane,Hattiesburg,MS,39401,Visa,4539602972413780,751,2/2016
Domay1981,MaryJGuy@trashymail.com,reegiB7Thoo5oh,Mary,Guy,4560 Deer Haven Drive,Greenville,SC,29601,Visa,4532246542225279,220,5/2014
Thary1940,EthelDLozano@mailinator.com,ix7va3cheiQu,Ethel,Lozano,294 Stuart Street,Pittsburgh,PA,15206,MasterCard,5533643619158290,287,8/2017
Abilootich,AshleyCHughes@mailinator.com,quah3iRon2,Ashley,Hughes,3619 Spring Street,Champaign,IL,61820,Visa,4929159303560605,240,8/2014
Hatelit,NathanCHernandez@pookmail.com,Iwohs7Ev0boh,Nathan,Hernandez,4488 Chandler Hollow Road,Homestead,PA,15120,MasterCard,5473318419800035,303,2/2013
Whisis,JesusDBaker@spambob.com,oobahsh8E,Jesus,Baker,2945 Norman Street,Hollywood,CA,90028,Visa,4485298017038007,633,8/2015
Anced1939,AnnieCRyan@dodgit.com,ioch1Che,Annie,Ryan,4893 Bryan Street,Lexington,NC,27292,MasterCard,5485746766747431,310,9/2014
Sublegand1972,ChristyGYoung@spambob.com,ies9Laich,Christy,Young,3773 Prospect Street,Merchantville,NJ,08109,MasterCard,5300595982825627,327,4/2013
Coveregs,KathleenJPope@pookmail.com,eat8aG8Ee,Kathleen,Pope,1067 Hart Street,West Hartford,CT,06107,MasterCard,5391269713943519,962,4/2014
Beink1943,JoeSRitter@spambob.com,zo3oa6Gu3,Joe,Ritter,3284 Straford Park,Whitesburg,KY,41858,Visa,4916866043839025,601,10/2017
Telly1967,JanetMMiller@pookmail.com,figh3waeTh,Janet,Miller,1502 Chatham Way,Frederick,MD,21701,MasterCard,5268353505761410,585,2/2016
Mucland64,XavierGCouch@pookmail.com,roo0Sheixeix,Xavier,Couch,4435 Wood Street,Covington,LA,70433,MasterCard,5262711984712830,745,2/2015
Ushe1986,CathyHHart@trashymail.com,Zah5gai7g,Cathy,Hart,3401 Hart Street,Hartford,CT,06103,Visa,4716780448968168,367,9/2013
Ents1986,ShirleyMHenderson@spambob.com,zo5uy2pah0Igh,Shirley,Henderson,1176 Morningview Lane,Killduff,IA,50137,MasterCard,5178687118998714,541,2/2017
Warrhatiou,CarolSFuller@trashymail.com,aeDu2ieg,Carol,Fuller,2954 Swick Hill Street,New Orleans,LA,70087,Visa,4556342429912708,529,2/2015
Sonfeaughe,ThomasGThomas@trashymail.com,Lien2OoM5oh,Thomas,Thomas,1908 Ashmor Drive,Duluth,MN,55811,Visa,4556007799507004,273,2/2015
Yougailes1965,HowardMMcNeal@spambob.com,Achi3phiez,Howard,McNeal,442 Jehovah Drive,Roanoke,VA,24019,MasterCard,5182980943906711,346,10/2017
Dumbet1980,FayeHWashington@mailinator.com,oozaig6Ei,Faye,Washington,2938 Fleming Way,Ashland,VA,23005,Visa,4929410638624206,346,9/2016
Marban,TimothyCBrown@dodgit.com,Aey4tieb9nie,Timothy,Brown,3685 Pick Street,Centennial,CO,80112,MasterCard,5286019129743179,623,10/2014
Prew1961,JudyDVelazquez@trashymail.com,eithe5Pa,Judy,Velazquez,2438 Maxwell Street,Bloomfield,CT,06002,MasterCard,5203600524532190,563,1/2014
Menant,JamikaAFifield@pookmail.com,bah3Ech2Ie,Jamika,Fifield,772 Stoney Lane,Anna,TX,75003,MasterCard,5368595384306811,527,6/2016
Youstre,AndrewPMoore@dodgit.com,aipaisieT9,Andrew,Moore,2746 Hawks Nest Lane,Stlouis,MO,63101,Visa,4556369029739587,777,5/2015
Ontrad,JamesJVester@mailinator.com,ugh0neeY5u,James,Vester,2666 Jarvisville Road,Syosset,NY,11791,MasterCard,5145891483161847,731,1/2017
Andur1955,DorothyEFarmer@pookmail.com,Eiloh1aiboh,Dorothy,Farmer,4142 River Road,Colorado Springs,CO,80903,Visa,4532936798280925,616,8/2017
Donentolon,ShaneMBaker@spambob.com,eisae2Uth,Shane,Baker,3380 Cunningham Court,Bloomfield Township,MI,48302,Visa,4556125942475042,261,2/2016
Porser,WillieDVictory@pookmail.com,aed9hoo5Oo,Willie,Victory,725 Sycamore Lake Road,Milwaukee,WI,53202,MasterCard,5304063548903830,939,7/2013
Sawn1977,RobertMHenderson@trashymail.com,theiv2Yooc,Robert,Henderson,3490 Bridge Street,Tulsa,OK,74120,MasterCard,5233442149524557,704,5/2013
Dooke1978,MargaretPJoiner@mailinator.com,Xiec1miech,Margaret,Joiner,4892 Swick Hill Street,Pierre Part,LA,70339,MasterCard,5429821401106852,922,4/2013
Pacury,DavidCHupp@dodgit.com,Ay6baiquae1,David,Hupp,4635 Felosa Drive,San Angelo,TX,76903,MasterCard,5480555417163715,529,8/2014
Sidied,LilaDJamison@trashymail.com,Vaht4lah,Lila,Jamison,1740 Franklee Lane,Northampton,PA,18067,Visa,4916430198237913,316,7/2014
Rawas1943,RoyASmith@pookmail.com,Ahshaeshai5,Roy,Smith,3437 Alpaca Way,Anaheim,CA,92801,Visa,4916858703852729,323,11/2016
Learm1964,LukeMHaskins@spambob.com,Ohqu8aiNaeS,Luke,Haskins,3751 Vineyard Drive,Bedford,OH,44146,MasterCard,5371268353949897,245,3/2017
Babinfor,JackieCCope@dodgit.com,Im7soh4z,Jackie,Cope,661 Jett Lane,Santa Monica,CA,90404,Visa,4532307913885883,993,1/2017
Thals1959,MelodyJBerrios@mailinator.com,phii2phe8Z,Melody,Berrios,200 Quarry Drive,Montgomery,AL,36104,MasterCard,5160600603947328,798,12/2017
Themarly,DavidFChambers@mailinator.com,wohHoe3oo,David,Chambers,3652 Valley Lane,Austin,TX,78701,Visa,4916354656976228,151,4/2016
Werew1990,HeatherJHart@pookmail.com,weiF5owia,Heather,Hart,3574 Bungalow Road,Omaha,NE,68114,Visa,4532043588538826,964,12/2016
Knowelde,SamathaMHogan@spambob.com,Sha1jeicoo5,Samatha,Hogan,2810 Philadelphia Avenue,Salt Lake City,UT,84101,Visa,4716746984815121,425,4/2013
Bromigery,ChristopherJKujawa@mailinator.com,Jae8ji6ph,Christopher,Kujawa,4228 Harron Drive,Baltimore,MD,21202,MasterCard,5443571279972669,277,10/2015
Bougereb,GregoryFRowlett@trashymail.com,aiH0jeedech,Gregory,Rowlett,1950 Hanifan Lane,Roswell,GA,30076,Visa,4485003835121484,793,6/2017
Spinckess,JeanettLBlack@dodgit.com,neP2xamuy2,Jeanett,Black,1108 Hampton Meadows,Lowell,MA,01852,Visa,4556982029046397,771,6/2016
Cutdomplad,LiaRFrancis@spambob.com,ohphee1daeD,Lia,Francis,3176 Gore Street,Houston,TX,77026,MasterCard,5386055198184415,635,11/2015
Viser1959,MelanieBParker@trashymail.com,YooGhiquui6,Melanie,Parker,941 Leisure Lane,Ventura,CA,93001,MasterCard,5498483510565985,936,9/2015
Alhas1959,DonnaFMiller@pookmail.com,MebeKie4th,Donna,Miller,769 Camden Street,Reno,NV,89501,MasterCard,5558930241630139,110,2/2016
Esed1950,VirgilLKoch@pookmail.com,eepae0aiTh,Virgil,Koch,3297 Walnut Avenue,Hackensack,NJ,07601,MasterCard,5564081908340091,651,3/2017
Dideach,MichelleJLamberson@pookmail.com,AegohZ3eo,Michelle,Lamberson,2938 Biddie Lane,Callao,VA,22435,MasterCard,5225796586020571,545,8/2013
Hostall,GeorgiaFFranks@trashymail.com,teev2eiRu,Georgia,Franks,4774 Winifred Way,Indianapolis,IN,46225,Visa,4532722266396918,543,6/2015
Doety1943,VictoriaJKline@pookmail.com,Ohvaowa6ai,Victoria,Kline,4235 Bel Meadow Drive,Anaheim,CA,92805,Visa,4485013502846446,269,4/2016
Caseuffely,JannaLRobinson@dodgit.com,lie0beeQu,Janna,Robinson,1676 Dola Mine Road,Morrisville,NC,27560,Visa,4532407707637399,750,2/2014
Buit1980,PeggyTBoucher@mailinator.com,iG9kuL5rah,Peggy,Boucher,322 Spring Avenue,Langhorne,PA,19047,Visa,4532942160485290,045,8/2017
Becrels,CarlJDonahue@pookmail.com,Egha6ieda0U,Carl,Donahue,2051 Layman Court,Lawrenceville,GA,30245,MasterCard,5346860907079437,369,11/2014
Joyfuld,DenisJHernandez@dodgit.com,ahBieNa8,Denis,Hernandez,4078 Hog Camp Road,Park Forest,IL,60466,MasterCard,5537228909028985,829,4/2016
Finced,HowardENall@pookmail.com,eeCoh5oxi2l,Howard,Nall,2892 Shady Pines Drive,Martinsville,VA,24112,MasterCard,5194911241535460,533,11/2017
Inke1936,EdwardMHaar@dodgit.com,Ac3ohnahsoh,Edward,Haar,1464 Monroe Street,Houston,TX,77026,MasterCard,5506500677781350,852,7/2014
Theyne,HopeEShull@mailinator.com,oh3OoZaa,Hope,Shull,212 Patterson Road,Forest Hills,NY,11375,Visa,4916413878532035,683,11/2013
Grothented,CharlotteMWeaver@trashymail.com,Too9Yoov2w,Charlotte,Weaver,2428 Golf Course Drive,Chantilly,VA,22021,MasterCard,5267417716240232,618,8/2016
Sommainly85,JoyceTButler@mailinator.com,aX1aith4ahD,Joyce,Butler,2387 Ersel Street,Dallas,TX,75238,Visa,4929626147346433,927,6/2014
Reated,JoseSNunez@trashymail.com,Aiz6afai,Jose,Nunez,2554 Browning Lane,Corning,NY,14830,Visa,4539496795203266,316,4/2017
Hied1943,JeanJColon@spambob.com,queeShaeng8,Jean,Colon,734 Sycamore Lake Road,Green Bay,WI,54302,Visa,4916032249941335,557,12/2014
Auged1967,PeterSCurtin@dodgit.com,ahCeewu2ce,Peter,Curtin,3241 Crowfield Road,Gilbert,AZ,85233,Visa,4556611452300373,096,1/2015
Expeck,CharlesABailey@spambob.com,ohsohphe2Z,Charles,Bailey,2791 Hilltop Drive,Dalhart,TX,79022,MasterCard,5409299834573796,438,2/2014
Vingausaid,AlbaDJones@spambob.com,ThaSh7So9,Alba,Jones,57 Bubby Drive,Austin,TX,78741,MasterCard,5178202243693444,823,3/2016
Awask1946,PaulPWilson@dodgit.com,iasheeNga7J,Paul,Wilson,3527 White Pine Lane,Roanoke,VA,24012,MasterCard,5214231273146086,272,10/2016
Likendooked,SamanthaBSmith@dodgit.com,oulooPe0me,Samantha,Smith,878 Pursglove Court,Dayton,OH,45402,MasterCard,5556330121267676,730,12/2015
Oling1976,AshleyGLanders@trashymail.com,aeph3TaCe,Ashley,Landers,1111 Wright Court,Birmingham,AL,35209,MasterCard,5552461049843100,254,6/2014
Apigh1943,JulieTCrews@mailinator.com,eeb7saaJae,Julie,Crews,4361 Peck Court,El Toro,CA,92630,Visa,4485428395087678,037,1/2015
Lice1979,ElsaFTassone@mailinator.com,Shis9an7xai,Elsa,Tassone,1403 Lucy Lane,Greensburg,IN,47240,MasterCard,5453471869863732,975,5/2015
Speor1984,RobertVHoyer@mailinator.com,iT0rah1ph,Robert,Hoyer,1193 Barnes Avenue,Cincinnati,OH,45236,MasterCard,5592255683834652,179,1/2015
Frocceptere,WesleyETatum@pookmail.com,ieth7Shee,Wesley,Tatum,2840 Poco Mas Drive,Dallas,TX,75247,MasterCard,5110239707541421,825,12/2014
Anturtat59,MiguelLFountain@mailinator.com,Ficheiqu3ch,Miguel,Fountain,3296 Saint Francis Way,Warminster,PA,18974,MasterCard,5599211360646821,829,7/2016
Incere,BriannaACarothers@pookmail.com,iekiej4OoY,Brianna,Carothers,2021 Joy Lane,Irvine,CA,92614,Visa,4556118467342648,578,7/2014
Clueer,HarryMArroyo@trashymail.com,Eil3oob4im8,Harry,Arroyo,4759 Biddie Lane,Richmond,VA,23220,MasterCard,5214384231361634,170,9/2014
Reatele,RobertPRawls@mailinator.com,tha0tu5aeHoh,Robert,Rawls,1395 Raintree Boulevard,Blaine,MN,55434,MasterCard,5417719934410060,423,9/2015
Withnswo,AaronVBurkhalter@trashymail.com,eeD3eiG1wue,Aaron,Burkhalter,2120 Charles Street,Monroe,MI,48161,MasterCard,5134277955254968,738,8/2014
Hopmend,ErinMHannan@spambob.com,viW5aa6quah,Erin,Hannan,4609 Spinnaker Lane,Streator,IL,61364,Visa,4532014334145943,062,4/2015
Bastakered,CrystalWRowan@spambob.com,Zo9aethohl7,Crystal,Rowan,2160 Hilltop Drive,Coldwater,TX,79022,MasterCard,5382430695075602,875,10/2013
Anturt,RaquelGSalerno@pookmail.com,AhW5EiPh0zee,Raquel,Salerno,4931 Pinnickinick Street,Bellingham,WA,98225,Visa,4929488841627604,983,10/2016
Maideared,HelenDLawhorn@trashymail.com,Viengaehe4a,Helen,Lawhorn,4272 Barfield Lane,Carmel,IN,46032,Visa,4556636019358143,099,2/2016
Suedivicer55,FrankNHunt@trashymail.com,ohSie9oiR1,Frank,Hunt,1040 Bolman Court,Springfield,IL,62701,MasterCard,5493784187680162,878,12/2013
Efivishereme,MartaASmith@pookmail.com,ohp2aaHu6Ei,Marta,Smith,295 Foley Street,Deerfield Beach,FL,33442,MasterCard,5249631227417591,197,12/2015
Tivenswil,CourtneyGPecora@spambob.com,Taqu3aith0,Courtney,Pecora,538 Grove Street,East Northport,NY,11731,Visa,4539663063582313,876,12/2017
Behall,JosephTHare@mailinator.com,woo2ieQu1ae,Joseph,Hare,3774 Green Avenue,Oakland,CA,94612,Visa,4539952557325762,356,10/2014
Thelink,AmySCollier@pookmail.com,ahMaonei4ee,Amy,Collier,1196 Davis Avenue,Oakland,CA,94612,Visa,4556975659872918,096,6/2015
Diedich,DeborahOBarlow@pookmail.com,iB7seixaiqu,Deborah,Barlow,3730 Hill Street,Luckey,OH,43443,MasterCard,5449267386802238,440,10/2015
Howely,RayMHollon@dodgit.com,OD0quu5ch,Ray,Hollon,2829 Glen Street,Morganfield,KY,42437,MasterCard,5404600698128954,453,5/2013
Vaing1927,KristenEBrown@spambob.com,Foo8phiemai,Kristen,Brown,1930 Retreat Avenue,Birmingham,AL,35203,MasterCard,5550027496749496,651,3/2016
Therfuriour,PaulaMBrafford@dodgit.com,rujahth1Aik,Paula,Brafford,4546 Duck Creek Road,San Jose,CA,95131,Visa,4485149755572428,761,9/2013
Ouromighave,BettyCDouglas@dodgit.com,ahyieJo4Iu3ei,Betty,Douglas,961 North Street,Salt Lake City,UT,84116,MasterCard,5471521124416706,481,3/2013
Whising,FrancisJCochran@dodgit.com,aiquooc5Aw,Francis,Cochran,1525 North Bend River Road,Somerset,KY,42501,MasterCard,5524861782050091,700,6/2015
Ineaskuld,TheodoreCDugger@spambob.com,ooCh6jaech9,Theodore,Dugger,4787 Clement Street,Atlanta,GA,30303,Visa,4539052817832028,299,6/2017
Otive1974,EmilioABriggs@trashymail.com,On6cheiN,Emilio,Briggs,655 Deer Ridge Drive,Newark,NJ,07105,MasterCard,5121126950086369,433,9/2017
Topoicusin,RichardMIngram@trashymail.com,Eibah0No,Richard,Ingram,1485 Powder House Road,West Palm Beach,FL,33401,Visa,4532328369720820,075,9/2014
Stoud1990,RigobertoLSmith@spambob.com,raic7aD7ah,Rigoberto,Smith,3771 Francis Mine,Sacramento,CA,95814,Visa,4716392160627434,215,1/2016
Negarace,VictorTShaver@pookmail.com,AhvaiKais2,Victor,Shaver,4336 Hinkle Deegan Lake Road,Binghamton,NY,13901,Visa,4916839126928627,079,12/2017
Hings1976,FrancesLNatoli@spambob.com,na9Uphoh0ee,Frances,Natoli,315 Davis Street,Athens,GA,30601,Visa,4485957710478352,258,6/2015
Reaps1939,RudolphRGarcia@spambob.com,aLei9shad,Rudolph,Garcia,688 Meadow Lane,San Francisco,CA,94103,Visa,4916347152491858,638,10/2017
Therriess,KaitlinCGarrido@pookmail.com,Gu1ohngei,Kaitlin,Garrido,1289 Bastin Drive,Eagleville,PA,19403,MasterCard,5419080470504404,564,2/2014
Fareve,MaryLPierce@spambob.com,Ohph0pim7u,Mary,Pierce,2430 Ocello Street,San Diego,CA,92103,MasterCard,5110771570810517,278,4/2015
Uplarn,ShirleyJSilvis@spambob.com,ea4Iec1ur,Shirley,Silvis,1477 Hillview Drive,Atlanta,GA,30339,Visa,4539566486132014,060,7/2013
Sught1932,RobertASoto@pookmail.com,eiZ8haengae,Robert,Soto,4869 Austin Avenue,Savannah,GA,31401,Visa,4916041473597424,649,11/2013
Mition1976,JamelSKidd@trashymail.com,nae9Ooh2bai,Jamel,Kidd,4273 Hurry Street,Salem,VA,24153,MasterCard,5334349447333664,985,7/2013
Dony1928,LonnieCCobb@trashymail.com,oox8baaBu,Lonnie,Cobb,4898 Grove Street,Wantagh,NY,11793,MasterCard,5192684389781285,794,8/2017
Loory1955,GenevaVSherrod@mailinator.com,geem8lo3Eik,Geneva,Sherrod,811 Union Street,Seattle,WA,98101,MasterCard,5231104248773376,316,4/2015
Tong1934,LindaFJones@dodgit.com,mo1eiMea6ie,Linda,Jones,2605 Lady Bug Drive,Brooklyn,NY,11212,MasterCard,5360359593819819,212,7/2013
Glaimfor,MatthewJLewis@dodgit.com,Iey0ieHei,Matthew,Lewis,876 Dogwood Lane,Show Low,AZ,85901,Visa,4929370835809077,106,11/2017
Corsoodualf,SharleenDBittinger@pookmail.com,Ahpae4kaGh,Sharleen,Bittinger,490 Bryan Avenue,Rosemount,MN,55068,Visa,4929307105617475,401,11/2015
Bovestesin,DebraWVazquez@mailinator.com,oozeije8ohT,Debra,Vazquez,1806 Cottrill Lane,Saint Louis,MO,63108,Visa,4916411391782632,168,8/2013
Allagarl,DavidMWoods@mailinator.com,ahj1sheM,David,Woods,4372 Pearl Street,Sacramento,CA,95814,MasterCard,5495207423352055,252,12/2015
Opinkh,WilliamGHatch@pookmail.com,iomeiphei4Sh,William,Hatch,349 Franklin Avenue,Daytona Beach,FL,32114,Visa,4556146282785824,286,1/2017
Thintand,MaryamTHansen@spambob.com,kiepaT0ie,Maryam,Hansen,1026 Goosetown Drive,Arden,NC,28704,Visa,4916213696290216,246,4/2016
Beirsed,AlbertPCastillo@dodgit.com,dee4Ie5mie,Albert,Castillo,4445 Finwood Road,Piscataway,NJ,08854,Visa,4532386463110876,081,7/2016
Asine1930,LesterLBurcham@pookmail.com,hieYoerox0ei,Lester,Burcham,2643 Red Bud Lane,Cheshire,CT,06410,Visa,4485023658836067,399,8/2017
Pind1935,AnaJArsenault@spambob.com,soh9Oayie,Ana,Arsenault,2871 Ray Court,Laurinburg,NC,28352,MasterCard,5258045859671029,957,10/2016
Feellen,StevenAColeman@spambob.com,OhBo5ish6,Steven,Coleman,4078 Stout Street,Harrisburg,PA,17101,MasterCard,5251884956565313,917,9/2017
Samen1972,RogerMCullens@trashymail.com,Aesh5kieN3oh,Roger,Cullens,502 Jadewood Farms,New Brunswick,NJ,08901,MasterCard,5374286188442166,887,8/2016
Fliket,WillieWHanna@dodgit.com,aej3Xoop6j,Willie,Hanna,4523 Nutters Barn Lane,Renwick,IA,50577,Visa,4929874117747368,477,1/2015
Becteriagive,BrentFColeman@trashymail.com,Thiyo6ohng,Brent,Coleman,4723 Bubby Drive,Austin,TX,78749,Visa,4929549379078005,707,3/2014
Sournewaid,AnnENunn@dodgit.com,eV2AeVov1Ai,Ann,Nunn,330 Everette Alley,Sunrise,FL,33317,MasterCard,5278250384941949,448,7/2016
Loce1970,ClarenceSKeene@spambob.com,Ohj9vaeg,Clarence,Keene,2125 Heavner Court,Manhattan,NY,10016,MasterCard,5444304234181443,844,12/2016
Foxys1980,ThomasDRobinson@trashymail.com,Gohqu1Ofai,Thomas,Robinson,4198 Taylor Street,New York,NY,10007,Visa,4539900061487446,925,12/2016
Lonishe,DorothyGAcree@spambob.com,OhY8hoh4phie,Dorothy,Acree,2147 Hewes Avenue,Baltimore,MD,21201,MasterCard,5320496959781313,235,10/2014
Reartand,ChristopherJTorrez@trashymail.com,Eeroh3ie,Christopher,Torrez,3626 Union Street,Seattle,WA,98108,MasterCard,5448644628325676,385,9/2016
Fulot1930,CarolynHHardwick@spambob.com,eevie7zohSh,Carolyn,Hardwick,4093 Center Street,La Grande,OR,97850,MasterCard,5450847497637742,804,2/2015
Oplaw1970,DanielMWomack@mailinator.com,Phief1no5,Daniel,Womack,3200 Patton Lane,Raleigh,NC,27603,MasterCard,5180635744356530,674,3/2017
Cend1983,PamelaAAguilar@spambob.com,eza8Oodeijie,Pamela,Aguilar,3607 Wetzel Lane,Grand Rapids,MI,49503,Visa,4929735038247657,037,10/2013
Sallithere,SamWBump@spambob.com,ob5eiGiec,Sam,Bump,3880 Harper Street,Robards,KY,42452,Visa,4485004328555600,606,4/2016
Pubsont,LilaDGenthner@trashymail.com,ukieY1Oa,Lila,Genthner,3499 Airplane Avenue,New Haven,CT,06511,MasterCard,5503064413652337,271,11/2014
Knoth1973,KeithAFerrell@mailinator.com,aQu9aiz6s,Keith,Ferrell,631 Scenicview Drive,Seattle,WA,98161,Visa,4916599436203521,364,12/2017
Desch1982,IvoryAMartin@spambob.com,aewaa1Loa8u,Ivory,Martin,1396 Bryan Street,Reeds,NC,27292,Visa,4556852621496524,099,1/2016
Llostastings34,LaverneKSilva@trashymail.com,iepidie3ooL,Laverne,Silva,34 Mount Tabor,La Grange (Dutchess),NY,12540,MasterCard,5202058430301567,650,10/2014
Senwor,CandyJBriscoe@dodgit.com,Feh4Iengu,Candy,Briscoe,960 Cherry Camp Road,Wood Dale,IL,60191,Visa,4485424800756098,600,12/2016
Goety1980,DennisRLegault@spambob.com,aeyo4Ahyanai,Dennis,Legault,4729 Flinderation Road,Burr Ridge,IL,60527,Visa,4532066276146800,017,1/2015
Sirery31,RonnieCCowles@pookmail.com,Uu0Itua2oh,Ronnie,Cowles,2564 Tator Patch Road,Chicago,IL,60606,MasterCard,5256424462895873,551,5/2014
Hiscar,DeanVBreit@trashymail.com,aen7osajiXo,Dean,Breit,2011 Cambridge Court,Fort Smith,AR,72901,Visa,4485392076884425,189,1/2015
Ovion1937,GerryJShultz@spambob.com,boobo0AeNg,Gerry,Shultz,327 Rockford Mountain Lane,Brookfield,WI,53005,Visa,4716775514916026,270,4/2014
Treff1962,OscarECooper@spambob.com,aix7ahGae,Oscar,Cooper,4488 Rardin Drive,Dublin,CA,94568,MasterCard,5444905651508718,593,7/2016
Sainere,UrsulaRBuckman@pookmail.com,tu0chah7I,Ursula,Buckman,1699 Glen Street,Bowling Green,KY,42101,Visa,4716643108358353,710,12/2015
Blighte1930,FrankAHerzog@pookmail.com,mengeeTao3,Frank,Herzog,1111 Cambridge Place,Baltimore,MD,21215,Visa,4532122962725637,503,12/2013
Vatimphady,PatricaJJohnson@spambob.com,jeiS0iedoo,Patrica,Johnson,4098 Hartway Street,Beresford,SD,57004,MasterCard,5294234860696615,199,11/2013
Wist1954,StaceyNJames@dodgit.com,Odur4ba9,Stacey,James,1819 Hinkle Lake Road,Quincy,MA,02169,Visa,4532989662309239,788,7/2015
Forion1971,BettyeRSchneider@trashymail.com,uB0ode5rae4,Bettye,Schneider,353 Stonecoal Road,Mansfield,OH,44902,MasterCard,5233559737816077,584,4/2015
Withis,RobertKGlenn@trashymail.com,apah1ohy7Em,Robert,Glenn,2772 Nicholas Street,Topeka,KS,66612,MasterCard,5166721947365615,147,11/2015
Bossuppy,ShantaAWilliams@trashymail.com,Raef5ahjohh,Shanta,Williams,1621 Horner Street,Akron,OH,44308,Visa,4532777129171007,521,11/2016
Bendind,JaniceJBynum@trashymail.com,hohSee1Sh,Janice,Bynum,4288 Hillcrest Drive,Seattle,WA,98109,MasterCard,5417962063687013,596,4/2016
Emenim,StevenCBrown@spambob.com,Zei7yeiFae,Steven,Brown,1549 Star Trek Drive,Tallahassee,FL,32303,MasterCard,5471584731788933,311,2/2014
Plithenewark,EnriqueJStaten@trashymail.com,yaiNith0s,Enrique,Staten,1476 Shobe Lane,Mancos,CO,81328,MasterCard,5113190193798065,649,6/2013
Grou1965,CurtisJHoefer@spambob.com,jaiso1Kai4,Curtis,Hoefer,2822 Peck Court,El Toro,CA,92630,Visa,4556942788481037,999,11/2017
Folady1950,FelixSArchuleta@mailinator.com,aexeNg4shoo,Felix,Archuleta,77 Felosa Drive,Mira Loma,CA,91752,MasterCard,5516558455751860,529,2/2015
Alarly31,JohnJFlood@pookmail.com,xe8pi8uZoh,John,Flood,3884 Quarry Drive,Montgomery,AL,36117,Visa,4539185815682654,494,7/2014
Aftes1940,DeborahJFitzpatrick@dodgit.com,Noh6eiwae7,Deborah,Fitzpatrick,3972 Briarwood Road,Springfield,MO,65804,Visa,4485094335749825,107,2/2017
Therstrats,AlisonAWilliams@spambob.com,Ouqu9soh,Alison,Williams,4370 Hickory Street,Salt Lake City,UT,84104,Visa,4916405430652822,874,1/2013
Dindoutiors,MariaJRobles@pookmail.com,Ohyohch7fa,Maria,Robles,4435 Irving Place,Cedar Hill,MO,63016,MasterCard,5302416134259326,776,7/2013
Cortiferet,RaymondWBeasley@trashymail.com,Jo6Ohn9Lu,Raymond,Beasley,3016 Nutters Barn Lane,Duncombe,IA,50532,MasterCard,5536190657887064,544,10/2017
Adardly,CaseySJones@dodgit.com,fei5eeZee,Casey,Jones,2191 Derek Drive,Boardman,OH,44512,Visa,4532027746847732,951,3/2013
Whoeve69,CherylMReynolds@pookmail.com,oox3Iesa,Cheryl,Reynolds,3564 Fairfax Drive,Montclair,NJ,07042,MasterCard,5594409439646187,229,12/2015
Gappell,MichaelMWaterman@dodgit.com,iV6ieboo,Michael,Waterman,4217 Poco Mas Drive,Dallas,TX,75212,MasterCard,5409556074245025,832,6/2016
Louns1937,GeorgeCHer@dodgit.com,ung9Pei8,George,Her,1453 Snowbird Lane,Seward,NE,68434,Visa,4532469305863165,806,4/2014
Daudys,CharleyAAllgood@spambob.com,yei0mied9Xah,Charley,Allgood,1206 Catherine Drive,Grand Forks,ND,58203,MasterCard,5137978265637316,722,6/2014
Stlef1954,SarahTCollins@mailinator.com,ahThi0ea,Sarah,Collins,786 Bluff Street,Washington,MD,20024,MasterCard,5216063242597976,719,1/2013
Winse1942,CraigBRansom@mailinator.com,ye4uhie0I,Craig,Ransom,4776 State Street,Highland Park,MI,48203,MasterCard,5197759552672050,777,9/2014
Gack1960,CarrieRBrauer@pookmail.com,oor9AiTh2f,Carrie,Brauer,2354 Lucky Duck Drive,Bridgeville,PA,15017,Visa,4716381083108473,699,5/2015
Treary,AngelaNHead@mailinator.com,Aisaec6ku,Angela,Head,816 Oakridge Farm Lane,West Allis,WI,53227,MasterCard,5222956423706294,632,3/2017
Mortund27,SheldonEAaron@pookmail.com,Pee3gee8Xie,Sheldon,Aaron,2408 Mapleview Drive,Humboldt,TN,38343,MasterCard,5393846198632044,196,4/2013
Inve1934,KennethSDick@trashymail.com,raiV8oNg,Kenneth,Dick,1971 Nutters Barn Lane,Urbandale,IA,50322,Visa,4532802304534298,204,3/2017
Dany1957,MariaCLamarr@dodgit.com,bohW1rah7aequ,Maria,Lamarr,2303 Rebecca Street,Des Plaines,IL,60016,MasterCard,5325405083104826,512,4/2015
Fict1932,RaymondMErickson@pookmail.com,Eisiek4aZ,Raymond,Erickson,1469 Thunder Road,Oakland,CA,94612,MasterCard,5205598041374559,176,6/2017
Colad1973,BarryCFreeman@spambob.com,Oong0geevae,Barry,Freeman,2165 Kovar Road,Franklin,MA,02038,MasterCard,5153291493451149,346,6/2013
Wishe1983,GloriaRRobinson@pookmail.com,Aiw2eiSh6U,Gloria,Robinson,1446 Graystone Lakes,Macon,GA,31201,Visa,4532368919749655,271,9/2013
Foryinath,EdwardTBerry@pookmail.com,Too1baeth,Edward,Berry,4950 Patterson Road,New York,NY,10011,Visa,4532573151148371,146,8/2016
Traind,EusebioPDeangelis@trashymail.com,ve8ciDie0euh,Eusebio,Deangelis,1648 Green Hill Road,Sulphur Springs,AR,72768,MasterCard,5445968088640032,477,9/2014
Ontwers31,JamesSBarnard@pookmail.com,Eng7moh4oh,James,Barnard,466 Meadowview Drive,Lovettsville,VA,22080,Visa,4556284617500400,906,3/2013
Wastille,MichaelNAdkins@mailinator.com,kub7tho8Phei,Michael,Adkins,2783 Hartland Avenue,Waukesha,WI,53186,MasterCard,5261606376322985,977,8/2016
Fibine,DeniseWWinebrenner@dodgit.com,ieR9ohNgahx,Denise,Winebrenner,4664 South Street,Midland,TX,79701,Visa,4929156282571165,310,3/2014
Yountanerly77,JenniferHBraden@dodgit.com,XooTe4Ca,Jennifer,Braden,2384 Southern Avenue,Saint Charles,MO,63301,Visa,4556108746288423,358,11/2017
Diente,DavidMSteinke@mailinator.com,loRaen8ga,David,Steinke,2539 Prospect Street,Camden,NJ,08102,Visa,4916606157603761,818,12/2014
Youllot1980,RusselAMatthews@spambob.com,uX6so1soon,Russel,Matthews,2443 Jerry Dove Drive,Johnsonville,SC,29555,Visa,4539031217992806,839,1/2016
Ould1942,PatriciaNHenderson@dodgit.com,Piez8ou0,Patricia,Henderson,2579 Jehovah Drive,Roanoke,VA,24012,Visa,4916477586694650,633,5/2015
Hought,LouisCWoods@dodgit.com,uka2eeC4c,Louis,Woods,2179 Wines Lane,Houston,TX,77032,Visa,4532387667726152,037,8/2014
Actereptur49,JuneHReid@trashymail.com,aechuezei0T,June,Reid,4533 Bryan Avenue,Stillwater,MN,55082,MasterCard,5171472438129531,827,9/2016
Braing32,MeaganRWingler@pookmail.com,oho4quaeBei,Meagan,Wingler,2849 Red Maple Drive,Hollywood,CA,90028,Visa,4532609983211936,232,9/2014
Coudes,MargueriteAMcBride@mailinator.com,Fegeiw2im,Marguerite,McBride,4053 Coolidge Street,Whitefish,MT,59937,MasterCard,5296016991659630,583,11/2017
Hiphar,NancyAOrourke@pookmail.com,Phex0oonguu,Nancy,Orourke,1686 Snyder Avenue,Charlotte,NC,28208,MasterCard,5465741405152758,187,9/2017
Awareed,TysonSKoehler@dodgit.com,ahqua7AePh,Tyson,Koehler,1006 Drainer Avenue,Alford,FL,32420,MasterCard,5460449209805051,277,10/2014
Foreseenothe1980,PierreMOConnor@mailinator.com,ivah8eax7Ah,Pierre,O'Connor,4477 Saint Francis Way,Warminster,PA,18974,Visa,4929751436379943,270,11/2015
Hicippoin,ShaneMPark@trashymail.com,laiyi5Ooc,Shane,Park,590 Oak Avenue,Deerfield,IL,60015,Visa,4539559148580464,385,7/2017
Johor1944,MelindaBMcIntire@dodgit.com,shiepiW6ooh,Melinda,McIntire,2737 Science Center Drive,Bancroft,ID,83217,Visa,4532932809450623,715,7/2014
Dess1938,PatriciaDZhang@dodgit.com,shie3Ooh7,Patricia,Zhang,4569 Highland View Drive,Roseville,CA,95661,MasterCard,5118746082961273,172,7/2015
Wherinew,LewisPLutz@trashymail.com,OoBe4naif6,Lewis,Lutz,4142 Carson Street,Winchester,KY,40391,Visa,4539668135763908,034,12/2013
Opetchas,RobertMAvent@mailinator.com,hoe0Booshie,Robert,Avent,1365 Friendship Lane,Sunnyvale,CA,94086,Visa,4916040235126803,083,6/2015
Agavery,LeeMPerry@mailinator.com,iu9phieThiv,Lee,Perry,207 Jerry Toth Drive,Edna Bay,AK,99901,Visa,4539624419539597,638,1/2015
Coly1958,ShawnDBillings@dodgit.com,ki6uh9Axohd,Shawn,Billings,4149 Oakdale Avenue,Clearwater,FL,34621,Visa,4539236579403942,494,2/2017
Ockenshis,GailCBerry@spambob.com,iequaep0Oo,Gail,Berry,4675 Collins Street,Tampa,FL,33619,Visa,4916080719321090,121,8/2017
Riewhicur,HaroldJSmith@spambob.com,Shoo9ulo3iu,Harold,Smith,4088 Southern Avenue,Leon,IA,50144,MasterCard,5171310343695156,046,10/2013
Dombef1943,MariaORasmussen@mailinator.com,faemaiF6ohng,Maria,Rasmussen,3298 Cityview Drive,Chester,PA,19013,MasterCard,5142818137884014,007,8/2017
Acese1973,GaryBBailey@pookmail.com,Gie9ugo9A,Gary,Bailey,1898 Twin Oaks Drive,Kentwood,MI,49512,MasterCard,5499367167125145,082,5/2017
Cometwou,ChristinaWLong@dodgit.com,iogaiboeM5,Christina,Long,3985 Highland View Drive,Sacramento,CA,95814,Visa,4556812421801422,430,8/2015
Fortionle,EdwardEByington@spambob.com,ahGhuo8koh,Edward,Byington,2493 Hillview Drive,Oakland,CA,94612,Visa,4929916727237007,359,7/2013
Fress1960,RichardWMiller@pookmail.com,iojeiShof0ai,Richard,Miller,4080 Virgil Street,Tallahassee,FL,32303,Visa,4556986480157866,352,11/2017
Loplaus,MichaelPKerrick@trashymail.com,juBohd4m,Michael,Kerrick,3416 Elmwood Avenue,Scottsdale,AZ,85253,Visa,4716498919472657,074,3/2016
Tiournind,ChristineCMcFarland@dodgit.com,Yooqu5oopu4,Christine,McFarland,4682 Winding Way,West Warwick,RI,02893,MasterCard,5442652227193268,693,11/2015
Hoready,FloydMSaxton@mailinator.com,tha4ESh6ei,Floyd,Saxton,3178 Mount Olive Road,Atlanta,GA,30303,MasterCard,5308387097467996,903,2/2016
Ordear,DonnaRMessenger@spambob.com,yei2ash8X,Donna,Messenger,464 Hillside Street,Phoenix,AZ,85034,MasterCard,5238756121667588,135,12/2016
Antra1975,SusieGMurillo@spambob.com,rah1auDo7,Susie,Murillo,4906 Creekside Lane,Ventura,CA,93004,MasterCard,5439498180983401,948,1/2016
Groply,RebeccaDChilson@mailinator.com,Eewieph0ohth,Rebecca,Chilson,2874 Huntz Lane,Marlboro,MA,01752,MasterCard,5257270377818438,996,10/2016
Frouren,PaulAHogan@dodgit.com,Poocah3iu2,Paul,Hogan,3541 Heavner Court,New Hyde Park,NY,11042,MasterCard,5276502676033963,935,11/2016
Hily1933,DavidHVeloz@mailinator.com,uuw4ohVoh,David,Veloz,1648 Pleasant Hill Road,Belle Glade,FL,33430,MasterCard,5461632114360549,787,12/2013
Shatelfuld,JoetteRGarcia@spambob.com,zaejeeju3J,Joette,Garcia,505 McKinley Avenue,Longmont,CO,80501,MasterCard,5218243856052116,726,4/2017
Haddly,ShannonFNewport@spambob.com,aiH4wiehid,Shannon,Newport,3181 Arlington Avenue,Pine Bluff,AR,71601,Visa,4539680815648564,761,7/2013
Shome1993,LisaJDuckett@mailinator.com,Gihiezoh6I,Lisa,Duckett,3968 Woodland Drive,Sioux City,IA,57106,MasterCard,5159163323782304,260,10/2013
Sweeprive,LeonardoLSteed@pookmail.com,leeZ2athaeZ,Leonardo,Steed,4270 Cemetery Street,Salinas,CA,93901,Visa,4532508162538343,119,1/2013
Gant1969,ArleneAMartinez@dodgit.com,ta7Ea8loh,Arlene,Martinez,4998 Meadowbrook Mall Road,Culver City,CA,90232,MasterCard,5253963011575877,295,1/2015
Donexer,JonathanMFisher@mailinator.com,Po2xeh0O,Jonathan,Fisher,3190 Dogwood Road,Phoenix,AZ,85034,Visa,4539580073416789,054,6/2015
Hicut1974,EvalynPSwain@dodgit.com,youk5eeSh2ph,Evalyn,Swain,2132 Meadow Drive,Earlsboro,OK,74840,MasterCard,5470868982190514,306,4/2015
Hilin1938,BrendaRWashington@pookmail.com,ladaiNe0ood,Brenda,Washington,2099 Mulberry Lane,Fort Lauderdale,FL,33301,MasterCard,5484465386420532,237,1/2013
Whimper,MaryJGonzales@pookmail.com,Iocoh8He,Mary,Gonzales,1803 Pointe Lane,Pompano Beach,FL,33060,MasterCard,5191567342486004,713,4/2016
Fromed,DorisFBailey@dodgit.com,Ji2Guathu,Doris,Bailey,4898 Sunny Day Drive,Westminster,CA,92683,MasterCard,5513496749195177,427,5/2016
Anabrons,ThelmaWMelvin@dodgit.com,Ewee1aJai,Thelma,Melvin,3635 Ashcraft Court,La Mesa,CA,91941,Visa,4716238566690270,595,8/2016
Proutiting,PatriciaMAllard@mailinator.com,eiv8AeW1ie,Patricia,Allard,4035 Willow Oaks Lane,Lafayette,LA,70506,MasterCard,5550366918581784,341,2/2017
Spons1985,MarkSWilson@dodgit.com,AhV4Zae1ou9,Mark,Wilson,3023 Pinchelone Street,Virginia Beach,VA,23464,MasterCard,5118366120939247,980,3/2014
Somorfuld,RebeccaJSheets@dodgit.com,ahr7Othu7ai,Rebecca,Sheets,1163 Fleming Street,Montgomery,AL,36104,MasterCard,5480701590579125,930,7/2013
Fromeflow,ValarieEWinchell@trashymail.com,ieXaeka2,Valarie,Winchell,1277 Pinnickinnick Street,Teterboro,NJ,07608,MasterCard,5169831260658566,798,8/2014
Infouslem,PaulaBWarner@dodgit.com,iewi6Oofu,Paula,Warner,67 Woodrow Way,Houston,TX,77006,MasterCard,5155479971079049,252,11/2015
Tallip,LoriDTiffany@pookmail.com,ahCheiqu4,Lori,Tiffany,1486 Eagle Street,Centralia,IL,62801,MasterCard,5414048813609870,624,4/2014
Anturt,EmmaBSolis@trashymail.com,ue2cheeNgai,Emma,Solis,2294 Poplar Lane,Ft Lauderdale,FL,33311,Visa,4716682861377945,854,11/2015
Boarra,TraceyFOwens@trashymail.com,IeQuiphee2,Tracey,Owens,3317 Lynn Avenue,Houlton,WI,55082,MasterCard,5117106736007224,396,2/2017
Houst1965,JudithSCampos@spambob.com,Oozeich9oim,Judith,Campos,1675 Rosemont Avenue,Melbourne,FL,32901,MasterCard,5438416898199202,035,11/2015
Morgivy,DavidIDavis@mailinator.com,ouw4kiu8Xu,David,Davis,2047 Amethyst Drive,Lansing,MI,48933,Visa,4916715802935492,293,5/2015
Eaceforehis,BenRMcMillin@dodgit.com,Thei3eel2cei,Ben,McMillin,4109 Hartland Avenue,Appleton,WI,54913,Visa,4916166853256000,265,10/2014
Nowbout,JamesDRoach@spambob.com,Nohk2Eigh,James,Roach,1815 Saint Marys Avenue,Liverpool,NY,13088,MasterCard,5224434341644680,803,3/2013
Tross1993,WarrenNHenderson@spambob.com,Yoo5nae7qu,Warren,Henderson,1126 Church Street,Jamaica,NY,11432,MasterCard,5262657064046542,265,3/2013
Joyalmak,JoyceWBrown@dodgit.com,Ijohv9ohk6p,Joyce,Brown,2498 Hayhurst Lane,Southfield,MI,48075,Visa,4539369919712555,883,1/2013
Criall,MichaelCSmith@mailinator.com,zohRue7ei,Michael,Smith,3852 Chandler Hollow Road,Pittsburgh,PA,15201,MasterCard,5234413572645531,908,2/2015
Hatery,ConnieDGonzales@spambob.com,que0aeYee,Connie,Gonzales,3982 Roguski Road,Grambling,LA,71245,MasterCard,5431531680558121,357,4/2017
Droseen,JulieJLewis@pookmail.com,WeeGh2Go,Julie,Lewis,3245 Clement Street,Atlanta,GA,30303,MasterCard,5510459443127089,510,8/2014
Expeat66,MargieLMarsh@trashymail.com,ahRei2eGee1,Margie,Marsh,4297 Crowfield Road,Phoenix,AZ,85034,Visa,4532109507691143,859,10/2015
Prilifigh,ColinDSilverstein@spambob.com,eiC7hooQu1p,Colin,Silverstein,2306 Renwick Drive,Philadelphia,PA,19108,MasterCard,5573995470254399,517,9/2017
Knotargeed,JayRWheeler@pookmail.com,buap5iD1o,Jay,Wheeler,183 Willis Avenue,Jacksonville,FL,32257,MasterCard,5215651610180127,454,5/2016
Cornind,AprilGAho@spambob.com,ahD5Beivoo,April,Aho,2388 Wood Street,Saint Johns,MI,48879,Visa,4532078562882683,788,10/2017
Granties78,PearlRTurner@mailinator.com,Onaa7Aex7,Pearl,Turner,2284 Rosewood Lane,New York,NY,10004,MasterCard,5373432474762732,505,8/2016
Butiou,DavidLCarson@dodgit.com,oo8Eitho9,David,Carson,1522 Nuzum Court,Buffalo,NY,14202,Visa,4485832604106544,335,2/2016
Courry,StevenMRobinson@mailinator.com,uBahH4xai,Steven,Robinson,4507 Bingamon Road,Brecksville,OH,44141,Visa,4929590493721229,663,9/2017
Dret1971,WayneDSmith@mailinator.com,aeng3eep1Ai,Wayne,Smith,1874 Kembery Drive,Chicago,IL,60605,Visa,4716941301488310,449,4/2015
Witairsturs,ClarenceBWhite@dodgit.com,ezi5aiZ0xae,Clarence,White,843 Cemetery Street,Salinas,CA,93901,Visa,4716054744488259,703,2/2013
Goor1975,LisaEVelez@spambob.com,eng7Dahr6u,Lisa,Velez,4118 Newton Street,Sullivan Lake,MN,56345,Visa,4916102117864917,079,5/2017
Elvinew,JosePBlack@trashymail.com,Yai2ahsat5T,Jose,Black,4826 Hanifan Lane,Roswell,GA,30076,Visa,4716757274236654,120,5/2014
