Username,EmailAddress,Password,GivenName,Surname,StreetAddress,City,State,ZipCode,CCType,CCNumber,CVV2,CCExpires
Mathervenrat,LanceRForman@trashymail.com,Aew6iith,Lance,Forman,1497 Carolina Avenue,Grand Junction,CO,81501,MasterCard,5160875777063454,457,8/2013
Downew64,TracyFAlatorre@dodgit.com,Quoh3aaY5oo,Tracy,Alatorre,3280 Better Street,Leavenworth,KS,66048,Visa,4485435875456372,046,12/2017
Trucce,ShirleyCRoderick@pookmail.com,pua6Ro7ue3ee,Shirley,Roderick,2605 Summit Park Avenue,Plymouth,MI,48170,Visa,4916241751959920,469,10/2017
Hustiought,JulieJFlanigan@dodgit.com,ahShe9ahqu,Julie,Flanigan,298 Bruce Street,Hazelwood,MO,63042,MasterCard,5416510809063410,204,8/2013
Refereall,DonaldSRichardson@mailinator.com,oiZ7chaDohs,Donald,Richardson,3790 Mulberry Street,Houston,TX,77006,Visa,4485186293719491,108,4/2017
Takintime61,GaryDDaugherty@dodgit.com,hahVeugh8,Gary,Daugherty,3266 Graystone Lakes,Macon,GA,31201,Visa,4716742006197994,878,6/2015
Vister,JimBHale@trashymail.com,aeQu5aala5ph,Jim,Hale,4482 Sigley Road,Lenora,KS,67645,Visa,4532461841564340,204,6/2017
Neverfunuty,WilliamRWilliams@mailinator.com,Eh2ay3Mai5,William,Williams,2871 Kovar Road,Foxborough,MA,02035,Visa,4929968459385447,230,11/2015
Thied1934,ReneeCButler@pookmail.com,moh9thieZ,Renee,Butler,2451 Hidden Meadow Drive,Wilton,ND,58579,Visa,4539462532273780,162,6/2017
Thisought,MichaelBApel@spambob.com,ooye0Goi,Michael,Apel,3204 Front Street,Southfield,MI,48075,MasterCard,5398825527964521,154,9/2016
Prected,AdaWBrown@mailinator.com,ahtai5ahf3Oo,Ada,Brown,4056 Twin House Lane,Springfield,MO,65806,Visa,4556085514273086,306,10/2015
Annot1952,JenniferJTrafton@mailinator.com,Kee1choik6ee,Jennifer,Trafton,4946 Hickory Lane,Washington,DC,20200,Visa,4556834317869255,855,5/2014
Girese,ArthurSHudgins@mailinator.com,raing4Eesoh,Arthur,Hudgins,3991 Khale Street,Florence,SC,29501,MasterCard,5501270529438782,941,12/2013
Pocces,TracyMCouture@trashymail.com,iej5iet6Sh,Tracy,Couture,1628 Roosevelt Road,Saffordville,KS,66869,MasterCard,5542693844200820,171,10/2014
Aftell51,TracyKAddy@spambob.com,Ieghoo8Th,Tracy,Addy,894 Stout Street,Lancaster,PA,17602,MasterCard,5171777494557544,559,5/2016
Vencer,DonaldVBrandon@pookmail.com,ixa4eeZaewie,Donald,Brandon,3476 Jim Rosa Lane,San Francisco,CA,94115,Visa,4716735979300181,844,2/2014
Molithery,SamuelMThomas@mailinator.com,Kobahquiiw0,Samuel,Thomas,2527 Doe Meadow Drive,Silver Spring,MD,20910,Visa,4556666909891127,624,10/2015
Barthat,OpheliaJMetz@dodgit.com,aw3veiYie,Ophelia,Metz,3765 Woodland Terrace,Sacramento,CA,95821,Visa,4916740192642664,451,1/2016
Hustoon31,RebeccaCShelley@dodgit.com,vaiSi2ahphee,Rebecca,Shelley,4378 Preston Street,Parsons,KS,67357,Visa,4929503276220871,698,7/2015
Ourch1973,LloydVThomas@trashymail.com,oos1ieG5cai,Lloyd,Thomas,2208 Longview Avenue,New York,NY,10011,MasterCard,5472072180593557,326,7/2014
Theness82,JimDWilliamson@pookmail.com,eeTie6ho9Zoo,Jim,Williamson,4903 Mercer Street,Springstead,WI,54552,MasterCard,5268919843227247,242,9/2014
Getch1947,ShirleyWDillon@pookmail.com,AGe0pueP,Shirley,Dillon,3105 Green Hill Road,Farmington,AR,72730,MasterCard,5536545229075854,720,8/2017
Catelleaden,DiedreBChambers@pookmail.com,voo7gaiN4ai,Diedre,Chambers,3238 Kyle Street,Bayard,NE,69334,Visa,4916963709434660,622,8/2014
Intoommand1990,WarnerTCilley@mailinator.com,peib0jahp8U,Warner,Cilley,3451 Frederick Street,El Paso,TX,79938,Visa,4556091946408803,054,6/2017
Watens66,NancyCMulcahy@spambob.com,Ahh5ohj2do,Nancy,Mulcahy,1020 Nixon Avenue,Knoxville,TN,37917,Visa,4485526741334205,735,9/2015
Feenincese1929,JenniferCShipman@dodgit.com,ian6teiWu8,Jennifer,Shipman,3627 Rardin Drive,Santa Clara,CA,95050,Visa,4929433736521348,807,9/2016
Morsitens,RoyOKeefe@spambob.com,Anoo5ieGh,Roy,Keefe,4886 Gateway Avenue,Bakersfield,CA,92802,MasterCard,5412535422883583,156,11/2015
Pareiguent,RayBHarper@spambob.com,Koo0ievah,Ray,Harper,1559 Geneva Street,Brooklyn,NY,11206,Visa,4916258301933676,755,12/2014
Grart1960,ManuelDCline@spambob.com,xu2ingae9Wee,Manuel,Cline,1052 Sigley Road,Hays,KS,67601,MasterCard,5540010874970648,499,4/2014
Mempity,RaymondJLima@trashymail.com,ThohgahGi1r,Raymond,Lima,3242 Wexford Way,Rock Hill,SC,29730,MasterCard,5485796457576755,113,11/2015
Junter,TiffanyRMacleod@trashymail.com,afahv6ooPu2,Tiffany,Macleod,4204 Small Street,New York,NY,10016,Visa,4485466376642889,607,10/2014
Abour1952,RichardMJefferson@pookmail.com,Gee7aighu,Richard,Jefferson,611 Simpson Avenue,Middletown,PA,17057,Visa,4929517928454852,317,8/2013
Thoub1955,VanessaVCooper@pookmail.com,Yo3Ii4dah,Vanessa,Cooper,4078 Pinnickinick Street,Gardiner,WA,98334,Visa,4916914601642587,829,7/2014
Wassfy,TawnyAHovey@dodgit.com,iHaeT5eequ,Tawny,Hovey,3470 Gladwell Street,Dallas,TX,75247,MasterCard,5436936530906765,560,5/2014
Hadoessing82,DavidRKellett@trashymail.com,uQuoh5Feiguo,David,Kellett,1924 Ashmor Drive,Duluth,MN,55802,Visa,4532714480786982,673,11/2017
Regray,LauraMLugo@dodgit.com,idoot2Gaev,Laura,Lugo,3851 Tanglewood Road,Indianola,MS,38751,MasterCard,5167842145215185,344,11/2015
Trus1947,ShaneMWiley@spambob.com,eiY9oowoob9,Shane,Wiley,3841 Goldleaf Lane,Union City,NJ,07087,MasterCard,5138308008036940,190,7/2013
Giviss,LeonaDSturdevant@trashymail.com,aek8EK3Oo,Leona,Sturdevant,4512 Southern Street,New York,NY,10011,Visa,4532161124512491,009,3/2013
Yespire,AmandaDFernandez@mailinator.com,ov1weiVoya,Amanda,Fernandez,4890 Water Street,Concord,CA,94520,Visa,4532589111170925,786,10/2017
Eattelf,KatrinaBMickelson@spambob.com,aqu5ho8ziN,Katrina,Mickelson,2276 Lake Floyd Circle,Hyattsville,MD,20781,Visa,4532827476487470,975,4/2017
Eredis,JeanneJMcCord@dodgit.com,yaiJ1joh,Jeanne,McCord,3362 Worley Avenue,Gladys,VA,24554,MasterCard,5116914371402522,813,6/2014
Upond1956,RonaldCCoats@pookmail.com,Ba9ILaith,Ronald,Coats,2725 Richards Avenue,Stockton,CA,95204,Visa,4916099512868404,851,12/2014
Whous1927,GraceJBooe@trashymail.com,Oquee3uurai,Grace,Booe,4995 Cemetery Street,Salinas,CA,93901,Visa,4716471247240260,638,8/2015
Fittiong,WilliamDCarson@mailinator.com,gi2chaaSie,William,Carson,3131 Sigley Road,Perry,KS,66073,Visa,4539440466668845,804,1	/2014
Foreply,StevenPBrady@trashymail.com,saes7Oolah,Steven,Brady,1801 Green Avenue,Fremont,CA,94536,Visa,4556562865938996,686,1/2013
Histict,JohnZMcKean@trashymail.com,hahyu1Aeyahqu,John,McKean,2983 Larry Street,Milwaukee,WI,53216,MasterCard,5501535569660564,042,7/2017
Thervaight,SusanDJohnson@dodgit.com,iech7Einga,Susan,Johnson,397 Lakeland Park Drive,Roswell,GA,30075,MasterCard,5561721000150277,892,1/2016
Mility,EricJSmith@trashymail.com,Shoo8GeeKii,Eric,Smith,552 Lynn Avenue,Barron,WI,54812,Visa,4532453124324559,937,2/2017
Twens1975,GailBShires@dodgit.com,uuchoom2Huj,Gail,Shires,3429 Abia Martin Drive,Ocean Beach,NY,11770,MasterCard,5478139179765621,947,12/2016
Finied,CeciliaTPenwell@spambob.com,Ohsae8Yaisei,Cecilia,Penwell,4455 Kennedy Court,Worcester,MA,01608,Visa,4485230912473542,577,5/2015
Thereptaboy,JacquelynnMHawks@dodgit.com,ohbohH4Oo,Jacquelynn,Hawks,588 New York Avenue,Fort Worth,TX,76110,Visa,4485548727846952,043,12/2017
Leopull,MatthewGGonzalez@mailinator.com,pieWeikah0,Matthew,Gonzalez,1159 Coal Street,State College,PA,16803,Visa,4929817623798946,751,5/2017
Lexiskings1973,ArturoMRainville@trashymail.com,ahWae5Veeph,Arturo,Rainville,4812 Broad Street,Birmingham,AL,35222,Visa,4532195952587746,625,9/2017
Boise1962,AdamCAnderson@spambob.com,oophooPhae9,Adam,Anderson,3308 Edgewood Road,Memphis,TN,38115,MasterCard,5418466875891515,861,1/2015
Cousk1947,ChristopherDBeam@mailinator.com,Weghoo7ee,Christopher,Beam,4470 Kembery Drive,Kaneville,IL,60144,MasterCard,5315771605991913,080,7/2016
Composidand,AndrewTLux@spambob.com,xomiN6eeloh,Andrew,Lux,2946 Birch Street,Noblesville,IN,46060,Visa,4916938784866150,498,10/2016
Oformetake56,AdelaEPayne@pookmail.com,Eito2caib,Adela,Payne,4402 Bridge Street,Tulsa,OK,74120,MasterCard,5257627343112883,824,3/2016
Teuttlying,JorgePMcLean@pookmail.com,oRai2gao3f,Jorge,McLean,3036 Private Lane,Camilla,GA,31730,Visa,4556413033536116,462,11/2015
Deagrack,BrendaCKnight@spambob.com,Xox3aish3l,Brenda,Knight,2528 Bagwell Avenue,Ocala,FL,34471,Visa,4532726717698392,057,10/2013
Portle,ChadIMiller@mailinator.com,ood2Sebaid,Chad,Miller,2594 Crummit Lane,Providence,RI,02905,MasterCard,5144411194576133,903,7/2015
Rety1974,SharonADodson@mailinator.com,Xei5jaimae,Sharon,Dodson,4186 Callison Lane,Wilmington,DE,19801,MasterCard,5371847998160133,863,4/2015
Owers1981,ManuelMNixon@spambob.com,vaixaiVi7sh,Manuel,Nixon,2023 Columbia Mine Road,Huntington,WV,25705,MasterCard,5416545429999346,594,2/2015
Miselly,BelindaGCoppedge@dodgit.com,oj3Ree4eeM,Belinda,Coppedge,1502 Melm Street,East Providence,RI,02914,MasterCard,5446382787693509,369,1/2016
Fartarly,HowardHEllis@dodgit.com,zu7Fuosae,Howard,Ellis,3916 Tenmile,Virginia Beach,VA,23464,MasterCard,5135589757981476,988,9/2014
Bessing41,MariettaMClay@mailinator.com,gah6TuoyeSie,Marietta,Clay,2350 Rafe Lane,Jackson,MS,39211,MasterCard,5297817650003021,116,7/2017
Ultay1993,DianneTHutsell@mailinator.com,uuP0pieshee,Dianne,Hutsell,549 Raintree Boulevard,Richmond,IN,47374,Visa,4916342542120002,132,8/2014
Nowelir,NgaDKelly@pookmail.com,Oochooth7,Nga,Kelly,3885 Washington Street,Corpus Christi,TX,78476,Visa,4916810852013538,867,9/2014
Ovely1950,AntoinetteMWebster@spambob.com,wa7Soo1ee,Antoinette,Webster,465 Charter Street,Olathe,KS,66061,Visa,4929298423683333,785,2/2015
Caus1993,MichelleRRolon@spambob.com,Sao6oowoo6,Michelle,Rolon,1825 Berry Street,Colorado Springs,CO,80918,Visa,4716227885154241,016,10/2013
Cothast,JoshuaVHansen@trashymail.com,Ohri0ree,Joshua,Hansen,1706 Ocala Street,Orlando,FL,32801,MasterCard,5180209936563665,208,5/2014
Youbtlears,LauraJBork@spambob.com,eaph9Phiev,Laura,Bork,548 Rainbow Drive,Hudson,OH,44236,MasterCard,5316976563318392,710,1/2014
Forese1981,JamesJBryant@trashymail.com,Seki6joh7e,James,Bryant,3600 State Street,Detroit,MI,48226,Visa,4929085234332873,828,3/2016
Plarome53,BobbySMcCarthy@mailinator.com,Zeid9eejie,Bobby,McCarthy,3341 Pheasant Ridge Road,Philadelphia,PA,19108,MasterCard,5590368758715540,806,10/2017
Himen1977,MichaelRHutton@dodgit.com,Shaa6EeGhuo,Michael,Hutton,905 Flint Street,Winder,GA,30680,Visa,4539651436952230,756,3/2014
Samemaidese,AlexanderLGriffith@spambob.com,thooL1sh,Alexander,Griffith,3282 Scenicview Drive,Midland,TX,79701,Visa,4716273777999129,831,10/2017
Expont,ValerieJLittle@dodgit.com,AiR6su4ei,Valerie,Little,1045 May Street,Lexington,KY,40505,MasterCard,5341536326742236,529,12/2014
Amithe,DwayneMLafleur@mailinator.com,soh1Weiyoo,Dwayne,Lafleur,1401 Rosemont Avenue,Melbourne,FL,32901,MasterCard,5213768597435035,277,8/2015
Whimenturn,WilliamRAnderson@dodgit.com,yaemae5ahJo,William,Anderson,2473 Mapleview Drive,Tarpon Springs,FL,34689,MasterCard,5145340069498058,649,2/2015
Sney1938,JohnEBrown@mailinator.com,xei4veeQu,John,Brown,1252 Maxwell Farm Road,Harrisonburg,VA,22801,Visa,4485043310474560,845,5/2017
Maystionite,VirgilACook@dodgit.com,ceiRee0Qu,Virgil,Cook,2034 Asylum Avenue,Stamford,CT,06902,Visa,4539447525856261,467,10/2015
Luch1959,ChristianVDews@mailinator.com,aeK0uo9ChaiF0,Christian,Dews,3968 Allison Avenue,Richmond,VA,23219,MasterCard,5227296964341424,166,9/2013
Wornat,JefferyKHudson@dodgit.com,Noohoo1Do,Jeffery,Hudson,1053 Nutters Barn Lane,Luverne,IA,50560,MasterCard,5530354916974024,157,3/2014
Crustagand1963,WandaBHolmes@trashymail.com,Itut8bahx,Wanda,Holmes,2455 Stroop Hill Road,Duluth,GA,30097,Visa,4556827774545483,002,2/2014
Serthe,ChadSGilham@dodgit.com,ka7aeneeB2,Chad,Gilham,4808 Oral Lake Road,Minneapolis,MN,55401,MasterCard,5407864561108132,507,2/2013
Realst,BettinaCAnderson@spambob.com,ohT4ceegh,Bettina,Anderson,602 Beech Street,Oakland,CA,94612,MasterCard,5583351940242838,413,11/2017
Cive1939,MikeRDunlap@trashymail.com,ZeuG8qua0v,Mike,Dunlap,3488 Simpson Street,Bloomington,IL,61701,Visa,4485656191078547,923,3/2016
Tivimadaim,PatriciaLMohr@trashymail.com,EeJ2ongi,Patricia,Mohr,4782 Cherry Tree Drive,Jacksonville,FL,32204,Visa,4485492624090226,620,12/2016
Wating1986,WandaSPresley@pookmail.com,Jiekiengea8,Wanda,Presley,3959 Sumner Street,Riverside,CA,92507,MasterCard,5358519459933228,784,6/2015
Ressen,AndresASimpson@pookmail.com,Ahkiox0kah,Andres,Simpson,1651 Columbia Road,Georgetown,DE,19947,Visa,4929681873926460,655,12/2016
Slieventes,BarbaraJLong@trashymail.com,Keiy5AiGhak,Barbara,Long,4199 Nash Street,Chicago,IL,60605,Visa,4929349190864604,400,11/2015
Butted,ChristopherPHarris@spambob.com,haiYi3ee,Christopher,Harris,4267 Late Avenue,Quinlan,OK,73854,Visa,4539288931684925,055,9/2014
Himusince,DanielEChappell@pookmail.com,ziey5guo9Ve,Daniel,Chappell,3786 Charmaine Lane,Lubbock,TX,79410,Visa,4556759183945733,094,7/2015
Hisfy1967,JerryRTurner@trashymail.com,Ae8aiw8iGhui,Jerry,Turner,3168 Valley View Drive,Waltham,MA,02154,MasterCard,5527285463679589,040,6/2013
Prong1937,PeterVHonig@trashymail.com,GoqueePh5jie,Peter,Honig,4257 Meadow Drive,Livingston,MT,59047,MasterCard,5578507462165023,393,7/2017
Sationg,MaudeRCastro@mailinator.com,Eibei3oo,Maude,Castro,595 Kidd Avenue,Eagle River,AK,99577,Visa,4485942931313463,460,4/2015
Hichat,NoelleJDouglas@mailinator.com,oJa3peihi,Noelle,Douglas,1501 Dog Hill Lane,Hays,KS,67601,Visa,4556684086585925,523,4/2014
Tameat1968,RoseWBieker@trashymail.com,efaeza5caoJ,Rose,Bieker,1139 Denver Avenue,Los Angeles,CA,90017,MasterCard,5288692279584268,960,7/2016
Yeand1992,WillieMNobles@trashymail.com,bo8La6igahm,Willie,Nobles,4375 Stratford Court,Oxford,NC,27565,MasterCard,5404415923305305,271,12/2017
Hatioul1980,LesterBGreenberg@spambob.com,cheW4ohbeel,Lester,Greenberg,3497 Orphan Road,Milwaukee,WI,53213,Visa,4929940418945322,416,8/2015
Cappasay,TimothyMRodriquez@pookmail.com,cee0Ho4mai,Timothy,Rodriquez,3610 Lodgeville Road,Minneapolis,MN,55401,Visa,4716446195326188,818,3/2013
Misfort,AngelaJCustodio@mailinator.com,aiHieshia8z,Angela,Custodio,4957 Matthews Street,Plainfield,IL,60544,Visa,4539041069827562,984,3/2013
Shentaked,EllaJBrennan@dodgit.com,mauTahzieC4,Ella,Brennan,2153 Daffodil Lane,Herndon,VA,20170,MasterCard,5166413127599938,229,2/2016
Pontme,MaeZJeffries@dodgit.com,Lah9ko1ohL6,Mae,Jeffries,704 Pringle Drive,Chicago,IL,60605,Visa,4929772526827146,552,12/2015
Theirignishe,JimmySRyan@mailinator.com,Kiel8ahRai,Jimmy,Ryan,2808 Shadowmar Drive,Kenner,LA,70062,Visa,4539637169031011,114,4/2014
Walathever,KarenAWilliams@pookmail.com,lei8Xaer9Eesh,Karen,Williams,4236 Granville Lane,Passaic,NJ,07055,Visa,4916540908671183,810,3/2016
Detur1928,PaulAGutierrez@mailinator.com,ikoo9AeK8,Paul,Gutierrez,1507 Rose Street,Sonoma,CA,95476,MasterCard,5348700661642863,617,12/2014
Subbeabts,JessieJBeatty@trashymail.com,xuc3uKeegh,Jessie,Beatty,2834 Jarvisville Road,Massapequa,NY,11758,MasterCard,5573600070871499,881,9/2016
Dieve1935,FlorenceDHawkins@spambob.com,saPeberie1oh,Florence,Hawkins,2452 Grant Street,Texarkana,TX,75501,Visa,4916382964752429,969,3/2016
Phounalkwo,JannMBrown@pookmail.com,Nohx0wohg,Jann,Brown,2687 Holly Street,Rome,GA,30161,Visa,4716159047459186,174,8/2013
Hinct1993,DebbieSCurtis@mailinator.com,ohG1ieKoShie,Debbie,Curtis,1022 Filbert Street,Harrisburg,PA,17109,Visa,4532611392565779,838,7/2017
Ponseety,AnneDBohman@spambob.com,Ieyiceize9,Anne,Bohman,2977 Ashton Lane,Austin,TX,78701,Visa,4916667025036832,143,2/2013
Liented60,CindyTHawkins@trashymail.com,aka3shaeKah,Cindy,Hawkins,4674 Tipple Road,Souderton,PA,18964,Visa,4532962102346327,419,10/2015
Sawley,ToddGWingler@spambob.com,aeme0Uyae,Todd,Wingler,411 Ashcraft Court,San Diego,CA,92103,Visa,4716391458551181,231,12/2013
Hisday1931,RalphRKemmer@trashymail.com,diNata1lu,Ralph,Kemmer,4307 Court Street,Olivette,MO,63132,MasterCard,5246115107091398,927,12/2015
Nexce1961,TammyPCarlin@pookmail.com,je8nee0Zoc,Tammy,Carlin,3166 Desert Broom Court,Newark,NJ,07102,MasterCard,5296911879254266,387,8/2017
Marght,BernardMHigginson@dodgit.com,Gaimei0m,Bernard,Higginson,3010 Cameron Road,Olean,NY,14760,MasterCard,5213763369091058,902,3/2017
Saidence81,MarieMBonner@spambob.com,maiFei6ooZah,Marie,Bonner,3919 Maple Lane,Huntsville,AL,35801,MasterCard,5142457414497073,220,2/2015
Yourrable,DorothyCWard@trashymail.com,Ohtez7Pu3,Dorothy,Ward,3495 Cooks Mine Road,Albuquerque,NM,87102,Visa,4485875952888122,216,12/2016
Saild1932,PatriciaAKeith@mailinator.com,mieZo3ouj,Patricia,Keith,1641 Bernardo Street,New Albany,IN,47150,Visa,4716721421658822,223,4/2013
Weer1989,AndrewMHelton@dodgit.com,aw1of2eB5ph,Andrew,Helton,709 Hinkle Lake Road,Boston,MA,02109,MasterCard,5284782091937812,151,8/2015
Goiderearsur,WinifredJBaer@dodgit.com,hoh6eePh0o,Winifred,Baer,4552 Virgil Street,Fort Walton Beach,FL,32548,Visa,4916030923198024,887,8/2013
Trepen,BrandonNMiller@trashymail.com,Veikie9gee,Brandon,Miller,2179 Pinnickinnick Street,Newark,NJ,07102,MasterCard,5415584303597471,383,8/2013
Hiseens1939,PatienceKHayes@trashymail.com,oosheeC8,Patience,Hayes,4054 Melm Street,Providence,RI,02906,MasterCard,5315746606962147,550,2/2014
Hishoss,SunDGeorge@dodgit.com,ho7bohN0,Sun,George,4050 Thunder Road,Palo Alto,CA,94306,MasterCard,5188195317404698,514,8/2015
Doperelpland,DeborahEStamp@dodgit.com,reep6EiP3a,Deborah,Stamp,502 Wyatt Street,Miami,FL,33128,MasterCard,5404011369595705,733,12/2013
Sping1948,SamuelNBasinger@trashymail.com,Sho9danai0,Samuel,Basinger,1004 Flanigan Oaks Drive,Patuxent Naval Air Test c,MD,20670,Visa,4532201247089025,503,8/2013
Ater1984,DeborahJGriffin@mailinator.com,faeroh7Paup,Deborah,Griffin,3794 Center Avenue,Fresno,CA,93721,Visa,4485527420574061,586,7/2016
Burminfely,RichardRPace@mailinator.com,oc2Wie6ien,Richard,Pace,99 Melville Street,Arlington,TN,38002,Visa,4716947376846084,601,7/2017
Cirmly,JuneJSorrells@mailinator.com,aiXoo2aep,June,Sorrells,4465 Arbor Court,Cheyenne,WY,82003,MasterCard,5293087088990348,806,4/2017
Acusid,GladysJQualls@spambob.com,Eng8oodee,Gladys,Qualls,2323 Keyser Ridge Road,Greensboro,NC,27407,MasterCard,5207569266525165,677,12/2015
Finever68,ThomasJFord@pookmail.com,Eco0Nae4ae,Thomas,Ford,3869 Beechwood Avenue,Plainfield,NJ,07060,MasterCard,5296179465190043,855,10/2016
Eniournis,WilliamJWallace@spambob.com,paxong4Za,William,Wallace,427 Roy Alley,Littleton,CO,80123,Visa,4532688905933504,356,2/2013
Tobile,PhillipLEvans@trashymail.com,Iuv9Iex9d,Phillip,Evans,4153 Emily Drive,Cameron,SC,29030,MasterCard,5447485956093952,404,9/2013
Suand1955,GloriaBHorn@spambob.com,poolaYo7aefi,Gloria,Horn,3951 Shobe Lane,Greeley,CO,80634,Visa,4556693431699042,850,10/2015
Thrintessets78,LauraDJohnson@pookmail.com,ce7aeDoh,Laura,Johnson,2499 Grasselli Street,Washington,NH,03280,MasterCard,5307116292723346,048,7/2014
Goiderearsur,MatthewJMattison@pookmail.com,aeJ4OozaiP,Matthew,Mattison,2158 Brannon Street,Los Angeles,CA,90017,Visa,4485873053112260,235,4/2017
Suind1945,EricaVCaudle@trashymail.com,Eegae9chae,Erica,Caudle,15 Harrison Street,San Francisco,CA,94143,Visa,4716602132666306,574,1/2016
Eale1973,IvanEPutnam@pookmail.com,ohS0shiec,Ivan,Putnam,925 Allison Avenue,Franklin,VA,23851,Visa,4556375596594792,484,10/2017
Promys,MayraONewman@dodgit.com,yo0sho1Oof,Mayra,Newman,1830 Oak Way,Blair,NE,68008,Visa,4916549131735145,306,5/2015
Begivaing,HaleyCStephenson@dodgit.com,ieJ8ohv5Oh,Haley,Stephenson,1608 Harper Street,Payneville,KY,40157,MasterCard,5236904007998477,559,12/2016
Beroplike,CarolinaHRowan@pookmail.com,ahCe3bach,Carolina,Rowan,4165 Kooter Lane,Concord,NC,28027,MasterCard,5384256934075121,274,10/2013
Rephrom,RandyCHooper@trashymail.com,queeFi6bah,Randy,Hooper,4103 Locust Court,Seal Beach,CA,90740,MasterCard,5489182664037962,428,8/2015
Priently,DanaeTVinci@mailinator.com,oogheGe1ae,Danae,Vinci,3758 Chapmans Lane,Albuquerque,NM,87102,Visa,4916601428124911,077,7/2015
Hationge,KennethRSchwartz@dodgit.com,Ai3ahNgei,Kenneth,Schwartz,2746 Red Dog Road,Charlotte,NC,28210,MasterCard,5346246418338092,785,2/2017
Eming1988,GradyJHoglund@dodgit.com,Sut7eiGo8,Grady,Hoglund,3333 Randolph Street,Dedham,MA,02026,Visa,4716826132081055,647,7/2014
Withereas,AndrewNPaine@pookmail.com,eo2Eili4ie,Andrew,Paine,1140 White Pine Lane,Leesburg,VA,22075,Visa,4716953357695102,350,4/2017
Hishat,ErikMMorena@dodgit.com,Coh2Jeicee,Erik,Morena,2471 Green Street,Nashville,TN,37027,MasterCard,5142686129600114,128,10/2013
Beetect,ClydeMGoldberg@dodgit.com,leeGohz7aa8,Clyde,Goldberg,430 Dola Mine Road,Raleigh,NC,27601,Visa,4716008452992191,833,6/2013
Tury1933,TianaWJohnson@spambob.com,uleequ9C,Tiana,Johnson,2581 Turkey Pen Lane,Montgomery,AL,36104,Visa,4716581144058886,435,9/2013
Gothemend,MelindaALee@pookmail.com,moiRa9aNg,Melinda,Lee,2529 Cecil Street,Buffalo Grove,IL,60089,Visa,4532863657633350,265,8/2016
Therec,AdamDAckerman@pookmail.com,eeYohV2l,Adam,Ackerman,942 Hummingbird Way,Garnett,KS,66032,Visa,4556796564050600,314,7/2016
Thistrus1963,JoeMAmundson@pookmail.com,lieNgae4,Joe,Amundson,3193 Blair Court,Warsaw,MO,65355,MasterCard,5220802595959935,579,5/2017
Therage,JamesLService@trashymail.com,yie3kooNeey,James,Service,4280 Mcwhorter Road,Greenwood,MS,38930,MasterCard,5466579527892789,594,4/2014
Afterely,AntonioBDeans@mailinator.com,ahTae3ahc,Antonio,Deans,3603 Pin Oak Drive,Cedar Rapids,IA,52401,Visa,4929372275660374,918,8/2013
Asen1949,KelseyJNewburn@spambob.com,ahb9eeHul,Kelsey,Newburn,1192 Frank Avenue,West Stockbridge,MA,01266,Visa,4556648616824179,988,6/2015
Panking1965,DavidEHarrison@spambob.com,quaet4joh5R,David,Harrison,3790 Petunia Way,Birmingham,AL,35209,MasterCard,5450858568101286,725,3/2015
Aver1945,HarryMRouse@dodgit.com,kaeSh9jae,Harry,Rouse,1965 Glenview Drive,Corpus Christi,TX,78401,MasterCard,5480024471433456,751,7/2016
Vinummanct,JackBNichols@mailinator.com,Aefahthoh1,Jack,Nichols,3806 Jarvis Street,Cheektowaga,NY,14227,MasterCard,5509044451428836,503,4/2016
Turest,DanielANiebuhr@pookmail.com,ooNg7quu,Daniel,Niebuhr,2416 Collins Street,Claysburg,PA,16625,MasterCard,5227849846242143,716,4/2017
Shignigho1935,FrankDDiaz@spambob.com,Cho5eegaetai,Frank,Diaz,2198 Kuhl Avenue,Atlanta,GA,30303,Visa,4539684861728312,953,5/2017
Canithencer,SuzanneWFreer@mailinator.com,reeng9uJai,Suzanne,Freer,4977 Dennison Street,Sonora,CA,95370,Visa,4556961581250084,192,11/2016
Hertake1987,ByronJMarquez@mailinator.com,EiT6nohghae,Byron,Marquez,4132 Blair Court,Warsaw,MO,65355,Visa,4929705293533273,082,3/2014
Thrupost,GeraldCGreenough@trashymail.com,Bahhaej7ee,Gerald,Greenough,486 Lake Floyd Circle,Washington,MD,20011,MasterCard,5265505108639615,376,4/2014
Tepen1973,KennethAWysocki@spambob.com,wa9uufohL,Kenneth,Wysocki,2516 Gorby Lane,Hattiesburg,MS,39402,MasterCard,5182073794069522,422,2/2017
Limsere,RichardJHusman@pookmail.com,zah3aiY0s,Richard,Husman,687 Veltri Drive,Soldotna,AK,99669,MasterCard,5502049900087247,216,8/2017
Thoing,RoyMCaraballo@pookmail.com,Zah0shuaLoo,Roy,Caraballo,1088 Kovar Road,Cambridge,MA,02141,MasterCard,5563925509987562,619,9/2013
Pasuded47,HaroldKRoy@mailinator.com,Loh7thooqu,Harold,Roy,2643 Pinewood Drive,Schaumburg,IL,60173,MasterCard,5535803375640422,979,6/2017
Incibes1981,RandyDSousa@trashymail.com,Aek0paingoh,Randy,Sousa,564 Elk Creek Road,Gainesville,GA,30501,MasterCard,5341302327662851,525,11/2013
Ablempling,RichardSGraves@dodgit.com,ahCh4ophee,Richard,Graves,2514 Lochmere Lane,Hartford,CT,06103,Visa,4532815531146181,486,12/2014
Heepromented1966,BryanATurpin@mailinator.com,ooY4maiS,Bryan,Turpin,3016 Ben Street,Lansing,MI,48933,MasterCard,5569724719455369,844,1/2015
Slingly,RobertLCharlton@trashymail.com,eiMeri5oht,Robert,Charlton,607 Gateway Avenue,Bakersfield,CA,93301,MasterCard,5356943990618621,605,4/2015
Thaton,PenelopeJMyers@pookmail.com,huChuHiedu3th,Penelope,Myers,1221 Sunny Glen Lane,Cleveland,OH,44115,MasterCard,5511782631676578,436,8/2015
Expriamere,AmyKLloyd@trashymail.com,Woh4eixeez,Amy,Lloyd,946 Wines Lane,Houston,TX,77040,MasterCard,5554070734102769,693,6/2017
Exonfixer,LouisMNear@mailinator.com,haiw2eaCh0j,Louis,Near,4731 Hoffman Avenue,New York,NY,10016,Visa,4556867108270218,723,6/2016
Honew1950,LaurieJJames@dodgit.com,aeneGhai0Ph,Laurie,James,934 Peck Court,Pomona,CA,91766,Visa,4532589130954770,411,8/2016
Forme1990,CarlHRose@pookmail.com,eekeigu1Loqu,Carl,Rose,805 Hidden Meadow Drive,Minot Air Force Base,ND,58701,MasterCard,5438504495949218,331,12/2017
Sweves1951,HoraceNFujita@dodgit.com,jouphah7Aeh,Horace,Fujita,2867 Massachusetts Avenue,Washington,DC,20020,MasterCard,5520187205957744,042,3/2015
Shought,NicholasJWagaman@spambob.com,xeiWiquee4ie,Nicholas,Wagaman,651 Kildeer Drive,Windsor,VA,23487,MasterCard,5382295089590627,865,10/2013
Hicippoin,PatriciaDEasterling@pookmail.com,ca9oop5uyiaY,Patricia,Easterling,1169 Broaddus Avenue,Bowling Green,KY,42101,MasterCard,5421245138501086,286,2/2013
Berneir,ChrisBHamilton@mailinator.com,oQu8aiVae,Chris,Hamilton,382 Lamberts Branch Road,Miami,FL,33128,Visa,4485452821416145,824,11/2015
Thruseell64,AlleneJBorger@spambob.com,Ahgh1Koozie,Allene,Borger,3830 Viking Drive,Mansfield,OH,44907,MasterCard,5502548083825802,411,1/2017
Plisfict,WillisBWasson@dodgit.com,Ogee7hah,Willis,Wasson,4983 Bubby Drive,Austin,TX,78756,MasterCard,5353564654214714,471,10/2015
Willearrimay,RonaldWDickson@pookmail.com,xie2Chohlaice,Ronald,Dickson,3646 Stockert Hollow Road,Bothell,WA,98011,Visa,4539380790313793,918,6/2017
Hativered32,TiffanyJBatista@pookmail.com,fee0iQuech,Tiffany,Batista,4067 Sarah Drive,Lafayette,LA,70501,Visa,4539793049693692,606,4/2014
Rieseenter,DavidLStark@pookmail.com,xiik5Iew5ae,David,Stark,4243 Hart Country Lane,Thomson,GA,30824,Visa,4929907443506403,938,12/2015
Uposened60,JohnAKenny@mailinator.com,Oi2iu3Ch,John,Kenny,1972 Upland Avenue,Mount Gilead,OH,43338,Visa,4539401395792114,118,10/2017
Theraideban1934,ShirleyEGarcia@trashymail.com,uMu5qua8a,Shirley,Garcia,760 Pine Street,Enon Valley,PA,16120,Visa,4485618201468209,806,9/2015
Etent1974,LouisKWright@spambob.com,fahy8Ceidoo,Louis,Wright,4773 Broadcast Drive,Chantilly,VA,22021,Visa,4532700700651056,315,1/2013
Goiderink1928,GaryAConway@dodgit.com,oowahghaY6n,Gary,Conway,2450 Birch  Street,El Paso,TX,79915,MasterCard,5441079448368878,119,5/2013
Ingless,PhilipKFifield@dodgit.com,fo9Eech3Eec,Philip,Fifield,828 Green Street,Smithville,TN,37166,MasterCard,5551215278695727,922,3/2017
Doeut1964,GloriaCGaither@dodgit.com,Iegah9ee,Gloria,Gaither,3070 Joanne Lane,Littleton,MA,01460,Visa,4532255155633091,823,12/2017
Nothiz,RamonCShockley@pookmail.com,ahChoo4ei,Ramon,Shockley,2557 Cambridge Court,Rogers,AR,72756,Visa,4539010566626546,209,11/2015
Plumakeem,TravisEVaughn@mailinator.com,geetaeP1,Travis,Vaughn,1872 Fowler Avenue,Atlanta,GA,30346,Visa,4916205318481199,816,12/2015
Twitanigived,JulieTSutphin@spambob.com,iG8hee3oikee,Julie,Sutphin,3624 Harper Street,Clarkson,KY,42726,MasterCard,5318670685945962,123,8/2014
Hatc1945,JerryLWhite@mailinator.com,zaeh9Seiwum,Jerry,White,310 Woodrow Way,Goodrich,TX,77335,Visa,4916463494234540,522,12/2015
Tereptimbut,PatriciaTGoodspeed@pookmail.com,aiSh7johmoG8,Patricia,Goodspeed,4042 Badger Pond Lane,Tampa,FL,33624,MasterCard,5161140499603833,318,11/2017
Sirstion,CassandraDSchumacher@pookmail.com,eik8ni7caiTh,Cassandra,Schumacher,4359 Maloy Court,Hays,KS,67601,MasterCard,5178415636851805,849,7/2016
Twoure67,LindaTVela@spambob.com,aePeVooL0,Linda,Vela,3906 Maxwell Farm Road,Chico,CA,95928,Visa,4929062611791898,665,1/2016
Coraven,JonathanEYork@dodgit.com,Eh1phaecai,Jonathan,York,4850 Twin Willow Lane,Fayetteville,NC,28304,Visa,4485680575860692,305,10/2015
Bele1953,EmilyJMoffett@pookmail.com,saeraM3We,Emily,Moffett,3446 Armory Road,Fayetteville,NC,28306,Visa,4556995682335840,640,11/2014
Forthemight,RobertRHite@mailinator.com,uzei0iC9,Robert,Hite,540 Isaacs Creek Road,Jacksonville,IL,62650,MasterCard,5133660342434982,411,3/2013
Terefore33,JeffreyFBaker@dodgit.com,ooChaix1,Jeffrey,Baker,2151 College Avenue,Dayton,OH,45402,Visa,4539618168648112,138,2/2017
Pheine,CliffordNPeek@pookmail.com,sooyoDu7ai,Clifford,Peek,1537 Biddie Lane,Richmond,VA,23220,MasterCard,5172901354359622,464,1/2016
Throaked,RobertSTaft@trashymail.com,Eijo0kiaSoh,Robert,Taft,3753 Valley Street,Camden,NJ,08102,MasterCard,5490159853972636,327,2/2015
Conflims57,JuneSBrown@pookmail.com,uquengiu6I,June,Brown,4677 Red Bud Lane,Meriden,CT,06450,MasterCard,5132077057616474,832,11/2014
Nowas1932,FranklinEDonahue@mailinator.com,thae2Kahnil,Franklin,Donahue,2847 Jenna Lane,West Des Moines,IA,50266,Visa,4485854459310674,549,1/2016
Hoput1956,JohnKMcElhaney@dodgit.com,oophuuR6Xae,John,McElhaney,4332 Saints Alley,Tampa,FL,33602,Visa,4539868756525525,185,2/2015
Arehiscied,AllenEMalley@mailinator.com,Cauy3ailoh,Allen,Malley,4132 Oliver Street,Dallas,TX,75204,Visa,4929563008739283,083,12/2017
Forer1935,BarbaraAHogan@trashymail.com,gie0Dua4Kei,Barbara,Hogan,3205 Williams Avenue,Los Angeles,CA,90017,Visa,4929266985776944,115,9/2013
Sudideasker,AnnieVBurger@mailinator.com,ohki4ua4Eik,Annie,Burger,1155 Waterview Lane,Santa Fe,NM,87505,MasterCard,5229468865442027,298,4/2013
Xylaw1957,KimMHarris@pookmail.com,aikoo9IeZu4i,Kim,Harris,760 Saint Marys Avenue,Georgetown,NY,13072,MasterCard,5431478034936456,711,4/2014
Maraver,AnthonyVTrujillo@trashymail.com,eeC8uuHai,Anthony,Trujillo,731 Hinkle Lake Road,Cambridge,MA,02141,MasterCard,5238594103638321,933,1/2015
Whespers,MichaelWHouse@spambob.com,chaid7Pee,Michael,House,1050 Neville Street,Evansville,IN,47708,Visa,4916342040587215,142,1/2017
Dincestamed63,CorlissDTakahashi@mailinator.com,Eer8oobiexai,Corliss,Takahashi,910 Broadway Avenue,Knoxville,TN,37921,MasterCard,5244389930590643,072,6/2016
Liferom,GayWSinclair@pookmail.com,eiQuai4poo,Gay,Sinclair,4462 Late Avenue,Oklahoma City,OK,73102,Visa,4556661799830426,752,8/2014
Eventrou61,AngelaLDowning@dodgit.com,Iel6ieTh,Angela,Downing,1052 Clement Street,Atlanta,GA,30303,Visa,4539651089149159,722,11/2015
Wheized,WilliamBPray@dodgit.com,ohF8lookei,William,Pray,1874 Coffman Alley,Owensboro,KY,42301,MasterCard,5569231753321762,783,3/2015
Neway1961,AlfredoRHugh@trashymail.com,Thaec1ook,Alfredo,Hugh,3954 Valley Drive,Philadelphia,PA,19108,Visa,4539497360890222,292,5/2015
Dandle,EstelleJThompson@trashymail.com,Mieyah7boh,Estelle,Thompson,3310 Ventura Drive,Salinas,CA,93901,Visa,4539611502485614,233,1/2014
Dued1946,LewisNPack@dodgit.com,Hoo1ma4aey,Lewis,Pack,1421 Elliot Avenue,Seattle,WA,98109,Visa,4929653228399909,676,11/2013
Therinceple1960,ErinHWebb@spambob.com,iH5nooh1ee,Erin,Webb,2305 Camden Street,Reno,NV,89501,MasterCard,5299801096760582,262,7/2016
Withiskeed,ClarenceTHarley@spambob.com,vooh0iJie,Clarence,Harley,511 Euclid Avenue,Goleta,CA,93117,Visa,4916693966403088,306,8/2017
Derpromed,DavidSHutzler@mailinator.com,Rua4Aicoo6n,David,Hutzler,1672 Radford Street,Louisville,KY,40299,MasterCard,5137703717275436,689,8/2014
Tommand,KarenRRamires@pookmail.com,ieX3zooy,Karen,Ramires,1905 Radio Park Drive,Braselton,GA,30517,Visa,4556688377047479,099,7/2013
Alock1959,PatriciaKBurg@dodgit.com,yahSh9rooQu,Patricia,Burg,752 Williams Lane,Wichita,KS,67214,MasterCard,5543581469170775,075,10/2013
Gosaing60,StuartESchmitt@spambob.com,qua7oeLee,Stuart,Schmitt,4033 Fairway Drive,Concord,CA,94520,Visa,4556038101485605,370,6/2016
Piten1966,WilmaRCasey@spambob.com,ruV4Zuih0,Wilma,Casey,3602 Fancher Drive,Plano,TX,75074,Visa,4532949080463760,844,7/2016
Hisird,SamuelKReaves@trashymail.com,sa5AiX5ahgae,Samuel,Reaves,1195 Philli Lane,Tulsa,OK,74136,MasterCard,5197114473562891,834,5/2014
Roake1950,KarenWSolis@pookmail.com,neePiex9U,Karen,Solis,2467 River Road,Rye,CO,81069,Visa,4539185953417335,555,3/2017
Ripplexprem,MatthewPRobbins@pookmail.com,Ro6Yaitai3,Matthew,Robbins,1671 Whitman Court,Bridgeport,CT,06604,Visa,4556668427039346,796,1/2013
Wastans1973,MattieTCleek@pookmail.com,Eejai3ag0Cei,Mattie,Cleek,3838 Brooklyn Street,Fredericksburg,VA,22401,Visa,4556452436947033,162,7/2017
Colize,LoriSBlackburn@spambob.com,aeFiP9hah5xe,Lori,Blackburn,2957 Melville Street,Jackson,TN,38301,Visa,4916724692031800,265,1/2013
Guits1991,EmmaSWilliams@trashymail.com,oThe8thai,Emma,Williams,3908 Forest Drive,Beltsville,VA,20705,Visa,4539802718049969,031,5/2015
Sponly,VictorDLucero@trashymail.com,ail8beeGhah,Victor,Lucero,272 Cherry Camp Road,Lombard,IL,60148,MasterCard,5350096579844914,787,1/2015
Blegame,BillFArbogast@trashymail.com,Viel4ov0,Bill,Arbogast,1182 Rainy Day Drive,Cambridge,MA,02141,Visa,4929245511673809,991,8/2015
Sinceplued,ToddKWilde@pookmail.com,Aing1bie,Todd,Wilde,944 Stone Lane,Reading,PA,19601,MasterCard,5251723708210945,616,10/2017
Huragnional,GeorgeJKettner@mailinator.com,Phe6eir1,George,Kettner,4841 Fittro Street,Mineral Springs,AR,71851,MasterCard,5300735091133766,661,12/2013
Suponlorhou,CarrieCWachtel@dodgit.com,ushooj9Ve,Carrie,Wachtel,4121 Bingamon Road,Cleveland,OH,44115,MasterCard,5547195048405176,329,6/2015
Neear1941,BrandyJBeaulieu@trashymail.com,Du5Ov9aphei,Brandy,Beaulieu,181 Pritchard Court,Austin,MN,55912,Visa,4916357177687356,792,4/2013
Dong1975,SherryHDunkley@mailinator.com,Onu9geiqu,Sherry,Dunkley,2267 Martha Ellen Drive,Reno,NV,89501,Visa,4929172237532699,339,3/2016
Haing1970,JohnRSimmons@mailinator.com,yaesai7aiCh,John,Simmons,4552 Patterson Fork Road,Chicago,IL,60607,MasterCard,5452451740558363,754,5/2016
Milynaver1980,BelindaJPowers@spambob.com,Lid9hahghi,Belinda,Powers,2216 Wines Lane,Houston,TX,77027,Visa,4556923824057080,250,4/2015
Samid1975,LindaPTores@mailinator.com,ohc9phohr1Ei,Linda,Tores,1063 Filbert Street,Norristown,PA,19403,MasterCard,5149735256197437,550,8/2015
Canche,JosephKFord@mailinator.com,Ahz7teiy7,Joseph,Ford,241 Berry Street,Hugo,CO,80821,MasterCard,5127647866208072,368,1/2013
Takedent,HaroldTBrooks@pookmail.com,ieDah5eev,Harold,Brooks,1228 White Oak Drive,Saint Joseph,MO,64501,Visa,4716908695140393,494,7/2015
Poinsuldown,SamanthaMCooper@trashymail.com,uasahTh3Aing,Samantha,Cooper,3714 Midway Road,Fort Smith,AR,72903,MasterCard,5472987259224778,677,6/2016
Musibitury,RenaTLynch@mailinator.com,ooraeToh0y,Rena,Lynch,2588 Tori Lane,Draper,UT,84020,MasterCard,5274028401350664,576,9/2017
Whandules,MargieKSimpson@dodgit.com,ga6Xatie,Margie,Simpson,558 John Daniel Drive,Columbia,MO,65207,Visa,4716901842878080,152,8/2016
Noce1967,KennethCGant@trashymail.com,KeiYo3OoLe,Kenneth,Gant,1515 Ward Road,El Paso,TX,79912,MasterCard,5421285308099248,294,11/2013
Shoulmons,EddieDParker@spambob.com,shi9eeNoo,Eddie,Parker,2410 Washington Street,Corpus Christi,TX,78476,MasterCard,5278431708996914,712,7/2016
Entile,ChristopherARivera@pookmail.com,yeen9Oop,Christopher,Rivera,3184 Masonic Drive,Park City,MT,59063,MasterCard,5388200862314009,770,2/2013
Shoung,LarryPRex@pookmail.com,oeh2ooCh,Larry,Rex,1150 Fittro Street,Little Rock,AR,72201,Visa,4916006953567320,004,9/2016
Samium,EmilioJHill@mailinator.com,hiazahh1Qu,Emilio,Hill,57 Columbia Mine Road,Charleston,WV,25301,Visa,4532087004255192,413,3/2013
Subtan,JamesLPort@pookmail.com,Ahgh2ouh0z,James,Port,928 Sycamore Fork Road,Fort Lauderdale,FL,33301,MasterCard,5519531422993144,954,9/2015
Huchaystand,IreneDHaskins@dodgit.com,aeyei8Wei,Irene,Haskins,3845 Lincoln Drive,Harrisburg,PA,17116,MasterCard,5263914085159039,754,1/2014
Jusible,MarthaARichmond@trashymail.com,Wa5aiyei,Martha,Richmond,4186 Williams Lane,Wichita,KS,67218,MasterCard,5370899433907983,289,3/2015
Sucel1969,OllieRHunt@mailinator.com,Ohniz9thai,Ollie,Hunt,1854 Jones Avenue,High Point,NC,27260,Visa,4556272260305219,852,11/2016
Yousit,ElizabethKParis@trashymail.com,uWeeQuo1z,Elizabeth,Paris,4527 Mandan Road,Patterson,MO,63956,MasterCard,5203358582313298,025,4/2013
Pratichap,GeorgeJHamilton@trashymail.com,nee8EishooPh,George,Hamilton,1909 Highland Drive,Neenah,WI,54956,Visa,4532223359904502,308,10/2017
Stance,AlbertMMcKeel@spambob.com,Theegeish2a,Albert,McKeel,2197 Richison Drive,Columbus,MT,59019,MasterCard,5381925383959364,729,1/2017
Legrattlyzed87,ElisabethMKramer@spambob.com,ua5ze7Phahch,Elisabeth,Kramer,1186 Eagle Lane,Lancaster,MN,56735,Visa,4716583431897737,337,3/2013
Etescashout,AndreaRStovall@spambob.com,iephei8iy2E,Andrea,Stovall,2514 Five Points,Baltimore,MD,21201,Visa,4916165715426009,469,3/2017
Thearment36,MarielaEBrewster@dodgit.com,Deishun7t,Mariela,Brewster,3012 Renwick Drive,Plymouth Meeting,PA,19462,MasterCard,5290532341842284,255,7/2016
Holow1971,LouisJBroussard@pookmail.com,choi0ohPh4ah,Louis,Broussard,404 Conifer Drive,Bellevue,WA,98004,Visa,4916648843248510,444,9/2016
Gracts,RonaldSJones@mailinator.com,oph9boofeiD,Ronald,Jones,3083 Spring Haven Trail,Parsippany,NJ,07054,MasterCard,5126321957899584,987,3/2014
Nied1959,LuisRMorgan@trashymail.com,nanooN0ohsh,Luis,Morgan,1731 Grant View Drive,Milwaukee,WI,53216,MasterCard,5521689505044445,906,11/2017
Dewhourace,DorisRMiller@dodgit.com,iu2feh3eiLe,Doris,Miller,1984 Deer Ridge Drive,Millburn,NJ,07041,Visa,4916850383536763,916,9/2013
Oleemanded,TylerJGamez@spambob.com,wah5heiW1oh,Tyler,Gamez,888 Shadowmar Drive,New Orleans,LA,70117,MasterCard,5515255935019338,784,8/2017
Mutect,KentIAtkins@dodgit.com,MooNoo4te4,Kent,Atkins,982 Lochmere Lane,Meriden,CT,06450,Visa,4716402931452119,428,7/2017
æsaw1933,DudleyDCavanaugh@mailinator.com,rien9eiJ,Dudley,Cavanaugh,1320 Half and Half Drive,Sanger,CA,93657,Visa,4929462615447911,897,7/2013
Weenin,MaryJNorris@dodgit.com,aechoos2Xam,Mary,Norris,3563 Old Dear Lane,Poughkeepsie,NY,12601,Visa,4716545080811681,220,6/2017
Bouress,PaulaRFoley@trashymail.com,aiChaec3ee,Paula,Foley,4511 Bingamon Road,Cleveland,OH,44115,Visa,4716609299079769,415,9/2017
Wourt1989,HeatherATeixeira@spambob.com,eeF5ju8o,Heather,Teixeira,1168 Clay Street,Indianapolis,IN,46219,MasterCard,5379541271614765,013,3/2013
Frith1974,BillTGustin@pookmail.com,Eet5gee4oo,Bill,Gustin,4364 Birch  Street,El Paso,TX,79901,MasterCard,5173028887631951,885,10/2016
Paits1969,DanielAHicks@pookmail.com,tooJ2eeQu,Daniel,Hicks,2296 Hurry Street,Roanoke,VA,24011,Visa,4716202385566707,195,12/2015
Youl1930,LongYConnell@mailinator.com,vooz7Quo8ie,Long,Connell,1231 Mapleview Drive,Memphis,TN,38128,MasterCard,5280271303858408,195,8/2017
Counde,ReginaRPiccolo@dodgit.com,Xahgag1aeY5u,Regina,Piccolo,873 Pheasant Ridge Road,Philadelphia,PA,19146,MasterCard,5172444160499134,561,7/2017
Douse1929,GeorgeLWachtel@mailinator.com,eGe1bu5Meg,George,Wachtel,1836 Glen Street,Barlow,KY,42024,Visa,4916761710187776,080,4/2016
Sonsise,RobertKKoonce@pookmail.com,wootai6Ai,Robert,Koonce,1366 Loving Acres Road,Kansas City,MO,64106,MasterCard,5321985570466329,806,6/2015
Owithed,JeffreyLNoel@spambob.com,Ua9afuVuaboh,Jeffrey,Noel,3475 Hanifan Lane,Norcross,GA,30071,Visa,4929858114957971,002,9/2014
Colowerve,DevinMOliver@dodgit.com,aShurei3Lah,Devin,Oliver,4170 Alfred Drive,Steelton,PA,17113,MasterCard,5120391225185617,224,1/2014
Samelas1968,TinaJWillcox@spambob.com,joh7Iez0,Tina,Willcox,3923 Lakeland Terrace,Southfield,MI,48075,Visa,4556529499134946,653,9/2013
Rommareared,PriscillaWLong@trashymail.com,Ees4Sahxei,Priscilla,Long,4612 Progress Way,Saint Cloud,MN,56303,Visa,4485582945402397,233,6/2016
Whimints1960,DarrenDSapp@mailinator.com,Shahhoh0ei,Darren,Sapp,156 Sigley Road,Meriden,KS,66512,MasterCard,5163728572873436,487,12/2014
Purt1934,TaraITemple@mailinator.com,NeeFo2qu,Tara,Temple,2068 Angie Drive,Anaheim,CA,92805,MasterCard,5587614975179522,071,2/2016
Dore1949,AngelAGilbert@mailinator.com,eeShu6ohph,Angel,Gilbert,3662 Tenmile,Newport News,VA,23608,MasterCard,5119976112010812,420,8/2016
Quede1985,MargaretSWestgate@trashymail.com,ASae9phaeku,Margaret,Westgate,1657 Ashford Drive,Fairfax,VA,22030,Visa,4532962702572389,232,2/2013
Dessints,JuleeMMejia@mailinator.com,Ka6ief9utai7,Julee,Mejia,4297 Rafe Lane,Jackson,MS,39211,MasterCard,5297238742745570,375,7/2014
Sarry1956,JaniceJHackler@mailinator.com,Eechaelei0,Janice,Hackler,1788 Hartway Street,Alpena,SD,57312,Visa,4716089582702585,131,5/2013
Emptandly,MariaJDavis@spambob.com,Sah6thae6,Maria,Davis,1806 Crim Lane,Englewood,OH,45322,MasterCard,5521202646840703,993,11/2013
Formselly,GeorgePBlanton@pookmail.com,xieSh2Uph3,George,Blanton,4359 Canis Heights Drive,Los Angeles,CA,90071,Visa,4485535134958348,085,3/2013
Wizance,NicholasMRobinson@dodgit.com,oiL2aed4ci1,Nicholas,Robinson,2008 Tree Frog Lane,Kansas City,MO,64106,MasterCard,5524637995009060,853,12/2015
Whinvotat,JamesMRamsey@trashymail.com,eesaeR3pahf,James,Ramsey,4944 Finwood Road,Lyndhurst,NJ,07071,MasterCard,5110373163195552,981,11/2017
Colest80,MarilynHHogan@mailinator.com,yohz8ve4aiS,Marilyn,Hogan,1893 Ripple Street,Saginaw,MI,48607,MasterCard,5240390769654397,538,1/2013
Oplamaidn,JeffYCarrico@mailinator.com,aigioz3Le,Jeff,Carrico,1581 White Oak Drive,Kansas City,MO,64111,MasterCard,5492751579924780,123,9/2017
Prembid,TracyJWilliamson@mailinator.com,Ziegh4kaiph,Tracy,Williamson,3594 Prudence Street,Detroit,MI,48209,MasterCard,5171457730703869,323,9/2016
Sumessneve,BertramKMitchell@dodgit.com,Zotiuf7ei,Bertram,Mitchell,1159 Gandy Street,Canton,NY,13617,MasterCard,5519317326105138,831,8/2014
Ineder,EstellaGGrant@dodgit.com,eijuc2cahQu,Estella,Grant,3193 Tator Patch Road,Chicago,IL,60631,MasterCard,5260818381212256,779,7/2015
Suster,RamonKPickens@mailinator.com,ohYa0ool4,Ramon,Pickens,1631 Barfield Lane,Indianapolis,IN,46268,Visa,4532309617446640,067,11/2013
Himse1927,JacquelineRAustin@pookmail.com,Iewoop8ie,Jacqueline,Austin,3926 Oak Way,Fort Calhoun,NE,68023,Visa,4716635363716978,643,10/2013
Thententon,CharlesVKramer@dodgit.com,ozeb2ooQu9,Charles,Kramer,1143 Rosebud Avenue,Pine Bluff,AR,71603,MasterCard,5362551973176251,788,9/2014
Thisn1967,EdgarTWilburn@dodgit.com,YoJ6lei1m,Edgar,Wilburn,4470 Worley Avenue,Charlottesville,VA,22903,Visa,4556397475746632,440,4/2016
Senessobling,GladysJGarcia@spambob.com,Ohf9gaht8l,Gladys,Garcia,2299 Thompson Drive,Oakland,CA,94621,MasterCard,5275657664630252,804,10/2015
Hatestaked1986,LaureneDClem@trashymail.com,eiR6shoo,Laurene,Clem,1267 Horseshoe Lane,West Chester,PA,19382,MasterCard,5547748204455789,910,10/2015
Whences,ValerieDFisher@trashymail.com,cah9ohChi,Valerie,Fisher,580 Farland Street,Chicago,IL,60637,MasterCard,5183450485057462,457,10/2015
Actur1955,IssacMBoothe@mailinator.com,thie4Foh,Issac,Boothe,4772 College Avenue,Decatur,OH,45168,Visa,4929588795282924,097,4/2013
Calmsen,JamieTHansen@dodgit.com,queosh5Ea,Jamie,Hansen,4207 Colonial Drive,Bryan,TX,77803,Visa,4716521879236844,202,8/2015
Awneyed,PaulineEJohnson@dodgit.com,ooGada4D,Pauline,Johnson,2477 Masonic Drive,Missoula,MT,59802,MasterCard,5261541772290272,230,2/2017
Lecurithe1935,BillySGibbs@spambob.com,xahL1ahquai,Billy,Gibbs,4721 Stuart Street,Brave,PA,15316,Visa,4929079553170253,301,9/2017
Fooster35,LoydGWalters@trashymail.com,Kocho0doo,Loyd,Walters,4651 Oliver Street,Arlington,TX,76010,Visa,4716374756806929,943,3/2016
Thips1975,RebeccaSOlvera@spambob.com,shieth6Le3a,Rebecca,Olvera,4709 Gordon Street,Anaheim,CA,92801,MasterCard,5155021081870402,170,10/2014
Nady1948,TrentJBloom@dodgit.com,Iey6vahnoo,Trent,Bloom,4295 Station Street,Oakland,CA,94609,MasterCard,5127403588154909,195,7/2016
Grah1971,ThomasSNewton@spambob.com,zoh4bohng6E,Thomas,Newton,3743 Pursglove Court,Mansfield,OH,44907,MasterCard,5456153846793227,612,3/2016
Whoseed,DonaldTWaller@pookmail.com,Zei7yiewoo,Donald,Waller,473 Romano Street,Waltham,MA,02154,MasterCard,5256328537058062,106,7/2013
Pareiguent,JohnDGross@dodgit.com,quaiCeew8zoo,John,Gross,3571 Park Avenue,Sacramento,CA,95814,Visa,4556022030321818,211,7/2013
Whopped,DorisTPerry@mailinator.com,Al4ooWoGh,Doris,Perry,4121 Marshall Street,Windsor Mill,MD,21244,Visa,4929158794978474,765,9/2013
Thastion77,MaryEWortman@pookmail.com,Noo3nech4ohB,Mary,Wortman,2459 Alpaca Way,Irvine,CA,92614,Visa,4716784391131584,430,6/2013
Doweed,BrandonASampson@trashymail.com,aegh5Oa5N,Brandon,Sampson,3475 Elmwood Avenue,Scottsdale,AZ,85251,MasterCard,5454611218423394,419,3/2015
Asaing,AshleyTMathis@trashymail.com,neiG0eeG,Ashley,Mathis,1933 Horner Street,Boardman,OH,44512,Visa,4532790577833424,294,10/2015
Waaced,LauraFLatson@mailinator.com,nohquah0Go,Laura,Latson,2814 Duncan Avenue,New York,NY,10016,MasterCard,5397062295564983,954,11/2014
Winget,JennieDRogers@mailinator.com,Jien2wieghah,Jennie,Rogers,451 Clousson Road,Houston,TX,77063,MasterCard,5371645400376887,726,5/2014
Evere1967,BettyDBath@mailinator.com,iV5Eikaic,Betty,Bath,4875 Simpson Street,Milan,IL,61264,MasterCard,5529797416950022,080,11/2013
Stoody,JaneJLarson@mailinator.com,ieb1weThu1,Jane,Larson,1456 Edgewood Road,Memphis,TN,38116,Visa,4485691052513985,949,7/2015
Smuctingly,MariaJFrench@pookmail.com,sheeTh1Th,Maria,French,1471 Kimberly Way,Dutton,MI,49316,Visa,4539006415842516,864,5/2014
Poseed,FranciscoDJohnson@pookmail.com,ohb0iGhoh,Francisco,Johnson,151 Gorby Lane,Jackson,MS,39201,MasterCard,5267508745278944,240,3/2013
Gall1946,JamesEMiles@dodgit.com,uph1Gei9awoo,James,Miles,3704 Ward Road,El Paso,TX,79901,Visa,4485999461844259,313,5/2014
Lethe1955,DewittMArrant@dodgit.com,hoCh2aigh,Dewitt,Arrant,3856 Echo Lane,Grand Rapids,MI,49503,Visa,4716035849892784,405,11/2014
Momemence,PatrickRRuggerio@pookmail.com,aedooB8vi,Patrick,Ruggerio,4969 Chapel Street,Houston,TX,77017,MasterCard,5343959877591109,037,6/2015
Ired1940,CarlFNaquin@trashymail.com,eiyah2aePhoh,Carl,Naquin,3132 Hawks Nest Lane,Saint Louis,MO,63101,MasterCard,5422399953040966,363,8/2017
Colad1976,CharlotteGBirdsong@trashymail.com,waiJohf0la,Charlotte,Birdsong,917 Davis Lane,Denver,CO,80202,MasterCard,5333596526365493,001,6/2017
Withavercoad1947,GuadalupeJBrown@trashymail.com,fi9yeoj1Nee,Guadalupe,Brown,3324 Deans Lane,New York,NY,10011,Visa,4485155730953609,953,5/2014
Sould1972,AlmaWJeffries@mailinator.com,voh2va0Ei,Alma,Jeffries,2620 Ross Street,New Haven,IL,62871,Visa,4485301126900933,807,6/2015
Derd1927,SandyELott@mailinator.com,UwaiQu3ei,Sandy,Lott,4792 Terra Street,Seattle,WA,98133,Visa,4929510992676971,119,10/2013
Beatento,JackBBabin@trashymail.com,aPh7zaexei,Jack,Babin,2598 Peaceful Lane,Cleveland,OH,44110,MasterCard,5587036252152891,460,7/2017
Joods1970,RosannaBArbogast@trashymail.com,ou7ReifohF,Rosanna,Arbogast,4312 Clarksburg Park Road,Show Low,AZ,85901,MasterCard,5272539555108767,559,1/2016
Hortudy,CarrieJHarris@mailinator.com,oobooquoh0Ie,Carrie,Harris,4562 Wright Court,Seattle,WA,98101,Visa,4485257963564440,199,2/2016
Plefted,CarlDWilliamson@spambob.com,uacin2So,Carl,Williamson,3128 Parkway Drive,Tempe,AZ,85282,Visa,4556255377367438,956,10/2013
Thisked1993,KristopherMTerrill@mailinator.com,Aem2aex5,Kristopher,Terrill,4074 Kovar Road,Milford,MA,01757,Visa,4716160963482889,253,6/2017
Histered,TracyCPatterson@dodgit.com,faiCai3chei,Tracy,Patterson,2220 Jarvisville Road,Massapequa,NY,11758,Visa,4716724434152593,122,4/2013
Aborted,ClarenceJReagan@mailinator.com,voash7Th,Clarence,Reagan,4344 May Street,Somerset,KY,42501,MasterCard,5459214815670866,491,2/2013
Sainat,SandraRSinclair@pookmail.com,eiw7eG7gei9,Sandra,Sinclair,204 Tori Lane,Ogden,UT,84401,Visa,4485118927115507,851,4/2013
Exione,JuanLSmith@spambob.com,eichaeSh7ch,Juan,Smith,2668 Lee Avenue,Camden,NJ,08104,Visa,4916210750111940,220,1/2013
Lecurithe,KyleTMcClain@mailinator.com,Eezee5oh,Kyle,McClain,3457 Ross Street,Harrisburg,IL,62946,Visa,4532652952533625,937,2/2013
Amouch,CourtneyVHaun@dodgit.com,Iwohwe1paPae,Courtney,Haun,4370 Yorkshire Circle,Elm City,NC,27822,Visa,4539942641420273,412,2/2013
Pereatiought,ElizabethGCollier@pookmail.com,ura3aejeeY,Elizabeth,Collier,4487 Dog Hill Lane,Salina,KS,67401,Visa,4556842754658438,928,5/2015
Betunink,JamesKGillespie@spambob.com,Ahngu3phi7,James,Gillespie,911 Turkey Pen Road,New York,NY,10016,MasterCard,5185293233251609,539,7/2017
Thateg,ChuckHCohen@mailinator.com,Shaelah3aiye,Chuck,Cohen,1795 Hinkle Lake Road,Cambridge,MA,02141,Visa,4539106163444729,801,9/2015
Moul1957,HollyLTempleton@trashymail.com,oivaY3ee,Holly,Templeton,1611 Jody Road,Topton,PA,19562,MasterCard,5233577837885800,590,11/2014
Crientic,HarlanJTedeschi@mailinator.com,EeLahmae9ph,Harlan,Tedeschi,542 Sweetwood Drive,Aurora,CO,80014,Visa,4556650771825116,475,3/2017
Scourter1955,DianeJFrey@dodgit.com,eaG1eeto3See,Diane,Frey,2742 Illinois Avenue,Portland,OR,97205,Visa,4556843972624160,595,5/2014
Loure1983,ElliotROrr@trashymail.com,mi7om8miWae,Elliot,Orr,3191 Oliverio Drive,Moundridge,KS,67107,Visa,4556084842759544,531,2/2013
Cooll1933,JameeKSwartz@trashymail.com,sahDohl1w,Jamee,Swartz,3752 Hidden Pond Road,Nashville,TN,37215,MasterCard,5260557448732811,570,12/2016
Youltakince,WendellPHarris@mailinator.com,aPho0Aiqu,Wendell,Harris,3328 Chandler Drive,Springfield,MO,65865,Visa,4532337256629895,051,10/2013
Hansinsee,PhilipSSica@trashymail.com,UWeeruh9u,Philip,Sica,3537 Par Drive,San Luis Obispo,CA,93401,MasterCard,5598274868620699,284,9/2015
Boally85,SusanCFischer@spambob.com,AhCie4sei,Susan,Fischer,2828 Union Street,Seattle,WA,98118,MasterCard,5582319854850384,652,11/2014
Caggrable,PatriciaJRadford@pookmail.com,bahchiex2Sei,Patricia,Radford,3735 Central Avenue,Jersey City,NJ,07304,MasterCard,5147252785573536,428,11/2015
Osgrot,SueTFowler@spambob.com,ohCh8Ahjo,Sue,Fowler,1284 Briarwood Road,Protem,MO,65733,Visa,4716005316046495,833,5/2013
Awayet47,MelodyKMichaelson@trashymail.com,Bo0ahNaid,Melody,Michaelson,4432 Linden Avenue,Maitland,FL,32751,MasterCard,5429639242734793,007,5/2016
Sieneat1931,RayMTurner@mailinator.com,ou8faeCha3p,Ray,Turner,2079 Redbud Drive,New York,NY,10036,Visa,4485446269435294,927,4/2017
Ingly1960,SoAClapp@spambob.com,ohleeGh9l,So,Clapp,4068 Wilkinson Street,Nashville,TN,37211,Visa,4539759294044477,354,11/2016
Bobviscep1971,GeorgePMarts@dodgit.com,gojeCee2p,George,Marts,1431 Rosebud Avenue,Lepanto,AR,72354,MasterCard,5265629639033054,702,10/2014
Lietund,DonaldSLachapelle@spambob.com,Teeya5ohquip3i,Donald,Lachapelle,4696 Poplar Lane,Miami,FL,33012,MasterCard,5562521186271668,578,9/2014
Mistant1976,JasonALivengood@spambob.com,Gei0Zu2iegh,Jason,Livengood,4177 Horizon Circle,Tacoma,WA,98491,MasterCard,5451165560195897,519,6/2016
Frob1986,JamesSKing@trashymail.com,eef6aKe0choh,James,King,4027 Nutters Barn Lane,Urbandale,IA,50322,MasterCard,5246403655856556,640,10/2015
Coplact,MichaelJLehr@spambob.com,xaih4Yaid,Michael,Lehr,3455 New Creek Road,Huntsville,AL,35816,Visa,4716727281526181,635,6/2013
Uning1990,KatherineALove@trashymail.com,Ia0uboo9Ah,Katherine,Love,2203 Dark Hollow Road,Camden,NJ,08102,Visa,4556903240738182,751,4/2015
Liet1977,RyanKPierce@trashymail.com,thubeK8ehae,Ryan,Pierce,1444 Michael Street,Sugar Land,TX,77478,MasterCard,5377966160824161,014,12/2015
Fithaly,AnthonyAMiller@dodgit.com,eaY6peeyae,Anthony,Miller,1447 Emily Renzelli Boulevard,Hollister,CA,95023,MasterCard,5126743268629287,706,5/2017
Guile1936,MarkDValerio@trashymail.com,Aigh4fodoo2,Mark,Valerio,1755 Hillside Drive,Lafayette,LA,70506,MasterCard,5566287409910930,192,1/2015
Evanight1971,DarrellLBarrera@trashymail.com,Woohieh5,Darrell,Barrera,3615 New Creek Road,Fort Wayne,IN,46818,Visa,4539041606643159,275,3/2014
Lenevers,PaulAGale@pookmail.com,iehiehahy8Oo,Paul,Gale,173 Parkview Drive,Los Angeles,CA,90017,Visa,4556056980468799,739,9/2013
Bessed1942,DanielJWilder@spambob.com,eedeiL8vei4Ah,Daniel,Wilder,2466 Rosewood Lane,New York,NY,10011,MasterCard,5162698469801553,084,9/2017
Wassinithe,WilliamSCassell@dodgit.com,uMeepoef1,William,Cassell,3693 Five Points,Baltimore,MD,21201,MasterCard,5239183704824818,519,10/2016
Gabout,LiliaPSinquefield@pookmail.com,ahv7deHai,Lilia,Sinquefield,3 Meadowcrest Lane,Harold,KY,41635,MasterCard,5179277240690402,138,3/2014
Chisherm,JakeSBuss@pookmail.com,aidieWoo8,Jake,Buss,2039 Jewell Road,Minneapolis,MN,55415,Visa,4716270036208623,924,6/2014
Cambee,PamelaDGarcia@spambob.com,cooxiSha9,Pamela,Garcia,4960 Brighton Circle Road,Saint Cloud,MN,56303,Visa,4556772861992844,927,8/2014
Suneitter,VirginiaFGarcia@pookmail.com,Eibu1aim,Virginia,Garcia,2721 Bruce Street,Saint Louis,MO,63109,MasterCard,5498328206784988,185,5/2016
Ahmetrigue1960,GinaPLinn@mailinator.com,Aehuac2wiequ,Gina,Linn,979 Kelly Drive,Wheeling,WV,26003,MasterCard,5264675249077750,089,7/2013
Anament,MichaelJBean@dodgit.com,poof7fahPo4s,Michael,Bean,901 Jessie Street,Athens,OH,45701,MasterCard,5555905189281270,781,10/2017
Bearted,HaroldNWimberly@mailinator.com,Hos4feiqu,Harold,Wimberly,4387 Rhode Island Avenue,Washington,DC,20005,Visa,4716086557964851,168,7/2014
Peetruse,FredBKoester@spambob.com,eeHeeT5ii,Fred,Koester,2015 Mandan Road,Huzzah,MO,65401,MasterCard,5430660736474289,413,8/2013
Sidid1983,AmberBJones@dodgit.com,oocee0Yo1mae,Amber,Jones,2745 Ryder Avenue,Silver Lake (Snohomish),WA,98208,MasterCard,5346443393941285,591,7/2016
Sabst1988,RalphSGodwin@pookmail.com,oopeiG8ieThuo,Ralph,Godwin,657 Westfall Avenue,Albuquerque,NM,87109,MasterCard,5510536370047289,815,10/2017
Godge1971,AllenVSerrano@pookmail.com,Yeena7ae,Allen,Serrano,2735 Little Acres Lane,Jacksonville,IL,62650,MasterCard,5500998366309044,715,1/2017
Agnight,ToriSWard@mailinator.com,aic1daijahG,Tori,Ward,1559 Duck Creek Road,San Francisco,CA,94104,MasterCard,5399875522470114,670,4/2016
Foleyed,WinfredGGomez@pookmail.com,peijied6Qu,Winfred,Gomez,4664 Johnstown Road,Arlington Heights,IL,60004,MasterCard,5447256201829163,709,10/2014
Reepris61,GloriaTGaul@trashymail.com,uum9vuoBoh,Gloria,Gaul,2221 Dovetail Estates,Oklahoma City,OK,73102,MasterCard,5587777768528542,009,12/2013
Enticippace,TaraGMontes@trashymail.com,yoo4oiXai,Tara,Montes,1943 Terry Lane,Orlando,FL,32801,Visa,4556595440996535,116,10/2014
Beculan,MildredMBryant@trashymail.com,OohaeJe2Ma,Mildred,Bryant,3292 Hart Ridge Road,Saginaw,MI,48607,MasterCard,5124114641092597,269,2/2017
Flaccal,JohnSCrowley@dodgit.com,AiXei7ue,John,Crowley,4691 Andell Road,Nashville,TN,37206,MasterCard,5323007094502832,060,1/2016
Spleace,HermanVPruitt@spambob.com,Loo8iepi,Herman,Pruitt,391 Lakeland Park Drive,Atlanta,GA,30339,MasterCard,5234448751762772,096,2/2016
Seng1966,JohnTHarnish@mailinator.com,aiTie6ahxoo,John,Harnish,671 Hog Camp Road,Park Forest,IL,60466,Visa,4916934883195211,561,12/2017
Pentlese1987,EleanorMRanieri@trashymail.com,Zo6iecaiheek,Eleanor,Ranieri,1907 Short Street,Austin,TX,78723,Visa,4916065599398771,036,2/2013
Forying,KevinMWilliford@pookmail.com,Ja0choh2,Kevin,Williford,3678 Star Trek Drive,Blountstown,FL,32424,MasterCard,5580162594320843,188,5/2013
Oleemanded,ScottCFletcher@pookmail.com,ta5oiFo2,Scott,Fletcher,670 Thompson Drive,Fremont,CA,94538,MasterCard,5206527474992099,648,1/2013
Scitit,JohnMBrown@spambob.com,iSh3ohj4,John,Brown,1981 Geneva Street,New York,NY,10016,MasterCard,5342597821359974,200,8/2017
Vilven,RobertCPollack@dodgit.com,eico8Thee3p,Robert,Pollack,730 Sampson Street,Denver,CO,80202,MasterCard,5413863673938065,948,12/2015
Maings,AlmaJHammonds@trashymail.com,tei8Ohquie,Alma,Hammonds,2144 Wildrose Lane,Westland,MI,48185,MasterCard,5122548561406620,736,10/2013
Inty1943,MonicaJGrijalva@spambob.com,ophaiw1Z,Monica,Grijalva,239 Snider Street,Colorado Springs,CO,80904,Visa,4485493726293338,562,10/2014
Usprie1945,SherryRWilliams@dodgit.com,iexuub2naeN,Sherry,Williams,2427 Woodland Terrace,Sacramento,CA,95827,Visa,4532191310723214,630,12/2017
Sidid1942,NormanAAlvarado@mailinator.com,Leej3phoo,Norman,Alvarado,4289 Queens Lane,Crewe,VA,23930,Visa,4556035016164374,394,11/2016
Finighboy,TerryRRichardson@pookmail.com,Ohf1wuraesah6,Terry,Richardson,4049 White River Way,Cottonwood,UT,84121,Visa,4929745113575245,536,4/2013
Ardle1942,CrystalCCooper@mailinator.com,ha0ooYahro7,Crystal,Cooper,3378 Clay Lick Road,Englewood,CO,80112,MasterCard,5421203354862930,386,5/2014
Heathence,RobertFDale@spambob.com,Oongoof7ij7,Robert,Dale,2482 Nicholas Street,Topeka,KS,66608,MasterCard,5112274162855899,460,5/2014
Pallarcups,ErikaAAlston@pookmail.com,OhtaNg7aj,Erika,Alston,924 Queens Lane,Lynchburg,VA,24504,MasterCard,5290179605394279,739,2/2014
Andereliked,DeenaFPatton@dodgit.com,fah4eZee3,Deena,Patton,4352 Nutters Barn Lane,Colfax,IA,50054,MasterCard,5529013900716147,809,7/2013
Everead60,ShawnTHammons@spambob.com,BaiWahSh6Ee,Shawn,Hammons,819 Millbrook Road,Aurora,IL,60504,Visa,4916577733484408,758,1/2017
Somuckledge,DouglasJRodriguez@trashymail.com,Yeij2oosh,Douglas,Rodriguez,3426 Courtright Street,Mcgregor,ND,58755,MasterCard,5117332905647976,873,11/2013
Seent1950,DorothyMYoung@dodgit.com,eirohXoph2,Dorothy,Young,1251 Luke Lane,Oklahoma City,OK,73102,MasterCard,5404788945804970,085,8/2016
Gremplanied,WayneJVesey@mailinator.com,wo7veeb5Z,Wayne,Vesey,765 Traction Street,Duncan,SC,29334,Visa,4929528912766508,307,2/2015
Anhemys,JoshuaLMcCarthy@mailinator.com,iufeen1Ov3,Joshua,McCarthy,469 Hanover Street,West Nyack,NY,10994,Visa,4485959172235718,657,11/2015
Lossion,DianeRSpencer@spambob.com,Dashohk8,Diane,Spencer,3626 Red Dog Road,Charlotte,NC,28269,Visa,4485764583827255,408,12/2013
Conot1931,ChrisFCunningham@trashymail.com,aeh5AhraeT,Chris,Cunningham,444 C Street,Boston,MA,02110,MasterCard,5175613993388212,171,8/2017
Hice1927,CherylLBean@mailinator.com,Hu2eiDoh7y,Cheryl,Bean,2807 Lady Bug Drive,Colorado Springs,CO,80907,MasterCard,5579866003876491,276,10/2017
Haterand,TriciaCJones@dodgit.com,eiMaehe7e,Tricia,Jones,4230 Ventura Drive,Paicines,CA,95043,MasterCard,5194307566167387,869,8/2013
Wher1929,EllenEMcCleary@pookmail.com,heeXaic0ah,Ellen,McCleary,3724 Webster Street,New Brunswick,NJ,08901,MasterCard,5514005278899569,974,10/2014
Lorip1959,KathleenRHolmes@trashymail.com,leij4huNie,Kathleen,Holmes,3590 Aviation Way,Los Angeles,CA,90017,Visa,4716411018297834,801,8/2017
Thied1961,RobinGMulloy@dodgit.com,eeBifaikei0,Robin,Mulloy,338 Eagles Nest Drive,Yuba City,CA,95991,Visa,4916732385916203,490,1/2013
Penisch1992,CinthiaACastaneda@spambob.com,Fohxee5io3t,Cinthia,Castaneda,3101 Elliot Avenue,Seattle,WA,98109,Visa,4485094900151928,752,4/2015
Youghlythers1928,JamesJMunoz@trashymail.com,no3Eihae5x,James,Munoz,3027 Rosemont Avenue,Orlando,FL,32810,Visa,4485245756564750,763,5/2015
Fralmoverse,JamesSHaddock@pookmail.com,tei8shohThe,James,Haddock,4754 Terra Cotta Street,Duluth,MN,55802,MasterCard,5381669982882565,537,7/2016
Wifyin,ThomasJMcGaha@pookmail.com,ahFah7aeDae,Thomas,McGaha,4570 Birch Street,Indianapolis,IN,46229,MasterCard,5560894383976898,555,2/2015
Lars1981,DesireeALombardo@pookmail.com,eiv3XooMoh,Desiree,Lombardo,3306 Todds Lane,San Antonio,TX,78217,Visa,4929467830830338,619,4/2016
Wasyme84,BarryKSullivan@dodgit.com,the6Eemae,Barry,Sullivan,3079 Irving Place,Overland,MO,63114,Visa,4556803669492636,899,2/2014
Spichs,BrittanyLJones@trashymail.com,theeh7eeN,Brittany,Jones,2854 Charla Lane,Plano,TX,75075,MasterCard,5408736625474982,318,6/2016
Torat1945,AngelaJColeman@dodgit.com,eeyio3aeGh,Angela,Coleman,4317 Haymond Rocks Road,Medford,OR,97501,MasterCard,5432242346140986,589,4/2015
Whoustoll,LuisCMoorman@spambob.com,Munoo8ed,Luis,Moorman,2028 Centennial Farm Road,Havelock,IA,50546,Visa,4916085893192845,625,7/2016
Doeme1941,IanDRuhl@dodgit.com,geeghai2AV,Ian,Ruhl,4298 Holden Street,Metropolis,IL,62960,MasterCard,5336349693155819,183,10/2015
Hishattly,JoseMTorres@mailinator.com,Vahm0wi4eeghi,Jose,Torres,776 Stewart Street,Indianapolis,IN,46204,MasterCard,5211400778317228,761,9/2017
Thinowns,AprilKNguyen@pookmail.com,ho3ieKai7ha,April,Nguyen,1877 Spring Haven Trail,Rochelle Park,NJ,07662,Visa,4916513626962234,678,6/2016
Ontowlynat1952,HazelHHyde@trashymail.com,iZooP9Fie,Hazel,Hyde,1449 Rafe Lane,Vardaman,MS,38878,MasterCard,5429006994304102,470,10/2016
Lettan,SadieWCoston@spambob.com,Muph1oox,Sadie,Coston,1368 Marshville Road,Goshen,NY,10924,Visa,4716955284933209,940,12/2016
Hatic1947,SheriDHarris@mailinator.com,pheedooX4Kai,Sheri,Harris,3848 Elm Drive,New York,NY,10018,Visa,4929918520160667,626,8/2015
Mortan,JennieAHale@dodgit.com,Xo5ahshaeCh,Jennie,Hale,1400 Dog Hill Lane,Wilson,KS,67490,Visa,4929505335179501,290,2/2017
Esces1927,DavidMConners@dodgit.com,jeich8chu5Ru,David,Conners,4426 Pick Street,Loveland,CO,80537,MasterCard,5201810434818371,985,4/2014
Pursho1943,EarlABaltz@dodgit.com,ao7eRoDoeg,Earl,Baltz,4554 Valley View Drive,Waltham,MA,02154,MasterCard,5498970920435593,719,6/2014
Nold1967,BettyEMontgomery@dodgit.com,xooch4OVoh,Betty,Montgomery,3352 Kuhl Avenue,Lawrenceville,GA,30245,Visa,4532976476352802,766,4/2017
Sphe1972,DarrinSKyle@spambob.com,naKo8mahcah,Darrin,Kyle,2751 Burning Memory Lane,Philadelphia,PA,19103,MasterCard,5517316006655075,097,1/2013
Pegglind1975,ShannonNJohnson@pookmail.com,ohNg5aer,Shannon,Johnson,4577 Bastin Drive,Philadelphia,PA,19108,Visa,4716999379226624,360,9/2017
Learaw,GabrielGDuran@trashymail.com,Ebuuc0oo,Gabriel,Duran,1188 Tecumsah Lane,Shreveport,LA,71101,MasterCard,5381428321982648,865,8/2016
Shish1943,ShirleyJKrieg@spambob.com,uzahph3F,Shirley,Krieg,2902 Roosevelt Street,San Francisco,CA,94124,Visa,4556152310315097,742,4/2013
Wilkened,MarthaPBrown@spambob.com,hool8beiZ8,Martha,Brown,1499 Elm Drive,New York,NY,10013,MasterCard,5396817864750847,452,5/2017
Allone,MarchelleDEvans@trashymail.com,Fouhoob5Oosh,Marchelle,Evans,184 Sycamore Lake Road,Menasha,WI,54952,Visa,4916793590442302,248,11/2013
Whowd1956,EllenABerry@mailinator.com,rae9thu2Uek,Ellen,Berry,2432 Doctors Drive,Santa Ana,CA,92705,Visa,4929470854259301,173,5/2013
Fecoing1954,JamesKThomas@spambob.com,oogh6Iej0,James,Thomas,4252 Hampton Meadows,Bedford,MA,01730,Visa,4539846800495945,398,7/2016
Hols1980,TerryHBarnett@dodgit.com,Teej1ahph,Terry,Barnett,1241 Godfrey Street,Portland,OR,97214,MasterCard,5167945248334983,154,8/2017
Drathe,ElizabethMArnold@spambob.com,aeTh0fi4ei,Elizabeth,Arnold,626 Public Works Drive,Collegedale,TN,37315,Visa,4556459669273714,944,7/2013
Whencer,NoraSWilliams@trashymail.com,EePei7ee,Nora,Williams,4280 Dogwood Road,Gilbert,AZ,85233,MasterCard,5282222564281671,472,11/2016
Bodn1931,ConnieJMoore@pookmail.com,Saey8tusee6,Connie,Moore,402 Washburn Street,Baton Rouge,LA,70801,MasterCard,5233156051384780,394,11/2017
Auneance,MarthaDMcClendon@dodgit.com,wahja6Uhai9,Martha,McClendon,733 Francis Mine,Adin,CA,96006,MasterCard,5244182502929632,302,6/2013
Entinver,StaceyDMohler@spambob.com,RuiD4aiYa,Stacey,Mohler,2820 Finwood Road,Neptune,NJ,07753,Visa,4916168524759297,315,10/2015
Thretent1986,SierraVKing@pookmail.com,quouPhe0ph,Sierra,King,4869 Poco Mas Drive,Frisco,TX,75034,Visa,4485405535280272,158,2/2016
Driblen,CarolFGarcia@pookmail.com,Eebothah6ae,Carol,Garcia,120 Lyndon Street,Wayne,PA,19088,Visa,4916343296052854,505,1/2017
Vien1936,FranciscoHMcMillan@spambob.com,oozohS7f,Francisco,McMillan,4538 Nixon Avenue,Chattanooga,TN,37450,MasterCard,5266281839207978,582,1/2014
Dayinceds,DonaldRBowman@dodgit.com,Ohche7oech9,Donald,Bowman,1551 Nuzum Court,Buffalo,NY,14216,MasterCard,5518346297565757,786,4/2017
Pribue,ThomasGCorbett@pookmail.com,Aak5ceichi8,Thomas,Corbett,1797 Woodlawn Drive,Milwaukee,WI,53218,MasterCard,5312555254198661,209,6/2017
Spand1975,MeredithBBridges@dodgit.com,joh1Gaenesh,Meredith,Bridges,681 Deans Lane,Poughkeepsie,NY,12603,Visa,4539163704705449,920,11/2017
Bringer,MichaelCMarshall@trashymail.com,Io5geengeeG,Michael,Marshall,2782 Riverwood Drive,Sacramento,CA,95814,Visa,4532566160537022,207,1/2017
Sathimpiou,CliffordEHaller@trashymail.com,aeWi1kie,Clifford,Haller,431 Jerome Avenue,Harlingen,TX,78550,MasterCard,5280928068193012,385,5/2016
Indis1939,LarryJMcCartney@pookmail.com,oogh4Phie,Larry,McCartney,4648 Michael Street,Houston,TX,77021,MasterCard,5572107916587652,833,9/2016
Hilooppat,MelissaRLeach@dodgit.com,aiXou2Ru,Melissa,Leach,3853 Terra Cotta Street,Deerwood,MN,56444,Visa,4539914804430753,305,1/2013
Thip1947,AliceFStanford@dodgit.com,yu6euQuah,Alice,Stanford,4701 Hudson Street,Piscataway,NJ,08854,MasterCard,5451937095123838,249,2/2015
Tooll1954,LavadaJMcKeon@mailinator.com,dahp0toh3Ie,Lavada,McKeon,4337 Paul Wayne Haggerty Road,New Orleans,LA,70139,Visa,4532517726573803,675,7/2014
Theireses,TracyCAllen@dodgit.com,xaeng1Zohf,Tracy,Allen,984 Clifford Street,Fremont,CA,94536,Visa,4929656435640189,180,1/2013
Treverg,MyrtleJGlover@pookmail.com,aiyao0aeRuM,Myrtle,Glover,1359 Jennifer Lane,Chapel Hill,NC,27514,Visa,4556768301639144,603,12/2015
Therok,RebeccaBSantamaria@trashymail.com,zoo6iej8Sh,Rebecca,Santamaria,3806 Orchard Street,Minneapolis,MN,55401,Visa,4929140758785426,034,12/2016
Downe1977,NancyMLott@trashymail.com,nie5Foo9,Nancy,Lott,4598 Gorby Lane,Carthage,MS,39051,Visa,4539950367890579,464,10/2016
Satedilly76,JanetDSmith@spambob.com,Quieg2aghoo,Janet,Smith,220 Pike Street,San Diego,CA,92111,Visa,4539775571215408,752,4/2013
Toomen,JamesMBanks@trashymail.com,aic3Cieph,James,Banks,4773 Davis Street,Lincolnton,GA,30817,MasterCard,5352790268360277,617,6/2016
Drance,ZoniaFSale@dodgit.com,miey7Pai0Ah,Zonia,Sale,3463 Beeghley Street,Waco,TX,76701,MasterCard,5142311559250849,620,8/2015
Tereptimbut,AlmaBMunro@dodgit.com,ek0fei6Sae,Alma,Munro,3115 Candlelight Drive,Houston,TX,77060,MasterCard,5427292333531496,195,9/2014
Thercits,PamCCabrera@pookmail.com,ooCaing2ye,Pam,Cabrera,3092 Central Avenue,Rochelle Park,NJ,07662,Visa,4485492767113108,070,11/2015
Wilet1928,WayneKForte@dodgit.com,thidish5Ij,Wayne,Forte,279 Tanglewood Road,Fulton,MS,38843,MasterCard,5159924745833680,148,11/2015
Priond,JacquelineEMcPherson@dodgit.com,seev3Ohpa5,Jacqueline,McPherson,2821 Rebecca Street,Waukegan,IL,60085,Visa,4556392200806983,711,8/2014
Haterrovat39,JeanPJoy@trashymail.com,wooFaeko7Ai,Jean,Joy,1076 Diamond Street,Hickory,NC,28601,MasterCard,5485741831624186,653,10/2013
Mistne,AngelaCBreaux@trashymail.com,Vai2aejie,Angela,Breaux,4211 Alpaca Way,Anaheim,CA,92801,MasterCard,5579392435946638,865,2/2014
Camonect,WilmaDTillson@mailinator.com,qui9aeM4boh,Wilma,Tillson,2858 Woodland Avenue,Garyville,LA,70051,Visa,4716759325717831,193,5/2015
Coully,CynthiaGJepson@pookmail.com,Aequi7ieree,Cynthia,Jepson,1867 Middleville Road,Gardena,CA,90248,Visa,4929493684360164,838,9/2017
Brines88,RodrickMSmith@pookmail.com,jusoo4Heici,Rodrick,Smith,601 Bassel Street,Ponchatoula,LA,70454,MasterCard,5103978053144855,125,10/2016
Coulsomest,JoaquinCAronson@dodgit.com,uy6Uu6Sah,Joaquin,Aronson,2309 Philli Lane,Tulsa,OK,74126,MasterCard,5287355202914033,355,6/2014
Promfonston,WillieSFrailey@dodgit.com,dae5Equee,Willie,Frailey,2562 Grant View Drive,Brookfield,WI,53005,Visa,4485879469745205,653,2/2015
Ourprive,TylerJChavez@spambob.com,Duapo6ahz5s,Tyler,Chavez,4605 Comfort Court,Madison,WI,53703,Visa,4716076839031082,886,7/2013
Forearth,AgustinaBMoore@mailinator.com,xiek5Roovo,Agustina,Moore,3897 Flint Street,Saipan,MP,96950,MasterCard,5165565349637332,057,8/2013
Porchish28,HelenRKim@trashymail.com,sho2oChu5,Helen,Kim,4909 James Avenue,Fair Haven (Cayuga),NY,13064,MasterCard,5150189496403955,961,9/2013
Comineve,LauraMPearman@spambob.com,Oon7Dohsaesh,Laura,Pearman,2578 Jadewood Drive,Northbrook,IL,60062,Visa,4916638298679616,187,1/2013
Dickclonsund,MichaelSGauna@dodgit.com,Phifai4S,Michael,Gauna,1427 Brown Avenue,Seneca,SC,29678,Visa,4716198287978968,271,11/2017
Hempring,HansBRodriguez@mailinator.com,Ideez8ohZ,Hans,Rodriguez,629 Broadway Avenue,Chattanooga,TN,37409,MasterCard,5467107804491551,455,9/2013
Boulciance,JohnMAllen@mailinator.com,tha1OhPh,John,Allen,4681 Yorkshire Circle,Roxobel,NC,27872,Visa,4532570507640333,316,8/2017
Folettelver,ChristopherBTalbot@spambob.com,fee3SixiDoR,Christopher,Talbot,3000 Melm Street,Providence,RI,02905,MasterCard,5361255678672751,361,4/2017
Widell,StephenVEdwards@spambob.com,choi2Yee,Stephen,Edwards,4687 Vine Street,Elk Grove Village,IL,60007,Visa,4532749994272012,485,6/2015
Tave1955,KristenJWilkinson@spambob.com,Viedah9zi,Kristen,Wilkinson,4818 Sunburst Drive,Fort Myers,FL,33912,Visa,4485509757203761,386,9/2014
Gues1953,PhilipMSchilling@dodgit.com,she5Doh6sh,Philip,Schilling,3605 Hannah Street,Hickory,NC,28601,MasterCard,5578057648711571,374,8/2015
Olor1992,ErnestLRoosa@dodgit.com,Oyohth4Vu,Ernest,Roosa,3449 Loving Acres Road,Arlington,TX,76010,MasterCard,5312449773883930,827,11/2014
Kessad,ErnestGGreen@mailinator.com,Pe4oi9quee,Ernest,Green,3930 Meadowcrest Lane,Grayson,KY,41143,Visa,4485928660743970,858,5/2013
Soory1963,RachelleMJeffords@spambob.com,IeCh9Raeth,Rachelle,Jeffords,2303 Broad Street,Birmingham,AL,35222,Visa,4929354428292883,476,7/2013
Susher48,DanaGProwell@spambob.com,ub4aiXaesh7,Dana,Prowell,3707 Trainer Avenue,Peoria,IL,61602,MasterCard,5510806836802399,064,1/2017
Naticepled,CarlDRose@dodgit.com,eeh0IeGhe,Carl,Rose,3164 Pringle Drive,Chicago,IL,60606,MasterCard,5503083684908921,959,11/2016
Rourt1969,MaribelPEskridge@pookmail.com,go4Bohqu7,Maribel,Eskridge,3583 Harvest Lane,Winigan,MO,63566,Visa,4929300162057487,761,6/2013
Wormse,MichaelNValenzuela@dodgit.com,achieTh1Kohp,Michael,Valenzuela,4319 Brookside Drive,Birmingham,AL,35205,MasterCard,5257176182562642,524,4/2015
Maiverse,DaltonRJohnson@mailinator.com,Fuy2peic7ieCh,Dalton,Johnson,1670 Waldeck Street,Fort Worth,TX,76112,MasterCard,5348159464858152,513,8/2013
