Username,EmailAddress,Password,GivenName,Surname,StreetAddress,City,State,ZipCode,CCType,CCNumber,CVV2,CCExpires
Nals1937,MistyAMitchell@pookmail.com,ahf3rohJo3Aa,Misty,Mitchell,59 Goldleaf Lane,Rochelle Park,NJ,07662,MasterCard,5322285809237891,457,10/2013
Blity1962,KeithCLongfellow@dodgit.com,Pee3seej,Keith,Longfellow,287 Stiles Street,Pittsburgh,PA,15219,MasterCard,5423261742441963,261,7/2016
Bleffir,WendyRRomero@spambob.com,eij9Kihoo,Wendy,Romero,4012 Whispering Pines Circle,Dallas,TX,75240,Visa,4485279167686381,268,2/2014
Onele1933,GermaineCKemp@spambob.com,aisoC3pai,Germaine,Kemp,1678 Lunetta Street,Bowie,TX,76230,MasterCard,5575724520594580,138,7/2016
Cappitst,RubenCSmith@spambob.com,ieR5Eixei,Ruben,Smith,3188 Haymond Rocks Road,Elkton,OR,97436,MasterCard,5500471391295919,115,4/2017
Brours,CourtneyLCarroll@spambob.com,Ni0naa5Aex,Courtney,Carroll,2938 Saints Alley,Tampa,FL,33602,MasterCard,5539192460827714,836,7/2015
Courecity,EdwardCRichmond@spambob.com,ahnoz1Kooz,Edward,Richmond,2692 Front Street,Capac,MI,48014,MasterCard,5201237362397121,657,3/2016
Dorge1982,KyleBCenteno@pookmail.com,aititie0Oh,Kyle,Centeno,3676 Glen Street,Paducah,KY,42003,MasterCard,5270317514797711,532,10/2015
Derming,CarolynASoares@dodgit.com,fae8uh6eeV,Carolyn,Soares,2559 Turkey Pen Lane,Montgomery,AL,36104,Visa,4539830440640441,972,1/2013
Hounat,KerryMBrewer@mailinator.com,nahtei5eYu,Kerry,Brewer,2003 County Line Road,Plant City,FL,33566,MasterCard,5282838253585112,706,1/2014
Givenes,JasonACrowe@trashymail.com,sooJao6R,Jason,Crowe,876 Gorby Lane,Jackson,MS,39201,MasterCard,5394626316637722,621,11/2014
Theaught60,GaryAStevens@mailinator.com,oob2eNg5sha,Gary,Stevens,1603 Denver Avenue,Riverside,CA,92507,Visa,4556139059626552,160,12/2017
Upoorde,ElizabethTWebb@dodgit.com,uz3wooR8Ch,Elizabeth,Webb,2825 Weekley Street,San Antonio,TX,78258,MasterCard,5232498312399129,252,10/2015
Losom1986,KenKSalyers@mailinator.com,eihaH3eeBai,Ken,Salyers,4092 Jarvis Street,Williamsville,NY,14221,MasterCard,5465513604590264,297,3/2016
Followly50,MarkFNewby@dodgit.com,IequaZ1v,Mark,Newby,2205 Ashcraft Court,San Diego,CA,92101,Visa,4929014270672463,294,11/2015
Beffers,FrancescaMLittlejohn@mailinator.com,chaeroh2Ah,Francesca,Littlejohn,2249 Fowler Avenue,Richmond,IN,47374,MasterCard,5417132744328847,224,1/2015
Sciusurturs,RebeccaIMathews@pookmail.com,phei2see8Id,Rebecca,Mathews,1710 Isaacs Creek Road,Springfield,IL,62701,Visa,4485270689124696,295,11/2017
Ontomprods,DawnXFord@spambob.com,Iethie2mah,Dawn,Ford,3021 Lightning Point Drive,Memphis,TN,38128,Visa,4929585692192727,299,12/2014
Wrick1954,JesseLDanner@dodgit.com,SiB9nohtae,Jesse,Danner,3147 Spadafore Drive,Tyrone,PA,16686,MasterCard,5515234954267607,132,6/2013
Bowely,PriscillaJBass@mailinator.com,eiW1eixiet,Priscilla,Bass,1580 Lighthouse Drive,Bolivar,MO,64613,MasterCard,5326668500198817,716,2/2013
Heivices,AlbertGSimpson@pookmail.com,IeJah7QuoV,Albert,Simpson,4383 Jessie Street,Guysville,OH,45735,MasterCard,5114340089811220,749,6/2017
Whoween,PaulMMathis@spambob.com,ohRei2ohs,Paul,Mathis,1209 Linda Street,Philadelphia,PA,19108,Visa,4532633425573232,231,8/2013
Narce1986,RobertSHerrera@mailinator.com,Chahvae5,Robert,Herrera,1024 Peaceful Lane,Cleveland,OH,44115,MasterCard,5591190700480323,343,4/2016
Gren1971,ClaritaTHodnett@spambob.com,ieDaeth0,Clarita,Hodnett,3513 Mcwhorter Road,Jackson,MS,39201,Visa,4556727723977839,536,2/2014
Ripentople,ElliottMWilliams@spambob.com,Kah4pahpa,Elliott,Williams,765 Virgil Street,Pensacola,FL,32501,Visa,4532690891769298,521,8/2017
Hount1979,MichaelSMartin@pookmail.com,Ii1xieth,Michael,Martin,3471 Mount Tabor,White Plains,NY,10641,MasterCard,5121048288668983,482,4/2016
Whaput33,KathleenAHanley@mailinator.com,ahbeWu8kai,Kathleen,Hanley,4914 Pearl Street,Sacramento,CA,95814,Visa,4532353002987743,954,7/2014
Ansten,VeronicaSAnge@dodgit.com,Uoy0hei0ie,Veronica,Ange,4537 Orphan Road,Buffalo,NY,14214,MasterCard,5283286974006092,295,7/2017
Yese1993,AngelaCDanna@mailinator.com,Aila4tieh9z,Angela,Danna,1438 Crosswind Drive,Bowling Green,KY,42101,MasterCard,5561269076443143,436,5/2014
Nectur,MaraDSmall@pookmail.com,Ees1waeX8uu,Mara,Small,3272 Red Maple Drive,Los Angeles,CA,90017,MasterCard,5318324234319549,328,1/2017
Discully37,DanielAFackler@spambob.com,caeChieh3,Daniel,Fackler,4570 Hide A Way Road,Santa Clara,CA,95054,MasterCard,5197417268853197,778,12/2013
Cones1957,ThomasMFremont@trashymail.com,oTiche2ae,Thomas,Fremont,4757 Zappia Drive,Lexington,KY,40507,MasterCard,5126554243367483,110,4/2013
Mrsoled,ErnestPKetcham@trashymail.com,aas6aey7X,Ernest,Ketcham,2158 Stratford Park,Terre Haute,IN,47802,MasterCard,5180945890748103,710,6/2014
Grops1967,JeanneJCortes@pookmail.com,jeiphohH2Fee,Jeanne,Cortes,1452 Collins Street,Zephyrhills,FL,33541,Visa,4556654823889989,619,4/2013
Rusten,JamesHJohnson@mailinator.com,Iw0aikaisei,James,Johnson,3692 Hillcrest Avenue,Canton,MA,02021,MasterCard,5437877597148405,527,10/2016
Appere,BarbaraTGriffin@pookmail.com,Boit7ovaesh,Barbara,Griffin,467 Hog Camp Road,Burr Ridge,IL,60527,MasterCard,5281479658145623,273,6/2015
Winesse,RichardEBallantyne@mailinator.com,ahdoo6eeYour,Richard,Ballantyne,4927 Emma Street,Wolfforth,TX,79382,Visa,4556555984789944,201,8/2015
Haddince,KennethEWeisinger@trashymail.com,Phiev3vie,Kenneth,Weisinger,941 Wetzel Lane,Grand Rapids,MI,49508,Visa,4716892050094215,828,7/2017
Prooken,GeorgeDCausey@pookmail.com,Doch9uSh6,George,Causey,2318 Hilltop Street,Springfield,MA,01103,MasterCard,5544285895884640,930,7/2017
Miliche1954,CatherineDRamirez@dodgit.com,AiQu5ich9,Catherine,Ramirez,2509 Everette Alley,Sunrise,FL,33351,MasterCard,5282581632612625,183,2/2015
Theitheave,LoisCDinan@pookmail.com,Kieviegh9oo,Lois,Dinan,4632 Goldcliff Circle,Washington,DC,20005,Visa,4539705811443288,748,3/2017
Barks1963,FrancineEDowns@dodgit.com,ieWah2quie,Francine,Downs,1415 Meadow View Drive,Hartford,CT,06103,MasterCard,5185272295624648,165,6/2016
Butoot,MarthaJRichards@trashymail.com,oak0Jue1aeh,Martha,Richards,3454 Aspen Court,Hyde Park,MA,02136,Visa,4532099246826250,450,11/2014
Buspords,SteveDTant@pookmail.com,eicoch2Sah,Steve,Tant,4240 Raccoon Run,Seattle,WA,98101,Visa,4532033746965680,762,12/2015
Widee1946,EdieWFoy@pookmail.com,Wie9kouroun,Edie,Foy,3131 Selah Way,South Burlington,VT,05403,Visa,4916704179154655,929,9/2017
Nesight,ChristyAJenkins@dodgit.com,oac5Neekiem,Christy,Jenkins,3194 Stout Street,Harrisburg,PA,17102,MasterCard,5281393721949079,056,11/2013
Agpich1956,JoeHGarcia@spambob.com,eezoiN1moh,Joe,Garcia,864 Elm Drive,New York,NY,10022,MasterCard,5231891057644710,169,7/2013
Aloortat1987,PatriciaKDay@trashymail.com,Ong6geep,Patricia,Day,1429 Sarah Drive,Deridder,LA,70634,MasterCard,5139746347332547,836,4/2016
Wifing61,CarolGDrinkard@trashymail.com,Iat9sha7sei,Carol,Drinkard,3188 Burke Street,Cambridge,MA,02141,MasterCard,5502651098783600,614,6/2016
Sevours,DeliaLWilliams@trashymail.com,auV4iewu7,Delia,Williams,1993 Hott Street,Oklahoma City,OK,73107,Visa,4716789055525617,359,1/2013
Numentrut,StephenKSchmidt@spambob.com,GoiL1vouroom,Stephen,Schmidt,3871 Clousson Road,Houston,TX,77002,MasterCard,5313968495026287,620,9/2017
Arthe1950,KathrynTGill@mailinator.com,aTh8Om0iwa,Kathryn,Gill,158 Granville Lane,Newark,NJ,07102,Visa,4929550594651717,341,2/2017
Agaishime1975,SusanSKile@mailinator.com,Ahsah0ie,Susan,Kile,1531 Murphy Court,Riverside,CA,92504,Visa,4532964452761147,509,12/2014
Twoure,LynnGClements@pookmail.com,uB5ruoRateiph,Lynn,Clements,2802 Meadowbrook Mall Road,Los Angeles,CA,90024,Visa,4539584469518968,007,6/2015
Bost1932,CatherineTTodd@trashymail.com,saBap4ei,Catherine,Todd,1885 Clair Street,Waco,TX,76706,MasterCard,5442591701630843,474,8/2013
Gots1981,MichaelJGraham@pookmail.com,ma3bie3Bee,Michael,Graham,2969 Sussex Court,Dublin,TX,76446,Visa,4929890429358538,706,8/2014
Paliptim,JimmyPMoore@mailinator.com,eiPh8Og0iek,Jimmy,Moore,3049 Moore Avenue,Wichita Falls,TX,76308,Visa,4916614033472419,846,5/2014
Shors1932,BillyVNielsen@trashymail.com,Ro1ahjei2o,Billy,Nielsen,3389 Lynn Street,Brookline,MA,02146,MasterCard,5477672091391085,918,5/2015
Weireaddes,BillyRMcPherson@pookmail.com,see0Hi8i,Billy,McPherson,3667 Marion Drive,Tampa,FL,33624,Visa,4716949165658910,568,7/2014
Bouleareire1954,PamelaRDonaldson@mailinator.com,Gae6thuong,Pamela,Donaldson,97 Commerce Boulevard,Omaha,NE,68102,MasterCard,5301390428582795,734,8/2013
Bage1930,DewayneCLayfield@mailinator.com,ainie0Ahph,Dewayne,Layfield,1888 Cherry Camp Road,Chicago,IL,60605,MasterCard,5390713181896395,219,2/2016
Theneltand1989,JosephTKress@dodgit.com,aefae0Ei,Joseph,Kress,195 Southern Street,Glen Cove,NY,11542,Visa,4532521269339515,211,4/2013
Mortang33,BeatriceDJones@dodgit.com,KohZoeta9Qu,Beatrice,Jones,220 Tree Top Lane,Bensalem,PA,19020,Visa,4539241855872976,597,10/2016
Forcis,GaryEMattie@trashymail.com,aipei6Vie2ie,Gary,Mattie,4441 Roosevelt Road,Fort Scott,KS,66701,Visa,4916401362652583,302,1/2015
Yousses,GenevaEEspinoza@mailinator.com,Phei3aht2g,Geneva,Espinoza,3803 Sugarfoot Lane,Lafayette,IN,47906,MasterCard,5355186055766809,528,10/2017
Brit1967,TracyVHarbin@pookmail.com,wooYo2ho9Au,Tracy,Harbin,3383 Ritter Avenue,Southfield,MI,48034,Visa,4916815507885800,152,4/2013
Whispooke1963,JessicaRMatteson@pookmail.com,ahDeej1i,Jessica,Matteson,336 Sycamore Lake Road,Green Bay,WI,54301,MasterCard,5336954963332269,721,5/2015
Fivend,MillardLSerrano@pookmail.com,tuJienuG0ah,Millard,Serrano,1207 Goff Avenue,Grand Rapids,MI,49503,Visa,4716739798739447,705,4/2014
Whippilliam,AlanMNowell@pookmail.com,Ahj1pheeN,Alan,Nowell,4799 Kildeer Drive,Chesapeake,VA,23320,MasterCard,5266455665321703,833,10/2014
Complis,DonnaJAlm@pookmail.com,OoGhah0ai,Donna,Alm,2656 Tree Top Lane,Reading,PA,19601,MasterCard,5265715506614702,330,8/2013
Wisford81,CarmelWChildress@pookmail.com,zaeGieJ9,Carmel,Childress,2646 Kelly Drive,Charleston,WV,25301,Visa,4485722537841319,459,5/2017
Campleverem,CarolREnnis@mailinator.com,PaPhei9ea,Carol,Ennis,3811 Modoc Alley,Pocatello,ID,83202,Visa,4929479683255232,172,7/2017
Diethat,WilliamDHarris@pookmail.com,chi3ooZ7ae,William,Harris,3405 Redbud Drive,New York,NY,10001,MasterCard,5560109505833046,312,10/2015
Thref1991,ShannonRHamilton@dodgit.com,ooNothohba4,Shannon,Hamilton,3503 Indiana Avenue,Honolulu,HI,96814,Visa,4556959560347178,343,9/2013
Viney1976,AlanISouthworth@dodgit.com,wohf5zeuSh,Alan,Southworth,400 Cooks Mine Road,Albuquerque,NM,87102,MasterCard,5582357355047696,272,8/2017
Eithe1941,ThomasJSmallwood@spambob.com,neeCh5ithaiw,Thomas,Smallwood,3908 Randolph Street,Worcester,MA,01609,MasterCard,5537228679282598,868,8/2013
Thostiress,BrandonSRhoads@trashymail.com,IeFu1Qui,Brandon,Rhoads,593 Collins Street,Timblin,PA,15778,MasterCard,5590376068481513,919,3/2014
Wizance,RobertMAaron@pookmail.com,kuTh2Eesuqu,Robert,Aaron,716 Daylene Drive,Southfield,MI,48075,MasterCard,5542441039270665,024,12/2017
Eversheyea,MariaMGlenn@trashymail.com,Ap0Oug4P,Maria,Glenn,3009 Progress Way,Saint Cloud,MN,56303,Visa,4485515638542954,093,2/2016
Actily,MargieGGoo@pookmail.com,uuGh5dii,Margie,Goo,2185 Woodrow Way,San Augustine,TX,75972,Visa,4929942441157545,377,12/2014
Iniently,LawrenceMGarcia@mailinator.com,Sei2aineikei,Lawrence,Garcia,3274 Meadowbrook Mall Road,Los Angeles,CA,90017,MasterCard,5284311941113299,133,5/2017
Carmand37,RonnieRShipp@dodgit.com,odung3Joom,Ronnie,Shipp,3447 Walnut Hill Drive,Cincinnati,OH,45202,Visa,4556732912343298,527,12/2017
Indres1973,JerryPFederico@pookmail.com,Iethaexe8,Jerry,Federico,2131 Thompson Street,Paramount,CA,90723,MasterCard,5137864502606613,408,12/2014
Terity,KathrynJLaine@trashymail.com,Fauw3Xowohph,Kathryn,Laine,1975 Arron Smith Drive,Honolulu,HI,96814,MasterCard,5481297692198012,134,6/2013
Retul1968,MargoDMcKeown@trashymail.com,Ra9thoong,Margo,McKeown,4001 Washburn Street,Baton Rouge,LA,70806,Visa,4485503040033135,798,8/2014
Histiamseent,PollyHChristianson@mailinator.com,Oon5Daechoo,Polly,Christianson,3335 Winifred Way,Indianapolis,IN,46225,MasterCard,5113444207761209,323,8/2017
Asine1959,StevenNJohnson@dodgit.com,xee0Teiphie,Steven,Johnson,842 Lynn Avenue,Eau Claire,WI,54701,Visa,4485833663090439,879,12/2013
Offerel,MaryRWilliams@spambob.com,Aesiethooj1y,Mary,Williams,498 Grove Avenue,Clinton,OK,73601,Visa,4916215172927773,958,4/2014
Placts,DannyLFoster@pookmail.com,eereoF6de,Danny,Foster,585 Jerry Dove Drive,Beaufort,SC,29902,Visa,4916132055078147,776,5/2013
Shoursted,DianaRWargo@spambob.com,ooGei1en,Diana,Wargo,3296 Spinnaker Lane,Joliet,IL,60432,MasterCard,5570533516926788,225,4/2014
Uniman,BlaineRYocum@trashymail.com,zoo6aiW2O,Blaine,Yocum,57 Del Dew Drive,Clarksville,MD,21029,MasterCard,5414707579824979,901,9/2014
Evend1988,DanaHBarrera@mailinator.com,AeraNi3Jie,Dana,Barrera,2043 Meadow View Drive,Hartford,CT,06103,MasterCard,5510223627157795,892,1/2013
Majece,JoseAMcIntosh@pookmail.com,aom5Veeroh,Jose,McIntosh,1629 Single Street,Woburn,MA,01801,Visa,4532982818770313,418,6/2014
Flooke,KellyACote@pookmail.com,heiSookee6v,Kelly,Cote,174 Crowfield Road,Phoenix,AZ,85032,MasterCard,5440765978664576,303,2/2016
Froprithe,DavidDTaylor@spambob.com,coVe0DauSha,David,Taylor,2118 Andell Road,Lebanon,TN,37087,MasterCard,5203502382004934,757,4/2017
Forthe,JuneJHammer@trashymail.com,Aa9iu9vo4V,June,Hammer,884 Crestview Manor,Indianapolis,IN,46204,Visa,4929449894138394,414,5/2015
Seemase,ClaudiaJMacfarlane@dodgit.com,xieCou8ae,Claudia,Macfarlane,3014 Lady Bug Drive,Staten Island,NY,10306,MasterCard,5111427824845358,823,7/2016
Anattle,CharlesDMartin@spambob.com,EiNguf7AhF,Charles,Martin,154 Fannie Street,Hearne,TX,77859,Visa,4916674257613296,815,1/2013
Unstentymp35,RichardNSmith@trashymail.com,oQui4oHeequ,Richard,Smith,4461 Spring Avenue,Philadelphia,PA,19108,MasterCard,5439876714735829,231,3/2015
Ency1940,KellyCForbes@mailinator.com,ef7eiWie,Kelly,Forbes,187 Duffy Street,Portage,IN,46368,Visa,4916089589733631,074,12/2014
Arpich,TimothyCTaylor@trashymail.com,Xitah0Aid,Timothy,Taylor,235 James Street,Albion,NY,14411,MasterCard,5498183646254369,295,9/2016
Alung1959,DominicLBhatt@mailinator.com,aelei1Nah6,Dominic,Bhatt,3279 Hillcrest Lane,Irvine,CA,92664,Visa,4556328465641111,773,8/2014
Engly1944,RoseDSimpson@pookmail.com,Gogiugh2,Rose,Simpson,784 Deer Haven Drive,Greenville,SC,29601,MasterCard,5229867382288252,623,1/2013
Bevold,KennethOBrown@pookmail.com,veiNoo9yoo7,Kenneth,Brown,3934 Layman Court,Smyrna,GA,30082,Visa,4485609314813340,889,8/2013
Thaddetishe,JeffreyBMcClinton@dodgit.com,Goh7sachoh7,Jeffrey,McClinton,4915 Blair Court,Warrensburg,MO,64093,Visa,4532379319934425,286,10/2013
Sellot,JudithGBiddle@dodgit.com,oi9vuaP9Ei,Judith,Biddle,3168 Beechwood Drive,Windsor Mill,MD,21244,MasterCard,5104046054881484,497,7/2016
Tholuthe79,LyndaEMartinez@dodgit.com,babieG6xedo,Lynda,Martinez,3000 Hewes Avenue,Baltimore,MD,21201,Visa,4556528856256664,768,6/2013
Youtbreters,TanyaCMaston@pookmail.com,eep3Xeedee,Tanya,Maston,3819 Capitol Avenue,Indianapolis,IN,46240,MasterCard,5375233673786193,588,12/2014
Cappery58,RitaGHendrix@mailinator.com,yu9eo4EoToo,Rita,Hendrix,4187 Overlook Drive,Indianapolis,IN,46268,MasterCard,5434453042916516,380,1/2014
Whisonds,MaryRLara@mailinator.com,Tai7faev6ao,Mary,Lara,147 Melm Street,Providence,RI,02908,Visa,4716847505023706,807,3/2015
Harbeadven1937,JoyceRSandoval@dodgit.com,eehoth0Ohj,Joyce,Sandoval,3543 Ingram Street,Kettering,OH,45429,Visa,4929893396480665,444,11/2014
Duritenter,EdnaGMartin@dodgit.com,Uiz3chie5,Edna,Martin,3656 Baker Avenue,Plano,TX,75074,Visa,4916560088623671,493,5/2014
Givell,KimberlyCHead@dodgit.com,dee0Yie0,Kimberly,Head,1579 Coolidge Street,North Custer,MT,59024,Visa,4556365598347224,978,5/2017
Exprind93,LulaGKennedy@pookmail.com,ekaequoos0E,Lula,Kennedy,1088 Sugarfoot Lane,Lafayette,IN,47901,Visa,4539015217254481,854,4/2016
Trise1973,SandraTWelter@dodgit.com,AhvaikiQui1,Sandra,Welter,756 Glenwood Avenue,Cleveland Heights,OH,44118,MasterCard,5274522809134621,282,5/2013
Muctercupity,MargaretMShook@pookmail.com,Shahxohng3ee,Margaret,Shook,1419 Rosemont Avenue,Melbourne,FL,32901,Visa,4929750779542570,289,7/2014
Arachis,RobertJMercer@dodgit.com,ha8Xiaw3,Robert,Mercer,2185 O Conner Street,Bay St. Louis,MS,39529,Visa,4485358859473892,171,1/2016
Lableason,MaryRGish@mailinator.com,Fohk8Aip8jah,Mary,Gish,4190 Collins Avenue,Westerville,OH,43081,Visa,4539399128900196,987,6/2015
Whad1941,RalphGHouse@spambob.com,quohCaiK1,Ralph,House,2732 Thomas Street,Lake Forest,IL,60045,Visa,4716922965543368,679,2/2014
Porn1985,BrendaLPearson@pookmail.com,pahpes5Ib,Brenda,Pearson,119 Ocala Street,Orlando,FL,32805,MasterCard,5557411865334135,148,6/2013
Rociefoldn,GloriaTQuast@trashymail.com,bei2iPho,Gloria,Quast,611 Pointe Lane,Hollywood,FL,33020,Visa,4916605131204159,067,2/2016
Nectiong,DavidAHansen@pookmail.com,Leithae6ph,David,Hansen,3120 Earnhardt Drive,Louisville,KY,40211,Visa,4716589384333018,455,3/2014
Witilty,KimAMashburn@dodgit.com,Ogh4eet2see,Kim,Mashburn,545 Clarence Court,Ontario,CA,91761,MasterCard,5536485579998803,248,8/2017
Tilen1993,CaroleMNoonan@pookmail.com,coo0Aeh7oC,Carole,Noonan,4512 Cedarstone Drive,Toledo,OH,43612,Visa,4532774429417693,306,8/2014
Tatied28,VernellGCaballero@pookmail.com,beeghi3Ee,Vernell,Caballero,31 Brookview Drive,Beaumont,TX,77701,MasterCard,5172904457690661,286,6/2013
Uposyleas,PrestonCBrown@mailinator.com,Eix1laifo,Preston,Brown,1457 Burton Avenue,Memphis,TN,38138,Visa,4532362416148099,631,6/2014
Whoste,BonnyBJensen@trashymail.com,biis2Moo,Bonny,Jensen,4766 Patterson Fork Road,Chicago,IL,60654,Visa,4485270717963016,014,11/2013
Owamessely,AntoinetteRHolton@pookmail.com,ECh5oowie,Antoinette,Holton,1869 Barfield Lane,Indianapolis,IN,46268,MasterCard,5379045102512826,128,10/2015
Seliestionce1988,MaryRThomas@pookmail.com,iX4aiwae9,Mary,Thomas,3973 Myra Street,Providence,RI,02908,MasterCard,5539283016187792,086,12/2013
Namen1927,DannyKHartness@spambob.com,dohk2Tohch,Danny,Hartness,2954 Woodrow Way,Houston,TX,77027,MasterCard,5457967461599141,453,12/2016
Munter,KellyPLillard@trashymail.com,Quo5cohx6pae,Kelly,Lillard,3537 Ferry Street,Huntsville,AL,35816,Visa,4929995078624534,963,7/2016
Foughted,IdaJGordon@pookmail.com,phee2Ne3,Ida,Gordon,4121 Carter Street,Mounds,IL,62964,MasterCard,5515862232067736,364,12/2013
Sation,JamesRNeedham@trashymail.com,noaW2Ae3u,James,Needham,3009 Big Indian,New Orleans,LA,70112,Visa,4532020971079550,572,4/2015
Rived1937,GwendolynEKent@mailinator.com,aiw2Keniqu,Gwendolyn,Kent,231 Vesta Drive,Chicago,IL,60626,Visa,4539955818145267,936,8/2016
Samstered,ThomasNHipps@dodgit.com,aiqu6ohNie,Thomas,Hipps,1378 C Street,East Bridgewater,MA,02333,MasterCard,5171055759122746,697,6/2013
Drood1965,RonaldCMcKernan@pookmail.com,bai6Ohjahp,Ronald,McKernan,4021 Wilkinson Court,Fort Myers,FL,33901,Visa,4929068023659722,876,2/2014
Whowd1961,VickieRMcKean@dodgit.com,ou3Nahvoop,Vickie,McKean,1478 Sunburst Drive,Fort Myers,FL,33912,Visa,4532702471186320,609,7/2013
Thessidew,HelenEPollard@spambob.com,dooqu4ieH,Helen,Pollard,3282 Bagwell Avenue,Brooksville,FL,34601,Visa,4916803585723291,971,8/2016
Mortas,MaryRRandell@dodgit.com,goo0Dievei,Mary,Randell,2188 Winifred Way,Marion,IN,46953,MasterCard,5449407264296075,870,7/2013
Hinge1958,RobertLDillow@spambob.com,AMaeb6coo,Robert,Dillow,2379 Anthony Avenue,Abilene,TX,79602,MasterCard,5521210421768759,077,4/2014
Ardere1944,BrittGArchuleta@spambob.com,ohv2uy9Ph,Britt,Archuleta,2598 Spinnaker Lane,Dekalb,IL,60115,MasterCard,5353988547277366,742,9/2015
Friltang,SherryTPrentice@dodgit.com,boogh6Ei,Sherry,Prentice,681 Bluff Street,New Market,MD,21774,Visa,4485388970542069,671,11/2014
Hatell,VeraCDooley@pookmail.com,eew1mahYi0i,Vera,Dooley,2412 Young Road,Murtaugh,ID,83344,MasterCard,5589497593470434,148,6/2017
Humbecioned,OdellLDavis@spambob.com,eiNg6coo8th,Odell,Davis,2969 Duff Avenue,Brattleboro,VT,05301,Visa,4556281750061877,448,11/2013
Frousper,DonnaMBailey@spambob.com,que1aSh1,Donna,Bailey,3324 Coburn Hollow Road,Peoria,IL,61602,MasterCard,5262736984925884,515,8/2013
Holf1983,GeorgeSPrice@dodgit.com,zaoth9he2I,George,Price,4491 Euclid Avenue,San Luis Obispo,CA,93401,MasterCard,5292612119721700,466,4/2015
Forombity70,GloriaGBurke@dodgit.com,kuaBa9nu3a,Gloria,Burke,1644 Vernon Street,Carlsbad,CA,92009,MasterCard,5203672708522438,751,4/2014
Thinde,EdgarHOng@dodgit.com,Eeng4ori1i,Edgar,Ong,3526 Pointe Lane,Ft Lauderdale,FL,33311,Visa,4716553976987094,533,12/2016
Nessery,MichaelFTimmons@pookmail.com,JeeKu0Ke5sh,Michael,Timmons,2311 Cameron Road,Randolph,NY,14772,Visa,4916767424767720,575,11/2017
Wayinshound81,IlseMGarcia@trashymail.com,AeN1iyaesh,Ilse,Garcia,3266 Coulter Lane,Richmond,VA,23219,MasterCard,5573728757388089,445,6/2013
Eyeanned,AngelaCHanson@dodgit.com,eiVees9Eejo,Angela,Hanson,290 Rainbow Road,Anaheim,CA,92801,MasterCard,5532421716996222,087,10/2015
Paboul,BrianCAmes@trashymail.com,shiozaiz6Ee,Brian,Ames,1102 Millbrook Road,Schaumburg,IL,60173,Visa,4916436855871415,417,7/2016
Raiddece,KarenWPorter@trashymail.com,ierae2Qu,Karen,Porter,3463 Sycamore Fork Road,Minneapolis,MN,55410,Visa,4532135793433445,878,1/2014
Shink1974,LoisSHampton@spambob.com,Aid1phohV,Lois,Hampton,1285 Meadowbrook Mall Road,Los Angeles,CA,90017,Visa,4532290520635570,267,4/2016
Twonver,RandalVRodriguez@mailinator.com,daikae7Eez,Randal,Rodriguez,1460 Hickory Street,Orem,UT,84058,MasterCard,5509145655553095,643,12/2013
Voymber,JasonEWiedman@pookmail.com,ooPheegi8,Jason,Wiedman,4041 Eastland Avenue,Jackson,MS,39211,MasterCard,5480350663248513,563,3/2016
Rill1936,BrendanEPalmer@spambob.com,Thahf1wibah,Brendan,Palmer,1212 Whitetail Lane,Richardson,TX,75081,MasterCard,5567012172600263,927,5/2016
Babodest74,CherylNReyes@dodgit.com,laimaeD0vie,Cheryl,Reyes,4925 Lightning Point Drive,Covington,TN,38019,MasterCard,5555246778647070,097,12/2014
Foolity,MarkWNipp@trashymail.com,AeDileel1,Mark,Nipp,3989 Stanley Avenue,Brentwood,NY,11717,Visa,4539105289701566,875,2/2014
Seend1933,GilbertBHolcomb@trashymail.com,Aje7eiloo,Gilbert,Holcomb,3718 Columbia Road,Englewood,CO,80112,Visa,4716896292733217,152,10/2016
Joinambor,ToddSBrown@dodgit.com,Ui6chaeng,Todd,Brown,1156 Ridenour Street,Paradise,KS,67658,Visa,4485809314263237,616,6/2017
Anneized,BettyCHolloway@spambob.com,She8ShaeX1,Betty,Holloway,1397 Reppert Coal Road,Southfield,MI,48075,Visa,4539771994329454,702,7/2013
Opeance,JamesAOakes@pookmail.com,ahC5ookaK9oo,James,Oakes,890 Edgewood Avenue,Fresno,CA,93704,MasterCard,5400738894793207,678,4/2015
Ithad1934,FrankEMroz@trashymail.com,ohW3quiah,Frank,Mroz,2556 Walnut Street,Jackson,MS,39211,MasterCard,5292549713140756,619,6/2013
Uply1952,JohnFMiller@pookmail.com,be5Ut0Giek,John,Miller,2670 Whitman Court,Greenwich,CT,06830,MasterCard,5204976094377748,479,5/2015
Uposend,RockyCGoodwin@dodgit.com,roothoor1A,Rocky,Goodwin,158 Metz Lane,Pennsville,NJ,08070,MasterCard,5365619066528287,579,2/2015
Whattlial,DannyMMartin@trashymail.com,eZ3eeNgoh8,Danny,Martin,4850 Fidler Drive,San Antonio,TX,78229,MasterCard,5339916314951292,471,6/2015
Corser,DavidLNewson@mailinator.com,AeKooDie0,David,Newson,4168 South Street,Alpine,TX,79830,Visa,4929056601130935,857,4/2016
Thentervich,AliciaLAbrahamson@dodgit.com,Daegho0ahf,Alicia,Abrahamson,692 Simons Hollow Road,Selinsgrove,PA,17870,MasterCard,5347717934323833,706,4/2017
Equescam,RaymondCLee@pookmail.com,hee9pooPee,Raymond,Lee,2993 Armbrester Drive,Anaheim,CA,92801,Visa,4556181620456895,939,10/2017
Thimilit1935,JohnnyVDoe@spambob.com,ieQuaejo3eaf,Johnny,Doe,3151 Masonic Drive,Bozeman,MT,59715,MasterCard,5293920292892233,223,4/2017
Obet1954,AnthonyLGuerra@pookmail.com,Iaf2weewael8,Anthony,Guerra,1535 Oakwood Avenue,Manhattan,NY,10016,MasterCard,5479285063094799,954,10/2017
Promese1943,RickyIHemphill@mailinator.com,areeJ8ohloe,Ricky,Hemphill,78 Chatham Way,Beltsville,MD,20705,MasterCard,5503411332732197,835,8/2014
Rocird,CecilCBurnett@trashymail.com,eiCh3iu4k,Cecil,Burnett,2480 Village View Drive,Fort Myers,FL,33912,MasterCard,5344794200503102,774,6/2014
Appeang,MollyGEstes@spambob.com,dae9phooBae,Molly,Estes,3056 Hidden Pond Road,Brentwood,TN,37027,Visa,4539344137728808,642,9/2015
Tholdrie,EllaJGarcia@spambob.com,jieHe0Zej,Ella,Garcia,1067 Bel Meadow Drive,Colton,CA,92324,Visa,4929140074959879,013,7/2013
Forproing,BeulahCGaribay@trashymail.com,Ainu3oT6v,Beulah,Garibay,4548 Bluff Street,Lexington Park,MD,20653,MasterCard,5275057379141457,582,9/2015
Theitchers,LouiseSBales@mailinator.com,XoopeSh6oo,Louise,Bales,1996 Deer Ridge Drive,Newark,NJ,07105,MasterCard,5287299585046759,716,6/2014
Wifiest,LinnieMRegalado@pookmail.com,vueKah3eeb,Linnie,Regalado,4312 Rafe Lane,Greenwood,MS,38930,MasterCard,5405100671101424,134,4/2017
Pitore1986,RuthSHughes@mailinator.com,ohphee9Tiul,Ruth,Hughes,2698 Junior Avenue,Atlanta,GA,30315,Visa,4485964354314737,489,11/2016
Siblen,DeonSSharp@mailinator.com,Pee9na0ao,Deon,Sharp,1275 Heavens Way,Rancho Santa Margarita,CA,92688,Visa,4485262126431545,932,1/2016
Theing,LauraASingleton@spambob.com,RahTah2quoh,Laura,Singleton,856 Ingram Street,Dayton,OH,45402,Visa,4485580468061863,360,1/2014
Sontrom1959,JamesMSpeck@pookmail.com,Vai4ex7eegh,James,Speck,3279 Elm Drive,New York,NY,10013,MasterCard,5132875705271125,504,3/2014
Anxing1986,EdwinEHan@trashymail.com,eim8eekiM,Edwin,Han,3265 Reel Avenue,Albuquerque,NM,87107,Visa,4929533073004780,812,1/2013
Whelibeiren,LynnAFuller@dodgit.com,Oeh0taiNga,Lynn,Fuller,852 Golden Street,Islamorada,FL,33036,Visa,4556404459377044,959,7/2017
Agning,BarneyVDunn@trashymail.com,Ool5ith8jo,Barney,Dunn,2919 McDowell Street,Nashville,TN,37201,MasterCard,5408818056582853,357,3/2015
Tist1977,AnthonyCMcCoy@pookmail.com,Iefee3Quai,Anthony,McCoy,1403 Clay Lick Road,Centennial,CO,80111,MasterCard,5111228304137179,021,2/2013
Swee1977,RobertMSchuler@mailinator.com,OhDahdahde1,Robert,Schuler,1369 Central Avenue,Newark,NJ,07102,Visa,4716167722161357,772,5/2016
Sadied64,KarenGEtter@pookmail.com,oosieJ0xahae,Karen,Etter,3422 Wescam Court,Reno,NV,89506,Visa,4556056295884706,552,7/2014
Mixtiffinuel,RobynDWhitmer@dodgit.com,aiyuV2aidai,Robyn,Whitmer,890 Yorkshire Circle,Greenville,NC,27834,MasterCard,5550808037410775,894,12/2017
Fing1983,AnthonyJJoiner@spambob.com,Oopepove6,Anthony,Joiner,275 Cemetery Street,Salinas,CA,93901,Visa,4485088814166097,949,1/2017
Essurn1932,SimoneJHawkins@mailinator.com,Ohm8ooc0ae,Simone,Hawkins,1698 Sarah Drive,Lake Charles,LA,70629,Visa,4929891936281395,811,8/2014
Pasto1948,TashaRWalker@dodgit.com,uo8aiVeerae,Tasha,Walker,4249 Coburn Hollow Road,Peoria,IL,61602,Visa,4929116340578560,413,10/2017
Lifisselibee,CarolJGreen@dodgit.com,In5koo1ieng,Carol,Green,3153 Callison Lane,Newark,DE,19711,MasterCard,5379268336869776,536,9/2016
Smuld1943,StevenMMcDonald@spambob.com,Iemi0ohh4,Steven,McDonald,4638 Harvest Lane,Linneus,MO,64653,Visa,4485557107088622,015,11/2016
Alwand,ElvaJEvans@dodgit.com,Aeth4oo7,Elva,Evans,3849 Lady Bug Drive,Staten Island,NY,10306,Visa,4716110454936729,413,11/2016
Afteliencen,JanetMLinder@spambob.com,EeCighiK4,Janet,Linder,4171 Berkshire Circle,Knoxville,TN,37917,Visa,4929044824105678,237,10/2017
Ithentelus,JimCSettles@pookmail.com,Maqu0Chiej,Jim,Settles,4351 Haven Lane,East Lansing,MI,48823,Visa,4539160779970742,455,1/2017
Beir1989,MariaBMcKechnie@trashymail.com,eesaifaph5Oh,Maria,McKechnie,2076 Musgrave Street,Atlanta,GA,30305,MasterCard,5106706923970960,592,1/2014
Enwhat,SalvatoreSGentry@dodgit.com,keS8Xu4chee,Salvatore,Gentry,4739 Ash Street,Irving,TX,75060,MasterCard,5569962745791734,977,6/2017
Prodins,JosephBGordon@mailinator.com,shoocaeY1,Joseph,Gordon,1102 Thompson Street,Long Beach,CA,90808,Visa,4916006883690168,298,6/2016
Thaveruld,LindaWLapp@trashymail.com,ien9hu4Ai,Linda,Lapp,4450 Boone Crockett Lane,Portland,WA,97205,MasterCard,5579399959198850,038,2/2014
Taim1945,TeresaPBelvin@mailinator.com,iZ9oogeing,Teresa,Belvin,2895 Hershell Hollow Road,Everett,WA,98201,Visa,4929853814704294,990,5/2016
Depastakeely58,KatherineTReich@mailinator.com,HeteS6eew,Katherine,Reich,2323 Daffodil Lane,Mclean,VA,22101,MasterCard,5524125604905738,896,10/2017
Anist1947,KarenRKoller@trashymail.com,rohgh1Thai,Karen,Koller,230 Oliver Street,Dallas,TX,75202,MasterCard,5403425270129951,582,11/2014
Essan1973,JacobRMolina@spambob.com,Ea2Muigh,Jacob,Molina,3447 Fulton Street,Williamstown,WV,26187,MasterCard,5134816243076376,545,4/2014
Careason,TonyMKimble@spambob.com,raeV2oe9Ae,Tony,Kimble,1863 Cody Ridge Road,Hopeton,OK,73746,Visa,4916190927728190,918,3/2017
Nocarain,JulieAPerkins@trashymail.com,Thie0eeh7ri,Julie,Perkins,139 Freed Drive,Stockton,CA,95204,MasterCard,5166232127000386,009,9/2017
Yessist,StevenJBabcock@dodgit.com,Rie0ohphee,Steven,Babcock,1388 Aspen Court,Roxbury,MA,02119,MasterCard,5313340994806835,886,4/2013
Undir1983,LeonLReyes@spambob.com,Geith0oj3,Leon,Reyes,3794 Quiet Valley Lane,North Hollywood,CA,91605,MasterCard,5429619177376331,935,10/2017
Sireate,MilagrosRRaymond@dodgit.com,Aopae6ienoo,Milagros,Raymond,3433 Camden Place,Myrtle Beach,SC,29577,MasterCard,5241674073690109,798,1/2016
Aborne90,MonicaFWade@spambob.com,ag7ieYa7ie,Monica,Wade,3793 Kelly Street,Charlotte,NC,28202,MasterCard,5212883949559142,222,3/2015
Naters,JanetGMcEwan@dodgit.com,UaYaed3eir,Janet,McEwan,2644 Grey Fox Farm Road,Houston,TX,77002,MasterCard,5274315102761210,884,5/2014
Sagive,FrankKDo@spambob.com,naiL4iey,Frank,Do,1978 Bungalow Road,Omaha,NE,68154,MasterCard,5322184751076102,355,8/2013
Andsho,WilliamRGoodman@mailinator.com,ieThe8ee,William,Goodman,2995 Lady Bug Drive,Lamar,CO,81052,MasterCard,5368639123554586,332,10/2014
Hadge1975,ScottAKlemm@spambob.com,eFogaetia9,Scott,Klemm,4668 Whitetail Lane,Dallas,TX,75234,Visa,4929079440373326,551,3/2013
Pron1939,JulioRMiller@mailinator.com,eeXeiph9ae,Julio,Miller,1795 Rardin Drive,Palo Alto,CA,94306,Visa,4556291187129122,743,1/2015
Screlested,DorothyMHahn@mailinator.com,coo4Wahba3oo,Dorothy,Hahn,4080 Boggess Street,Dayton,OH,45402,Visa,4716078253128675,912,7/2014
Evench,VictoriaSJames@dodgit.com,deeb3maiN6oo,Victoria,James,1919 Tibbs Avenue,Culbertson,MT,59218,MasterCard,5594685879268067,725,9/2016
Coveress,TamicaRGarcia@spambob.com,EaShiesaPh7,Tamica,Garcia,4132 Brown Street,Walnut Creek,CA,94596,MasterCard,5548305427241790,018,2/2016
Azzent82,CathernRHenry@pookmail.com,Eiy3fae8ei,Cathern,Henry,1316 Abner Road,Hudson,WI,54016,Visa,4485902707983568,460,6/2014
Hatabligh,LarryNHoleman@mailinator.com,jai7aariePh,Larry,Holeman,3193 Skips Lane,Show Low,AZ,85901,Visa,4929774226899680,269,1/2013
Annectruld,StevenJSanders@pookmail.com,vaWaiSh6y,Steven,Sanders,3481 Sycamore Circle,Bismarck,ND,58506,MasterCard,5190313766437210,359,11/2014
Wasse1991,MarionEMcDonough@mailinator.com,Oovee9Joh,Marion,McDonough,4133 Junkins Avenue,Albany,GA,31707,MasterCard,5492812578785372,494,11/2015
Inneve,LisaPNelson@dodgit.com,iPhaejie1Ee,Lisa,Nelson,3697 Cottonwood Lane,Grand Rapids,MI,49505,MasterCard,5411814014381699,022,5/2016
Cusion,FayeCGent@trashymail.com,Ech8usha6h,Faye,Gent,3972 Irving Road,Saint Clairsville,OH,43950,Visa,4485740180779834,382,12/2013
Bece1937,JohnPPearson@spambob.com,IuyohWuth3u,John,Pearson,4292 Smith Street,Worcester,MA,01609,MasterCard,5422064707746835,136,1/2014
Fortiont1980,JoniDDuckworth@pookmail.com,Wei6uogh,Joni,Duckworth,4031 Morgan Street,Panama City,FL,32401,Visa,4485350908151579,517,3/2015
Martrust1927,ThomasLBrake@dodgit.com,su4Lai3ai,Thomas,Brake,2614 Pinewood Drive,Antioch,IL,60002,MasterCard,5287768695358221,089,7/2014
Hinticts,VictorDTuggle@mailinator.com,wee8Ahph,Victor,Tuggle,1620 Ella Street,Oakland,CA,94612,MasterCard,5177266262575650,205,7/2017
Bobstine,SusanJRegan@pookmail.com,lai7Ub8aeph,Susan,Regan,3523 Jerome Avenue,Dallas,TX,75252,Visa,4539716479200134,812,5/2014
Thates,SylviaSShiffer@mailinator.com,iezaas1Bei,Sylvia,Shiffer,3515 Mesa Drive,Las Vegas,NV,89101,Visa,4556842728026324,326,3/2017
Sirsom1944,CarlosJTempleton@pookmail.com,fied1eGhoo,Carlos,Templeton,245 White Avenue,Corpus Christi,TX,78411,Visa,4485080410472763,541,3/2016
Bearywas,WoodrowMPeacock@mailinator.com,iebee6Sohlu,Woodrow,Peacock,312 Boone Crockett Lane,Shelton,WA,98584,Visa,4716858632606842,839,4/2015
Thistarry,StevenCBoan@mailinator.com,fuatoog3Rai,Steven,Boan,4329 Sheila Lane,Reno,NV,89502,MasterCard,5358087763240870,522,11/2016
Defourne,StuartRHarrison@spambob.com,queiWoo0ei,Stuart,Harrison,4570 Nutter Street,Camden Point,MO,64018,MasterCard,5322930902910940,817,12/2016
Marin1946,CarolAYe@dodgit.com,ow3OhJ6Z,Carol,Ye,929 Kessla Way,Beaufort,SC,29902,MasterCard,5433536604678978,212,9/2016
Befloons,JamesELevering@dodgit.com,ooKoo4AhDei,James,Levering,994 Duncan Avenue,New York,NY,10007,MasterCard,5289578525154643,812,11/2017
Thips1965,CatherineRHoffman@dodgit.com,oMot1de6,Catherine,Hoffman,2238 Stadium Drive,Quincy,MA,02169,MasterCard,5493208908936950,473,9/2016
Swed1969,JohnCJefferson@dodgit.com,ooYahboo1aeph,John,Jefferson,1027 Carriage Court,San Diego,CA,92103,Visa,4929849642345011,561,4/2017
Thews1938,ShannonACoan@pookmail.com,Ooquithah8,Shannon,Coan,3020 Grey Fox Farm Road,Tomball,TX,77337,Visa,4539515360699986,149,1/2017
Appoke,AlbertMRush@dodgit.com,Cu7Aid6xich,Albert,Rush,1810 Central Avenue,Jersey City,NJ,07306,MasterCard,5241357641182219,104,2/2017
Houlds,TommyBAbney@pookmail.com,ohm0Foh1aaV,Tommy,Abney,2271 Joanne Lane,Lowell,MA,01852,Visa,4485263155292857,035,6/2016
Noubtly,RobertMWilson@pookmail.com,Akougie5Ee,Robert,Wilson,3887 Brown Street,Flagstaff,AZ,86001,MasterCard,5105798196548079,743,11/2016
Perciated,ShaneCCaverly@trashymail.com,EeGhohgh7j,Shane,Caverly,4303 Karen Lane,Portland,OR,97205,Visa,4916308285856755,358,3/2013
Whisconce,ErinDLandaverde@dodgit.com,ahphaiBaiJ0,Erin,Landaverde,333 Marion Drive,Tampa,FL,33602,Visa,4532183910773483,235,5/2014
Loges1980,WillieFOrnelas@dodgit.com,Iexov3Fair,Willie,Ornelas,1037 Settlers Lane,Bellerose,NY,11426,Visa,4532136359788271,059,11/2016
Gematreheive,StephanieMCormier@spambob.com,reiTae4Wai,Stephanie,Cormier,4042 Everette Alley,Fort Lauderdale,FL,33301,Visa,4539253915232372,086,5/2016
Thavat,GaryBMoses@mailinator.com,queiSoi4ZeK,Gary,Moses,3585 Sycamore Fork Road,Hopkins,MN,55343,MasterCard,5505332482979180,774,6/2014
Musibing63,JuliusDThomas@spambob.com,ooku2Che6u,Julius,Thomas,1472 Leroy Lane,Wolsey,SD,57384,MasterCard,5290991987719737,469,4/2013
Bralow,GlendaJPerales@pookmail.com,oexoh9Bo7aM,Glenda,Perales,381 Hide A Way Road,San Jose,CA,95118,Visa,4716956374014462,950,4/2016
Thaddle1943,RonaldAMurray@spambob.com,hie4Xun4ev4,Ronald,Murray,2979 Henery Street,Wichita,KS,67203,MasterCard,5223807696418134,602,1/2017
Onely1974,KellyGAnaya@dodgit.com,coo0eeChiPah,Kelly,Anaya,92 Bryan Street,Greensboro,NC,27401,Visa,4539009282209058,756,2/2014
Saider58,RobertREllis@dodgit.com,aicur9Oy2f,Robert,Ellis,2862 Shingleton Road,Baroda,MI,49101,Visa,4916932337552003,170,1/2014
Cacked,ChristyCBrown@trashymail.com,Phoothich2,Christy,Brown,100 Aaron Smith Drive,Intercourse,PA,17534,MasterCard,5398070653445504,821,11/2017
Mrsawas,AndrewCPaisley@spambob.com,cei5Xuth,Andrew,Paisley,3760 West Street,Grand Rapids,MI,49503,Visa,4556663296412948,822,6/2016
Ardiner,DarrenRRodriguez@trashymail.com,ahhoJ0eir,Darren,Rodriguez,801 Allison Avenue,Driver,VA,23346,Visa,4485787882598079,916,12/2017
Diandence,MildredJHersh@spambob.com,AeSoh0co7v,Mildred,Hersh,1856 County Line Road,Tampa,FL,33634,MasterCard,5101442651219520,151,4/2013
Sairing,CarlLLipsky@dodgit.com,IeNg2cae2ong,Carl,Lipsky,1796 Broadway Avenue,Chattanooga,TN,37421,MasterCard,5385676306692113,134,6/2013
Tiongens,BrendaMCarter@pookmail.com,aiTae5yee,Brenda,Carter,3748 Hurry Street,Waynesboro,VA,22980,MasterCard,5327163168116565,211,1/2014
Drife1960,MarvinSSantos@mailinator.com,eaceiNg7ah,Marvin,Santos,107 Goff Avenue,Grand Rapids,MI,49503,MasterCard,5210100563520512,884,5/2016
Relithe,MichelleSJones@trashymail.com,aizaeQuei9,Michelle,Jones,2779 Gordon Street,Ontario,CA,91762,MasterCard,5493449516359397,578,1/2015
Thather,PatriciaEHarris@mailinator.com,eeC9aiV7,Patricia,Harris,1924 Bernardo Street,Tampa,FL,33607,Visa,4556023650958657,998,2/2014
Looduale,DebraSMerrow@mailinator.com,eeHaa2eishee,Debra,Merrow,54 Hood Avenue,San Diego,CA,92123,Visa,4916190166180269,392,11/2016
Forgartan,CharlesEWarren@trashymail.com,ooKie9iechah,Charles,Warren,929 Center Street,Jersey City,NJ,07304,Visa,4916636604691846,292,1/2016
Hinty1940,RobertoCSmith@dodgit.com,Paixai9gie,Roberto,Smith,1148 Luke Lane,Durant,OK,74701,MasterCard,5453527985039315,879,7/2017
Thempoess,DeborahJClinton@trashymail.com,go6To7ohsh,Deborah,Clinton,3069 Poplar Avenue,San Diego,CA,92107,MasterCard,5150605193590067,593,12/2014
Beet1982,AdamBRudolph@spambob.com,Joogh8hie,Adam,Rudolph,258 Oak Lane,Kansas City,MO,64106,Visa,4916783238419937,277,2/2013
Wease1992,EthelCHall@spambob.com,aquie6BoTh,Ethel,Hall,4153 Lee Avenue,Camden,NJ,08102,MasterCard,5423558609543298,650,6/2015
Stakint,FloydMStump@mailinator.com,oZahphu7ee,Floyd,Stump,4282 Johnstown Road,Antioch,IL,60002,MasterCard,5442305320101403,331,2/2015
Cone1932,MiraRSteed@dodgit.com,leew5aeW0xee,Mira,Steed,200 Sigley Road,Topeka,KS,66604,Visa,4916589215487007,423,11/2014
Waintassitan62,SaraHHitchcock@pookmail.com,Zoh2joh8ca,Sara,Hitchcock,506 Midway Road,Springdale,AR,72764,Visa,4929316289933293,343,11/2017
Weepame,BarbarRGordon@trashymail.com,Zooled9c,Barbar,Gordon,4399 Prospect Valley Road,Rancho Dominguez,CA,90220,MasterCard,5272656953882650,309,11/2016
Stry1968,MichealRBarnes@trashymail.com,eiju0Eg3Ae,Micheal,Barnes,4214 Spruce Drive,Pittsburgh,PA,15222,MasterCard,5557839733181421,611,3/2016
Haread1975,JulieDWalker@spambob.com,aichaeyoh1J,Julie,Walker,4149 Oak Drive,Saratoga Springs,NY,12866,Visa,4539943358355454,403,7/2013
Banot1949,BettyJWyatt@pookmail.com,Tee6rahlu5M,Betty,Wyatt,3627 Gregory Lane,Louisville,KY,40202,MasterCard,5113855350752564,639,4/2015
Whess1943,JamesMRivers@dodgit.com,ahj6ieToo1y,James,Rivers,2064 Oakwood Circle,Los Angeles,CA,90014,Visa,4716344986354123,142,12/2016
Ithirld,GlennJCyrus@spambob.com,rah5vie1R,Glenn,Cyrus,3509 Millbrook Road,Wheaton,IL,60187,MasterCard,5361200730996699,042,4/2015
Slitione89,RonSHernandez@trashymail.com,jahF4Iez,Ron,Hernandez,3098 Green Avenue,Oakland,CA,94612,MasterCard,5276972883380491,370,11/2015
Anduce1933,AnnetteCMcGinn@trashymail.com,peixohYe5ei,Annette,McGinn,133 White Pine Lane,Luray,VA,22835,Visa,4539035506426509,359,2/2017
Diat1942,HelenJIngram@trashymail.com,mouluTh7ahth,Helen,Ingram,1692 Harrison Street,San Francisco,CA,94108,MasterCard,5538060818145686,869,5/2017
Ontrus,GladysHBurnett@dodgit.com,Eiv8ti6chur,Gladys,Burnett,3164 Frosty Lane,Sidney,NY,13838,Visa,4716037385570030,719,3/2013
Foreplarks,MadelineDHoskins@trashymail.com,Aequ9ae3ue,Madeline,Hoskins,4933 Cessna Drive,Fort Wayne,IN,46804,Visa,4916311578358661,728,10/2015
Gary1968,SharonAChesser@mailinator.com,iCh5Lee9Ah,Sharon,Chesser,3353 Doe Meadow Drive,Washington,MD,20005,MasterCard,5447562878283414,246,5/2016
Poompor,SheriDLarson@dodgit.com,ieki5ieS,Sheri,Larson,1538 Neuport Lane,Panola,GA,30058,Visa,4532433986230193,419,7/2014
Howles,JamesAKrebs@spambob.com,vohboviad6G,James,Krebs,2865 University Drive,Chicago,IL,60606,MasterCard,5597734332368945,001,12/2014
Nont1990,CarlaWLatch@pookmail.com,uo1ui5eTi,Carla,Latch,3757 Saint Francis Way,Brookfield,WI,53005,MasterCard,5198323857317868,825,3/2014
Socculd,LesterCCha@dodgit.com,AeYohkahy8,Lester,Cha,4898 Seltice Way,Eagle,ID,83642,MasterCard,5131579939493478,052,2/2016
Hourtiong,SteveSAnderson@spambob.com,WaiL6aimoo,Steve,Anderson,2138 Bailey Drive,Belle Plaine,IA,52208,MasterCard,5259468745678405,104,11/2016
Hareand,EllaEBlue@dodgit.com,eeSav6lee,Ella,Blue,3962 Newton Street,Appleton,MN,56208,MasterCard,5456545187881679,606,10/2013
Twereen,GordonLHall@pookmail.com,Vie1shooz7e,Gordon,Hall,226 Griffin Street,Phoenix,AZ,85017,Visa,4716234647269036,434,11/2017
Themay,NaomiJKeller@mailinator.com,Ue8sieyae,Naomi,Keller,4339 Jail Drive,Geneseo,IL,61254,MasterCard,5489031755652538,180,2/2014
Dephateras,DavidKStokes@trashymail.com,quais2Ah,David,Stokes,204 Green Avenue,Oakland,CA,94612,Visa,4556098014986131,451,1/2014
Andies,AubreyRRedd@spambob.com,ieNaec7bi,Aubrey,Redd,2276 Jarvis Street,Buffalo,NY,14214,MasterCard,5444162911265214,203,3/2013
Mostaks,ChristopherJDenman@trashymail.com,Aema3Aihoh8,Christopher,Denman,3194 Virgil Street,Pensacola,FL,32507,Visa,4929570662771825,942,1/2015
Teling,JimmyALevine@dodgit.com,feij9Ooxah1H,Jimmy,Levine,4956 Clousson Road,Armstrong,IA,51514,MasterCard,5244959365325945,826,2/2016
Clot1992,JuliaMBland@pookmail.com,fee3Siagh,Julia,Bland,3315 Red Maple Drive,Los Angeles,CA,90017,MasterCard,5477195964320064,819,3/2013
Wharyince28,MargaritaJMitchell@pookmail.com,ieChi8Quah,Margarita,Mitchell,4092 Hilltop Drive,Hereford,TX,79045,Visa,4716541270546112,499,12/2015
Thimpubstur,JuanPBowman@trashymail.com,ahcu1uuVai,Juan,Bowman,1102 Dawson Drive,Little Rock,AR,72211,Visa,4485602999947855,042,3/2014
Hintewell,MarkMChambers@mailinator.com,ooZaiJei2k,Mark,Chambers,4521 Prospect Street,Pennsauken,NJ,08110,Visa,4929378320960461,811,1/2017
Noweepubt,WilliamJLydon@pookmail.com,iphaupha3hoS,William,Lydon,2805 Clinton Street,Eagleville,PA,19403,MasterCard,5535001981820963,946,5/2013
Suan1946,GregoryGBolton@trashymail.com,eijeiFei8,Gregory,Bolton,4083 Perine Street,Alexandria,VA,22370,MasterCard,5525756640993251,169,9/2015
Blearly,JamesJThomas@pookmail.com,AiRohng2Yie,James,Thomas,2886 Ashton Lane,Austin,TX,78704,Visa,4556710638557508,641,7/2017
Wred1971,StephanieKMcCown@spambob.com,quaiH9Fahv,Stephanie,McCown,3992 Lewis Street,Naperville,IL,60540,MasterCard,5155488492449714,735,4/2015
Sidged,TammyAWeatherspoon@mailinator.com,feWuef7oo,Tammy,Weatherspoon,4144 Raintree Boulevard,Coon Rapids,MN,55448,Visa,4539419929892812,590,11/2016
Dind1974,HaroldNSmith@pookmail.com,xooth0Aen,Harold,Smith,1534 Rainbow Road,Anaheim,CA,92801,MasterCard,5300813831810900,275,7/2017
Keircolty,MyrtleJJustice@dodgit.com,ohx8buaH,Myrtle,Justice,1039 Reppert Coal Road,Southfield,MI,48075,Visa,4916284049321669,699,9/2013
Notal1928,DanielDRichard@trashymail.com,pu3eeChieph,Daniel,Richard,2004 Turnpike Drive,Birmingham,AL,35203,MasterCard,5118140159668674,039,9/2015
Truits1966,JosephSZaragoza@mailinator.com,Phae5deiG,Joseph,Zaragoza,602 Cherry Tree Drive,Jacksonville,FL,32216,Visa,4532802599677703,124,12/2017
Heltaked,MichaelDCochran@dodgit.com,she3Wah2tiu,Michael,Cochran,4607 Mcwhorter Road,Jackson,MS,39213,MasterCard,5599302426924417,076,3/2016
Pory1967,CodyDWilcox@spambob.com,rai5cohw4Coo,Cody,Wilcox,2012 Beechwood Drive,Pittsburgh,PA,15219,MasterCard,5329914727004504,137,6/2017
Wasis1951,JohnSJustice@pookmail.com,meequ3Aev,John,Justice,4276 Taylor Street,Fairview Park,NY,10603,MasterCard,5356291850496161,470,8/2017
Gage1980,LisaWThompson@trashymail.com,ohr4saeX3,Lisa,Thompson,2848 Centennial Farm Road,Archer,IA,51231,Visa,4716608580236435,313,12/2014
Tisid1993,NormanKHenry@mailinator.com,aitaich5C,Norman,Henry,3342 Still Pastures Drive,Columbia,SC,29210,Visa,4539719731657182,734,4/2015
Anse1970,DebraKFurey@dodgit.com,ieD0Sah8,Debra,Furey,3763 Wexford Way,Newberry,SC,29108,Visa,4716780321814844,602,5/2013
Sead1949,TrentKDiaz@spambob.com,thoh2ahM5w,Trent,Diaz,1307 College View,O Fallon,IL,62269,MasterCard,5203840865152535,543,10/2017
Feromer,HenryJHull@pookmail.com,weith2Wooph,Henry,Hull,2800 Ocala Street,Kissimmee,FL,34746,MasterCard,5116511589677323,272,12/2013
Nothis,MichaelDLacy@pookmail.com,Fae5imah3Ath,Michael,Lacy,3824 Riverwood Drive,Sacramento,CA,95814,Visa,4556843969288334,826,7/2014
Tookents,PearlWNewton@trashymail.com,OhQuequed1oh,Pearl,Newton,976 Forest Avenue,Elmsford,NY,10523,Visa,4556202285785335,276,3/2017
Lare1981,DanielASteele@trashymail.com,xo8iYied9ph,Daniel,Steele,4187 Andy Street,Leola,SD,57456,MasterCard,5357497382935142,255,7/2017
Befookeery89,MauriceMWetter@spambob.com,eeJeek3mah,Maurice,Wetter,2070 Saints Alley,Tampa,FL,33634,MasterCard,5121764536744257,010,2/2016
Rominct,MonteRFermin@pookmail.com,EejeiTaina1z,Monte,Fermin,1791 Junior Avenue,Atlanta,GA,30309,Visa,4532838636156178,345,3/2016
Schis1970,ScottDCourtois@trashymail.com,jahquaJa0,Scott,Courtois,797 Rardin Drive,Santa Clara,CA,95050,MasterCard,5164047334462928,274,2/2017
Tinto1988,StewartDNaylor@pookmail.com,ohp4Ohsh,Stewart,Naylor,1257 Polk Street,Tucson,AZ,85701,Visa,4539934622427286,832,2/2013
Binglive,StevenKCorum@spambob.com,Hahp2eig,Steven,Corum,184 Willow Oaks Lane,Lake Charles,LA,70629,MasterCard,5241554035550106,630,8/2015
Foraver,DodieGChico@mailinator.com,Ohwei8vud,Dodie,Chico,4073 Steve Hunt Road,Miami,FL,33138,Visa,4485798638578802,403,9/2013
Artheaduck,RodneyLKing@spambob.com,Ahkohch5gi,Rodney,King,2504 Harter Street,Sinking Spring,OH,45133,Visa,4929901022282684,063,3/2015
Buied1963,JanetMRice@mailinator.com,OevePee7ah,Janet,Rice,4160 Custer Street,Rockford,IL,61109,MasterCard,5510009942119564,599,4/2016
Prisses,ChristopherEOrtiz@spambob.com,aeghe0PhieL,Christopher,Ortiz,841 Braxton Street,Dekalb,IL,60115,Visa,4716983549801722,793,2/2016
Bandegave,RolandLCarrillo@spambob.com,Quohfu6r,Roland,Carrillo,4753 Bobcat Drive,Washington,MD,20008,Visa,4716878076282983,648,6/2013
Sess1971,CarolBLeone@dodgit.com,Eeng7vie3e,Carol,Leone,4297 Summit Park Avenue,Plymouth,MI,48170,Visa,4485632581113962,217,7/2016
Eaced1952,HarryKRaglin@mailinator.com,Eez9xe4m,Harry,Raglin,3041 Stockert Hollow Road,Lynnwood,WA,98036,MasterCard,5177674784579730,968,2/2014
Awkwast,FrankBDyer@spambob.com,au4Aewub8,Frank,Dyer,1991 Lauren Drive,Madison,WI,53703,MasterCard,5513344952075076,341,3/2016
Proldity,ErinMChason@trashymail.com,SichaumuM0,Erin,Chason,592 Glory Road,Highland,TN,37145,MasterCard,5379840923588595,352,11/2016
Anow1933,TimothyCDame@mailinator.com,bae1aet7Ai,Timothy,Dame,4633 Eagle Street,Carmi,IL,62821,MasterCard,5127017390581024,909,3/2013
Daithis,WilliamIMayo@trashymail.com,lee7teiHeeth,William,Mayo,3255 Hood Avenue,San Diego,CA,92123,Visa,4539627194199479,762,11/2014
Rusid1987,DoreenAHarris@trashymail.com,Oaci1eic2,Doreen,Harris,3140 Morris Street,Victoria,TX,77901,MasterCard,5504362270511854,190,8/2015
Factoolien46,DebraDRay@dodgit.com,yoo0ahYad,Debra,Ray,794 Bloomfield Way,Bangor,ME,04401,Visa,4532092296876861,247,6/2014
Briesurrood,KennethMParsons@mailinator.com,IeyueWos2oo,Kenneth,Parsons,3999 Hornor Avenue,Tulsa,OK,74120,Visa,4532625745479611,981,12/2014
Thalle,AltaJCarlson@trashymail.com,huos2UeKee,Alta,Carlson,313 Hillcrest Avenue,Cambridge,MA,02142,Visa,4916611438703042,777,11/2015
Plive1934,JoseMFarrior@mailinator.com,uo7eeKoh,Jose,Farrior,1850 Saints Alley,Plant City,FL,33564,MasterCard,5511393597180785,908,4/2017
Himeaugh,DewittKGray@trashymail.com,Ioquu8ch,Dewitt,Gray,857 Sun Valley Road,Spokane,WA,99201,Visa,4929254360445970,344,9/2017
Nome1943,LisaRWinkle@spambob.com,icaetaiNg0,Lisa,Winkle,3689 Goldie Lane,Middletown,OH,45044,MasterCard,5548877575995328,882,4/2017
Warted,MikeNSampson@trashymail.com,iniTai7yee,Mike,Sampson,1435 Dancing Dove Lane,Garden City,NY,11530,Visa,4929573054958034,603,3/2016
Witicked,MaryJYang@trashymail.com,choJi8Thie3,Mary,Yang,3086 Maxwell Street,Hartford,CT,06103,MasterCard,5312359844251175,292,8/2013
Thury1932,PaulSMorris@trashymail.com,Taer7nohx3,Paul,Morris,1763 Saint Clair Street,Jackson,MS,39213,MasterCard,5552719141592226,561,4/2015
Falas1991,DonaldPNorth@trashymail.com,naipee8ahM,Donald,North,2364 James Street,Wellsville,NY,14895,MasterCard,5565492105620228,866,5/2013
Hinsuff,GeorgeMReese@dodgit.com,ia3Ahh7Ae,George,Reese,2177 John Daniel Drive,Poplar Bluff,MO,63901,Visa,4485929798291171,994,7/2013
Therharded,StevenMDecarlo@pookmail.com,Omeg8Ri5,Steven,Decarlo,2043 Joes Road,Albany,NY,12207,MasterCard,5418905331108956,139,6/2014
Fludersomand,JoMEsparza@spambob.com,nooGun7qu,Jo,Esparza,4605 Coal Street,Johnstown,PA,15904,MasterCard,5377420050178973,757,2/2016
Begist,InezIGlenn@mailinator.com,IeVee7iequ,Inez,Glenn,1026 Park Avenue,Sacramento,CA,94260,MasterCard,5266557198586981,552,1/2015
Kint1973,DannyJKitchen@trashymail.com,chieSais8chie,Danny,Kitchen,1225 Nuzum Court,Buffalo,NY,14202,Visa,4485263836295683,556,3/2015
Sumbracked,RaymondRGardiner@trashymail.com,Phieghie2,Raymond,Gardiner,1812 Losh Lane,Pittsburgh,PA,15219,Visa,4539577250236725,772,2/2015
Labinkled,AlbertCGordon@mailinator.com,Ael2xaech,Albert,Gordon,2087 Bee Street,Muskegon,MI,49442,Visa,4532487531381042,222,11/2017
Crourt,MaryDJaynes@mailinator.com,ieXo4vohgee,Mary,Jaynes,2638 Lynn Ogden Lane,Beaumont,TX,77705,MasterCard,5206649701749322,528,7/2016
Entin1936,JesseTMazur@spambob.com,xeoZai0ohxo,Jesse,Mazur,3 Ward Road,El Paso,TX,79901,MasterCard,5103857303268344,994,11/2014
Lailme,RockyNKeach@mailinator.com,eip7phol1G,Rocky,Keach,4586 Conaway Street,Carlislerg,IN,47838,MasterCard,5110875565068401,923,2/2014
Arighter,RobertaRCrabtree@pookmail.com,Reegh9eiTh,Roberta,Crabtree,1628 Carriage Lane,Bloomsburg,PA,17815,MasterCard,5449952106606650,051,3/2017
Surnmette41,CynthiaFKramer@spambob.com,Phoh3Eifoi,Cynthia,Kramer,2821 Milford Street,Farmington,NH,03835,MasterCard,5168401185396998,013,3/2016
Prommore,RafaelECarrasco@mailinator.com,eeh7Dubohy,Rafael,Carrasco,1385 Blackwell Street,Fort Wainwright,AK,99703,Visa,4556082415170222,075,12/2015
Onter1946,TaraWCote@mailinator.com,heez9Oephah,Tara,Cote,4084 Clover Drive,Colorado Springs,CO,80918,Visa,4929900089645510,311,12/2017
Thapponevess,JamesBAndersen@mailinator.com,xuuf9EeW,James,Andersen,3121 Lincoln Street,Laurel Springs,NJ,08021,Visa,4716056560570987,589,8/2014
Moutica1966,MamieDGardner@pookmail.com,UoWathi4mai,Mamie,Gardner,4889 Harper Street,Owensboro,KY,42301,MasterCard,5181677011075731,809,3/2017
Fludersomand,EricaPMullin@trashymail.com,dauzohX4b,Erica,Mullin,2474 Traders Alley,Kansas City,MO,64106,MasterCard,5402446384239644,332,6/2013
Frodue,RhondaJChampion@trashymail.com,eeriePh5ooj,Rhonda,Champion,837 Queens Lane,Virgilina,VA,24598,Visa,4916472877394466,548,9/2013
Paped1929,HansPWilson@pookmail.com,Aethoo4c,Hans,Wilson,4667 Woodhill Avenue,Baltimore,MD,21202,Visa,4532272016434999,143,5/2013
Velint,AmberBThorton@trashymail.com,Thuer0nooph3,Amber,Thorton,4456 Haymond Rocks Road,Wamic,OR,97963,MasterCard,5566621604617124,885,12/2013
Yeard1957,JoshKSteward@spambob.com,ohfievoo6Ae,Josh,Steward,3394 Bird Street,Dixon,NM,87527,MasterCard,5289534882232225,602,4/2015
Uncin1937,CharlotteJMorris@dodgit.com,iew1booLei0,Charlotte,Morris,2452 Horseshoe Lane,Norristown,PA,19403,Visa,4716270753700653,622,7/2016
Pide1946,JohnPKennedy@spambob.com,aewae0neLei,John,Kennedy,2013 Flint Street,Atlanta,GA,30303,Visa,4929703241430080,358,6/2014
Onames,StaceyDBowers@mailinator.com,aub1OiYa,Stacey,Bowers,2418 Long Street,Cambridge,MA,02141,Visa,4916504332497490,325,3/2017
Fishe1946,BarbaraJBronson@trashymail.com,Gaz9Ruawe,Barbara,Bronson,2607 Lynn Avenue,Eau Claire,WI,54701,Visa,4539759461596457,016,5/2017
Vithembity,RonnieWTravers@trashymail.com,Uan6apeeJ6s,Ronnie,Travers,3515 Pheasant Ridge Road,Philadelphia,PA,19104,Visa,4485195271828323,461,6/2015
Decithe,EdwardJHecker@trashymail.com,tiac3AhDoo,Edward,Hecker,3246 Settlers Lane,New York,NY,10016,MasterCard,5186368706797343,950,12/2016
Hichemord1955,JesseMRodriguez@spambob.com,mah9TaeCeo,Jesse,Rodriguez,1263 Oakridge Farm Lane,New Berlin,WI,53151,MasterCard,5502047962811223,355,7/2016
Whavin,SaulPKoch@mailinator.com,Boay7poiph,Saul,Koch,1872 North Street,Salt Lake City,UT,84104,MasterCard,5292273568144371,994,7/2017
Shen1929,FrancesROuellette@dodgit.com,uChich2ai,Frances,Ouellette,4128 Perine Street,Ashburn,VA,22011,MasterCard,5129833764917588,005,1/2016
Ider1956,JaredMLafleur@trashymail.com,ievah9eiv1K,Jared,Lafleur,2562 Clark Street,Aurora,IL,60505,Visa,4916406493864288,020,4/2016
Quithard,KathrynJFrench@trashymail.com,Equuo4fath,Kathryn,French,527 Pine Garden Lane,Atlanta,GA,30328,Visa,4539644495951839,152,3/2015
Hationars1955,WilliamMVilla@pookmail.com,XaeheaD6fai,William,Villa,1980 Goldcliff Circle,Washington,DC,20200,Visa,4556239642902104,118,5/2013
Whavin,PhilipABeam@mailinator.com,Ahhoh6ohMeis,Philip,Beam,467 Lee Avenue,Salem  Salem,NJ,08079,Visa,4916733827186371,862,11/2016
Monly1930,DonDCharette@spambob.com,booZohJ9sh,Don,Charette,4850 Mount Tabor,New York,NY,10011,MasterCard,5324746385649617,035,1/2017
Yound1945,EugeneEHill@spambob.com,quiv1SooP,Eugene,Hill,1433 Timbercrest Road,Naukiti,AK,99901,Visa,4716807318978397,081,12/2015
Sesece,JoanBVines@pookmail.com,xi2ax4quoG,Joan,Vines,297 Nuzum Court,Getzville,NY,14068,MasterCard,5118644906905453,586,8/2016
Ralis1943,RaulELapp@spambob.com,joh4Tahgei,Raul,Lapp,2663 Richards Avenue,Escalon,CA,95320,Visa,4916484682681318,177,5/2017
Docculd69,PhilipCKumar@spambob.com,uikoaBeu2oa,Philip,Kumar,1659 Prospect Valley Road,Los Angeles,CA,90017,MasterCard,5305791475729484,980,3/2014
Tionant,AshleyCPrince@dodgit.com,Gahwie8z,Ashley,Prince,3016 Frosty Lane,Syracuse,NY,13202,Visa,4539059639021110,204,5/2013
Culach,AustinEJohnson@mailinator.com,IeK2eequoo3,Austin,Johnson,607 Ridenour Street,Pompano Beach,FL,33064,MasterCard,5321571547669532,540,3/2016
Arationlon,MariellaDMercer@mailinator.com,yuW8euf0Nay,Mariella,Mercer,4331 Middleville Road,Monrovia,CA,91016,MasterCard,5138261949678561,720,11/2016
Dented,MaryRMcGee@mailinator.com,eug4Aelae,Mary,McGee,2212 Tea Berry Lane,Barron,WI,54812,Visa,4716288078850474,842,9/2017
Gristordenty,HowardSEdwards@trashymail.com,LeiR2eu1Sie,Howard,Edwards,3509 Bee Street,Grand Rapids,MI,49503,MasterCard,5521084141491103,765,12/2016
Subleent,SusanRPopham@dodgit.com,ethali3eiGo,Susan,Popham,190 Willis Avenue,Daytona Beach,FL,32114,MasterCard,5223665254326556,325,8/2015
Wherne,SergioPSherry@mailinator.com,dae0lu2Foh,Sergio,Sherry,1458 Kinney Street,Agawam,MA,01001,MasterCard,5473349702149079,016,3/2017
Compereed66,JulieMCooper@dodgit.com,Baeceigh5Ah,Julie,Cooper,1575 Tavern Place,Wheeling,WV,26003,MasterCard,5480971707175055,721,7/2016
Theke1957,WilliamDClark@dodgit.com,iGhie9Eefah,William,Clark,3679 Boring Lane,San Francisco,CA,94108,MasterCard,5552645904475681,802,5/2014
Wharned,BrianRMilan@mailinator.com,Em2pah0Mae,Brian,Milan,1113 Lightning Point Drive,Arlington,TN,38002,MasterCard,5453812253511561,504,5/2017
Beher1983,KellyRPhillips@pookmail.com,Wahjuen8,Kelly,Phillips,634 Brown Street,Walnut Creek,CA,94596,MasterCard,5171295102141353,652,6/2013
Olawkway1961,MarthaLMabon@trashymail.com,Keepeek2ai,Martha,Mabon,2873 Sun Valley Road,Millwood,WA,99212,Visa,4539636582775121,348,4/2013
Houraples,RickLJohnston@dodgit.com,vate1aPhooK,Rick,Johnston,2445 Levy Court,Lawrence,MA,01840,Visa,4916067212001345,819,9/2013
Gotho1949,JenniferEMichel@trashymail.com,doGaith2l,Jennifer,Michel,316 Pringle Drive,Burr Ridge,IL,61257,MasterCard,5192431686849146,976,11/2017
Wifichaved,SamLPatten@mailinator.com,ow0livaa8Ae,Sam,Patten,974 Long Street,Gainesville,FL,32653,MasterCard,5435600538455784,742,12/2014
Haps1993,JamesAGray@pookmail.com,AhX3az8i,James,Gray,1453 Upton Avenue,Windham,ME,04062,Visa,4916225119120895,678,12/2014
Sarren,KellyDMungia@dodgit.com,hoh8Ool4oh,Kelly,Mungia,1099 Pineview Drive,Mankato,MN,56001,MasterCard,5161113730907024,735,9/2016
Ablet1967,MichaelAJones@dodgit.com,ooNeeKah1,Michael,Jones,1646 Sugar Camp Road,Mankato,MN,56001,Visa,4539551777627534,507,10/2017
Nosem1954,GeorgiaWWilkerson@pookmail.com,coaChoh2ee,Georgia,Wilkerson,481 Weekley Street,San Antonio,TX,78217,Visa,4485462091024891,627,7/2013
Dier1961,DavidSGilbertson@dodgit.com,Aimieh9dab,David,Gilbertson,2738 Wescam Court,South Boston,MA,02127,Visa,4929495165492283,577,7/2015
Theel1969,ErmaCWilliams@trashymail.com,oV6oQuigai,Erma,Williams,4687 Geneva Street,New York,NY,10016,Visa,4539206065704368,111,4/2016
Tindiand1931,JoeAWorthington@mailinator.com,sae6Ejuivie,Joe,Worthington,669 Simpson Street,Peoria,IL,61602,MasterCard,5586132366569798,403,2/2016
Aughte,PatsySNelson@pookmail.com,ioYiegh3,Patsy,Nelson,2252 Bernardo Street,Medora,IN,47260,MasterCard,5390745017839462,142,8/2017
Sipt1948,RonaldMPeck@pookmail.com,Auxin1Ai,Ronald,Peck,2545 Fieldcrest Road,Huntington,NY,11743,MasterCard,5563012164426929,898,5/2014
Refrowle,NicoleJDavidson@pookmail.com,ti9Eex5gie,Nicole,Davidson,4309 Burnside Court,Phoenix,AZ,85012,MasterCard,5401606274636727,748,4/2014
Lefterim,FrederickDMassey@dodgit.com,ies5ahYach,Frederick,Massey,1555 Lodgeville Road,Minneapolis,MN,55402,Visa,4929427296049278,455,8/2014
Fesed1981,EltonJSmart@dodgit.com,Acofei7fee,Elton,Smart,690 Arlington Avenue,Little Rock,AR,72201,MasterCard,5120567944807363,275,9/2017
Raidaured,StacySHanes@dodgit.com,keiJeoJ4Aev,Stacy,Hanes,3666 Rhode Island Avenue,Washington,DC,20007,MasterCard,5399448628775602,101,3/2013
Agetithas,AnitaIWaddy@mailinator.com,eigei6Ie,Anita,Waddy,1939 Hope Street,Aloha,OR,97007,Visa,4556176048067464,694,7/2017
Chrick,TammyAJung@trashymail.com,Eidie5aY,Tammy,Jung,2849 Norma Lane,Alexandria,LA,71301,MasterCard,5519571260920403,125,3/2016
Thattly,MaxISo@spambob.com,vee4eQu7ch,Max,So,1829 Hanifan Lane,Norcross,GA,30071,Visa,4916455926481822,453,6/2016
Founds,MaryDSinger@mailinator.com,reikei4Ae,Mary,Singer,271 Layman Court,Smyrna,GA,30080,Visa,4532741127207783,707,12/2014
Afterid,JosephineCPiper@spambob.com,aic4Ecei,Josephine,Piper,929 Pinnickinick Street,Tigard,WA,97223,Visa,4485060184258309,294,9/2014
Tung1949,RobertMBurns@dodgit.com,Laecah0ch,Robert,Burns,2231 Coplin Avenue,Phoenix,AZ,85040,Visa,4716649622277896,193,4/2013
Lessed76,RichardGCogburn@dodgit.com,Ob4quoh2f,Richard,Cogburn,440 Sherman Street,Norton,KS,67654,MasterCard,5464899418494061,948,9/2016
Tund1993,EulaTCannon@mailinator.com,ja7Gohxaej,Eula,Cannon,3483 Tyler Avenue,Miami Springs,FL,33166,Visa,4556331818677352,066,5/2014
Coond1969,JosephMHorne@mailinator.com,queing9Isoo,Joseph,Horne,2209 Raver Croft Drive,Chattanooga,TN,37421,MasterCard,5542019799121482,125,7/2013
Molete,AgustinMWilliamson@spambob.com,Eixeil0R,Agustin,Williamson,1729 Desert Broom Court,West Orange,NJ,07052,Visa,4556674433164631,339,11/2013
Musectimptur,MichaelMCrittendon@spambob.com,eiRi2ieZi,Michael,Crittendon,4755 White River Way,Kaysville,UT,84037,Visa,4556436633393943,469,2/2015
Radept,EdmundMMay@dodgit.com,Dor7Eingee7A,Edmund,May,77 Khale Street,Florence,SC,29501,Visa,4532990897670643,432,4/2013
Arlden1947,AnitaSBroughton@trashymail.com,Dohxah1oh,Anita,Broughton,4679 Mulberry Street,Huntsville,TX,77340,Visa,4916036210923669,321,10/2015
Freardly,JoseRHurd@dodgit.com,oil6aBoocu,Jose,Hurd,2628 Wetzel Lane,Old Mission,MI,49673,MasterCard,5509889967603086,598,1/2013
Forme1973,JaniceDMessenger@spambob.com,aiHooy1Ei5,Janice,Messenger,874 Yorkie Lane,Savannah,GA,31410,Visa,4485354506104899,404,9/2017
Glactiond,VanessaDNegrete@dodgit.com,Quae5tae,Vanessa,Negrete,2620 Ash Street,Dallas,TX,75240,Visa,4556961005706737,244,1/2015
Gand1927,JeanJLosoya@dodgit.com,iTh8lei4Aen,Jean,Losoya,2995 Clearview Drive,Littleton,CO,80126,MasterCard,5453345775919582,859,5/2016
Derell,JamesDCannon@trashymail.com,eiNgijoan1ae,James,Cannon,4542 Pickens Way,Tyler,TX,75757,Visa,4916614658430833,052,1/2015
Nore1960,DanielSBurns@pookmail.com,acheShiegh6ee,Daniel,Burns,2003 George Street,Ocala,FL,34471,MasterCard,5587132509003365,314,4/2013
Ofron1990,DorothyFHayes@pookmail.com,IeXaek0uil7,Dorothy,Hayes,3278 Center Street,Eugene,OR,97401,Visa,4929435832953176,210,4/2014
Thistrair,CarolCFullen@trashymail.com,fiCh5quieW,Carol,Fullen,1398 Rinehart Road,Miami,FL,33132,Visa,4716957629798008,905,3/2016
Soory1977,FrankZRamirez@trashymail.com,ieNg2the5j,Frank,Ramirez,1309 Cessna Drive,Mongo,IN,46771,Visa,4539705994068050,240,5/2016
Gazincomed,RonaldJRyan@mailinator.com,OoQuai8Ae,Ronald,Ryan,3913 Glenwood Avenue,Cleveland,OH,44106,Visa,4532301319921624,362,6/2017
Whicephas50,VeronicaSDavis@mailinator.com,chei1Noo,Veronica,Davis,912 Arbor Court,Cokeville,WY,83114,Visa,4556988733476887,569,7/2014
Agger1971,ElizabethHLafferty@spambob.com,Poh7quaehe,Elizabeth,Lafferty,4831 Ersel Street,Dallas,TX,75216,MasterCard,5261580995266933,378,5/2016
Usbal1931,NettiePLabounty@trashymail.com,Choo2aD6t,Nettie,Labounty,1563 Euclid Avenue,Los Angeles,CA,90017,Visa,4716180491818263,434,11/2016
Brild1933,RiaAShaw@mailinator.com,Ievo0Uze3eu,Ria,Shaw,4482 Arron Smith Drive,Honolulu,HI,96818,Visa,4532457808526413,274,7/2016
Betation,JosephineRLustig@trashymail.com,aep5Tophe7s,Josephine,Lustig,403 Farland Street,Chicago,IL,60605,Visa,4556227859614587,746,4/2016
Capassicer,AnnMMartin@mailinator.com,Aez9nohP,Ann,Martin,2541 Angus Road,New York,NY,10022,Visa,4929949587622877,926,2/2016
Tery1955,JodyCWallace@mailinator.com,eit4Em5ch,Jody,Wallace,1929 Harley Brook Lane,Johnstown,PA,15904,MasterCard,5283636973620337,050,2/2017
Anderpried,LillianMEdwards@mailinator.com,yae8Veilu1,Lillian,Edwards,3212 Finwood Road,Lakehurst,NJ,08733,MasterCard,5339362087441320,439,10/2017
Beinerculd,CatherineJPeachey@dodgit.com,mu0ueXen,Catherine,Peachey,3758 Stonecoal Road,Toledo,OH,43604,MasterCard,5414418234825357,860,1/2014
Bearace,JosephineGShaw@pookmail.com,boh4Ce7w,Josephine,Shaw,1798 Prospect Street,Camden,NJ,08102,MasterCard,5501590562361934,110,1/2014
Hatuars,ThomasMFuller@mailinator.com,ohQu4ra4,Thomas,Fuller,1137 Freshour Circle,San Antonio,TX,78229,MasterCard,5282606143741637,901,2/2015
Dinclect,LutherJCrenshaw@dodgit.com,caicee5Ja4,Luther,Crenshaw,4335 Poe Road,Andrews,SC,29510,MasterCard,5476925747381517,223,9/2015
Thiped,JeffLMagill@spambob.com,Mahgh6eith,Jeff,Magill,2309 Still Pastures Drive,Columbia,SC,29210,Visa,4532974585320869,757,9/2013
Merfill,JeroldHRamirez@trashymail.com,ahrahuuh9Ah,Jerold,Ramirez,4414 Ridge Road,Uniontown,KS,66779,MasterCard,5406430347468314,670,5/2013
Beeforgent,PetraCStiver@dodgit.com,Mai2aikiem,Petra,Stiver,4608 Del Dew Drive,Reston,MD,22090,Visa,4556089295614757,189,12/2015
Raimad84,TaraEStocker@mailinator.com,eiBah0ierooj,Tara,Stocker,3585 Late Avenue,Chester,OK,73838,MasterCard,5508306379361402,541,1/2017
Glage1984,DeborahWHitt@mailinator.com,beeleeGha5,Deborah,Hitt,2352 Fittro Street,Rowell,AR,71667,MasterCard,5535591053961984,824,5/2014
Witeasteme,SherrieJOwens@spambob.com,Yai3oay9,Sherrie,Owens,251 Broadway Avenue,Athens,TN,37303,MasterCard,5502059223786466,802,8/2015
Thimmess,RayFFichter@trashymail.com,Shuob4Thah,Ray,Fichter,863 Bobcat Drive,Southfield,MI,48075,Visa,4556478339832345,435,8/2014
Nelice,ChantayRGutierrez@dodgit.com,ohsubief0R,Chantay,Gutierrez,4110 Elkview Drive,Stuart,FL,34994,Visa,4929473646322247,738,9/2015
Haverfice,SherylMRobinette@trashymail.com,sho3uiNgoh,Sheryl,Robinette,3150 Hamill Avenue,El Cajon,CA,92020,Visa,4556133165882142,651,11/2014
Ableatifes1942,JaniceJFuller@pookmail.com,ohtee9Eeg,Janice,Fuller,484 Fairfax Drive,Roselle,NJ,07203,MasterCard,5596606656305771,255,2/2013
Lacky1946,JohnLWoods@pookmail.com,Phoo0dae,John,Woods,2704 Plainfield Avenue,Cato,NY,13033,Visa,4916058767266714,545,11/2016
Nizeed89,JacobLDavis@trashymail.com,Hahyi1yoh5,Jacob,Davis,1713 Patterson Road,Brooklyn,NY,11209,Visa,4716458427031965,689,11/2014
Fromin,JamesCJames@dodgit.com,Eiph6eiQuei,James,James,4979 North Street,Charlottesville,VA,22901,Visa,4916263950239342,385,11/2016
Peade1985,JessieDCooper@pookmail.com,aiShaiTai3M,Jessie,Cooper,2391 Stadium Drive,Needham,MA,02192,MasterCard,5390894881934478,895,8/2016
Sirmend1953,MelodyJPritchett@spambob.com,Laew4Ziaph,Melody,Pritchett,533 Hickory Street,Orem,UT,84058,Visa,4716196448256118,338,10/2016
Comisdazied,MicheleDTucker@pookmail.com,ainohr4oRie7oo,Michele,Tucker,4115 Colonial Drive,Needville,TX,77461,MasterCard,5289394621697612,048,7/2017
Lithend,ErikWGervais@mailinator.com,Ok8zaiwoh4i,Erik,Gervais,1279 Bagwell Avenue,Gainesville,FL,32601,MasterCard,5269447468054257,873,10/2016
Acell1982,PatriciaFHarris@mailinator.com,Neig4joof8,Patricia,Harris,4040 Stratford Court,Raleigh,NC,27612,Visa,4532007170584720,426,1/2017
Trignis1949,GladysCGreer@trashymail.com,zah4aZ0sh,Gladys,Greer,3152 Glendale Avenue,Northridge,CA,91324,MasterCard,5237740183062970,128,4/2013
Mysit1939,MaryBHartmann@pookmail.com,CooPh9tae,Mary,Hartmann,2804 Hershell Hollow Road,Seattle,WA,98109,Visa,4556942138658862,658,3/2014
Knect1936,RamiroPWagner@pookmail.com,Fooz3oer,Ramiro,Wagner,4770 Deer Ridge Drive,Riverdale,NJ,07442,Visa,4929850658379035,708,9/2015
Gaid1981,DonaldJRawls@spambob.com,EeNu0ajae5O,Donald,Rawls,3545 Warner Street,Jackson,WY,83001,Visa,4929723722196729,478,7/2016
Suraces76,SammieEMcCauley@spambob.com,Ahsoqu4oyahJ,Sammie,McCauley,3504 Heavner Court,Westbury,NY,11590,Visa,4485472783584342,015,3/2016
Uporthe,JuanTMichaels@trashymail.com,phi5Amae,Juan,Michaels,4178 Walton Street,Provo,UT,84604,MasterCard,5516607653620490,137,3/2015
Skillart,DerrickNArsenault@spambob.com,eWoolai8ah,Derrick,Arsenault,3571 Adams Drive,Deanville,TX,77836,Visa,4716106083976144,456,4/2015
Mattlas1971,AdaJRios@trashymail.com,Pei8jaiDa,Ada,Rios,97 Pallet Street,White Plains,NY,10601,MasterCard,5425669409911185,324,8/2014
Neper1992,JuliaJPerkins@spambob.com,nogh0Ceenei2ah,Julia,Perkins,4826 Valley Street,Maple Shade,NJ,08052,MasterCard,5140801097850334,504,9/2016
Thoster,ColleenTSwiney@pookmail.com,theizo1IeWai,Colleen,Swiney,1853 Bruce Street,Saint Louis,MO,63104,MasterCard,5270172439016618,231,12/2015
Arrotheady,AngelEHall@dodgit.com,Caidac8phe2ah,Angel,Hall,152 Reel Avenue,Farmington,NM,87401,Visa,4532691242613045,776,1/2014
Thusecomang,WendyJJoseph@spambob.com,Eyud4fau,Wendy,Joseph,4522 Maple Lane,Birmingham,AL,35209,MasterCard,5538625096459551,208,1/2017
Tervind,JuliaECamacho@trashymail.com,thieThau3,Julia,Camacho,2085 Zappia Drive,Lexington,KY,40507,MasterCard,5487019993206284,924,10/2016
Phou1950,ThomasJPurvis@dodgit.com,aeMia8faeJei,Thomas,Purvis,4459 Johnny Lane,Milwaukee,WI,53212,Visa,4916892672999138,436,8/2013
Wartan,FannyJBaisden@trashymail.com,Ooh4XeiCaep,Fanny,Baisden,689 Coal Road,Bentley Creek,PA,16925,MasterCard,5164409671869331,104,11/2017
Prighorky,LukeARohn@trashymail.com,vuaPh2aez,Luke,Rohn,3698 Tree Frog Lane,Kansas City,MO,64106,Visa,4485242132591888,805,6/2015
Eale1977,ArnoldJHeaton@mailinator.com,Eig2boos5ch,Arnold,Heaton,4133 Woodland Terrace,Sacramento,CA,95814,MasterCard,5532643610781620,313,2/2015
Wheink,AnnetteBHicks@trashymail.com,aaTie5aeG,Annette,Hicks,2999 Jefferson Street,Norfolk,VA,23502,MasterCard,5368127788090484,741,12/2016
Baboarelike,CatalinaRBrackin@dodgit.com,aeree5Xu1bei,Catalina,Brackin,4464 Romrog Way,Trenton,NE,69044,MasterCard,5239603314851802,291,1/2015
Prouncer,ChasePClark@trashymail.com,co6Ahfo6kae,Chase,Clark,1400 Davis Avenue,Benicia,CA,94510,MasterCard,5372933301517711,177,12/2013
Begave,NinaJWashington@dodgit.com,ahpin9oM,Nina,Washington,2530 Duck Creek Road,Redwood City,CA,94063,MasterCard,5248171023455330,097,9/2014
Uppery,JeanetteJPeck@spambob.com,rahfaiG0n,Jeanette,Peck,4470 Roguski Road,Alexandria,LA,71301,Visa,4539276464368750,027,6/2014
Evell1964,DouglasCLal@spambob.com,Ioth4Vai,Douglas,Lal,4957 Rosewood Court,Rochester,MN,55904,Visa,4716978567105097,460,8/2013
Basur1988,RonaldSValdez@spambob.com,AiJieth7ieb,Ronald,Valdez,832 Mutton Town Road,Battle Ground,WA,98604,Visa,4539957403214797,601,4/2014
Askins,MaryJHankins@dodgit.com,Ro6Ool7Kiew,Mary,Hankins,1842 Burke Street,Boston,MA,02110,MasterCard,5172340406217084,772,6/2014
Allike,DavidPGreenwood@pookmail.com,naiS6oipee,David,Greenwood,382 Braxton Street,Minooka,IL,60447,MasterCard,5472694741337636,572,8/2015
Viberand,BenjaminHGooch@spambob.com,eiy1Oephi6,Benjamin,Gooch,3830 Beech Street,San Ramon,CA,94583,Visa,4556985142276841,133,7/2016
Ounce1968,HelenTSanders@pookmail.com,Co4no2diru,Helen,Sanders,2049 Broad Street,Hueytown,AL,35023,Visa,4916932804093135,026,3/2017
Baimet,CynthiaDHernandez@pookmail.com,ChieYe2thie,Cynthia,Hernandez,1849 Cedar Street,Corning,AR,72422,MasterCard,5385664166525029,429,11/2014
Alar1985,DawnJLee@trashymail.com,goo7ofieGha,Dawn,Lee,3964 Deer Ridge Drive,Piscataway,NJ,08854,MasterCard,5522382664312717,501,12/2017
Coler1975,ElizabethRGarcia@pookmail.com,Chaziehahj0H,Elizabeth,Garcia,3577 Coplin Avenue,Gilbert,AZ,85233,MasterCard,5397020417261623,221,4/2017
Thentiff,RolandMDunn@trashymail.com,An0AeGh4,Roland,Dunn,4111 Five Points,Baltimore,MD,21202,MasterCard,5163486418019140,063,5/2017
Nocialmak,RickMAlmonte@mailinator.com,ahgh6Ohghe,Rick,Almonte,4867 Asylum Avenue,Waterbury,CT,06702,MasterCard,5513714121722529,088,11/2013
