Username,EmailAddress,Password,GivenName,Surname,StreetAddress,City,State,ZipCode,CCType,CCNumber,CVV2,CCExpires
Oures1964,GloriaDFlowers@trashymail.com,Foo4vohgh,Gloria,Flowers,802 Williams Lane,Wichita,KS,67212,MasterCard,5179890613853611,017,3/2013
Riet1971,ChristopherCSingletary@spambob.com,kaeTie6ei,Christopher,Singletary,2774 Angie Drive,Anaheim,CA,92805,MasterCard,5489286194385468,245,10/2014
Casly1951,WallaceKCruz@dodgit.com,IeZeMai5L,Wallace,Cruz,3007 Flanigan Oaks Drive,Columbia,MD,21044,Visa,4716333453164859,604,2/2016
Butillecting,IngridDMcClain@pookmail.com,voCeif3loh,Ingrid,McClain,1181 Romano Street,Needham,MA,02192,Visa,4532298341029741,726,1/2016
Theept,AngieRWestfall@pookmail.com,Iezoo9quoh,Angie,Westfall,4085 Filbert Street,Philadelphia,PA,19103,Visa,4556041023611928,562,11/2016
Comforse,BrianFNelson@mailinator.com,tomei6UuCh,Brian,Nelson,1740 Whispering Pines Circle,Waxahachie,TX,75165,Visa,4485512982947228,415,1/2017
Glight,BrianDHall@dodgit.com,APeiqu0ee,Brian,Hall,180 Southern Avenue,Leon,IA,50144,MasterCard,5151848598889036,390,2/2014
Hationge,CherylNRobinson@mailinator.com,kae8AiZohb,Cheryl,Robinson,3905 Emerson Road,Alexandria,LA,71302,MasterCard,5528900815970515,636,10/2017
Thys1929,DonnieEHartman@pookmail.com,iF3le0pech,Donnie,Hartman,1465 Walnut Drive,Merricourt,ND,58469,Visa,4916599327475998,089,4/2013
Withavercoad,EvelynSJacobs@pookmail.com,peil0aSh0hei,Evelyn,Jacobs,1712 Pike Street,San Diego,CA,92111,Visa,4539823304361147,539,10/2014
Anyinct,RubyPParker@dodgit.com,CeongeF6Th,Ruby,Parker,4679 Joy Lane,Los Angeles,CA,90017,MasterCard,5332959551016475,149,9/2015
Havize,BrookeDHolmes@trashymail.com,Dop4reeNaip,Brooke,Holmes,2999 Mulberry Lane,West Palm Beach,FL,33411,Visa,4485235100772381,335,6/2015
Thimilit,RichardPJenkins@spambob.com,ohv8Aidahk7,Richard,Jenkins,2064 Rebecca Street,Northbrook,IL,60062,MasterCard,5233873414740926,189,12/2015
Dirly1990,MarvinLShields@mailinator.com,zoe6ra6V,Marvin,Shields,4974 Poplar Chase Lane,Rexburg,ID,83440,MasterCard,5420373264877293,739,10/2017
Movence,JamesCFogarty@pookmail.com,AikonaeSe3k,James,Fogarty,3135 Michael Street,Houston,TX,77030,Visa,4485234778555251,640,11/2013
Exproy1955,KymSCanty@mailinator.com,aTahxahpei2,Kym,Canty,788 Tori Lane,Ogden,UT,84401,MasterCard,5549460891389143,235,8/2013
Whaper1968,JessieTSpires@mailinator.com,ethe0ePh0qu,Jessie,Spires,2677 Park Boulevard,Cedar Rapids,IA,52404,Visa,4556683334844183,966,7/2017
Phen1929,BrunoCColl@dodgit.com,tohf0aR1a,Bruno,Coll,2190 Pine Street,Mt Morris,PA,15349,MasterCard,5409809663044246,154,2/2016
Thoillody1934,SamuelASargent@pookmail.com,ooboh7Tuiwoo,Samuel,Sargent,2908 Sumner Street,Riverside,CA,92507,MasterCard,5144775167012643,438,2/2017
Livize,HaroldPClark@trashymail.com,ahT7AeNith,Harold,Clark,1277 Raoul Wallenberg Place,Norwalk,CT,06854,Visa,4532863574314159,354,9/2015
Edwou1957,CharlesLMay@mailinator.com,Etoiy1Vath,Charles,May,2238 Snowbird Lane,Barneston,NE,68309,Visa,4485622543305996,926,8/2016
Nonsed,RaymondPHoff@mailinator.com,Eixee7wee1m,Raymond,Hoff,3680 Ottis Street,Clinton,OK,73601,Visa,4556838739970716,080,12/2014
Ocuslike,HeeNHill@dodgit.com,aiXae8iaNai,Hee,Hill,547 Crim Lane,New Carlisle,OH,45344,Visa,4532472202242525,935,12/2014
Litem1964,ChristenMFreeman@pookmail.com,ahpeaH1Us,Christen,Freeman,1034 Hiddenview Drive,Philadelphia,PA,19107,Visa,4556741252333165,847,5/2017
Paorat69,MarvinJMcFadden@dodgit.com,Uvahvo7Ah,Marvin,McFadden,805 Parrill Court,Chicago,IN,60605,Visa,4929457967557143,850,5/2016
Whimfoome,DeborahKMaher@dodgit.com,ooYoh0ku0qu,Deborah,Maher,308 Del Dew Drive,Frederick,MD,21701,Visa,4929062574290508,502,7/2016
Rigand,JoseAHernandez@dodgit.com,ohPh3weu0th,Jose,Hernandez,3444 White Pine Lane,Front Royal,VA,22630,Visa,4556657978546924,929,3/2017
Rightes,JamesARusin@dodgit.com,queeThei8Ah,James,Rusin,2151 Jerry Dove Drive,Florence,SC,29501,MasterCard,5301440004612522,896,12/2015
Beinglis,DarrylCHuang@pookmail.com,xuaRi9quoj,Darryl,Huang,4974 Goldleaf Lane,Newark,NJ,07102,MasterCard,5499047357641156,877,2/2014
Aday1952,JoyMClark@pookmail.com,geoS6yoh,Joy,Clark,418 Columbia Road,Philadelphia,DE,19146,MasterCard,5179634989721253,323,2/2017
Itoponed1948,BrianHLambert@mailinator.com,Doelu0ath9,Brian,Lambert,895 Mahlon Street,Lyndhurst,NJ,07071,Visa,4485277808540470,865,3/2016
Extouralke,WenonaEDriscoll@mailinator.com,aiy6Ohngah,Wenona,Driscoll,1778 Providence Lane,Los Angeles,CA,90017,Visa,4556741182672070,599,12/2013
Alleary,AndrewPPorter@dodgit.com,ewu5lieD7,Andrew,Porter,1124 Woodbridge Lane,Westland,MI,48185,Visa,4485160005765373,304,11/2014
Thrusled,JoyMSnyder@mailinator.com,xooma7OoM,Joy,Snyder,1314 Simpson Square,Clinton,OK,73601,Visa,4716824095132510,817,1/2015
Stia1976,FrancesDTerwilliger@spambob.com,Eng6Rot8,Frances,Terwilliger,808 School Street,New Haven,CT,06510,Visa,4485602165445460,600,8/2013
Forthishe,AngelaPGibson@mailinator.com,johf0See,Angela,Gibson,4128 Frank Avenue,Otis,MA,01253,Visa,4916562551670973,988,10/2015
Uppre1978,LisaBWilson@dodgit.com,EeSh9kie,Lisa,Wilson,1479 Calvin Street,Baltimore,MD,21201,Visa,4916928726692004,473,10/2016
Ristraid,AnthonyJNunez@trashymail.com,ohgae5imooL8,Anthony,Nunez,254 Heliport Loop,Chandler,IN,47610,Visa,4532600135192397,566,12/2015
Hisinee1970,GinaFQuick@mailinator.com,Ipheidoh6,Gina,Quick,1249 Laurel Lee,Saint Paul,MN,55114,MasterCard,5264585519449581,314,3/2017
Quired35,MarilynJArrellano@spambob.com,uoc1Dieyee,Marilyn,Arrellano,1890 Stockert Hollow Road,Redmond,WA,98052,MasterCard,5437683142862536,518,7/2013
Moothoung,LoraJFitts@spambob.com,thooTaru3sh,Lora,Fitts,3347 Philli Lane,Tulsa,OK,74119,Visa,4929979048747021,246,1/2016
Prephred,GeraldKMcNish@pookmail.com,ahvoh9ooZa,Gerald,McNish,4589 Clark Street,Brentwood,NY,11717,MasterCard,5596893925521566,973,10/2015
Theriume,DeliaMRodriguez@spambob.com,ahHe3ing6rae,Delia,Rodriguez,2300 Hickman Street,Chicago,IL,60601,Visa,4556034611704973,069,5/2013
Seenteage,JimmySWebb@trashymail.com,chei5aiHah,Jimmy,Webb,3654 Highland View Drive,Roseville,CA,95661,MasterCard,5495497341096922,947,12/2017
Hatemselithe,SheldonKNagel@mailinator.com,ei9Ci7Xae8a,Sheldon,Nagel,3598 Single Street,Boston,MA,02199,Visa,4539466215901336,091,3/2017
Hencts1956,EricaDSmith@trashymail.com,ietheeF4wu,Erica,Smith,2112 Old House Drive,Norwich,OH,43767,MasterCard,5142446220331758,714,11/2015
Hige1927,JessicaJPerry@mailinator.com,Woo4iY0joh,Jessica,Perry,871 Leisure Lane,Goleta,CA,93117,MasterCard,5236595518494194,597,1/2016
Himattim1983,MadgeGLinder@pookmail.com,eeNaiqua0,Madge,Linder,1483 Newton Street,Minneapolis,MN,55401,Visa,4716913316201756,672,11/2017
Frournight,JustinLHornsby@trashymail.com,aePio0oovi,Justin,Hornsby,2141 Providence Lane,Alhambra,CA,91801,Visa,4556144280217122,414,4/2015
Scompe,CliffordJYarber@pookmail.com,thaec6fii8X,Clifford,Yarber,2217 Russell Street,Acton,MA,01720,Visa,4716252596380166,827,9/2014
Weepatien,KerryCBenham@mailinator.com,Aepho8eevah,Kerry,Benham,1549 Frum Street,Nashville,TN,37209,Visa,4916293477336644,194,8/2013
Givename,JamaalLBryant@trashymail.com,johXee4Goo,Jamaal,Bryant,1904 Ethels Lane,Avon Park,FL,33825,Visa,4716115012966365,709,8/2015
Oppolse,MichaelEHolland@pookmail.com,ayeiThah7,Michael,Holland,3055 Thompson Drive,Union City,CA,94587,MasterCard,5366147545351971,022,9/2013
Woureet,TerryIBrowder@trashymail.com,afio6Sheix,Terry,Browder,9 West Fork Drive,Plantation,FL,33317,Visa,4532714005589234,972,9/2016
Coped1952,MichelleWMcMillan@spambob.com,Oht9aewae,Michelle,McMillan,3136 Pringle Drive,Chicago,IL,60606,MasterCard,5387356334446422,248,2/2017
Therks68,GinaRHamilton@trashymail.com,eeThoo6iegh,Gina,Hamilton,4813 Village View Drive,Fort Myers,FL,33912,Visa,4916749906689465,656,11/2013
Fander,DonaldJGates@mailinator.com,wuem0ieMo,Donald,Gates,492 Frosty Lane,Lodi,NY,14860,MasterCard,5215318888294036,502,3/2016
Waris1932,TwanaJFast@trashymail.com,gahzi0uLaig,Twana,Fast,1087 Rowes Lane,Paducah,KY,42001,Visa,4485342840320743,891,1/2016
Sieneat,JoshuaWDale@trashymail.com,Ievioy7ahM,Joshua,Dale,1144 Dancing Dove Lane,New York,NY,10013,Visa,4485027678035196,800,12/2016
Dout1950,LisaMStrauser@spambob.com,CeeZoh1nu9,Lisa,Strauser,1924 Meadowview Drive,New Castle,VA,24127,Visa,4556886838105106,954,1/2013
Alwand,CharlesDFranks@spambob.com,vaid5peeG3,Charles,Franks,3032 Summit Street,Dubuque,IA,52001,Visa,4929606517456657,723,7/2016
Wence1943,AnneJEllerbee@dodgit.com,eiMo7Enga,Anne,Ellerbee,2857 Blackwell Street,Chena Hot Springs,AK,99701,Visa,4539377217992712,685,10/2014
Gerfulty,MichaelVBeauregard@trashymail.com,Iebaeneugh2,Michael,Beauregard,1344 Indiana Avenue,Barbers Point,HI,96862,MasterCard,5360048096979945,093,7/2014
Werhe1947,AlmaRMartin@mailinator.com,uh1ei2Naish3,Alma,Martin,3174 Lynch Street,San Francisco,CA,94107,MasterCard,5388940561208198,190,6/2014
Speliveral,CharlesCDavila@dodgit.com,aiNgeih3ue,Charles,Davila,3869 Horizon Circle,Seattle,WA,98101,MasterCard,5446590604430422,601,11/2017
Hipt1938,MichaelABlock@pookmail.com,aoNah6ukei,Michael,Block,3906 Stiles Street,Pittsburgh,PA,15222,Visa,4716868109431798,353,3/2016
Histed,MichaelRYoung@mailinator.com,bieho7Thi,Michael,Young,3865 Rainbow Road,Santa Fe Springs,CA,90670,Visa,4485869960581951,247,9/2017
Pospind,RobbieLBean@mailinator.com,AXarei7igh,Robbie,Bean,4956 Johnson Street,Raleigh,NC,27601,Visa,4716573676287884,494,7/2016
Knotherface,LindaLShue@dodgit.com,ohai3Oonga,Linda,Shue,2484 Green Avenue,Hercules,CA,94547,MasterCard,5531311113557605,162,1/2015
Defortessid,FrancisCAmaral@pookmail.com,Chiegh2Ai,Francis,Amaral,4789 Virginia Street,Chicago,IL,60653,Visa,4485772638389585,504,8/2015
Plece1943,SarahSHall@dodgit.com,shohfoh4Eip,Sarah,Hall,2905 Ralph Drive,Lorain,OH,44052,MasterCard,5269492252594746,309,10/2017
Walonly,ScottJBurris@spambob.com,iew1aC6sah,Scott,Burris,61 Harry Place,Charlotte,NC,28202,MasterCard,5174528879422201,195,6/2016
Hite1931,HelenTTorres@mailinator.com,Cahs4quah,Helen,Torres,4385 Brownton Road,Jackson,MS,39213,MasterCard,5281427543415644,498,1/2015
Loomes,KatherineTBenefield@trashymail.com,thie1sieV7,Katherine,Benefield,4559 Progress Way,Saint Cloud,MN,56303,MasterCard,5317237445969970,198,4/2016
Turest,ErmaJPorter@pookmail.com,pahshoo8waeNg,Erma,Porter,3669 Lawman Avenue,Chantilly,VA,22021,MasterCard,5217603113983968,591,10/2016
Agat1965,LisaCKremer@mailinator.com,zak0vix6Ie,Lisa,Kremer,362 Angie Drive,Orange,CA,92665,MasterCard,5201270519243930,557,11/2017
Shors1953,KathleenJReeves@dodgit.com,ep9ohGhohyae,Kathleen,Reeves,2888 Hillview Street,Columbia,SC,29210,Visa,4716524805333610,508,11/2017
Preges,JanetSWright@spambob.com,phae1Thohh,Janet,Wright,1379 Forest Avenue,New York,NY,10011,Visa,4916453127725824,218,7/2014
Womes1983,JohnTMartinez@dodgit.com,Xiub8It3ar,John,Martinez,1465 Del Dew Drive,Temple Hills,MD,20031,MasterCard,5278443487292860,510,11/2015
Ficuthe,ChristinePBreaux@dodgit.com,eiKohv8ees,Christine,Breaux,2254 Sunburst Drive,Golden Gate (Collier),FL,33999,MasterCard,5427776554604354,332,4/2017
Thentle,MarilynACunningham@trashymail.com,ooxeip3maaCi,Marilyn,Cunningham,1656 Martha Ellen Drive,Reno,NV,89501,Visa,4539497588509760,432,8/2013
Incips,PamelaMBurke@dodgit.com,Hoo9Zah0m,Pamela,Burke,4598 Pallet Street,New York,NY,10013,Visa,4916210449908565,428,5/2014
Whice1978,AmyJBartlett@pookmail.com,Or0ubailua,Amy,Bartlett,2442 Elk Rd Little,Phoenix,AZ,85003,Visa,4929097401487000,870,9/2017
Hapromeen,ChristopherMZiegler@dodgit.com,peiD1iey3m,Christopher,Ziegler,1635 Frank Avenue,Pittsburgh,PA,15205,Visa,4539491783652020,954,5/2017
Daught53,LindaDSustaita@spambob.com,eeDoZio8oh,Linda,Sustaita,255 Howard Street,Grand Rapids,MI,49505,Visa,4556933587176829,350,6/2013
Aborming,KarlynRBeltran@spambob.com,Kahp2oo1H,Karlyn,Beltran,3189 Clover Drive,Burlington,CO,80807,MasterCard,5456496170160053,946,9/2015
Evered,GregMThomas@spambob.com,Wuwa2ree0m,Greg,Thomas,420 Kenwood Place,Pompano Beach,FL,33064,MasterCard,5542175221919453,390,8/2016
Freyed1944,SusieJHill@spambob.com,Cuk3sei1Ie,Susie,Hill,4886 Summit Park Avenue,Southfield,MI,48034,Visa,4539564739814520,607,9/2014
Foxys1985,BernadetteJGama@dodgit.com,Quee4ezooJ,Bernadette,Gama,1039 Russell Street,North Billerica,MA,01862,MasterCard,5453631397365787,761,3/2013
Verting,NellieVHarmon@trashymail.com,theifees5I,Nellie,Harmon,1132 Charter Street,Mission,KS,66202,Visa,4716954014458397,688,4/2017
Dayer1959,SaundraFCavanaugh@trashymail.com,thei8KaM,Saundra,Cavanaugh,2341 Quilly Lane,Upper Arlington,OH,43221,Visa,4916176229426856,433,5/2016
Shadeopleil,DanielleDGregory@mailinator.com,sahh0AaX4,Danielle,Gregory,25 Oak Avenue,Chicago,IL,60606,MasterCard,5525540508711736,871,8/2013
Conifterato47,LeoMRose@dodgit.com,Rohy7heisah,Leo,Rose,1882 Simpson Street,Macomb,IL,61455,MasterCard,5178308715392546,455,5/2015
Hirly1930,JanisHGregory@dodgit.com,soiTh5ufith3,Janis,Gregory,4463 Shinn Avenue,Pittsburgh,PA,15222,Visa,4916424439207553,198,2/2014
Witteplaidep,RogerFDunston@pookmail.com,Pegui0een,Roger,Dunston,4948 Asylum Avenue,Wallingford,CT,06492,Visa,4716228064214442,560,1/2015
Terew1954,PatriciaFRiggins@trashymail.com,eiGeeT8z,Patricia,Riggins,4011 Clarence Court,Jacksonville,NC,28540,Visa,4485484148355383,080,12/2013
Univelf,JermainePBullard@mailinator.com,aen2Eig2Oo,Jermaine,Bullard,2186 Farland Avenue,Victoria,TX,77901,MasterCard,5315755147066474,280,1/2013
Inho1984,GabrielDRamos@mailinator.com,aewo2zaciPh,Gabriel,Ramos,2030 Capitol Avenue,Otterbein,IN,47970,Visa,4485806222122497,614,9/2014
Lierhan1945,JaniceAHerrera@pookmail.com,goi7AiGhuob,Janice,Herrera,2474 Radford Street,Milton,KY,40045,MasterCard,5164684580127910,700,5/2016
Travolic,JasmineSHerrington@pookmail.com,di9loo2R,Jasmine,Herrington,3984 Lena Lane,Collins,MS,39428,Visa,4716145237300660,211,12/2015
Hishen,MarkRBennett@mailinator.com,uB9if1isi,Mark,Bennett,2146 Broaddus Avenue,Owensboro,KY,42301,MasterCard,5173788786283820,618,9/2016
Scred1929,SharonLHills@pookmail.com,ahbaip8Phoh,Sharon,Hills,1085 Feathers Hooves Drive,Bethpage,NY,11714,MasterCard,5370310591783828,358,6/2014
Hilewhousels1954,RandallKLove@spambob.com,oogh0Coof,Randall,Love,3383 Anmoore Road,New York,NY,10005,MasterCard,5491561640609984,628,4/2014
Coundel,GraceDLee@trashymail.com,yaej7ahB,Grace,Lee,3542 Oxford Court,Holly Springs,MS,38635,MasterCard,5523038858163881,328,2/2016
Opribution31,KarenJSlayden@spambob.com,SeeHieF3to,Karen,Slayden,4490 Pike Street,Del Mar,CA,92014,MasterCard,5585079339362358,853,10/2015
Froule,RichardBWhitcher@mailinator.com,oGaich5hau,Richard,Whitcher,1069 Ridge Road,Wichita,KS,67202,Visa,4929604595850503,885,5/2016
Boody1959,SangALavender@mailinator.com,cucohw8uSh,Sang,Lavender,4910 Simons Hollow Road,Lake Como,PA,18437,Visa,4539622927146558,425,6/2016
Therymare80,SusanRLloyd@pookmail.com,Roh1SohdeiQu,Susan,Lloyd,4993 Keyser Ridge Road,Archdale,NC,27263,MasterCard,5398798704783057,541,6/2016
Rainkinste,RobertAPatterson@pookmail.com,eaPaiw7ihee,Robert,Patterson,1603 Parrish Avenue,San Jose,CA,95113,MasterCard,5275734795310631,980,2/2014
Gotand,CesarMGreen@mailinator.com,OoghahC7huGh,Cesar,Green,4396 Cantebury Drive,New York,NY,10007,Visa,4716532573470829,059,3/2017
Tume1938,CrystalIOlson@dodgit.com,nuaKah2hahTh,Crystal,Olson,220 Marion Drive,Tampa,FL,33634,MasterCard,5488455203547258,029,9/2013
Shaterinew,MaryPBlum@trashymail.com,eujooK2Ei,Mary,Blum,4893 Brentwood Drive,Austin,TX,78749,MasterCard,5119563445984853,082,12/2015
Youghten,RichardWLarson@pookmail.com,iexai0nuuY,Richard,Larson,3902 Whiteman Street,Maple Shade,NJ,08052,Visa,4485952387601840,506,6/2017
Troar1964,HelenBConrad@trashymail.com,aiHaisha5Xe,Helen,Conrad,759 Arbutus Drive,Miami Springs,FL,33166,MasterCard,5117031728903596,012,6/2017
Sherfeelf,RickyGTorres@mailinator.com,ad1ahQu7oh,Ricky,Torres,1849 Bungalow Road,Dorchester,NE,68343,MasterCard,5170154569632183,046,10/2014
Racter,PeterBRigney@trashymail.com,Coh4weXah0ie,Peter,Rigney,3132 Clover Drive,Colorado Springs,CO,80903,MasterCard,5408127515598264,165,9/2014
Whinevesock,AlexanderJFrost@mailinator.com,toi6Ze3uPh,Alexander,Frost,686 Monroe Street,Houston,TX,77002,Visa,4929870316299177,280,6/2014
Onancery1980,KennethDCoots@dodgit.com,Ai8soaYo,Kenneth,Coots,2666 Stewart Street,Indianapolis,IN,46250,Visa,4539737365545796,660,8/2015
Sumsed,DamianKCox@spambob.com,iag1eeh8Zi,Damian,Cox,183 Emeral Dreams Drive,Rockford,IL,61108,Visa,4916668721068277,980,6/2015
Wassileall,GregoryDWines@mailinator.com,ahN9feij,Gregory,Wines,4802 Fancher Drive,Dallas,TX,75201,MasterCard,5397041997646041,992,1/2017
Anowbod,KayTFoushee@trashymail.com,phok4Aedee,Kay,Foushee,1679 Abner Road,Green Bay,WI,54303,MasterCard,5160975322238591,947,11/2017
Clusbach,DonaldMKilian@dodgit.com,ouche1Eig,Donald,Kilian,1691 Oakridge Farm Lane,Waukesha,WI,53186,MasterCard,5255346195390487,429,5/2013
Temond,DarleneSGallardo@trashymail.com,vie4Rie2hoh,Darlene,Gallardo,1165 Winding Way,Newport,RI,02840,MasterCard,5441721382307491,872,3/2013
Vand1962,RichardRHernandez@mailinator.com,Igh3ohch,Richard,Hernandez,491 Better Street,Savannah,GA,31401,MasterCard,5248868125130386,648,2/2013
Achat1991,MoisesLDuncan@mailinator.com,OhS6ailohfe,Moises,Duncan,3554 Cimmaron Road,Santa Ana,CA,92701,MasterCard,5535974177398657,116,7/2016
Sureas42,JaniceABirney@mailinator.com,eija4Thoh,Janice,Birney,2707 Eagle Street,Collinsville,IL,62234,MasterCard,5569096901092965,070,11/2016
Marknow,SalvatoreLHoppe@pookmail.com,saiqu3Sotho1,Salvatore,Hoppe,4347 Clair Street,Buckholts,TX,76518,MasterCard,5111485108529668,222,12/2014
Gooppoiner,PaulineFKees@dodgit.com,oeb6ooBazo,Pauline,Kees,386 Thomas Street,Schaumburg,IL,60173,Visa,4485365052735357,576,7/2013
Euprome,LindaJGreco@mailinator.com,Ishiexa8,Linda,Greco,4109 Williams Avenue,Edwards,CA,93523,MasterCard,5272161149948754,460,10/2016
Spittly,GlendaSTaylor@mailinator.com,in6ap0Zae,Glenda,Taylor,451 Star Trek Drive,Pensacola,FL,32514,MasterCard,5373027487133333,254,6/2015
Hisfack,JacquelineRManders@dodgit.com,Lo3chaen7oh,Jacqueline,Manders,3542 State Street,Southfield,MI,48075,Visa,4916636913870727,305,3/2016
Forst1936,BrendaPCollier@trashymail.com,iezoh8Woh,Brenda,Collier,174 Twin House Lane,Springfield,MO,65806,Visa,4929429434632668,245,4/2015
Givis1951,TonyAGarza@trashymail.com,GaCahz1iL,Tony,Garza,1758 Corpening Drive,Pontiac,MI,48057,MasterCard,5455850080165373,815,1/2014
Hory1938,MaryGPerdue@pookmail.com,eeTahm5si7v,Mary,Perdue,2698 Adams Avenue,Chevy Chase,MD,20815,MasterCard,5398686806999376,749,8/2013
Shavan,JohnOHardy@spambob.com,Sah0Gaiseej,John,Hardy,4359 Benson Street,Phillips,WI,54555,MasterCard,5594740590075372,469,9/2013
Amer1946,JessicaLWilson@mailinator.com,Ohm5Eib6ee,Jessica,Wilson,241 Happy Hollow Road,Hamlet,NC,28345,Visa,4916633385237394,700,1/2013
Covis1978,MichaelWGibbs@mailinator.com,Eep1iurachoo,Michael,Gibbs,893 Red Hawk Road,Orlando,FL,32801,Visa,4532035216590906,929,4/2015
Thowere,WillieCCanales@pookmail.com,ohG1UuRee,Willie,Canales,2160 Maple Avenue,Stockton,CA,95204,MasterCard,5292298089558916,438,11/2014
Fiette1974,LucilleJNeighbors@pookmail.com,Eiqu8eeg,Lucille,Neighbors,1123 Locust View Drive,San Francisco,CA,94115,Visa,4539820274907024,444,3/2014
Cons1934,NicolasMSwanson@dodgit.com,Ceiph1saz5ah,Nicolas,Swanson,3841 Henery Street,Wichita,KS,67203,MasterCard,5285434757442773,523,4/2014
Fife1941,KennethTPeters@spambob.com,Jiecohv0nei,Kenneth,Peters,4108 Franklee Lane,Fort Washington,PA,19034,MasterCard,5485926313086984,897,10/2013
Agaricy,PaulineRAyers@mailinator.com,aht9ieKee,Pauline,Ayers,3450 Flint Street,Roswell,GA,30075,Visa,4485826864902717,248,6/2017
Haper1933,LucyRSexton@dodgit.com,aiRaiphiv0B,Lucy,Sexton,1336 Grove Avenue,Hugo,OK,74743,Visa,4532798991301910,232,5/2014
Litty1931,BerthaSReed@dodgit.com,eedieGo5a,Bertha,Reed,695 Barnes Street,Orlando,FL,32810,MasterCard,5168577300355546,048,5/2016
Marsureend,SamMRisley@mailinator.com,ieDusik6soo,Sam,Risley,3903 Michigan Avenue,Foxburg (Clarion),PA,16036,Visa,4485233151850370,159,3/2017
Groy1940,IgnacioMLopez@trashymail.com,Ahs7jucoh,Ignacio,Lopez,3153 Olen Thomas Drive,Muenster,TX,76252,Visa,4929642600105257,495,11/2017
Rivermind68,TonyaMWilliams@pookmail.com,eph6nahQuoo,Tonya,Williams,4220 Lowes Alley,Saint Clairsville,OH,43950,MasterCard,5256219453116705,208,8/2017
Twout1978,PearlMClaflin@trashymail.com,Ovoiv4apee5,Pearl,Claflin,4164 Chandler Hollow Road,Pittsburgh,PA,15210,Visa,4485810245280761,467,4/2015
Stictied,WendellBMassey@dodgit.com,AetheiCh7ei,Wendell,Massey,4066 Lowes Alley,Columbus,OH,43215,MasterCard,5141485875351894,134,2/2013
Fivend,CarolynMBlair@dodgit.com,Iechoh3teir,Carolyn,Blair,2965 Java Lane,Columbia,SC,29204,Visa,4539487451249925,107,12/2014
Rict1961,ErnestoEGreer@pookmail.com,imieDa7ah,Ernesto,Greer,1491 Nickel Road,Los Angeles,CA,90017,Visa,4929403999018746,480,8/2013
Diationance,MichaelASalazar@dodgit.com,shoh4ohZie,Michael,Salazar,3639 Lindale Avenue,Oakland,CA,94607,MasterCard,5297916840942641,445,11/2015
Pell1949,MarcusSColes@trashymail.com,siGheeceir4,Marcus,Coles,2452 Brown Street,Walnut Creek,CA,94596,Visa,4929830861822609,462,10/2016
Pectim1938,DeenaMWashburn@dodgit.com,vaejaJoh8v,Deena,Washburn,3486 Essex Court,White River Junction,VT,05001,Visa,4929031777098695,986,7/2015
Hury1934,PatriciaEHernandez@spambob.com,phahsai6T,Patricia,Hernandez,329 Lochmere Lane,New London,CT,06320,Visa,4532280165444081,950,4/2013
Abse1972,MargaretRMinks@trashymail.com,Ohtahw2hum,Margaret,Minks,802 West Side Avenue,Rochelle Park,NJ,07762,MasterCard,5223989712410426,735,1/2015
Abor1927,LenaKHarris@spambob.com,tie2IeChe7,Lena,Harris,682 Summit Street,Bettendorf,IA,52722,Visa,4485969439178908,397,2/2016
Hitted,YolandaAMcLean@trashymail.com,ieShedei3ke,Yolanda,McLean,1390 College Street,Atlanta,GA,30340,Visa,4532591313781335,497,9/2014
Butervirty,CarolFWalker@mailinator.com,ieyosh5Ee,Carol,Walker,1651 Stratford Park,Newburgh,IN,47630,MasterCard,5139167326474301,695,4/2013
Thelikin1939,JustinRHeavner@dodgit.com,UQuo3aiyoboh,Justin,Heavner,4033 Grant View Drive,New Berlin,WI,53151,MasterCard,5498853064069065,293,3/2014
Weved1977,EvaMDenby@pookmail.com,zahMel2ph,Eva,Denby,4186 Cimmaron Road,Anaheim,CA,92806,MasterCard,5369604855875210,559,1/2014
Thaturesce,BarbaraDTurner@dodgit.com,OoQu9aith8f,Barbara,Turner,1608 Oakdale Avenue,Winter Haven,FL,33830,Visa,4485839595143295,775,5/2016
Mort1972,MaryJBoyd@pookmail.com,aidu8eeGah,Mary,Boyd,2686 Stoney Lane,Farmers Branch,TX,75234,MasterCard,5215800624421866,844,12/2015
Dids1983,JamesRSmith@spambob.com,Ie1ahn6ee,James,Smith,269 Loving Acres Road,Fort Worth,TX,76102,MasterCard,5448861732873165,402,3/2016
Themake92,JamesSHayes@trashymail.com,ahjiene2uiTh,James,Hayes,1356 Mahlon Street,New Brunswick,NJ,08901,Visa,4716689919618238,159,8/2015
Notin1953,DanielMBober@pookmail.com,Aesh5ohPha,Daniel,Bober,2110 Wakefield Street,Philadelphia,PA,19107,Visa,4916751754477597,900,4/2017
Buttaide,GrayceADeweese@mailinator.com,PhaiR6oo4,Grayce,Deweese,3760 Mahlon Street,Jersey City,NJ,07305,Visa,4916476601208397,984,6/2014
Eveithe,SeanCMontoya@trashymail.com,AhpaigeeD7sh,Sean,Montoya,1540 Buck Drive,Salt Lake City,UT,84104,Visa,4539498200208047,514,9/2014
Vellut,DollyNJiminez@dodgit.com,NiCh9SahZoo,Dolly,Jiminez,2622 Duck Creek Road,Palo Alto,CA,94306,MasterCard,5553600559162455,234,6/2013
Cattess,JoannWPerry@mailinator.com,icigeiL1ah,Joann,Perry,2198 Wayback Lane,Brentwood,NY,11717,Visa,4929260358878882,007,4/2014
Agetithas,VernaCOuimet@pookmail.com,ahWeJ4lah,Verna,Ouimet,4567 Big Indian,New Orleans,LA,70112,Visa,4929508554470726,137,12/2016
Crid1946,BonnieTSmith@trashymail.com,Ahy7eiZuu1I,Bonnie,Smith,2921 Hawks Nest Lane,Saint Louis,MO,63143,Visa,4485747351958782,255,10/2014
Nobbland,WilliamEDonahue@pookmail.com,Eey2iv2Egoh,William,Donahue,1132 Eagle Drive,Temperance,MI,48182,Visa,4929714637942125,608,6/2017
Formiscrad,OrlandoFDunne@mailinator.com,Nuirei0Roh0,Orlando,Dunne,3401 Windy Ridge Road,Fort Wayne,IN,46818,MasterCard,5401635385674921,171,5/2016
Athey1960,ThelmaJGarzon@trashymail.com,Vohmu9yaiV,Thelma,Garzon,3563 Watson Lane,San Antonio,TX,78212,MasterCard,5492223880941770,342,8/2016
Duestaingth1939,TimothyCFitzgerald@mailinator.com,ixei7ooF0coh,Timothy,Fitzgerald,3504 Cabell Avenue,Beltsville,VA,20705,Visa,4916286353690282,171,10/2015
Toeopla,BrandyMLeonard@spambob.com,oG1iequ6,Brandy,Leonard,3977 Broadway Avenue,Hampton,TN,37658,MasterCard,5502884498083434,200,6/2015
Noul1984,LisaRCarrillo@pookmail.com,thahXah4pah,Lisa,Carrillo,4082 Bingamon Road,Euclid,OH,44132,Visa,4532651022368855,898,4/2017
Thembine,LoriDAmedee@spambob.com,eihai0Eghai,Lori,Amedee,2583 Old Dear Lane,Monticello,NY,12701,MasterCard,5143828124827040,806,7/2017
Nong1981,TravisEMoten@trashymail.com,Heidai6eGh,Travis,Moten,2752 Meadow Lane,Oakland,CA,94612,MasterCard,5260736843929491,535,1/2015
Therul,JohnERobinson@mailinator.com,ungooSh2eir,John,Robinson,2184 Summit Park Avenue,Southfield,MI,48075,Visa,4532053675004970,424,5/2014
Ansitionve,JamesWHenriques@pookmail.com,piegho3Pie,James,Henriques,2698 Post Farm Road,Decatur,GA,30030,MasterCard,5498872913215976,150,3/2016
Acto1990,RosemaryCSpencer@pookmail.com,Iec6kei6nei,Rosemary,Spencer,923 Harry Place,Lincolnton,NC,28092,MasterCard,5343709021456018,259,3/2016
Theopect,SarahDMignone@spambob.com,Iekahzu4h,Sarah,Mignone,4097 Poe Road,Ocean Drive Beach,SC,29582,Visa,4916420242050933,758,7/2015
Frighbord,CharlieYDean@trashymail.com,ephei0Tah0y,Charlie,Dean,3195 Woodside Circle,Valparaiso,FL,32580,Visa,4556220199297932,834,6/2015
Brour1946,LarrySYoung@pookmail.com,Cahch8uav,Larry,Young,4870 South Street,Midland,TX,79701,Visa,4929126846268137,651,3/2013
Finediound,EllenRRoark@spambob.com,ahL7cheiBoo,Ellen,Roark,1949 Elm Drive,Garden City,NY,11530,MasterCard,5261268015991298,542,3/2016
Blocared,BirdieCBeeson@dodgit.com,Bohvah1ee,Birdie,Beeson,3997 Pride Avenue,Brooklyn,NY,11206,Visa,4539807624516738,258,4/2013
Mougge,RayJHansen@trashymail.com,lood3ieM,Ray,Hansen,2409 Edsel Road,Burbank,CA,91504,Visa,4556924186278405,190,5/2016
Noins1930,JosephLArsenault@mailinator.com,theeMe2k,Joseph,Arsenault,2819 Callison Lane,Wilmington,DE,19801,Visa,4929547864768601,834,12/2013
Witypone,AbbieIHamilton@pookmail.com,OaF3ahvoh,Abbie,Hamilton,1737 Cedarstone Drive,Defiance,OH,43512,MasterCard,5122394477342686,608,8/2013
Eard1957,BrianCHaas@trashymail.com,aeS4meeni,Brian,Haas,3630 Brighton Circle Road,Saint Cloud,MN,56303,MasterCard,5206069890093715,429,2/2013
Hatian,LouiseCJefferson@pookmail.com,aefooY8u,Louise,Jefferson,1526 Spring Haven Trail,Livingston,NJ,07039,Visa,4539573881688186,654,4/2016
Truche1974,DougDLawson@pookmail.com,Shuaphaigi1,Doug,Lawson,2921 May Street,Middlesboro,KY,40965,Visa,4916958184378309,731,8/2013
Decat1939,PhilipJSunderland@mailinator.com,Ien7Ahc7Oo,Philip,Sunderland,3745 Pearl Street,Sacramento,CA,95814,MasterCard,5381090733383789,984,8/2014
Minman,SharonSAbreu@trashymail.com,gerohxa7Jei,Sharon,Abreu,367 Leisure Lane,Moorpark,CA,93021,MasterCard,5131817707917116,638,5/2015
Stentartudge,TerrieRSwords@pookmail.com,xuhaeH9cahCh,Terrie,Swords,2307 Ingram Road,Elon College,NC,27244,Visa,4485003181545211,488,3/2014
Supormor,AmyDBaldridge@mailinator.com,Sequu0koh3g,Amy,Baldridge,2131 Murphy Court,Golden Valley,MN,55427,MasterCard,5282993579076310,761,10/2015
Veamel,ArthurSDolan@pookmail.com,eiGeo0yiFu2,Arthur,Dolan,1104 Briarwood Drive,Camden,NJ,08102,MasterCard,5426196523351337,618,7/2016
Lookice,ReyKHarris@trashymail.com,aht9Eisoh,Rey,Harris,1377 Renwick Drive,Norristown,PA,19403,MasterCard,5581369549101694,776,9/2016
Alksomed,BarbaraRBahr@trashymail.com,heeH4saem6,Barbara,Bahr,3665 Pritchard Court,Owatonna,MN,55060,Visa,4532356146339051,571,2/2017
Acom1982,EarlSBelli@pookmail.com,et3Kee0f,Earl,Belli,2192 Romrog Way,Grand Island,NE,68801,Visa,4916629058948507,778,7/2016
Lievaight,JeanetteRAdams@mailinator.com,gaiv0Cei,Jeanette,Adams,2091 Cottonwood Lane,Grand Rapids,MI,49503,MasterCard,5285941731831764,026,9/2014
Liciriand61,MamieJBurkley@trashymail.com,ieBuY4uugh,Mamie,Burkley,2965 Poling Farm Road,Ainsworth,NE,69210,MasterCard,5567982134321432,922,12/2016
Youche,StephenMWoolf@mailinator.com,aem3airei3Wah,Stephen,Woolf,2660 Goff Avenue,Kalamazoo,MI,49007,Visa,4532077609063406,524,9/2016
Reir1941,RickRJohnson@trashymail.com,Rae4pheing,Rick,Johnson,28 Whitetail Lane,Dallas,TX,75207,MasterCard,5106627533583102,806,9/2013
Balle1977,LuisARunyan@mailinator.com,Ew5Tohx3ie,Luis,Runyan,1043 Nixon Avenue,Johnson City,TN,37601,MasterCard,5399339128230695,970,1/2016
Discovor,ChristineDSteed@trashymail.com,ahbaiD2eiy,Christine,Steed,2302 Pearcy Avenue,New Berlin,WI,53151,MasterCard,5399163329835072,632,2/2017
Uposened1933,ColemanBTurpin@mailinator.com,aqu8egh2C,Coleman,Turpin,3241 Romines Mill Road,Dallas,TX,75202,MasterCard,5531311512497502,828,8/2014
Woultand,TeresaWSimmons@dodgit.com,aujahgh9Thi,Teresa,Simmons,828 Union Street,Seattle,WA,98121,Visa,4929321522649946,344,12/2014
Amis1967,AnaMConstantine@spambob.com,ZeWae0dahx5,Ana,Constantine,467 Zappia Drive,Winchester,KY,40391,Visa,4929524069404290,433,11/2016
Loyed1929,BrainKMoya@mailinator.com,aequ6iTh,Brain,Moya,2170 Armbrester Drive,Torrance,CA,90501,MasterCard,5313910590822046,120,4/2015
Hineseepthis28,ScottVBlue@pookmail.com,uokagae9Qu,Scott,Blue,1636 John Avenue,Jackson,MI,49201,MasterCard,5461934449108498,510,2/2013
Eded1946,JohnMTostado@trashymail.com,aen0paiVoo,John,Tostado,1322 Whaley Lane,Hartland,WI,53029,Visa,4929726096442017,219,12/2015
Somele,AngelicaLRiley@pookmail.com,AeT5Tha0r,Angelica,Riley,1403 Fire Access Road,Oldtown,NC,27106,MasterCard,5422392867296006,624,12/2014
Swastento,AndrewJPatterson@dodgit.com,Bu4Iidai,Andrew,Patterson,4603 Johnstown Road,Northbrook,IL,60062,MasterCard,5128638817165940,954,10/2013
Garlercurch,EugenieMPhillips@spambob.com,Aes1ji9H,Eugenie,Phillips,1620 Lake Forest Drive,New York,NY,10013,MasterCard,5121578285811525,514,4/2014
Whistry,JeromeJWade@pookmail.com,mou1Cee7oh,Jerome,Wade,3921 Felosa Drive,Abilene,TX,79602,MasterCard,5450166342340075,559,1/2017
Aniesconly,SuzanneKCrutcher@trashymail.com,Ielilo9pei,Suzanne,Crutcher,634 Center Street,Rochelle Park,NJ,07662,Visa,4929691317226252,844,3/2013
Beivieve,WilliamMNix@trashymail.com,ahy7rieNgah,William,Nix,3920 Rivendell Drive,Akron,OH,44311,MasterCard,5378398197569891,713,10/2017
Minge1973,IvanTDotson@dodgit.com,tohxaiHei5Ae,Ivan,Dotson,4316 Zappia Drive,Lexington,KY,40507,Visa,4485932016304313,581,12/2014
Ching1934,EricAGo@mailinator.com,choh1Ooph,Eric,Go,434 Brownton Road,Memphis,MS,38116,MasterCard,5556780105803807,316,7/2014
Litsee1990,EmersonSSmith@trashymail.com,Nae7iGh9P,Emerson,Smith,715 Rhapsody Street,Howey In The Hills,FL,34737,MasterCard,5499145994426005,418,1/2017
Theromid,GaryJElston@trashymail.com,uReam1ooTuGh,Gary,Elston,4012 Doctors Drive,Irvine,CA,92614,MasterCard,5297722803529239,467,7/2013
Neysither,HughARowe@mailinator.com,Ohnohp9n,Hugh,Rowe,1811 Renwick Drive,Philadelphia,PA,19108,Visa,4532523341831725,824,6/2017
Essan1943,WilliamTDeguzman@spambob.com,einahJee6,William,Deguzman,900 Chandler Drive,Lamar,MO,64759,MasterCard,5500970387900135,382,4/2014
Bearbing,AlexisABaxley@spambob.com,xai1ea9Dai,Alexis,Baxley,2389 Clifford Street,Berkeley,CA,94704,MasterCard,5461523193380088,970,2/2014
Imser1959,MonicaGHale@dodgit.com,nooj9Ut2a,Monica,Hale,1642 Bee Street,Grand Rapids,MI,49503,MasterCard,5506820527939465,814,4/2014
Theine,DexterDHawkins@spambob.com,gooX4ohqu,Dexter,Hawkins,1572 Grant Street,Oak Hill,TX,75652,Visa,4539644822917313,297,2/2015
Thea1971,JerryLNorthcutt@pookmail.com,eeL8thaePh,Jerry,Northcutt,4136 Edington Drive,Atlanta,GA,30308,MasterCard,5110574792702417,049,3/2016
Awallaid,MarieWNitta@spambob.com,arai8eeToh,Marie,Nitta,640 Davis Place,Belmore,OH,45815,MasterCard,5382830412003409,464,2/2016
Satifer,DoraHBarnett@spambob.com,Jequ8Eirah,Dora,Barnett,806 Trymore Road,Owatonna,MN,55060,Visa,4916058227617233,146,10/2013
Fornam,BrittanyRTate@trashymail.com,etheit0Ahz,Brittany,Tate,294 Weekley Street,San Antonio,TX,78212,Visa,4929278515206680,496,2/2014
Whateney1957,DorothyHMatias@mailinator.com,sa9raYaet,Dorothy,Matias,215 Center Street,Albany,OR,97321,Visa,4716562493301598,511,1/2013
Newhavening,EliseGRamos@mailinator.com,Chavo0Voh,Elise,Ramos,4259 Michigan Avenue,New Alexandria,PA,15670,MasterCard,5235625302233481,347,11/2016
Fary1936,VirginiaBFowler@trashymail.com,Eigh0eiw0ri,Virginia,Fowler,3620 Red Hawk Road,Freeport,MN,56331,MasterCard,5246709453112418,800,8/2016
Fighbrich,CarolynnMBriggs@trashymail.com,Phee4ahWah,Carolynn,Briggs,2929 Fairmont Avenue,Syracuse,MO,65354,MasterCard,5209307743675156,732,4/2016
Themse,AmeliaGReed@pookmail.com,zoofai8Ei,Amelia,Reed,4948 Golf Course Drive,Arlington,VA,22202,MasterCard,5411505338730955,245,10/2015
Hedur1949,VeronicaJHill@spambob.com,eiy5bahT,Veronica,Hill,3848 Hurry Street,Boones Mill,VA,24065,Visa,4532173075220677,634,12/2017
Mrsexamme,SalvadorCMarkham@mailinator.com,leefi9oop2Ee,Salvador,Markham,4003 Southern Street,Hicksville,NY,11612,MasterCard,5203589384935736,745,11/2016
Andeas1976,FrancisGEmerson@mailinator.com,EeZuumee3p,Francis,Emerson,1845 Todds Lane,San Antonio,TX,78238,MasterCard,5207548682991136,875,7/2013
Raceiziendas,BarbaraJGoodman@spambob.com,shi0iec0Qu,Barbara,Goodman,3854 Wyatt Street,Boca Raton,FL,33432,Visa,4916442186566575,164,10/2013
Buzzlieve,CarolABoyers@spambob.com,Fait0sah9Ai,Carol,Boyers,4827 Snider Street,Englewood,CO,80112,MasterCard,5356183965805313,993,8/2015
Hison1961,ColleenRCook@dodgit.com,doC6miedai,Colleen,Cook,3432 Midway Road,Springdale,AR,72764,Visa,4929501357064630,568,5/2015
Wishe1933,KarlNEller@spambob.com,ohSi0phae5,Karl,Eller,1289 Roane Avenue,Greenbelt,MD,20770,Visa,4532638620352639,683,1/2014
Invuld,MaryVMitchell@mailinator.com,AhV6reoz0ie,Mary,Mitchell,3111 Coventry Court,Biloxi,MS,39531,MasterCard,5255665812184308,715,2/2017
Restake,AllenGJohnson@spambob.com,amoC8saengee,Allen,Johnson,827 Hemlock Lane,Brownsville,TX,78520,MasterCard,5558026060645447,302,10/2014
Calown,StephenDBrundage@pookmail.com,eeJu7iedai,Stephen,Brundage,2611 Duff Avenue,South Burlington,VT,05403,Visa,4929577343150667,455,9/2017
Twoured44,ArthurTMartin@dodgit.com,ietael4eeH,Arthur,Martin,897 Byers Lane,Sacramento,CA,95814,Visa,4539778461710652,101,5/2016
Affearsurry,LauraRJohnson@pookmail.com,ooQuo6eehee,Laura,Johnson,4015 Victoria Street,Baton Rouge,LA,70806,MasterCard,5335790600005293,303,2/2015
Hest1948,GloriaJBiddle@dodgit.com,oa9eeHoy,Gloria,Biddle,1310 Junkins Avenue,Albany,GA,31701,MasterCard,5588919520837485,957,4/2013
Alsoned,ThomasKRana@mailinator.com,aiYemese1ki,Thomas,Rana,758 Camel Back Road,Henryetta,OK,74437,Visa,4532644851519987,900,5/2016
Unced1950,BarbaraMHenrickson@mailinator.com,Uucheith4d,Barbara,Henrickson,434 Sycamore Circle,Arlington,TX,76010,MasterCard,5476262128360575,068,7/2013
Sentogivents,ArmandoGVelasquez@mailinator.com,chish3Teefee,Armando,Velasquez,2770 Pickens Way,Sherman,TX,75090,Visa,4539333470372787,541,5/2015
Oviziest,CarlSBlack@mailinator.com,sougiiC0,Carl,Black,1229 Old Dear Lane,White Plains,NY,10601,Visa,4556380856926759,699,6/2015
Carded,DebraJBeaufort@dodgit.com,eiK9Vooshah,Debra,Beaufort,4792 Golden Street,Doral,FL,33178,MasterCard,5574147919003388,888,9/2013
Ayed1952,DanielAVezina@pookmail.com,oochai8Rie,Daniel,Vezina,457 Poplar Chase Lane,Boise,ID,83704,Visa,4556181831543705,835,1/2017
Moks1954,DebrahJSepulveda@spambob.com,thiaCh9ohph,Debrah,Sepulveda,1092 Holly Street,Athens,GA,30601,Visa,4929659214250014,805,8/2017
Riatied,KenyettaCHazelip@dodgit.com,ZaeFahf1Oox,Kenyetta,Hazelip,53 Simpson Avenue,Harrisburg,PA,17109,Visa,4539295790061681,103,8/2016
Raine1961,PaulTAponte@trashymail.com,Lees2shei,Paul,Aponte,110 Locust Street,Irwinville,GA,31760,Visa,4916035497739574,435,2/2013
Sidn1957,KathleenJLewis@dodgit.com,Dooj4chah,Kathleen,Lewis,947 Kinney Street,East Longmeadow,MA,01028,MasterCard,5335190463467690,948,5/2017
Loiced,LucyCMcRay@spambob.com,ahchaiH0al,Lucy,McRay,3544 Burwell Heights Road,Galveston,TX,77551,MasterCard,5409214205274528,973,1/2013
Forry1987,JayBWulf@spambob.com,Ridee1uZ7ei,Jay,Wulf,248 Olive Street,Saint Marys,OH,45885,MasterCard,5242824056068224,318,12/2014
Cationexprot,AaronEKent@pookmail.com,Vaa8eithahj,Aaron,Kent,4755 Public Works Drive,Knoxville,TN,37917,Visa,4916078353816334,445,3/2015
Hatecrable,SueMWooten@trashymail.com,gaereikaih5L,Sue,Wooten,3945 Strother Street,Birmingham,AL,35203,MasterCard,5234968264186292,872,10/2016
Topas1969,RogerAShier@trashymail.com,Aigh1ohgae,Roger,Shier,3875 Juniper Drive,Roscommon,MI,48653,MasterCard,5449951256590300,365,8/2015
Scimerial,FernandoJBoyd@spambob.com,raugh5Einooqu,Fernando,Boyd,4725 Harry Place,Charlotte,NC,28202,MasterCard,5548754860365477,793,12/2013
Thererace,NormanKReeser@mailinator.com,AiWae5ooW2th,Norman,Reeser,1366 Thompson Street,Los Angeles,CA,90017,Visa,4532764794578344,521,8/2017
Muchislover1990,ClaraJRoss@mailinator.com,ic9iTeihoo,Clara,Ross,2241 Upland Avenue,Toledo,OH,43609,Visa,4539560523614340,245,12/2013
Damers,HattieFJones@pookmail.com,oorohgiPh1,Hattie,Jones,698 Orchard Street,Minneapolis,MN,55415,MasterCard,5414995719482689,796,10/2017
Dowere87,BrandonSBrown@trashymail.com,uF1eChohqu,Brandon,Brown,4060 Blue Spruce Lane,Dundalk,MD,21222,Visa,4929471206775689,620,11/2013
Nowily,WilliamAAnderson@dodgit.com,lii6Thoo,William,Anderson,3874 Bagwell Avenue,Weekiwachee Spgs.,FL,32512,MasterCard,5389763302933638,438,10/2015
Ishaves,ShirleyLTorres@dodgit.com,Nudo7nazai,Shirley,Torres,2153 Loving Acres Road,Fort Worth,TX,76102,Visa,4556275953455258,445,11/2013
Illudge,ReginaGRasmussen@spambob.com,iu0ahZeen1Ah,Regina,Rasmussen,677 Pineview Drive,Owatonna,MN,55060,MasterCard,5541396901000684,332,6/2016
Inateptind,DavidVRinger@pookmail.com,ohPo6thoovu,David,Ringer,1062 Rafe Lane,Jackson,MS,39201,MasterCard,5237973690983079,299,1/2016
Ence1986,SusanDMcDonald@mailinator.com,ne6we8Ri,Susan,McDonald,3483 Graystone Lakes,Adrian,GA,31002,Visa,4556988857224527,152,11/2017
Sheardiscas,YvetteDGalvez@spambob.com,Weu0oojo,Yvette,Galvez,1821 Frank Avenue,Springfield,MA,01103,Visa,4485520230990973,043,9/2014
Mays1937,ThomasineAOwens@mailinator.com,Aingae0n,Thomasine,Owens,975 Bottom Lane,West Seneca,NY,14224,MasterCard,5318254968625508,759,4/2016
Betre1947,RobertTHernandez@spambob.com,oochiech4Xio,Robert,Hernandez,2281 Hayhurst Lane,Southfield,MI,48075,MasterCard,5333022515364033,860,4/2017
Riever,SusanDPenrod@trashymail.com,ahwoo5Uuc8,Susan,Penrod,735 New Creek Road,Anniston,AL,36205,Visa,4556476312476536,733,2/2014
Tilen1927,IraAGarrett@dodgit.com,yooJa6ru0,Ira,Garrett,3806 Daylene Drive,Southfield,MI,48075,Visa,4716820308802758,861,8/2016
Hady1941,AmyRSegura@spambob.com,gie5ahWoo,Amy,Segura,3973 Bailey Drive,Fort Madison,IA,52627,Visa,4929817314097996,822,1/2015
Indere,DeliaRHermann@trashymail.com,oSu7ao4o,Delia,Hermann,4928 Ritter Avenue,Southfield,MI,48034,Visa,4556554421145877,047,4/2015
Parloo,DawnECampbell@pookmail.com,phahhie1Uch,Dawn,Campbell,1683 Dancing Dove Lane,New York,NY,10013,Visa,4556873850631649,116,2/2014
Allace74,GeorgeNRedmon@pookmail.com,wiojah2P,George,Redmon,1160 Sycamore Street,San Jose,CA,95113,MasterCard,5180137525276995,403,6/2016
Asse1987,GaryEEllison@dodgit.com,oom5Dei8d,Gary,Ellison,943 Millbrook Road,Bensenville,IL,60106,MasterCard,5394320141368022,339,2/2017
Aftly1989,RogerLNichols@pookmail.com,aiyaiv0Ee,Roger,Nichols,3058 Dawson Drive,Little Rock,AR,72211,Visa,4485527424360178,469,8/2014
Leou1935,SarahJGuy@spambob.com,Jeev2egae,Sarah,Guy,669 Pinnickinick Street,Camas,WA,98607,MasterCard,5198096021003560,100,7/2017
Thernon,CharlotteCNixon@dodgit.com,Ni5deich4u,Charlotte,Nixon,1178 Middleville Road,Arcadia,CA,91006,MasterCard,5530707454567445,228,4/2017
Hatterich,HaroldJAinsworth@trashymail.com,Gi3ap0zeuB,Harold,Ainsworth,2853 Hall Valley Drive,Wheeling,WV,26003,Visa,4556001327694723,353,11/2015
Foolity,DesireeHNagy@trashymail.com,Saetai8ohph,Desiree,Nagy,4248 Maloy Court,Powhattan,KS,66527,Visa,4556021394922484,424,11/2014
Milteven,TarshaEMiller@spambob.com,jai1Tuth5,Tarsha,Miller,4457 Timberbrook Lane,Gypsum,CO,81637,Visa,4929145595724900,700,1/2016
Galeafeend,JamesOBrosnan@trashymail.com,yoTe1tho0,James,Brosnan,3730 Conaway Street,North Vernon,IN,47265,MasterCard,5324828407669706,714,5/2016
Beirt1993,DelorisPLopez@pookmail.com,oSoh7Cie,Deloris,Lopez,675 Johnstown Road,Wheeling,IL,60090,MasterCard,5371290246006099,254,9/2014
Allecte1963,GeorgeEScott@pookmail.com,cheix0He8S,George,Scott,3844 Grant Street,Wills Point,TX,75169,Visa,4539492270456685,121,5/2014
Scatersoloss,ThelmaBKelsey@spambob.com,ieWeevahKie1,Thelma,Kelsey,2624 Ryan Road,Willow Lake,SD,57278,Visa,4716517724078043,836,1/2016
Trandre,AmandaWOren@spambob.com,waWi3ohnah,Amanda,Oren,2124 Lynn Street,Boston,MA,02107,MasterCard,5412489341089882,088,11/2016
Affe1971,MarioLBarrera@pookmail.com,meiqu2Zae,Mario,Barrera,677 Overlook Drive,Muncie,IN,47305,MasterCard,5399948448538429,641,4/2014
Vilt1992,RobertKSanders@dodgit.com,Ephae0aech,Robert,Sanders,1229 Hiney Road,Las Vegas,NV,89119,MasterCard,5526612672975840,606,5/2013
Trinnow,PatriciaJMyers@spambob.com,eeX9yi9ie,Patricia,Myers,3218 Black Oak Hollow Road,Milpitas,CA,95035,Visa,4916455086024511,173,6/2016
Muchatitily1958,JeanetteDBentley@pookmail.com,ahhi0Soo0oo,Jeanette,Bentley,2150 Marie Street,Cockeysville,MD,21030,Visa,4916603438367464,057,7/2016
Obboulas82,ChristopherBRuth@trashymail.com,PacheiP9ahPh,Christopher,Ruth,66 Cessna Drive,Fort Wayne,IN,46865,MasterCard,5535238902898989,937,4/2016
Mese1972,JamesPJohnson@trashymail.com,Ahquohph7at,James,Johnson,1189 Essex Court,Jacksonville,VT,05342,Visa,4716827612624380,463,12/2015
Ahadjaus,LaurenRGarland@pookmail.com,peiDee9jeaW,Lauren,Garland,1595 Biddie Lane,Montross,VA,23231,Visa,4556773350606721,998,3/2015
Hisated,JohnEDigiacomo@spambob.com,saiwie2Gah,John,Digiacomo,2101 Jennifer Lane,Durham,NC,27703,MasterCard,5213891569863693,217,9/2015
Losely,AnnaRWilhoite@trashymail.com,ahsieQu4,Anna,Wilhoite,1292 Werninger Street,Houston,TX,77002,MasterCard,5564777180923245,345,11/2013
Proplied1937,MichaelCHoffman@mailinator.com,Aa1ohceingah,Michael,Hoffman,1655 Horizon Circle,Kent,WA,98042,MasterCard,5186453831862160,033,8/2016
Deres1927,JeanJGalindo@trashymail.com,iasaing5Ah,Jean,Galindo,1010 Frosty Lane,Sidney,NY,13838,Visa,4716502960279182,534,3/2016
Meld1957,DonnaJTaylor@spambob.com,lahNg7io,Donna,Taylor,4293 Apple Lane,Peoria,IL,61602,MasterCard,5565554942461858,507,2/2016
Hembeed,BenjaminMReddin@mailinator.com,nopahHe4Ou8ei,Benjamin,Reddin,4832 Ferry Street,New Hope,AL,35760,Visa,4916514967036877,587,6/2016
Spoks1990,SarahLAcosta@mailinator.com,hohLiel1Gang,Sarah,Acosta,1309 Glory Road,Monterey,TN,38574,Visa,4716756649175852,146,11/2014
Replads1949,JohnathanDJohnson@spambob.com,oMu6gahB,Johnathan,Johnson,4623 White River Way,Salt Lake City,UT,84111,MasterCard,5270247971510291,971,6/2016
Drudy1989,DanielVStone@spambob.com,Ohfei3Que,Daniel,Stone,330 Pine Tree Lane,Myersville,MD,21773,Visa,4532102078212910,794,3/2015
Puragess,LynnSTorrez@dodgit.com,tiweePh4t,Lynn,Torrez,4627 Doe Meadow Drive,Baltimore,MD,21202,MasterCard,5371706814680296,252,8/2016
Samende,CharlotteCArsenault@spambob.com,Tah8gocai0o,Charlotte,Arsenault,2017 Powder House Road,West Palm Beach,FL,33401,MasterCard,5267537888260351,703,11/2016
Camookeeas,JavierRSmith@pookmail.com,eehakeisai9K,Javier,Smith,1320 Brooke Street,Houston,TX,77021,Visa,4539102668407915,286,12/2013
Nores1958,EffieGHaines@spambob.com,uoquieph4F,Effie,Haines,3310 Whitetail Lane,Dallas,TX,75207,Visa,4556566195625686,776,2/2017
Himes1975,RonnieBTompkins@spambob.com,muchohLae6,Ronnie,Tompkins,1688 Arrowood Drive,Jacksonville,FL,32205,Visa,4532111522496441,005,2/2016
Sprim1983,CarlGHulse@dodgit.com,Feix6azie,Carl,Hulse,2742 Lakeland Terrace,Romulus,MI,48174,Visa,4929125952622442,782,12/2016
Beyeraident,KarlaSNoel@spambob.com,mubahRa6x,Karla,Noel,2675 Pallet Street,Elmsford,NY,10523,Visa,4716260921002389,680,10/2017
Makeetelich55,TerryBWest@trashymail.com,Doht6Hie7,Terry,West,2061 Breezewood Court,Humboldt,KS,66748,Visa,4916786912174181,173,3/2015
Sublaid,GinaAMartin@mailinator.com,Mi3iGeyaodua,Gina,Martin,4898 Shadowmar Drive,Metairie,LA,70001,MasterCard,5416759189718040,179,10/2015
Wherfuld,LisaRArchie@dodgit.com,siR1ti9iFae,Lisa,Archie,4663 Ward Road,El Paso,TX,79912,Visa,4716457335846076,913,3/2016
Lecests,DerekDWhyte@mailinator.com,Aweewee5th,Derek,Whyte,977 Angie Drive,Santa Ana,CA,92704,Visa,4716155646587161,961,9/2013
Yeasught39,TamikaJHoyle@dodgit.com,Ooz5aik4oo,Tamika,Hoyle,4644 Hickman Street,Aurora,IL,60505,MasterCard,5332580132340943,439,4/2013
Mung1967,BradleyMGomez@pookmail.com,choo3aVae,Bradley,Gomez,1681 Valley Lane,Austin,TX,78702,Visa,4716689941325653,896,1/2015
Fornor,SarahAEverett@pookmail.com,uuna7aeYei,Sarah,Everett,1164 Doctors Drive,Irvine,CA,92614,Visa,4929783776382351,043,5/2013
Ementer,IrmaPStlaurent@mailinator.com,pahMah0ie,Irma,Stlaurent,4319 Brookview Drive,Woodville,TX,75979,Visa,4716454262888981,575,7/2013
Givercentene,GaryIGipson@dodgit.com,Aer6Eethie,Gary,Gipson,3430 Lightning Point Drive,Memphis,TN,38110,MasterCard,5526327453128697,350,6/2014
Twell1929,MaeganWMcNeill@trashymail.com,chaot6CaeL,Maegan,McNeill,2924 Hickory Ridge Drive,Las Vegas,NV,89109,Visa,4532554193311128,050,10/2015
Parloo,LynetteWWest@trashymail.com,ahsh5hae5O,Lynette,West,144 Bailey Drive,Fort Madison,IA,52627,Visa,4716724707236438,394,1/2013
Witteat84,StevenPSchmidt@spambob.com,Aicoo2Boo,Steven,Schmidt,982 Walnut Hill Drive,Cincinnati,OH,45230,MasterCard,5542573024858359,893,12/2016
Annythe,ScottMRodriguez@dodgit.com,EiveeGei4kei,Scott,Rodriguez,328 Willis Avenue,Jacksonville,FL,32202,MasterCard,5396965573037632,311,8/2015
Capils,FrankEArmstrong@trashymail.com,oishu3Xieb,Frank,Armstrong,4562 Orchard Street,Bloomington,MN,55437,Visa,4539716544271698,196,10/2016
Theentind,JamieBWong@trashymail.com,Iohi3echeexie,Jamie,Wong,3768 Rubaiyat Road,Traverse City,MI,49686,MasterCard,5556934361716381,245,8/2014
Eined1937,RoyceTHazel@pookmail.com,ou1eiSheeta,Royce,Hazel,1050 Ash Avenue,Olivette,MO,63132,MasterCard,5195474448869942,994,12/2014
Louttent,BernardoBAdams@spambob.com,coo6of7Ee,Bernardo,Adams,2920 Prospect Valley Road,Irvine,CA,92614,MasterCard,5121389586738650,275,5/2017
Eveive,DonnaJButts@trashymail.com,Aizoo2laiz,Donna,Butts,1828 Mount Street,Saginaw,MI,48607,MasterCard,5502775724947816,629,5/2013
Rhou1927,MichealDKroll@trashymail.com,oobor1Roo5ii,Micheal,Kroll,1196 Byers Lane,Auburn,CA,95603,Visa,4716276328949832,477,9/2013
Siralls,GlenHScott@pookmail.com,eSoo1xuSho0,Glen,Scott,633 Cottonwood Lane,Grand Rapids,MI,49503,Visa,4539511193977558,869,11/2014
Exiones,MichaelMClancy@dodgit.com,nieth3eiTh9,Michael,Clancy,1351 Granville Lane,Newark,NJ,07102,Visa,4916985504003200,178,1/2015
Throaked,CatherineKKetterer@dodgit.com,fairaiT6oh,Catherine,Ketterer,3138 Eagles Nest Drive,Dunnigan,CA,95937,MasterCard,5547179479096373,094,8/2017
Whock1992,RaphaelNBowers@pookmail.com,ahnaiFoo9r,Raphael,Bowers,2512 Laurel Lane,Odessa,TX,79762,MasterCard,5529928384980796,312,8/2014
Swerse,JaniceKLunsford@pookmail.com,Tiqu7toaQu5,Janice,Lunsford,4273 Sampson Street,Aurora,CO,80014,MasterCard,5576821238450144,692,6/2013
Stens1938,MadalynTFreeman@trashymail.com,IeC8ohJ3h,Madalyn,Freeman,3204 Hart Ridge Road,Alpena,MI,60631,MasterCard,5387613361336839,700,10/2015
Takedent31,SandraMReed@spambob.com,ieBaopae2di,Sandra,Reed,4891 Aaron Smith Drive,Millersburg,PA,17061,Visa,4485485299137272,221,5/2013
Muchislover,LeanneTVest@dodgit.com,lo6OkeiRo,Leanne,Vest,994 Buena Vista Avenue,Corvallis,OR,97330,Visa,4539281537235887,189,2/2016
Aurtaint1966,ReginaldLTorres@dodgit.com,Kogh3oophei,Reginald,Torres,1676 Rainy Day Drive,Quincy,MA,02169,MasterCard,5233886374716462,366,1/2013
Afror1964,SusanRAlexander@mailinator.com,Ei1Aajae5b,Susan,Alexander,3550 Carriage Lane,Carbondale,PA,18407,Visa,4716074054182250,008,12/2017
Mamption,ShirleyMRice@trashymail.com,poh3Viequai,Shirley,Rice,4202 Shady Pines Drive,Nashville,KY,37201,Visa,4556701473766288,832,2/2015
Theil1970,MarilynBBretz@spambob.com,ooLahS0oov,Marilyn,Bretz,4181 Nickel Road,Pomona,CA,91766,Visa,4716322274124432,698,1/2014
Witerestich,GraceSRodriguez@trashymail.com,ahxeChai0oo,Grace,Rodriguez,3734 Cambridge Place,Salisbury,MD,21875,MasterCard,5219851212437810,531,11/2013
Shave1929,VirgilJSims@dodgit.com,Ooyie5tee,Virgil,Sims,1201 Frum Street,Nashville,TN,37212,MasterCard,5366488853406399,067,5/2016
Hakey1978,DavidCByrd@pookmail.com,ohB9rieYi3,David,Byrd,4857 Quarry Drive,Dothan,AL,36303,Visa,4716867167228914,214,7/2015
Anking,ByronVKeys@pookmail.com,ahTad6yeing,Byron,Keys,4984 Ashton Lane,Austin,TX,78746,Visa,4539661187455119,258,8/2016
Lefuld,DixieBFunderburk@mailinator.com,bu4JeeCh,Dixie,Funderburk,3567 Jenna Lane,Des Moines,IA,50309,Visa,4916425804643249,679,12/2017
Dureal,ChristineJKim@pookmail.com,ozeiyae5Ie,Christine,Kim,3170 Par Drive,Santa Barbara,CA,93101,Visa,4916332608216448,537,11/2013
Posucheen33,CharlesMBowe@dodgit.com,Choodoh3xoo,Charles,Bowe,1447 Rocky Road,Bensalem,PA,19020,MasterCard,5245144151272408,786,3/2014
Scure1976,TracyLElliott@dodgit.com,Uighaena8R,Tracy,Elliott,1201 Watson Lane,Westhoff,TX,77994,Visa,4716071308462397,479,1/2016
Frow1981,LaticiaJGilstrap@spambob.com,aaVuiw2ooqu,Laticia,Gilstrap,2991 Deer Haven Drive,Greenville,SC,29607,MasterCard,5151298580717938,414,7/2016
Bervicad69,SvetlanaDVasquez@pookmail.com,uNgeino9aw,Svetlana,Vasquez,3833 Glendale Avenue,City Of Commerce,CA,90040,MasterCard,5490966834517813,358,12/2014
Refors93,RussellMMatheny@dodgit.com,Cheiroh3iu,Russell,Matheny,3195 Rosewood Court,Eagle Lake,MN,56024,MasterCard,5346507268701865,757,3/2015
Juse1928,AmandaRMartin@dodgit.com,zoong6Thoo,Amanda,Martin,1385 Bassel Street,Hammond,LA,70401,MasterCard,5497129967458593,979,5/2015
Jung1947,JulianGLo@pookmail.com,aeThoo4ie,Julian,Lo,3436 West Fork Street,Shelby,MT,59474,MasterCard,5127485234712446,663,9/2016
Samelle1942,AngelaBBrann@trashymail.com,tePhe9Atahgh,Angela,Brann,3490 Tavern Place,Beckley,WV,25801,Visa,4916700583036926,581,12/2016
Appee1937,ShellieCMorris@dodgit.com,Ahghievu8u,Shellie,Morris,4160 Rivendell Drive,Warren,OH,44483,Visa,4532702238129340,579,6/2014
Orde1988,MyrnaTSmith@mailinator.com,ieShie6Aiyei,Myrna,Smith,1559 New Street,Coos Bay,OR,97420,Visa,4532914402131511,800,3/2015
Frolit,JamesMHarbison@mailinator.com,noXae1ein3,James,Harbison,2273 Settlers Lane,New York,NY,10016,MasterCard,5578733367242374,317,1/2017
Adiers,JoshuaPKennedy@spambob.com,ahDohphai9e,Joshua,Kennedy,2004 Angus Road,New York,NY,10022,MasterCard,5513494771883737,473,3/2016
Lactur,JenniferJMartz@mailinator.com,vees7shae4Ch,Jennifer,Martz,3822 Roane Avenue,Gaithersburg,MD,20877,Visa,4716485972109888,504,10/2013
Unise1957,JohnSSteiner@trashymail.com,Ae1Tieru,John,Steiner,795 Ashton Lane,Austin,TX,78759,MasterCard,5193859729731690,974,12/2015
Froopents,BonnieRBrown@mailinator.com,ohY3ueng6da,Bonnie,Brown,4952 Cooks Mine Road,Albuquerque,NM,87102,MasterCard,5418184182626116,545,7/2013
Liefalmid,VirginiaDBentley@trashymail.com,oonahw2Oo,Virginia,Bentley,2655 Maple Court,Camdenton,MO,65020,Visa,4485137494893379,512,10/2015
Scat1933,WendiDLamb@trashymail.com,Ooj4apiec6,Wendi,Lamb,4722 Blane Street,Saint Louis,MO,63101,Visa,4532179218331461,938,10/2015
Bary1969,KennethMTraylor@trashymail.com,Ie8Quai3h,Kenneth,Traylor,1265 Cardinal Lane,Quincy,IL,62301,Visa,4539350384610698,744,12/2014
Nithe1962,JoelMColeman@spambob.com,fae7Beoto8oo,Joel,Coleman,4429 Elk Avenue,Lansing,MI,48933,Visa,4556028102707610,566,9/2013
Shateriere,RachelGTurner@spambob.com,yeeph5Aeroh,Rachel,Turner,1393 Melody Lane,Richmond,VA,23224,MasterCard,5432777120019351,030,9/2015
Thimply,LinaSFlorio@pookmail.com,ohpachoh7Eu4,Lina,Florio,4552 Grey Fox Farm Road,Houston,TX,77060,MasterCard,5540683036742467,894,6/2017
Halmot1946,SuzanneBSmiley@mailinator.com,paiVeir8,Suzanne,Smiley,678 Langtown Road,Toledo,OH,43626,Visa,4485491302816449,943,1/2016
Musenown1957,DavidDLapp@spambob.com,Roo6ique,David,Lapp,1455 Paul Wayne Haggerty Road,New Orleans,LA,70113,Visa,4929369486177958,872,7/2014
Swaver,BethanyKLeavitt@spambob.com,ahK1eisohm,Bethany,Leavitt,4484 Lena Lane,Jackson,MS,39213,Visa,4556574109547442,294,11/2014
Mants1932,LawrenceLRadford@trashymail.com,oe2Uevahjoh,Lawrence,Radford,991 Ripple Street,Saginaw,MI,48607,Visa,4539546330601380,366,12/2015
Beirinked,ThomasAWarner@dodgit.com,eTohNg0ooz,Thomas,Warner,2402 Elk Rd Little,Tucson,AZ,85701,MasterCard,5253075052154478,227,3/2015
Leck1941,GeorgeBWilliamson@spambob.com,Aiphe5Oh9u,George,Williamson,3557 Northwest Boulevard,Washington,DC,20005,Visa,4916360130660684,465,11/2014
Musivan,DorothyCGage@trashymail.com,maaH8ahX,Dorothy,Gage,2929 Browning Lane,Madison,WI,53718,MasterCard,5194709669776701,895,2/2014
Floory,ScottMAucoin@pookmail.com,udahjaa4ooY,Scott,Aucoin,3557 Whitman Court,Darien,CT,06820,Visa,4716971007136756,902,5/2013
Spead1982,AntonioDMayorga@mailinator.com,vieH5oophei,Antonio,Mayorga,2595 Maryland Avenue,Feather Sound,FL,34622,Visa,4539055442247777,916,10/2016
Malactind,DavisKRobards@spambob.com,Ahgee2phaes,Davis,Robards,533 Holt Street,West Palm Beach,FL,33410,MasterCard,5528354643729760,875,3/2015
Evizint,DeniseRLu@spambob.com,see0Eec1ee,Denise,Lu,148 Pike Street,San Diego,CA,92126,Visa,4556748526568062,639,9/2013
Whaves,RobertPWolfe@spambob.com,AoBie1oo,Robert,Wolfe,513 Michael Street,Houston,TX,77024,MasterCard,5308774295332371,732,4/2016
Weettertur,DarrelMPotts@spambob.com,eeMaF1aed,Darrel,Potts,1799 Valley Street,Woodbury,NJ,08096,MasterCard,5534730840428847,891,5/2017
Swifirold,RobertoAWeaver@dodgit.com,ohLahz5b,Roberto,Weaver,1653 Lyon Avenue,Rutland,MA,01543,Visa,4485484340444555,138,2/2014
Mosurlow,MichaelAMack@pookmail.com,mahChah4p,Michael,Mack,4905 Edwards Street,Bethel,NC,27812,Visa,4929022902097058,818,7/2017
Acry1927,DonnellVRodrigues@pookmail.com,lieghal1ahZ,Donnell,Rodrigues,582 Losh Lane,Portland,PA,97205,MasterCard,5330419556719872,554,1/2017
Whosseem,LarissaATran@spambob.com,aikue6Een2f,Larissa,Tran,938 Corpening Drive,Southfield,MI,48235,MasterCard,5270223066199480,605,3/2016
Shourst,TaneshaABurmeister@mailinator.com,Zi1ex9aegh,Tanesha,Burmeister,2217 Geneva Street,New York,NY,10025,Visa,4716291074999238,366,9/2015
Befordely1981,RussellAAoki@spambob.com,olid5fueThing,Russell,Aoki,4045 Timbercrest Road,Healy,AK,99743,Visa,4929296893485189,018,11/2013
Golind,DonaldCColon@pookmail.com,QuaHoov9E,Donald,Colon,4748 Public Works Drive,Sweetwater,TN,37874,MasterCard,5462025571237111,626,3/2016
Surrive,LionelDHeath@mailinator.com,mahChae6Tie,Lionel,Heath,1673 Hiney Road,Arthur,ND,58006,Visa,4916925803011298,534,6/2016
Hatter,OlaCWard@trashymail.com,NuGh8boeko,Ola,Ward,4326 Pinnickinnick Street,New Brunswick,NJ,08901,MasterCard,5247022331928859,919,3/2016
Soperypear,AnthonyTMelson@trashymail.com,Oam3shooph,Anthony,Melson,1347 Tenmile,Norfolk,VA,23513,MasterCard,5146211144860035,173,6/2014
Loppor,NicoleAHiles@spambob.com,le1Ichu8lei,Nicole,Hiles,308 Worthington Drive,Irving,TX,75039,MasterCard,5308504630270337,644,4/2015
Theness,JacquelineFLohmann@trashymail.com,nooF9de5oh,Jacqueline,Lohmann,4278 Freshour Circle,Stockton,CA,95207,MasterCard,5557314466637783,042,2/2017
Ropostelf,BeatriceBCordero@mailinator.com,aiNeenu2ah,Beatrice,Cordero,1799 Barnes Street,Orlando,FL,32805,Visa,4916200986016963,925,1/2014
Surid1937,MartinLArmenta@dodgit.com,zevieGhu4pi,Martin,Armenta,224 Liberty Street,Farmers Branch,TX,75244,Visa,4556064847901598,377,9/2016
Eace1986,JudithDMontoya@mailinator.com,yo2Gieng,Judith,Montoya,2049 Mount Olive Road,Atlanta,GA,30303,Visa,4556759800522642,930,2/2016
Wouns1979,TimothyMSlaughter@dodgit.com,uFe1axa8ia,Timothy,Slaughter,4901 Chandler Drive,Springfield,MO,65865,Visa,4485053800673753,439,2/2014
Calasts,JoanCAllen@trashymail.com,beiti7iF3ee,Joan,Allen,591 Edsel Road,Van Nuys,CA,91405,Visa,4716953604482510,472,10/2013
Caticuse,DawnOTurner@trashymail.com,hoo5EeCai,Dawn,Turner,726 Edwards Street,Robersonville,NC,27871,MasterCard,5446459251701412,176,12/2014
Durfult1985,RichardTJones@pookmail.com,Ueng8Rai6x,Richard,Jones,4280 Freshour Circle,San Antonio,TX,78205,Visa,4532479896750192,056,3/2017
Phan1931,VernaRGant@spambob.com,ahghohw2R,Verna,Gant,2596 Pooz Street,Piscataway,NJ,08854,MasterCard,5416420928063004,256,4/2016
Gins1984,GordonESkates@dodgit.com,ohGiez6uph,Gordon,Skates,1978 Dola Mine Road,Durham,NC,27701,Visa,4539858537182951,210,7/2015
Tuptionvill46,ChristinaMMuniz@spambob.com,CahLaM3qu,Christina,Muniz,1452 Heavner Court,Brentwood,NY,11717,MasterCard,5278935382714591,862,6/2016
Woubtrunt,AnthonyMJohnson@mailinator.com,eeb1eVoBie,Anthony,Johnson,4851 Burnside Court,Tempe,AZ,85282,Visa,4916666117417280,192,11/2013
Hicest1955,ElnoraLShelton@spambob.com,oak5Thiek,Elnora,Shelton,3966 Single Street,Malden,MA,02148,Visa,4916823403350374,334,8/2014
Derearthe,DavidAHackbarth@trashymail.com,iejaehi8ieY,David,Hackbarth,1343 Clair Street,Dallas,TX,75207,MasterCard,5489546707516358,076,11/2015
Theyess90,AshleyCIrvin@trashymail.com,iin0Eec1j,Ashley,Irvin,2777 C Street,Needham,MA,02192,Visa,4532839358340735,506,4/2013
Swelf1966,CheriKNewton@mailinator.com,ohjae3vooNoo,Cheri,Newton,980 Cottrill Lane,Saint Louis,MO,63101,Visa,4716750974921865,729,7/2016
Mect1971,PaulSGonzalez@trashymail.com,jah3kuYeephoh,Paul,Gonzalez,2054 Trouser Leg Road,Springfield,MA,01103,Visa,4532505180216852,862,9/2013
Fifor1936,KimberlyHWilkerson@spambob.com,Air1eghah,Kimberly,Wilkerson,1234 Ryder Avenue,Seattle,WA,98161,Visa,4532971014413174,746,7/2017
Goodditin33,DonnaJAbdul@spambob.com,Nietee4oub,Donna,Abdul,4611 Lynn Avenue,Appleton,WI,54913,MasterCard,5161287653254331,452,11/2013
Happold,EmersonCMontgomery@dodgit.com,Rohy7queek4,Emerson,Montgomery,134 Perine Street,Alexandria,VA,22304,Visa,4532074366030835,913,9/2013
Frearraprou,SandraHEwers@trashymail.com,ohX6tahz4ei,Sandra,Ewers,4997 Robinson Court,Saginaw,MI,48601,MasterCard,5216409057749121,544,3/2017
Dinectich,RobertALewis@dodgit.com,MaeZae2Uay,Robert,Lewis,1502 Catherine Drive,Bismarck,ND,58501,MasterCard,5520442157441662,779,6/2015
Sques1935,SeanMDemartino@mailinator.com,Aifoh8xik9,Sean,Demartino,1902 Tenmile Road,South Boston,MA,02127,MasterCard,5328977541963693,663,1/2013
Caece1953,JohnDLail@pookmail.com,Ukieceequ5,John,Lail,3776 Oakwood Avenue,New York,NY,10018,Visa,4556064897440588,911,7/2014
Thavince,AntonioBJimerson@trashymail.com,choo7Eir0,Antonio,Jimerson,2862 Marcus Street,Huntsville,AL,35802,MasterCard,5532523091143567,364,8/2015
Plith1928,RogerBSmith@spambob.com,Uof5ceey5,Roger,Smith,2028 Hardman Road,Brattleboro,VT,05301,MasterCard,5108141342559517,145,12/2017
Wheeplibut,SallyFMoore@trashymail.com,Ia3eeGhei,Sally,Moore,231 Cunningham Court,Drayton Plains,MI,48330,Visa,4485667388643613,380,1/2015
Shantoote,AnitaDWade@pookmail.com,queeZ9eiki9ei,Anita,Wade,4676 Tail Ends Road,Oostburg,WI,53070,Visa,4532091748870415,465,7/2013
Thintich,RoseDSullivan@mailinator.com,eiSaxae3,Rose,Sullivan,2253 Scheuvront Drive,Table Mesa,CO,80303,MasterCard,5323487164762484,636,7/2017
Randiall,MitchellCWalling@trashymail.com,io2HahgheeQu,Mitchell,Walling,3637 Mesa Drive,Las Vegas,NV,89102,MasterCard,5294572307574451,525,3/2013
Enth1934,PatrickVSimmons@dodgit.com,oNui0ahc,Patrick,Simmons,720 Junior Avenue,Atlanta,GA,30318,Visa,4929874500633571,425,11/2015
Zing1943,GeorgeMRichardson@dodgit.com,pahJ7eizao,George,Richardson,1771 Horseshoe Lane,Fort Washington,PA,19034,Visa,4532924055992069,609,1/2017
Mong1986,MaggieBAllis@mailinator.com,Phaeph7rie,Maggie,Allis,3805 Farm Meadow Drive,Phoenix,AZ,85034,MasterCard,5251216824402637,972,9/2016
Ceshounce,BenMShoemaker@pookmail.com,phoe5Goo1o,Ben,Shoemaker,3539 Thrash Trail,Streetman,TX,75859,MasterCard,5138228124866139,492,7/2014
Carchabself,VivianWRuss@trashymail.com,ohwos0Fa7th,Vivian,Russ,851 Quarry Drive,Montgomery,AL,36104,MasterCard,5305025740324742,168,6/2015
Afters,ThomasLEdward@dodgit.com,cei6aiL4x,Thomas,Edward,3085 Hamill Avenue,San Diego,CA,92103,Visa,4556418258345135,271,12/2014
Amurectime,LoisBCombs@pookmail.com,gaeF2aesh,Lois,Combs,742 Trouser Leg Road,Springfield,MA,01103,Visa,4916078974632607,657,2/2013
Derry1945,NormaWBuckley@dodgit.com,aNiot6qu,Norma,Buckley,3428 Tree Top Lane,Morgantown,PA,12345,MasterCard,5216157093756655,034,1/2016
Ockywhe78,FranciscoEParker@trashymail.com,ecaeLee3a,Francisco,Parker,1587 Raintree Boulevard,Minneapolis,MN,55401,Visa,4916915491775684,555,11/2013
Enecildn30,KellyCLemelle@dodgit.com,hueci1Ei,Kelly,Lemelle,753 Par Drive,Santa Barbara,CA,93101,MasterCard,5376955712421304,906,10/2015
Seconied,SteveRHaugland@pookmail.com,ieng2Im4ufu,Steve,Haugland,4018 Norma Avenue,Navasota,TX,77868,MasterCard,5184641672343181,183,11/2015
Therep,AaronKWilliams@trashymail.com,ke5phaiG,Aaron,Williams,1586 Reel Avenue,Albuquerque,NM,87102,Visa,4556364247442098,105,3/2014
Caticuse1963,MelindaASimpson@dodgit.com,noh7gei1Eiv,Melinda,Simpson,2077 Nancy Street,Garner,NC,27529,Visa,4929243834371003,601,9/2017
Prithe,JerryLBurton@pookmail.com,Eit3ohYeloh,Jerry,Burton,1971 Monroe Avenue,Tampa,FL,33610,MasterCard,5391874015756772,218,5/2014
Werharters,AuraKLawson@pookmail.com,Shiexee0oo,Aura,Lawson,3844 Patterson Fork Road,Chicago,IL,60606,MasterCard,5534251607891747,961,2/2013
Heraturs,ThomasSMartinez@mailinator.com,eith4EiRee,Thomas,Martinez,1860 White Oak Drive,Kansas City,MO,64108,Visa,4929257188619007,023,11/2015
Cating1968,EthelJBrowning@trashymail.com,jooPusai6,Ethel,Browning,2827 Meadowbrook Mall Road,Lomita,CA,90717,MasterCard,5291117286634133,477,3/2016
Waske1990,DerrickDYoung@trashymail.com,fieJee9al,Derrick,Young,15 Hinkle Lake Road,Boston,MA,02109,Visa,4916828949591092,727,7/2014
Cloned,DonaldLThompson@dodgit.com,Fo5jeiFaibi,Donald,Thompson,2543 Bel Meadow Drive,Claremont,CA,91711,Visa,4916291481475937,127,10/2017
Perney,StevenMJackson@spambob.com,jeeWee2Ach,Steven,Jackson,2035 Charack Road,Terre Haute,IN,47802,MasterCard,5597179952791093,899,1/2016
Forist73,PatriciaJCarroll@dodgit.com,Aetohg9sh,Patricia,Carroll,4800 Forest Avenue,Elmsford,NY,10523,MasterCard,5466888951058613,816,7/2013
Smial1936,PatrickMHillman@mailinator.com,Tohxai5quee,Patrick,Hillman,3808 James Martin Circle,Columbus,OH,43209,MasterCard,5342233650543450,091,2/2013
Larre1981,RonaldPDoe@mailinator.com,wieweeM2Oh,Ronald,Doe,4346 Reel Avenue,Duncan,NM,85534,Visa,4929868537416950,217,3/2017
Cassen,ClaraMFrawley@pookmail.com,Ruk5oa4ae,Clara,Frawley,3565 Meadowbrook Mall Road,Gardena,CA,90247,MasterCard,5426206518746514,672,8/2013
Freen1963,LoriAThompson@pookmail.com,ahXeeph2bu,Lori,Thompson,2306 West Side Avenue,Montclair,NJ,07042,MasterCard,5397311445745400,565,6/2017
Hille1964,JamesCGinn@dodgit.com,PeikeY6eejei,James,Ginn,2002 Jerry Dove Drive,Charleston,SC,29407,MasterCard,5142865847047168,049,6/2017
Lenct1963,CharlotteJPlummer@trashymail.com,oovauKai5Huo,Charlotte,Plummer,4007 Romines Mill Road,Dallas,TX,75202,Visa,4532463598514668,486,8/2015
Adered1987,LindsayALyon@trashymail.com,ierooCu9uix,Lindsay,Lyon,2565 White Oak Drive,Kansas City,MO,64108,MasterCard,5225559915435278,032,12/2014
Tithe1977,JoyceCAnaya@dodgit.com,Aojooma1coo,Joyce,Anaya,4066 Ash Street,Dallas,TX,75240,MasterCard,5302639235812350,710,8/2015
Belince,WilliamALeary@mailinator.com,que4aiGhoh,William,Leary,4974 Sycamore Road,Brookings,OR,97415,Visa,4532848429500854,570,8/2015
Theiner1960,ThomasJMedina@spambob.com,Aenial7wiel,Thomas,Medina,1484 Elm Drive,New York,NY,10007,MasterCard,5303723044139954,373,7/2015
Ablessi,CeciliaRRodriguez@mailinator.com,aeRush8oz6,Cecilia,Rodriguez,3459 Wetzel Lane,Grand Rapids,MI,49503,Visa,4716613272114197,765,4/2016
Samboy,WayneJVineyard@pookmail.com,Veew5ieW2,Wayne,Vineyard,3201 Smith Street,Worcester,MA,01610,MasterCard,5420937979261330,596,7/2016
Lifid1942,ShainaMCruise@mailinator.com,ohRuDa6ie,Shaina,Cruise,2877 Driftwood Road,Santa Clara,CA,95054,Visa,4916370982242630,295,12/2016
Bropill,ChristopherJNagy@mailinator.com,ag1ooY0pu,Christopher,Nagy,1237 Simpson Street,Moline,IL,61265,MasterCard,5461815623041128,257,12/2014
Laway1974,RhondaDBloomquist@dodgit.com,seshahr0Ae,Rhonda,Bloomquist,3554 Crim Lane,Dayton,OH,45406,Visa,4929504927579103,595,1/2017
Taging,JudithGMasters@dodgit.com,eo2phun5Vei,Judith,Masters,4427 Marie Street,Galesville,MD,20765,MasterCard,5584843889455594,945,7/2013
Arrep1976,RichardSNeff@trashymail.com,Mee9gi9moaj,Richard,Neff,3826 Sharon Lane,Manchester,MO,63011,MasterCard,5529497317068459,386,3/2016
Whount,ThomasCKinne@spambob.com,Ohza2dae,Thomas,Kinne,4924 Rose Street,Hickory Hills,IL,60457,Visa,4539661848997624,013,3/2014
Froopents,DouglasBSeager@spambob.com,Chooshao1ie,Douglas,Seager,3470 Worthington Drive,Dallas,TX,75201,MasterCard,5333050930402914,339,6/2014
Lepaso50,LouisCRivera@spambob.com,bohGee5Y,Louis,Rivera,1506 Moore Avenue,Fort Worth,TX,76106,Visa,4916784188135812,927,10/2017
Inglind1968,MaryZVanek@pookmail.com,ID9vie0Nah,Mary,Vanek,298 Happy Hollow Road,Laurinburg,NC,28352,MasterCard,5463757226415598,715,7/2016
Slise1974,JamesBCapps@mailinator.com,mieB7tuo,James,Capps,4562 Edsel Road,Los Angeles,CA,90017,Visa,4532143432443387,464,2/2013
Chrea1950,DonnaWHill@dodgit.com,yeeh1iesh3A,Donna,Hill,797 Johnstown Road,Northbrook,IL,60062,MasterCard,5201405010892716,680,6/2015
Bobeat,LorraineBBattle@trashymail.com,INeteegh1ai,Lorraine,Battle,2945 Smith Street,Hyannis,MA,02601,Visa,4916734942637504,649,6/2015
Didly1959,JoeEWalker@dodgit.com,Xoch3migh,Joe,Walker,3637 Charter Street,Kansas City,KS,64106,MasterCard,5512994986002859,831,5/2013
Tonæ,KeliGCohen@mailinator.com,eitieSh5,Keli,Cohen,3846 Nuzum Court,Williamsville,NY,14221,MasterCard,5107920376861316,411,6/2017
Wormuch,MarkSBittle@mailinator.com,phefahTh8e,Mark,Bittle,60 Tennessee Avenue,Southfield,MI,48075,Visa,4716619307396287,995,1/2017
Ingesecition,LoriRStarkey@pookmail.com,me6YieCh,Lori,Starkey,2722 Chardonnay Drive,Seattle,WA,98119,Visa,4539741246095146,390,1/2017
Theryther52,AmandaJSchofield@trashymail.com,ePhaefee9sh,Amanda,Schofield,1731 Mercer Street,Wausau,WI,54401,Visa,4539162013107230,699,3/2016
Fromends,ToddHScott@dodgit.com,uz1ejeeV,Todd,Scott,985 Cost Avenue,College Park,MD,20741,MasterCard,5245539213511240,870,2/2015
Wilout,MelvinCRenfro@spambob.com,saengoo0Shah,Melvin,Renfro,674 Olive Street,Toledo,OH,43602,Visa,4916029712617335,469,5/2014
Numpat1944,AnitaWDaniel@pookmail.com,EiV2aevo6F,Anita,Daniel,4949 Lunetta Street,Wichita Falls,TX,76301,MasterCard,5334321163049527,316,4/2015
Dampt1949,MonaEFaul@pookmail.com,IeS6ooxe3v,Mona,Faul,1591 Wilmar Farm Road,Lanham,MD,20706,Visa,4539378372231987,752,5/2013
Womers,HaroldBOstlund@trashymail.com,Ehung6kei,Harold,Ostlund,420 Diamond Cove,Providence,RI,02904,Visa,4556290220708066,702,2/2013
Eare1942,JohnRTorres@dodgit.com,aThoh8veiQu,John,Torres,508 Giraffe Hill Drive,Duncanville,TX,75116,MasterCard,5318035894668518,188,2/2014
Hoods1982,KatrinaRWilson@mailinator.com,aineiNai0u,Katrina,Wilson,1621 Romano Street,Foxboro,MA,02035,MasterCard,5171802878888248,073,11/2016
Dungliand,ChadTEllis@mailinator.com,wi2aighah2Ch,Chad,Ellis,3193 Jacobs Street,Pittsburgh,PA,15206,Visa,4539278906018464,103,7/2015
Identionevid,RichardCCoyne@dodgit.com,ifoogh9Ahtai,Richard,Coyne,4503 Morningview Lane,Conrad,IA,50621,Visa,4929252692961805,818,1/2014
Namonsiver,GaryBLowrie@dodgit.com,Suteu4Vi0fi,Gary,Lowrie,4887 Poplar Avenue,San Diego,CA,92103,MasterCard,5164874641811186,481,12/2016
Thenly,MarkHFore@pookmail.com,vaiyae6Ph,Mark,Fore,3060 Hillview Street,Columbia,SC,29201,MasterCard,5227409494294597,561,12/2013
Hisidest,MildredABell@dodgit.com,eeGah6Aexoh,Mildred,Bell,3673 Sunny Day Drive,Bellflower,CA,90706,MasterCard,5377565220881201,267,9/2014
Whicess,JuanKMorris@dodgit.com,Leagi6Uyoo,Juan,Morris,4146 Post Farm Road,Atlanta,GA,30305,Visa,4929879941768860,192,6/2015
Tersarse,RonaldESims@pookmail.com,tee8vahGh,Ronald,Sims,3569 Beeghley Street,Heflin,AL,36264,Visa,4485200669072839,154,12/2017
Unamboach,BrendaHDevaney@trashymail.com,ohPh4aezo,Brenda,Devaney,2065 Lincoln Drive,Chambersburg,PA,17201,Visa,4539182460883802,780,4/2014
Pron1991,HarryBBayne@pookmail.com,ruaP1xei,Harry,Bayne,1947 Jenna Lane,Des Moines,IA,50313,Visa,4556764464321620,239,5/2013
Angloody84,SantosBJackson@dodgit.com,Cha4aefa7ai,Santos,Jackson,4772 Lowland Drive,Chicago,IL,60606,Visa,4929305829827453,966,6/2013
Fordell,JanellDMurphy@dodgit.com,Dia0epai,Janell,Murphy,584 Sycamore Road,Bates,OR,97817,MasterCard,5195564243821385,127,12/2014
