Username,EmailAddress,Password,GivenName,Surname,StreetAddress,City,State,ZipCode,CCType,CCNumber,CVV2,CCExpires
Wheines,WilliamARodriguez@trashymail.com,dah8Veico,William,Rodriguez,2144 Murry Street,Chesapeake,VA,23321,Visa,4929358879483479,524,3/2015
Palle1976,JudithCReed@dodgit.com,aiS6pheish,Judith,Reed,4331 Hewes Avenue,Bel Air,MD,21014,MasterCard,5384685095674332,805,7/2017
Brity1984,DouglasFPowell@mailinator.com,teeGhainee8,Douglas,Powell,3767 Kelly Drive,Huntington,WV,25701,Visa,4485926940206974,052,9/2013
Weravinut,JavierJSlade@trashymail.com,Oisha7soo,Javier,Slade,2212 Anthony Avenue,Bangs,TX,76823,MasterCard,5524131276893731,471,5/2017
Cramem,KyleHRamirez@mailinator.com,mai0Ii9iRee,Kyle,Ramirez,1415 Wildrose Lane,Southfield,MI,48075,MasterCard,5560604940740343,947,11/2014
Morce1936,ShirleyFBradford@pookmail.com,Woo8ahb2chai,Shirley,Bradford,4912 Oakridge Farm Lane,Milwaukee,WI,53226,Visa,4929606740302074,625,12/2013
Ounes1971,PhillipKPaul@dodgit.com,merooMu8d,Phillip,Paul,3540 Andy Street,Sioux Falls,SD,57102,MasterCard,5306382136928795,284,6/2016
Shadeopleil,WilliamKGraddy@trashymail.com,deeCoph0y,William,Graddy,1207 Cedarstone Drive,Toledo,OH,43613,Visa,4485035176290650,936,2/2015
Tatmedge1933,MarthaMMattoon@dodgit.com,Saethoo5a,Martha,Mattoon,350 Young Road,Boise,ID,83716,MasterCard,5383396972798506,008,10/2015
Emensions,DeniseCDominguez@mailinator.com,jaereez9Chu,Denise,Dominguez,844 Selah Way,South Burlington,VT,05403,MasterCard,5587632806173589,558,11/2013
Fousteme1950,KimberlyESchilling@spambob.com,oam0OolooMu,Kimberly,Schilling,1031 Linda Street,Philadelphia,PA,19108,MasterCard,5571660923819899,602,6/2017
Latiff,JohnNAden@spambob.com,goh4Iete,John,Aden,1719 Traders Alley,Harrisonville,MO,64701,Visa,4916651180058690,879,7/2017
Prewn1956,GloriaAGerth@pookmail.com,aec9hahG4Ch,Gloria,Gerth,4827 Murphy Court,Eagan,MN,55121,MasterCard,5326419655159901,247,11/2015
Crings,MichaelBDelgado@pookmail.com,Cho6aeNgee,Michael,Delgado,1412 Payne Street,Wytheville,VA,24382,MasterCard,5325741318631518,974,2/2013
Wittionfer1981,RobertTKelley@pookmail.com,Aepireib6,Robert,Kelley,4638 Flinderation Road,Chicago,IL,60607,MasterCard,5588114189404443,411,7/2014
Prion1960,EmanuelRLamon@dodgit.com,Iemoo8Oh,Emanuel,Lamon,2970 Renwick Drive,Allentown,PA,18109,MasterCard,5184054284501644,929,8/2017
Paince,LucilleDWalker@pookmail.com,aip3aeZie,Lucille,Walker,427 Newton Street,Osseo,MN,55369,Visa,4916897712281033,895,11/2015
Caunin,ErnestineCLetcher@mailinator.com,lagh7ieF7kah,Ernestine,Letcher,500 Glenwood Avenue,Cleveland,OH,44115,MasterCard,5580675722575400,077,2/2017
Herem1931,BradNWelch@mailinator.com,Eegh5thaep,Brad,Welch,4351 Burwell Heights Road,Nederland,TX,77627,Visa,4556445608329881,971,5/2013
Nelf1986,JasonSWhidden@mailinator.com,eeB1ieseeCh,Jason,Whidden,4961 Cemetery Street,San Francisco,CA,94107,Visa,4916151586311231,821,11/2015
Sagmes29,MichaelCLewis@mailinator.com,ooghie7ZooGh,Michael,Lewis,690 Villa Drive,Elkhart,IN,46516,MasterCard,5528175419366804,283,9/2017
Frook1929,CaseyJBanks@pookmail.com,Bovie5aem6oo,Casey,Banks,1126 Francis Mine,Redding,CA,96001,Visa,4539131677217098,466,12/2017
Lofiressamed,DarrylTGrimes@mailinator.com,Eeraefaih8y,Darryl,Grimes,2383 Post Avenue,Chicago,IN,60607,Visa,4532244837764110,062,4/2017
Walbra,LarryNMills@dodgit.com,weesh6Roh2,Larry,Mills,1385 Snowbird Lane,Norfolk,NE,68701,Visa,4929028064488431,536,2/2014
Clady1965,EdwardCSanchez@pookmail.com,aiJaig1i,Edward,Sanchez,4266 Fleming Way,Petersburg,VA,23803,Visa,4929630617601541,807,11/2014
Sainglow1954,DarrellWRichard@trashymail.com,Leephiefiep1,Darrell,Richard,4447 Braxton Street,Rockford,IL,61101,MasterCard,5327080466330161,462,6/2015
Ingdow,DavidKStevens@pookmail.com,aeXa9fe6,David,Stevens,387 Blane Street,Saint Louis,MO,63141,Visa,4716856894520644,361,3/2015
Hatem1981,JoyGGarcia@trashymail.com,Aghe6shai,Joy,Garcia,4835 Tipple Road,Bensalem,PA,19020,Visa,4539618161837548,219,7/2016
Evould,DanaJHughes@pookmail.com,ih9uufeiZ,Dana,Hughes,21 Eagles Nest Drive,Smartville,CA,95977,MasterCard,5577007504209633,705,4/2013
Lextre,JanieAThurston@trashymail.com,oa1bemeira2U,Janie,Thurston,4352 Earnhardt Drive,Louisville,KY,40202,Visa,4716528898822538,878,1/2015
Prom1967,JeannieFBean@pookmail.com,eeChei4E,Jeannie,Bean,4965 Dane Street,Spokane,WA,99201,MasterCard,5238972050747529,606,1/2015
Behat1931,DanielCHambleton@mailinator.com,we6ohLiethai,Daniel,Hambleton,4531 Franklin Avenue,Daytona Beach,FL,32114,Visa,4532058237549750,962,8/2016
Sating,JeremyNSilva@spambob.com,thi2iejaJu,Jeremy,Silva,3024 Wilmar Farm Road,Mount Airy,MD,21771,MasterCard,5444956534393505,222,12/2016
Lantoo,ClaudiaPGayhart@pookmail.com,yebee3Chei,Claudia,Gayhart,2431 Wood Street,Houma,LA,70360,MasterCard,5425616181782011,479,10/2017
Agetaing,NoeJBrodbeck@trashymail.com,uruuSaeng0,Noe,Brodbeck,841 Liberty Street,Plano,TX,75074,Visa,4716128610301091,907,3/2014
Wasuce49,JonathanMRichie@dodgit.com,aeghae0Aime,Jonathan,Richie,2367 Little Street,Youngstown,OH,44512,MasterCard,5262666639416585,215,3/2013
Gion1943,BrendaCNguyen@mailinator.com,ohCh1kielee,Brenda,Nguyen,3373 Daylene Drive,Detroit,MI,48226,Visa,4929449785717892,758,9/2014
Miled1968,RoderickJWaters@spambob.com,aiVea2me,Roderick,Waters,394 Norma Avenue,Richards,TX,77873,Visa,4556997221703710,625,5/2017
Prand1942,JuanaRKeith@spambob.com,ahC6aNg7aib,Juana,Keith,2061 Melrose Street,Spokane,WA,99202,Visa,4539839393659068,155,4/2013
Thentrin,FrankLThomas@spambob.com,Rein0jo5eech,Frank,Thomas,140 Garrett Street,Philadelphia,PA,19108,Visa,4485235548396066,046,7/2017
Sesee1978,RosalynTCummings@dodgit.com,bi1iTiep,Rosalyn,Cummings,318 Cottrill Lane,Saint Louis,MO,63109,Visa,4929910985748839,772,1/2014
Peaces1943,JohnCHowerton@spambob.com,Leeba4oji,John,Howerton,1685 Roguski Road,Monroe,LA,71201,MasterCard,5111761444320560,870,12/2016
Fary1978,JohnGSomers@spambob.com,oeYoogeg6cai,John,Somers,324 Hide A Way Road,Santa Clara,CA,95054,MasterCard,5241537127538758,272,12/2014
Sainged,JeffreyHBrown@mailinator.com,ahD6uu3oh,Jeffrey,Brown,2937 Chatham Way,Washington,MD,20200,MasterCard,5349140535796554,249,5/2016
Uposecushers,JosephMWard@mailinator.com,aac6pizohGoh,Joseph,Ward,4600 Despard Street,Atlanta,GA,30303,MasterCard,5536314242304423,865,1/2016
Gagarrour,CatherineWTew@mailinator.com,aF6Uajai6Bei,Catherine,Tew,120 Beeghley Street,Moffat,TX,12345,Visa,4929333351841940,219,7/2017
Prect1939,EvelynPSmith@pookmail.com,XeiC3uN8,Evelyn,Smith,4419 Washburn Street,Baton Rouge,LA,70816,Visa,4929234200737802,467,4/2017
Whiressawd,KennethAPatterson@dodgit.com,boTh6zooZ,Kenneth,Patterson,2727 Cedarstone Drive,Bellevue,OH,44811,MasterCard,5563493563315030,532,2/2015
Loonts,ThomasSMurphy@mailinator.com,Vi9ahSh2ish,Thomas,Murphy,988 Charmaine Lane,Lubbock,TX,79401,MasterCard,5145217941294717,508,5/2015
Cæsay,TariJChristy@dodgit.com,ohzeGahsh7,Tari,Christy,4561 Cameron Road,Buffalo,NY,14202,Visa,4916592950394289,066,6/2014
Prietter,JamesMSparks@spambob.com,ieGh5Thi3Oo,James,Sparks,3474 Lena Lane,Meridian,MS,39301,Visa,4929201441891292,177,9/2013
Andivis,MichaelJCazares@spambob.com,kieR4io0me,Michael,Cazares,4270 Clifford Street,Fremont,CA,94538,MasterCard,5192707925889435,251,9/2015
Toorepithe,LoriRGartner@pookmail.com,Iw4iesharai,Lori,Gartner,1825 Ventura Drive,Oakland,CA,94612,MasterCard,5193708533369397,681,8/2016
Wenbestaide,JenniferJWeinstein@pookmail.com,aBu2uhei,Jennifer,Weinstein,4848 Oakridge Farm Lane,West Allis,WI,53227,MasterCard,5251574520310466,489,12/2013
Scul1979,IreneEMorado@dodgit.com,waiy6veiNu,Irene,Morado,3880 Tully Street,Southfield,MI,48075,Visa,4539581880388054,517,4/2014
Saidernot60,VictorJEdwards@dodgit.com,ba3Oa3aic,Victor,Edwards,1883 Oakridge Lane,Macon,GA,31206,MasterCard,5554411393453137,744,3/2016
Fortive,HazelFMarchant@pookmail.com,eag9ieT4the,Hazel,Marchant,4661 Freed Drive,Stockton,CA,95202,Visa,4485348416886777,940,7/2013
Wittentry69,MaxineRDvorak@spambob.com,yuKiche6a,Maxine,Dvorak,2961 Westfall Avenue,Albuquerque,NM,87102,MasterCard,5186853980634312,649,10/2014
Monfew28,LeslieLCurtis@pookmail.com,oM9eethie2,Leslie,Curtis,2705 Farm Meadow Drive,Phoenix,AZ,85008,Visa,4539013127299571,536,5/2015
Steme1950,AndyRLyons@trashymail.com,ugh5no0ooNee,Andy,Lyons,4023 Desert Broom Court,Newark,NJ,07102,MasterCard,5223862267267675,439,3/2015
Fastally72,MurrayGLeavitt@trashymail.com,petieR7Ae,Murray,Leavitt,2473 Mount Tabor,New York,NY,10007,Visa,4532131734232046,271,4/2017
Mompok,FrederickRBostick@pookmail.com,ieVo0quugh,Frederick,Bostick,3792 Twin Oaks Drive,Grand Rapids,MI,49546,MasterCard,5424847007752240,722,10/2014
Fignan,NellieDThorne@dodgit.com,teaThi4Qu,Nellie,Thorne,4825 Golf Course Drive,Arlington,VA,22204,Visa,4916170318265804,351,6/2017
Himiland,MichaelBWixom@dodgit.com,Airo5eitej7,Michael,Wixom,2188 Weekley Street,San Antonio,TX,78205,Visa,4532819523934885,144,5/2013
Mune1987,DorisBBuckner@pookmail.com,Rai4kah4Oh,Doris,Buckner,1986 Holt Street,West Palm Beach,FL,33401,MasterCard,5203666793914997,472,1/2016
Overtutremew,RussellMHoward@spambob.com,Jah6oof5,Russell,Howard,3757 Randolph Street,Plymouth,MA,02360,Visa,4539799439909317,016,3/2014
Ackles,AshlyTSelby@spambob.com,baeW6chahvoo,Ashly,Selby,3723 Lowndes Hill Park Road,Bakersfield,CA,93307,Visa,4556327851196631,779,10/2013
Delps1940,LoisWBeatty@trashymail.com,da7uGooyu,Lois,Beatty,1752 Oak Street,Newark,NY,14513,MasterCard,5518646457957797,987,5/2013
Therong,ErichCLundquist@spambob.com,ieShiehaep6,Erich,Lundquist,1589 Ripple Street,Saginaw,MI,48607,MasterCard,5412580812953133,436,10/2014
Carise,MarianneRHyland@dodgit.com,ohbie1Ooc,Marianne,Hyland,4804 Martha Street,Leupp,AZ,86035,Visa,4716581521234753,242,10/2014
Lignerty,RayTIvy@trashymail.com,yaG1Sha1koh,Ray,Ivy,374 Sherwood Circle,Lafayette,LA,70506,Visa,4539077220513014,848,8/2014
Behinscathe,StevenALynn@dodgit.com,oonuRiqu4,Steven,Lynn,2996 Waldeck Street,Watauga,TX,76148,MasterCard,5105983105541320,058,8/2014
Trought,IdaDBrown@pookmail.com,Eikae6ooQu7,Ida,Brown,4201 Ersel Street,Dallas,TX,75247,MasterCard,5400494708688379,308,11/2017
Haternithere1986,KristopherCLee@dodgit.com,ohNgahl4e,Kristopher,Lee,3096 Evergreen Lane,Los Angeles,CA,90071,MasterCard,5319377600574567,038,10/2017
Froweed,AnthonySMershon@spambob.com,On8baiXoo5K,Anthony,Mershon,2916 Green Avenue,Oakland,CA,94612,MasterCard,5269878115374773,613,11/2015
Allon1938,CindyRBritton@trashymail.com,toGoh4kie,Cindy,Britton,1745 Cerullo Road,Louisville,KY,40202,MasterCard,5127181750228269,283,6/2017
Rasideging,DonaldSRamirez@pookmail.com,AiKesh9aico,Donald,Ramirez,4605 West Fork Street,Helena,MT,59601,MasterCard,5122787301525493,280,7/2014
Daught,GailCMartin@dodgit.com,OhPhiej9u,Gail,Martin,306 Overlook Drive,Richmond,IN,47374,MasterCard,5549390979191311,514,11/2015
Anottere,DonnaPShrum@dodgit.com,quie1Oecoo3,Donna,Shrum,478 Platinum Drive,Rochester,PA,15074,Visa,4929449465833043,953,8/2014
Crions,MiguelSNavarro@dodgit.com,pae4Uu8uib,Miguel,Navarro,2436 Thunder Road,Menlo Park,CA,94025,Visa,4929367240337488,547,4/2017
Wilent,DouglasRCalabrese@mailinator.com,ungiet8Phie,Douglas,Calabrese,3683 Pallet Street,Fairview Park,NY,10603,MasterCard,5297705820900475,926,9/2014
Sheres,ThomasTRoberson@pookmail.com,booNgit1jeSh,Thomas,Roberson,1196 Berry Street,Alamosa,CO,81101,Visa,4485069587719981,065,5/2014
Lofter1941,AndrewSTedesco@pookmail.com,ahmeephur6Ie,Andrew,Tedesco,1908 Parkview Drive,Houston,TX,77011,MasterCard,5255382668554564,676,4/2015
Compards,AudreyCPressley@trashymail.com,Iem9wah9iequ,Audrey,Pressley,4956 Arrowood Drive,Jacksonville,FL,32202,MasterCard,5578422831766966,329,4/2013
Witied,DouglasBHolmes@mailinator.com,Ahshoo8Pho7,Douglas,Holmes,4067 Catherine Drive,Bismarck,ND,58501,MasterCard,5394101125341957,146,2/2014
Inking62,AnnDBrowning@trashymail.com,rieyae3Sah,Ann,Browning,4166 Beechwood Drive,Owings Mills,MD,21117,Visa,4929385925614914,352,4/2016
Rostept,CharlesRMyatt@trashymail.com,iv4eivoo2Ei,Charles,Myatt,3990 Lucy Lane,Terre Haute,IN,47805,Visa,4716758348856352,280,9/2015
Forianst,DonaldMBartlett@spambob.com,obon9Gieng,Donald,Bartlett,1044 Paul Wayne Haggerty Road,Metairie,LA,70001,MasterCard,5495556110000777,860,9/2014
Fainim,DennyMEllwood@mailinator.com,si2ip7ohNg,Denny,Ellwood,4124 Chapmans Lane,Zuni,NM,87327,MasterCard,5523571379235028,340,3/2017
Afeasselt1982,KentWPhelps@mailinator.com,ahZa4faghae,Kent,Phelps,3057 Oak Ridge Drive,Columbia,MO,65202,MasterCard,5489942457035121,863,6/2017
Scumbrues,VelmaWWebb@pookmail.com,Shoh3AhliS,Velma,Webb,1477 Martha Street,Greer,AZ,85938,Visa,4556953060179652,359,8/2014
Holow1987,RoseCCarnes@pookmail.com,to8Eigae8ee,Rose,Carnes,134 Briercliff Road,Staten Island,NY,10314,Visa,4716447096971080,729,5/2017
Thicautmout,PeggyTOverholt@pookmail.com,Phu9shee3ph,Peggy,Overholt,41 Hiney Road,Las Vegas,NV,89119,Visa,4929886446970586,741,9/2015
Appich1977,JaimeTBuchanan@mailinator.com,shae6Aubo,Jaime,Buchanan,528 Edington Drive,Bogart,GA,30622,MasterCard,5477036237863102,740,1/2014
Babong,WilliamAMcCarthy@trashymail.com,AiMae9coh,William,McCarthy,690 Sycamore Road,Roseburg,OR,97470,Visa,4532569424951328,604,7/2017
Griche,JarredAPoole@dodgit.com,haiZ2oaf,Jarred,Poole,3105 Arbutus Drive,Key Largo,FL,33037,MasterCard,5120174789745715,324,3/2017
Alsoned,JaneDJennings@spambob.com,Uxooye2aeT,Jane,Jennings,2480 Geraldine Lane,New York,NY,10007,Visa,4485430071360585,805,9/2014
Untwom,AmandaIJones@trashymail.com,dee5uoX8,Amanda,Jones,3820 Lodgeville Road,Minneapolis,MN,55402,MasterCard,5122172800740846,507,9/2016
Tweenowed,HeatherJWard@mailinator.com,eb7cuD6ei,Heather,Ward,4912 Happy Hollow Road,Wilmington,NC,28412,Visa,4916475514366144,683,7/2016
Therks,MichaelBMorgan@dodgit.com,caezieRai8,Michael,Morgan,1673 Shady Pines Drive,Rocky Mount,VA,24151,Visa,4916208180862017,897,9/2015
Moult1954,NormaADonovan@spambob.com,ag8tei1Ieb,Norma,Donovan,3705 Beechwood Avenue,Newark,NJ,07102,MasterCard,5264551279460614,753,10/2013
Weenin,LaurieCTran@dodgit.com,Uukeeph2,Laurie,Tran,1275 Marion Street,Morrisville,VT,05661,Visa,4556981876370330,382,3/2016
Hict1961,RichardWNichols@spambob.com,Rij1eib7o,Richard,Nichols,1424 Mount Street,Mount Pleasant,MI,48858,MasterCard,5491175867449980,695,8/2013
Didarculd,DavidMWagner@spambob.com,hahdo4Uy8phae,David,Wagner,1928 James Martin Circle,Upper Arlington,OH,43221,MasterCard,5421430701139395,259,12/2015
Mazing,DavidECollins@dodgit.com,yeeLiw2o,David,Collins,534 Airplane Avenue,Windsor,CT,06095,Visa,4532328334274960,365,9/2017
Rearand,DeniseCDamiano@trashymail.com,zephaeD8ah,Denise,Damiano,3490 Hidden Pond Road,Nashville,TN,37201,MasterCard,5338238855488373,238,9/2015
Doperis,CharlesBBergevin@spambob.com,Ij3yirae6n,Charles,Bergevin,2766 Henery Street,Wichita,KS,67204,MasterCard,5493229632753727,678,7/2016
Fartmajer73,PatriciaSFort@spambob.com,aeNoc7doaw6,Patricia,Fort,393 Viking Drive,Warsaw,OH,43844,MasterCard,5249549683663278,830,2/2016
Beenst,KevinJRoche@spambob.com,feTh2eishae,Kevin,Roche,3183 Leverton Cove Road,Chesterfield,MA,01012,MasterCard,5574532894123162,400,7/2015
Swenoboy,DonaldSEstrella@spambob.com,ohvah1Lohth,Donald,Estrella,1357 Rogers Street,Cincinnati,OH,45202,Visa,4532756408989263,279,9/2016
Aniesconly,DavidMWynn@pookmail.com,boh1wuNeech,David,Wynn,3866 Friendship Lane,Santa Clara,CA,95054,Visa,4716720216083378,430,9/2016
Throst,TeresaMHarness@mailinator.com,ohw8uiLie,Teresa,Harness,1996 Sussex Court,Cisco,TX,76437,MasterCard,5545270353905839,158,9/2017
Lovetted,MarionDSoderlund@mailinator.com,ungungeiK4x,Marion,Soderlund,1073 Kildeer Drive,Williamsburg,VA,23185,MasterCard,5280135852758626,938,8/2016
Sentort,RobertDHart@trashymail.com,ehah6hoNg,Robert,Hart,6 Centennial Farm Road,Omaha,NE,68102,Visa,4532081548331221,463,7/2015
Obleas,DawnJCampbell@dodgit.com,iBie8ta7,Dawn,Campbell,4852 Elsie Drive,Viborg,SD,57070,Visa,4539059343791818,907,9/2015
Thoures,VictorLGuy@spambob.com,bo6veiGhoh,Victor,Guy,1897 Simpson Square,Guymon,OK,73942,Visa,4716716964043366,831,2/2013
Cative,RoyTNagy@pookmail.com,egae8eeTh,Roy,Nagy,1140 Barrington Court,Paragould,AR,72450,Visa,4916804377525134,144,3/2017
Youbtand,RobertFOlsson@dodgit.com,Ieng9yohyoo,Robert,Olsson,2781 C Street,Milford,MA,01757,Visa,4532446846476491,309,8/2015
Sealords,DeniseDPetersen@dodgit.com,feph9Bab,Denise,Petersen,3381 Wildrose Lane,Southfield,MI,48075,Visa,4556148459777816,926,11/2017
Nottles,JamesSEscobar@spambob.com,Soono1ohYaa,James,Escobar,3364 Poplar Lane,Miami,FL,33169,MasterCard,5438235365346579,961,10/2015
Nough1948,JamesDPalmieri@dodgit.com,pie1aeLieXu,James,Palmieri,2594 Frank Avenue,Bridgeville,PA,15017,Visa,4539719756462906,849,9/2016
Deconsenry,RobertJKennon@pookmail.com,oYoh6aV6ou,Robert,Kennon,4482 Rockwell Lane,Greenville,NC,27834,Visa,4716478646605001,743,1/2017
Ablem1928,GinaASumlin@pookmail.com,chie4eil8E,Gina,Sumlin,926 Coburn Hollow Road,Peoria,IL,61602,Visa,4532780133608881,214,4/2017
Phent1964,ElizabethMRamirez@trashymail.com,ZooCei5hohc,Elizabeth,Ramirez,2997 Laurel Lee,Minneapolis,MN,55415,Visa,4929145026967987,745,4/2014
Mustence45,GordonCGriffin@mailinator.com,Uk6shah1eh,Gordon,Griffin,2072 Columbia Boulevard,Baltimore,MD,21201,Visa,4929616792570411,500,10/2015
Fria1966,WendyWLemke@pookmail.com,idooSai4ieL,Wendy,Lemke,945 Gore Street,Houston,TX,77006,MasterCard,5432634291564741,860,5/2015
Thising1988,JayERunyon@spambob.com,ba7eeRoo5ee,Jay,Runyon,1860 Cheshire Road,Bethany,CT,06524,MasterCard,5314143848437362,721,12/2017
Searry,LouisCLewis@mailinator.com,vi3Quie3oh,Louis,Lewis,3951 Vesta Drive,Chicago,IL,60641,MasterCard,5555351102514663,997,2/2016
Wastleime,AnnaAMiles@spambob.com,VeeMahth9Tai,Anna,Miles,2565 Birch Street,Indianapolis,IN,46229,MasterCard,5357453711022110,499,11/2017
Siquene,JosephSGenthner@mailinator.com,eip9Taeghoo,Joseph,Genthner,2523 Kelley Road,Biloxi,MS,39531,Visa,4916873367957102,613,12/2017
Ciess1947,WilliamJHarley@pookmail.com,aoPhahChah4,William,Harley,3912 Richland Avenue,Spring,TX,77386,Visa,4716132015354994,559,5/2017
Himse1992,DanielMCarroll@dodgit.com,Sheef6hieVu,Daniel,Carroll,4091 Arthur Avenue,Elizabeth,IL,61028,MasterCard,5441851543004966,298,9/2013
Wrion1982,JudyPKeach@spambob.com,OThee9booz6,Judy,Keach,3365 Andy Street,Columbia,SD,57433,Visa,4929465429124642,782,10/2015
Waysainew,NildaJHarris@spambob.com,Booxo1ota9ai,Nilda,Harris,2958 Small Street,New York,NY,10022,MasterCard,5468726157956883,205,2/2014
Houn1950,GaryCPark@dodgit.com,Vau8uJ7eib,Gary,Park,2047 Main Street,Seattle,WA,98109,Visa,4556977369173124,393,2/2016
Therong,MarionRConley@dodgit.com,acaSeew7,Marion,Conley,2292 Holt Street,West Palm Beach,FL,33401,MasterCard,5541548750108758,325,3/2013
Youstant,PamDJones@pookmail.com,aiX8iDae,Pam,Jones,1417 Williams Mine Road,Westfield,NJ,07090,Visa,4485937908220790,587,4/2015
Ocloolikese,BetteAWeiss@dodgit.com,Leimoh0ohK,Bette,Weiss,2927 Aspen Court,Hyde Park,MA,02136,MasterCard,5112414452233841,557,2/2013
Forneadil,MillieDVargas@trashymail.com,Coot2Aerai,Millie,Vargas,1925 Stonepot Road,Newark,NJ,07102,Visa,4929596701065242,597,9/2015
Detuabove,SeanLRose@mailinator.com,eezahh9ooPh,Sean,Rose,1846 Pike Street,San Diego,CA,92126,Visa,4916789933625694,389,8/2017
Diandence,DavidCWarren@mailinator.com,Thei4oong9,David,Warren,3095 Grove Avenue,Medford,OK,73759,Visa,4916563974818553,727,2/2013
Mittle,ElenaJLasher@pookmail.com,eix4phaquoL,Elena,Lasher,2445 Hurry Street,Christiansburg,VA,24073,MasterCard,5446355480628345,932,8/2014
Ansted1990,BeatriceBStanley@mailinator.com,paeTh4kon,Beatrice,Stanley,1441 Locust Court,Santa Fe Springs,CA,90670,MasterCard,5375974558558203,799,7/2017
Cassen,JoyceWCrowley@spambob.com,Eir5quu4avee,Joyce,Crowley,1182 Blackwell Street,Fort Wainwright,AK,99703,Visa,4485633875493771,164,11/2013
Ousce1953,AnnetteJRamos@spambob.com,aeshoo0Qu,Annette,Ramos,3757 Bingamon Road,Parkman,OH,44080,MasterCard,5312138825447956,366,10/2013
Thatera1979,LindaAJackson@pookmail.com,hae4ahgoXoo,Linda,Jackson,3238 Meadow Drive,Missoula,MT,59801,MasterCard,5259036589316349,402,4/2016
Eubje1950,JohnMValdez@pookmail.com,Ulaeghahz5ee,John,Valdez,3794 Brannon Street,Los Angeles,CA,90026,MasterCard,5265120731848722,269,10/2014
Sentwo1936,CharlesKFuqua@trashymail.com,Buosh4gieG,Charles,Fuqua,1272 Perry Street,Southfield,MI,48075,MasterCard,5110240507923413,042,6/2015
Calipand,KimberlyJSmith@trashymail.com,koh8Xachoh,Kimberly,Smith,3860 Richards Avenue,Los Banos,CA,93635,MasterCard,5565383768229540,877,9/2014
Gothaved,ElizabethBLord@pookmail.com,Eifae6aiC2s,Elizabeth,Lord,417 Commerce Boulevard,Omaha,NE,68132,Visa,4929480279091999,892,5/2013
Beentere,KyleLGreer@spambob.com,jieW2phu9su,Kyle,Greer,1808 Warner Street,Douglas,WY,82633,Visa,4539072495348600,493,9/2015
Lemed1933,MaryannEWhite@spambob.com,Eesachohr4,Maryann,White,2827 Heliport Loop,Columbus,IN,47201,MasterCard,5493428057873081,479,10/2016
Alred1989,DarrellJRalph@mailinator.com,iung2theRoo,Darrell,Ralph,927 Rosewood Lane,Los Angeles,CA,90017,Visa,4532764912691383,477,4/2015
Hateddly1975,AlfredTConner@spambob.com,Iaphoo8ohxoh,Alfred,Conner,4545 Front Street,Westland,MI,48185,Visa,4916231732453598,662,1/2016
Seepearrough,MelissaRCook@dodgit.com,oomohshae7Ai,Melissa,Cook,4345 Hanover Street,Corona,NY,11368,Visa,4532679677541310,890,3/2016
Theramer,LucyTBarnes@spambob.com,uPeese7nah,Lucy,Barnes,2743 University Street,Seattle,WA,98101,MasterCard,5299704288091099,537,11/2013
Soll1980,PeterMGraham@dodgit.com,nin9CogieLoo,Peter,Graham,1905 Oakridge Lane,Dallas,TX,75201,Visa,4556950109350146,679,9/2014
Rimay1934,JudithSDurden@mailinator.com,Qua9OcooG,Judith,Durden,3976 Saint James Drive,Mifflintown,PA,17059,MasterCard,5323754964911870,228,11/2015
Gialren1988,AmeliaLTran@spambob.com,viosah9Do,Amelia,Tran,3276 Broadway Street,Charleston,SC,29405,MasterCard,5474935980597341,665,8/2016
Thene1939,BeverlyJHunter@spambob.com,eiNg9aiNg,Beverly,Hunter,4069 Maple Court,Sunrise Beach,MO,65079,Visa,4556265105180219,106,4/2014
Andre1963,BillKWarwick@spambob.com,Aezahvi6Ooth,Bill,Warwick,3815 Lake Road,Absecon,NJ,08201,MasterCard,5447300660440508,286,6/2016
Supothosula49,TatyanaRUtley@pookmail.com,axeC2jabai,Tatyana,Utley,3598 Green Gate Lane,Odenton,MD,21113,MasterCard,5300206457607272,521,10/2013
Vared1975,DerrickEWhite@spambob.com,aeJ0gadohrie,Derrick,White,3474 McDowell Street,Nashville,TN,37204,MasterCard,5406010504960400,373,10/2015
Doccujjoinds49,AnnieSRyan@mailinator.com,dah7ieHae5,Annie,Ryan,2873 Smith Road,Lilburn,GA,30247,Visa,4539324392338576,431,12/2013
Cordelf,TheresaJEllison@spambob.com,nai3Xae4,Theresa,Ellison,3982 Summit Park Avenue,Plymouth,MI,48170,Visa,4485939121651611,813,2/2015
Wille1972,JoJNadeau@spambob.com,KooN9raughieJ,Jo,Nadeau,2327 Carolina Avenue,San Antonio,TX,78205,MasterCard,5463692899183845,483,2/2015
Acell1966,DebraDHepp@trashymail.com,phi1Oshahgoh,Debra,Hepp,2270 Ingram Road,Charlotte,NC,28202,Visa,4929798034623578,629,8/2017
Exonfixer,JoanneDWhistler@dodgit.com,aeReefucia5,Joanne,Whistler,691 Nancy Street,Goldsboro,NC,27530,Visa,4716485004013322,473,3/2013
Thativess,LauraJEddy@trashymail.com,MingaeV6o,Laura,Eddy,4496 Canis Heights Drive,Los Angeles,CA,90017,Visa,4539530422915346,880,7/2017
Fastir,DonnaJCastillo@spambob.com,phu4Oodoh,Donna,Castillo,4578 Ferrell Street,Grand Marais,MN,55604,MasterCard,5539126420940290,018,3/2013
Somened,JimmieTAnderson@dodgit.com,az7Ushiexie,Jimmie,Anderson,2823 Forest Avenue,New York,NY,10013,Visa,4916007049196231,926,3/2015
Thearl,SergioTBradshaw@pookmail.com,So1eich6,Sergio,Bradshaw,2235 Par Drive,Santa Barbara,CA,93101,Visa,4929270509988464,255,10/2017
Enctiong,JackMManley@dodgit.com,uureeneif5I,Jack,Manley,2027 Hedge Street,Newark,NJ,07102,Visa,4556887990300147,761,1/2015
Postre,RobertECox@dodgit.com,ahDo0Is1o,Robert,Cox,4923 Cunningham Court,Troy,MI,48084,MasterCard,5288456108389624,730,5/2014
Commation33,JohnDWhaley@pookmail.com,ootah4Amoo,John,Whaley,1363 Green Hill Road,Eureka Springs,AR,72632,MasterCard,5311776887024279,138,8/2016
Antre1987,NathanielRVaughan@spambob.com,woquooBai3l,Nathaniel,Vaughan,3777 Peaceful Lane,Cleveland,OH,44115,Visa,4539605678522820,032,1/2016
Sincing,RichardSDemby@spambob.com,IW2lahhieva,Richard,Demby,1832 White Avenue,Edna,TX,77957,Visa,4532875490441056,215,2/2013
Appents,LisaEGallager@pookmail.com,shu7pe8Noosh,Lisa,Gallager,677 August Lane,Shreveport,LA,71101,Visa,4485275658992841,413,6/2015
Auged1973,DavidBWilliamson@dodgit.com,AiJ1ou1ie,David,Williamson,4831 Rosebud Avenue,Tillar,AR,71654,Visa,4716190099234409,901,8/2014
Himpeas,DonnaSBrown@spambob.com,ume9ahQu0,Donna,Brown,115 Liberty Avenue,Santa Ana,CA,92704,MasterCard,5444708708220109,243,7/2016
Sulard,AronBRosado@mailinator.com,Deishuo8,Aron,Rosado,1487 McKinley Avenue,Denver,CO,80218,MasterCard,5252305572662440,437,8/2017
Tharbooked,JackquelineJNeal@dodgit.com,eicaey2eeQu,Jackqueline,Neal,4727 Cessna Drive,Fort Wayne,IN,46802,MasterCard,5100137034749703,411,2/2016
Offeir,GustavoLDuran@spambob.com,aeSh7fael,Gustavo,Duran,4415 Barnes Avenue,Cincinnati,OH,45202,Visa,4556468757723522,111,7/2013
Andued,VeronicaPAlicea@spambob.com,ec9anaYai,Veronica,Alicea,1090 New York Avenue,Fort Worth,TX,76102,Visa,4532572719977214,037,12/2013
Contrung,WilliamRBrown@mailinator.com,foh1OoY0Ch,William,Brown,1810 Owen Lane,Akron,OH,44308,MasterCard,5405048621805927,607,10/2013
Regray,KarenPCruz@mailinator.com,Iy3ooj6Hoo,Karen,Cruz,2588 Loving Acres Road,Kansas City,MO,64134,Visa,4485754830714190,400,4/2015
Foreps,JohnPMcAllister@pookmail.com,aeGhee4L,John,McAllister,742 Doe Meadow Drive,Mount Airy,MD,21771,MasterCard,5156508335256288,120,5/2016
Coneing1968,GailWDudley@pookmail.com,ohdael2I,Gail,Dudley,1615 Randall Drive,Honolulu,HI,96819,MasterCard,5181389159385571,582,4/2015
Thaverse1968,TimothyESewell@trashymail.com,ZaeFadahJ5r,Timothy,Sewell,3522 Lyon Avenue,Brockton,MA,02401,MasterCard,5163636329044542,677,5/2013
Reat1936,DavidMLittle@pookmail.com,dooYie7iequ,David,Little,1382 Fannie Street,San Angelo,TX,76903,MasterCard,5112982271314620,084,2/2014
Dolus1940,KatherineJWright@spambob.com,baech4Alee,Katherine,Wright,1854 Fairway Drive,Santa Rosa,CA,95401,Visa,4539324961441116,420,3/2016
Objes1962,ClaireRBabin@trashymail.com,aiSheaZ1Mei,Claire,Babin,2984 Hannah Street,Charlotte,NC,28263,MasterCard,5570039963042194,136,10/2015
Forrie67,HaroldMLeister@spambob.com,uGo0xahho,Harold,Leister,2300 College Street,Atlanta,GA,30303,Visa,4716990597122232,787,8/2014
Thenstuthe,IreneMStrickland@spambob.com,Xahvee1ug8,Irene,Strickland,3002 Nixon Avenue,Knoxville,TN,37917,Visa,4485115926580939,027,4/2016
Annatimar,DustinJDewees@pookmail.com,Shux6eephoo,Dustin,Dewees,4999 Driftwood Road,Fremont,CA,94539,Visa,4539939079390929,249,3/2015
Flonight,JulieDRobinson@dodgit.com,tooMo2Xaib,Julie,Robinson,4283 Neuport Lane,Norcross,GA,30091,MasterCard,5581288805185490,964,10/2015
Adisaid87,LynnJAnderson@pookmail.com,Ahcaixie8zoo,Lynn,Anderson,3622 James Street,Wellsville,NY,14895,MasterCard,5227497283455529,371,6/2016
Arrent,KristenBKing@trashymail.com,ook4Yie8Too,Kristen,King,839 Parkview Drive,Los Angeles,CA,90017,Visa,4929315446416119,829,3/2016
Ruchey,LizaCHill@spambob.com,nei1Xuuwoh,Liza,Hill,4206 Charles Street,Farmington Hills,MI,48335,MasterCard,5258966334580701,696,1/2017
Tobst1944,EthelJSinger@pookmail.com,IyahPh0zeezoo,Ethel,Singer,1607 Green Gate Lane,Baltimore,MD,21201,MasterCard,5179992724354529,875,10/2017
Firligned,LilaSHouse@pookmail.com,eiGiengoo1,Lila,House,4306 Liberty Street,Plano,TX,75074,MasterCard,5312162346086127,517,8/2017
Shoundomits,SandraMSamuel@spambob.com,Ruwifuuj6j,Sandra,Samuel,4411 Turkey Pen Lane,Dothan,AL,36303,MasterCard,5545271077219424,401,10/2016
Meated,DavidIAutry@dodgit.com,Iesh6Zai3,David,Autry,449 Calico Drive,Wenatchee,WA,98801,MasterCard,5405739096503084,829,7/2017
Denteoffores,RuthSCollins@pookmail.com,Reichei4cha,Ruth,Collins,608 Elk Rd Little,Cascabel,AZ,85602,Visa,4916627961749871,021,3/2016
Preme1940,MarySCaudillo@pookmail.com,Ahjai3eipei,Mary,Caudillo,1511 Stockert Hollow Road,Seattle,WA,98161,Visa,4716888263897402,340,10/2015
Bele1977,AliceGCooper@pookmail.com,thah2Xai3,Alice,Cooper,1628 Young Road,Idaho Falls,ID,83402,MasterCard,5567180071567147,477,5/2014
Higuess,HomerKHall@pookmail.com,oiTh9Aebi,Homer,Hall,224 Black Oak Hollow Road,Sunnyvale,CA,94089,MasterCard,5483399245424156,472,6/2016
Maught1929,WilliamBPalmore@pookmail.com,teiyei3Ac,William,Palmore,3691 Hart Ridge Road,Middleton,MI,48856,Visa,4716811817475087,948,7/2016
Ephimagent,HelenLCrayton@dodgit.com,VaPe8EiH8ah,Helen,Crayton,3612 Crosswind Drive,Louisville,KY,40202,Visa,4916985717449109,094,9/2017
Frund1968,IgnacioESaffold@pookmail.com,yei8jaeD9ai,Ignacio,Saffold,1751 Parrill Court,Valparaiso,IN,46383,Visa,4532725798520897,630,9/2014
Slituaked,BobbyAAllen@mailinator.com,bi2ohDaeS,Bobby,Allen,243 Ersel Street,Plano,TX,75074,Visa,4716546461770686,917,1/2015
Angst1993,EmilyDTaylor@dodgit.com,beebeid8Kie,Emily,Taylor,2732 Tori Lane,Salt Lake City,UT,84116,MasterCard,5387048489422981,073,3/2017
Rymen1959,GerardMPalmer@dodgit.com,ahx5ahPh,Gerard,Palmer,1992 Pinewood Drive,Chicago,IL,60631,MasterCard,5218846947335645,784,5/2013
Fracks1936,WalterKRogers@mailinator.com,Eu1diV4ei,Walter,Rogers,2896 Harley Vincent Drive,Mesopotamia,OH,44439,Visa,4929293248671415,289,8/2017
Mythroment,JessieJCallihan@dodgit.com,ze0roov9Lae,Jessie,Callihan,3590 Lakewood Drive,Ramsey,NJ,07446,Visa,4539916497097369,982,11/2017
Thervelp,ChristopherAYounger@spambob.com,iepae4Iec,Christopher,Younger,23 Byers Lane,Esparto,CA,95627,Visa,4539742788831849,429,3/2015
Sagooretted1928,MartinTMcClurg@mailinator.com,uK9uqui3Lie,Martin,McClurg,350 Green Avenue,Hayward,CA,94545,Visa,4532249028003780,335,10/2013
Forproing,DeborahPKing@trashymail.com,ees9eeziS,Deborah,King,1044 Tyler Avenue,Miami,FL,33179,MasterCard,5302260875555421,622,10/2016
Blazzabse,IdaGBurden@pookmail.com,Lopu6ea3aQu,Ida,Burden,717 Elmwood Avenue,Higley,AZ,85236,Visa,4485780598178476,568,9/2016
Thivalt42,MichaelaLErwin@pookmail.com,Paizie3ru8,Michaela,Erwin,537 Twin Oaks Drive,Kentwood,MI,49512,Visa,4716272947413862,236,8/2014
Ageres,WillieATravis@mailinator.com,ooroh9ohW,Willie,Travis,1624 Ashmor Drive,Wadena,MN,56482,Visa,4916647678743538,726,9/2014
Untioutilly,JasonSScott@pookmail.com,OhNi1abe,Jason,Scott,4083 McDowell Street,Nashville,TN,37214,Visa,4929446957620672,480,2/2016
Knoid1948,AlbertTGoodman@pookmail.com,Ahsaiyohs4,Albert,Goodman,3491 Petunia Way,Birmingham,AL,35209,Visa,4916094440586459,874,12/2016
Hurpres,ColumbusMLopez@pookmail.com,shuBa3Huev,Columbus,Lopez,4514 Winifred Way,Anderson,IN,46016,MasterCard,5174812409297774,754,6/2014
Uniere,SusanBCook@trashymail.com,Of5veixi6b,Susan,Cook,4286 Grey Fox Farm Road,Houston,TX,77073,MasterCard,5568880889274682,932,11/2013
Goice1967,JenaJDriscoll@trashymail.com,Chohjizei9oe,Jena,Driscoll,1845 Farnum Road,New York,NY,10007,Visa,4532945190613740,439,7/2015
Theys1942,EricaAJernigan@spambob.com,wu6me5Veit,Erica,Jernigan,4583 Bryan Avenue,Saint Paul,MN,55102,MasterCard,5216723795175856,538,6/2014
Offerness,CharlesJHuggins@mailinator.com,nohquou2Cah,Charles,Huggins,3849 Boring Lane,San Francisco,CA,94103,Visa,4556079989534619,956,12/2015
Hinfore,SheilaDUmberger@mailinator.com,Ohl3hah2ai,Sheila,Umberger,4324 Carriage Court,San Diego,CA,92111,Visa,4929030227122568,477,11/2014
Mortich1948,DorothyTMoses@dodgit.com,Dah7ohgie,Dorothy,Moses,3765 Coleman Avenue,Escondido,CA,92025,MasterCard,5219672207893456,547,6/2016
Cautity27,DenisePSpeed@spambob.com,Vieti4ah,Denise,Speed,4399 Masonic Drive,Jordan,MT,59337,MasterCard,5266514538358506,160,10/2013
Oligh1978,KarenRRoberts@mailinator.com,ieV8oe9Ohzie,Karen,Roberts,1299 Pine Street,Portland,PA,97205,Visa,4556819255792684,599,10/2016
Hithers,RafaelTLoveland@trashymail.com,Apha1eiquui,Rafael,Loveland,3535 Arrowood Drive,Jacksonville,FL,32216,MasterCard,5477499544320051,146,5/2015
Thaid1940,GarryEWilcox@spambob.com,ohwie8Zai,Garry,Wilcox,1041 Hall Valley Drive,Beckley,WV,25801,Visa,4716178164057771,908,10/2016
Dires1978,AddieWMunoz@spambob.com,zieneesh9A,Addie,Munoz,2366 Prospect Street,Glassboro,NJ,08028,Visa,4539466485358670,625,5/2013
Ligagmer,MichaelRBuchanon@spambob.com,caifoi6aiBu,Michael,Buchanon,3954 Fulton Street,Mineral Wells,WV,26150,Visa,4929924813743144,368,10/2016
Hertithat,RuthRArthur@mailinator.com,Boh4iekoek,Ruth,Arthur,4475 C Street,Worcester,MA,01609,MasterCard,5492213563715385,991,12/2013
Clork1961,CharlesSRosa@mailinator.com,Koo2aeghi,Charles,Rosa,856 Layman Avenue,Fayetteville,NC,28314,Visa,4532101789230831,671,1/2017
Themplaboo,LatashiaSHakes@pookmail.com,foo3quaeh5Qu,Latashia,Hakes,2524 Mandan Road,Poplar Bluff,MO,63901,Visa,4929289722171799,358,1/2017
Sexpround,JohnSHorn@mailinator.com,acohghae7Oh,John,Horn,3339 Norman Street,Gardena,CA,90247,MasterCard,5122043675549317,844,3/2014
Twomisland,PearlDArrant@dodgit.com,vahd2Moowo,Pearl,Arrant,2351 Boring Lane,Oakland,CA,94612,Visa,4929766127852511,992,7/2013
Alkinew,GeorgeSOliver@trashymail.com,Baiga4ah,George,Oliver,4668 Jerry Dove Drive,Charleston,SC,29424,Visa,4556703776764135,514,7/2017
Smadvow70,HectorMBender@dodgit.com,Iu5iefenaeD,Hector,Bender,1503 Lake Road,Camden,NJ,08104,MasterCard,5233360341449763,403,3/2017
Whoune,RebeccaMSotomayor@spambob.com,Geequep0zee,Rebecca,Sotomayor,2971 Elmwood Avenue,Scottsdale,AZ,85256,Visa,4916748446712126,854,7/2014
Realke,RobertMMcGlothlin@mailinator.com,OoChiexi1o,Robert,McGlothlin,4214 Walton Street,Salt Lake City,UT,84111,MasterCard,5280646369433750,687,9/2015
Thichise,MarjorieFPerez@dodgit.com,phie8OhQuuo,Marjorie,Perez,3376 Cambridge Place,Glen Burnie,MD,21061,MasterCard,5194924264180403,984,12/2017
Prearknot,BillyHJackson@mailinator.com,eng7Seesahz5,Billy,Jackson,2866 Cinnamon Lane,San Antonio,TX,78202,Visa,4539165843316129,503,12/2016
Thesho,BeverlyDAllis@dodgit.com,shiuph7Il,Beverly,Allis,1553 Tipple Road,Philadelphia,PA,19146,MasterCard,5550771342418836,235,7/2013
Hadel1942,ClarkSHicks@pookmail.com,shaeQuee7,Clark,Hicks,2105 Holden Street,San Diego,CA,92103,MasterCard,5311820518906312,183,2/2014
Whouses,PatriciaGHanley@mailinator.com,eiJ0pib0qu,Patricia,Hanley,1230 Skinner Hollow Road,Merrill,OR,97633,MasterCard,5567437177422787,493,5/2013
Plairt,CindyNAdams@pookmail.com,coo2QuieF7,Cindy,Adams,964 Maple Avenue,Fresno,CA,93721,Visa,4929600664926356,519,11/2016
Hien1938,LoraineSDane@dodgit.com,iD6aemal0,Loraine,Dane,1645 Colony Street,Norwalk,CT,06854,MasterCard,5587738084057327,607,9/2014
Anament,JuliaDRodriguez@pookmail.com,uNeechi1,Julia,Rodriguez,2439 Counts Lane,Plainfield,CT,06374,MasterCard,5243784591558965,125,9/2017
Arestand,SamCTennyson@dodgit.com,vooj3Uelee,Sam,Tennyson,3022 Cheshire Road,Bridgeport,CT,06606,Visa,4916952870906101,401,3/2015
Thatintopen,BobbyDYee@trashymail.com,aech3pe4Ij,Bobby,Yee,2156 Ryan Road,Wentworth,SD,57075,Visa,4539004185643446,671,4/2017
Expries1988,JamesNGreen@pookmail.com,auNughoh0lo,James,Green,1918 Harrison Street,Oakland,CA,94612,MasterCard,5198464117049733,840,2/2017
Bersed31,JustinMFriend@mailinator.com,Esongefo7ei,Justin,Friend,4919 Saint James Drive,Harrisburg,PA,17111,MasterCard,5315143805458764,008,7/2014
Rother,StephanCChavez@mailinator.com,ochie9eeNgo,Stephan,Chavez,731 Ashwood Drive,Aurelia,IA,51005,Visa,4556293691294905,331,11/2013
Glaccief,FloraMHuber@mailinator.com,xaiWighio1,Flora,Huber,3610 Karen Lane,Louisville,KY,40299,Visa,4916463860297394,032,8/2014
Calt1958,GeraldSKemp@spambob.com,ieXo7doo,Gerald,Kemp,1413 Romines Mill Road,Dallas,TX,75202,Visa,4916662846770610,760,9/2015
Youttle,MichelleCFinley@trashymail.com,sahFooSe6ii,Michelle,Finley,711 Holden Street,San Diego,CA,92105,Visa,4929875155751972,434,8/2014
Suchemsess,TravisLHough@mailinator.com,che5thu8Fu,Travis,Hough,4051 Locust Court,Long Beach,CA,90807,Visa,4929162070724966,126,3/2015
Spoem1933,MableOHarrell@dodgit.com,Hai3eegubue,Mable,Harrell,4261 Glendale Avenue,Los Angeles,CA,90071,MasterCard,5359578356113879,971,12/2013
Tralren,DonaldJHawkins@dodgit.com,aehoochai3Ei,Donald,Hawkins,1834 Johnson Street,Raleigh,NC,27601,Visa,4539229520755114,260,5/2013
Litarly,CarolPLong@pookmail.com,aePh4ooZ3,Carol,Long,4579 Timber Ridge Road,Sacramento,CA,95814,MasterCard,5513080004793049,586,10/2014
Reated,KathySGarcia@trashymail.com,oowo5OhW1,Kathy,Garcia,1088 Horseshoe Lane,Philadelphia,PA,19108,MasterCard,5476038429615713,746,3/2014
Hapten,LenoraMMitchell@pookmail.com,Kainaegha4,Lenora,Mitchell,904 Burning Memory Lane,Philadelphia,PA,19145,Visa,4556822768361286,111,4/2015
Sincing,BettyWLafrance@trashymail.com,cieW1uiwie,Betty,Lafrance,1848 State Street,Detroit,MI,48208,Visa,4556963186429626,417,11/2013
Aboold,PaulaLBates@mailinator.com,eifohHi0a,Paula,Bates,1565 Ashmor Drive,Grand Rapids,MN,55744,Visa,4916587658170791,958,9/2013
Inginy,DonnaCMoore@pookmail.com,oo5Aichee,Donna,Moore,1194 Briercliff Road,Staten Island,NY,10314,MasterCard,5247400754174435,870,9/2017
Sherted,BernieMQuintero@dodgit.com,Rei6aighei,Bernie,Quintero,2040 Seneca Drive,Portland,OR,97232,Visa,4556505316887874,424,6/2017
Leall1954,FranVReynoso@spambob.com,shoojiG2Ie,Fran,Reynoso,280 Rubaiyat Road,Grand Rapids,MI,49503,MasterCard,5279038123793013,736,3/2014
Whimper,JohnMRay@pookmail.com,leiC9soh,John,Ray,333 Bridge Street,Sapulpa,OK,74066,MasterCard,5507405958725200,524,8/2013
Toger1947,JoshuaRCameron@dodgit.com,Yoo7uethie,Joshua,Cameron,4216 Spring Avenue,Plymouth Meeting,PA,19462,MasterCard,5380065746169111,863,5/2014
Ruppor,MonroeMGreen@pookmail.com,aiJ6Yaich1oh,Monroe,Green,3436 Walnut Hill Drive,Cincinnati,OH,45236,MasterCard,5197074705707286,275,5/2014
Brist1932,JamesTHoffman@pookmail.com,uoguabac1Ootei,James,Hoffman,2331 Byers Lane,Chico,CA,95926,Visa,4532441490164238,162,9/2016
Seellive,MildredZHoward@mailinator.com,Bohb5Eip,Mildred,Howard,3544 Charack Road,Terre Haute,IN,47802,Visa,4916325887544795,167,11/2016
Gread1950,VincentBAmaral@spambob.com,iebohng3Oh,Vincent,Amaral,2060 Rosebud Avenue,Swifton,AR,72471,MasterCard,5575697433274732,170,7/2013
Wilver,VictorMRichards@dodgit.com,ahVaiv5quoo,Victor,Richards,1438 Rockwell Lane,Greenville,NC,27834,MasterCard,5114698908035713,820,10/2015
Woultand,CatherineLHolmes@pookmail.com,iek1Aev4t,Catherine,Holmes,3775 Oxford Court,Inverness,MS,38753,Visa,4716127825080086,872,2/2015
Justantrind,TaylorAMcCray@pookmail.com,ooPhahthoo0,Taylor,McCray,2285 Lake Road,Camden,NJ,08102,MasterCard,5130617165849939,252,10/2015
Theend,JenniferHSteele@trashymail.com,faePhahjoo8,Jennifer,Steele,1845 Dola Mine Road,Raleigh,NC,27603,MasterCard,5118232927329026,006,2/2013
Litild1944,AshleyTMyrie@trashymail.com,ea0ahsh1Th,Ashley,Myrie,2020 Elkview Drive,Vero Beach,FL,32960,MasterCard,5362660874130414,364,9/2014
Shink1979,AlfredCBowman@dodgit.com,jeithoob5Rui,Alfred,Bowman,746 Limer Street,Augusta,GA,30901,Visa,4556263515318982,481,7/2013
Hore1986,MarkMCox@trashymail.com,aot7EweGh,Mark,Cox,2293 Nickel Road,Alhambra,CA,91801,MasterCard,5376833335448030,339,9/2014
Coluseld,ViolaRGreco@spambob.com,Ti0phais1e,Viola,Greco,2600 Bel Meadow Drive,Los Angeles,CA,90017,Visa,4532982681547921,680,2/2015
Deformse1979,LarissaRFuller@pookmail.com,Zuf2aike0e,Larissa,Fuller,2917 Green Gate Lane,Hanover,MD,21076,MasterCard,5417436233327594,089,5/2015
Hiseliscrion,BenjaminKShearer@pookmail.com,wei9AeKoo,Benjamin,Shearer,4825 Elk Street,Irvine,CA,92714,Visa,4556019025920190,554,3/2015
Awerly82,DanielleJChilds@mailinator.com,Ohn6leidaiY,Danielle,Childs,2969 Stroop Hill Road,Atlanta,GA,30305,Visa,4556295124824968,602,12/2015
Expenton47,SherryRMarcus@mailinator.com,eeCah5oex,Sherry,Marcus,3728 Sycamore Lake Road,Green Bay,WI,54304,MasterCard,5538114113941487,805,4/2015
Pravall,PatricaDSoules@mailinator.com,Diebus6j,Patrica,Soules,4415 Biddie Lane,Glen Allen,VA,23060,Visa,4916498939394566,354,4/2017
Ressibing91,MariettaJBuckner@dodgit.com,wouxieB1Ee,Marietta,Buckner,3627 Virginia Street,Chicago,IL,60637,Visa,4556496356822247,975,7/2013
Lieforly,HarrietTHutchins@trashymail.com,AiXae4oa,Harriet,Hutchins,520 Neville Street,Evansville,IN,47715,MasterCard,5316282272417066,183,5/2016
Avind1972,IvaMBurkett@dodgit.com,lo7thaN9yei,Iva,Burkett,1879 Oakridge Farm Lane,New Berlin,WI,53151,MasterCard,5191025047512624,471,11/2015
Racion,JamesDVasquez@trashymail.com,Bahceew0,James,Vasquez,3408 Water Street,Martinez,CA,94553,Visa,4539718225212041,978,5/2017
Clonte,RolandSSantos@pookmail.com,chie7HoCh,Roland,Santos,733 Selah Way,Walpole,VT,03608,Visa,4485699038293812,208,7/2016
Sultouddly,AsiaGWilliams@spambob.com,Cizuaph2Xoo,Asia,Williams,3002 White Lane,Macon,GA,31206,Visa,4929663552997988,298,10/2014
Thents,MyriamMGaleana@dodgit.com,Ahne8gai4ai,Myriam,Galeana,2466 Horseshoe Lane,Easton,PA,18042,Visa,4716271405956743,905,7/2013
Privent1943,GeraldineJJones@trashymail.com,eeBo9Bo0Ahd,Geraldine,Jones,2711 Smith Road,Lawrenceville,GA,30245,MasterCard,5215297741135893,225,3/2015
Patrubtim,JanetJTate@mailinator.com,eiquie2Th,Janet,Tate,3925 Still Pastures Drive,Chester,SC,29706,MasterCard,5316794919137766,455,10/2014
Dident,CharlesDKowal@pookmail.com,cieJ9ezi,Charles,Kowal,4481 Brown Bear Drive,Baldwin Park,CA,91706,Visa,4485622855566060,049,4/2017
Mathe1975,JessicaRBabin@trashymail.com,jotup8eGhee,Jessica,Babin,779 Musgrave Street,Atlanta,GA,30303,Visa,4485809051058170,163,7/2014
Hiscommock,ChristopherTJackson@trashymail.com,oPh0se0t,Christopher,Jackson,4017 Pride Avenue,Brooklyn,NY,11223,Visa,4485440325146508,670,10/2016
Flaid1948,LewisAWinters@spambob.com,ohj6Ya0Sahw,Lewis,Winters,2424 Providence Lane,Pasadena,CA,91101,MasterCard,5284462508735402,143,12/2014
Pliteruning,LauraDBrooks@dodgit.com,choeM2usoo,Laura,Brooks,2730 Southern Avenue,Mason City,IA,50401,MasterCard,5461363238691730,996,12/2013
Weenin,CorinaAHardy@mailinator.com,Hoo7bireem,Corina,Hardy,1453 Sunny Glen Lane,Cleveland,OH,44115,MasterCard,5156550034642319,576,3/2013
Equithere,RosemaryRSwigert@mailinator.com,wohzohfu0J,Rosemary,Swigert,2295 Laurel Lane,Midland,TX,79703,MasterCard,5191827403093234,581,6/2015
Aste1988,AlmaDOconner@spambob.com,Fuf3jaich,Alma,Oconner,4924 Jacobs Street,Pittsburgh,PA,15222,Visa,4916814814527908,320,12/2013
Spoem1979,KarenRJones@mailinator.com,iew7Zowobai,Karen,Jones,2952 Burton Avenue,Memphis,TN,38116,MasterCard,5288678716615385,058,6/2014
Purel1982,VanessaPSanchez@spambob.com,Nied1ahgh,Vanessa,Sanchez,4987 Main Street,Seattle,WA,98101,MasterCard,5377311976044458,312,12/2016
Prampern,LarryPAlexander@pookmail.com,phie9Jahy,Larry,Alexander,4763 Front Street,Westland,MI,48185,Visa,4485398471910913,714,3/2017
Preaught,BrandonMLuna@trashymail.com,Oa1oof2gosi,Brandon,Luna,952 Bryan Street,Lexington,NC,27292,MasterCard,5431256954511990,703,10/2014
Weas1966,JamesPLee@trashymail.com,cai8Ooveix,James,Lee,490 Goosetown Drive,Swannanoa,NC,28778,MasterCard,5107328666618489,392,8/2016
Dren1954,LuannWJohnson@pookmail.com,uH3aezooghoh,Luann,Johnson,3487 Filbert Street,Allentown,PA,18103,Visa,4485358967241843,251,5/2017
Gonded,CarrieGTaylor@pookmail.com,shuoG0bi,Carrie,Taylor,3202 Wildrose Lane,Southfield,MI,48075,Visa,4556597653569199,011,5/2013
Voill1984,DavidLThompson@mailinator.com,Koo1siey0e,David,Thompson,2747 Traders Alley,Kansas City,MO,64110,Visa,4556192641866285,484,8/2015
Wasur1981,MichaelLCarson@trashymail.com,eech3xak3Nie,Michael,Carson,550 Kelly Drive,Charleston,WV,25301,Visa,4556629137868077,884,10/2016
Faturis,DennisRDunn@mailinator.com,Zaequ9hei,Dennis,Dunn,318 Hillcrest Avenue,Cambridge,MA,02142,MasterCard,5423522807919478,135,7/2014
Reartand,WilliamNNieto@trashymail.com,oa2Ipe5bo,William,Nieto,1090 Primrose Lane,Fitchburg,WI,53719,MasterCard,5367121120100599,446,2/2014
Vive1975,EricSKing@spambob.com,Oosho6eb0yai,Eric,King,2714 Elk Rd Little,Nogales,AZ,85621,Visa,4485198120796428,869,3/2017
Proich,CliffordKOtero@dodgit.com,Yeitah3phumee,Clifford,Otero,3078 Walnut Hill Drive,Portland,OH,45204,Visa,4539710021323411,926,7/2014
Aborecturs,LisaPCarpenter@spambob.com,ih7Iqu6ohK7,Lisa,Carpenter,1450 Adams Avenue,Beltsville,MD,20705,Visa,4539289287665591,289,1/2014
Theremings,BarbaraJMurphy@trashymail.com,mahtoThei0ch,Barbara,Murphy,563 Owagner Lane,Seattle,WA,98161,MasterCard,5103360418355890,097,1/2013
Thaverefull,ThomasPDobbs@spambob.com,neewiequ7Ut,Thomas,Dobbs,1462 Edsel Road,Irvine,CA,92614,Visa,4556503816780616,778,6/2013
Veleelf1949,GregoryAWallace@mailinator.com,yiet9Mu1yi9,Gregory,Wallace,1280 August Lane,Winnsboro,LA,71295,Visa,4485842317065630,886,7/2015
Pursho,AndrewIDeleo@trashymail.com,Foquucah2,Andrew,Deleo,4200 Roosevelt Street,Larkspur,CA,94939,Visa,4716584333704294,679,4/2017
Uppy1934,JasonGMyrick@trashymail.com,iY9oshe8oyie,Jason,Myrick,3233 Scenic Way,Quincy,IL,62301,MasterCard,5498778215421149,181,1/2015
Tharinable,AndreRSea@spambob.com,iGe1caiXei,Andre,Sea,1520 Nutter Street,Blue Springs,MO,64015,Visa,4929114518876742,806,1/2013
Stonsuld,GloriaMRogers@trashymail.com,zuphahGhua0,Gloria,Rogers,1620 Yorkie Lane,Claxton,GA,30417,MasterCard,5213526542931700,077,3/2016
Hiselosting,LeeEQuinto@mailinator.com,Shog3hev8oo,Lee,Quinto,1397 Bassel Street,Metairie,LA,70001,MasterCard,5232818896540063,060,4/2017
Whatife,DanielHKnight@pookmail.com,aetae1Sho,Daniel,Knight,4795 Fairfax Drive,New Brunswick,NJ,08901,Visa,4539815832205523,031,6/2014
Agetithas46,SusanaRRaynor@dodgit.com,eewaJ1lier,Susana,Raynor,1190 Court Street,Harvester,MO,63301,Visa,4716613783216143,763,11/2016
Witait,JanetDOtten@dodgit.com,oqu9Sahjough,Janet,Otten,1424 Sugarfoot Lane,Kokomo,IN,46901,Visa,4916102497343391,107,9/2014
Kang1974,MichaelKBarger@mailinator.com,iesh9Quajai,Michael,Barger,3599 Sugarfoot Lane,Lafayette,IN,47901,MasterCard,5293548621436651,443,5/2016
Punat1931,PaulSReid@dodgit.com,wo8cieWi,Paul,Reid,2790 Hillcrest Avenue,Hanover,MA,02339,MasterCard,5393311785950556,513,3/2014
Eplay1969,MerleABasaldua@mailinator.com,ookieNg7c,Merle,Basaldua,1838 Scheuvront Drive,Englewood,CO,80112,MasterCard,5568868892640072,493,11/2013
Lontoll,PaulNSawin@pookmail.com,EichooFau4,Paul,Sawin,38 Perine Street,Chantilly,VA,22021,Visa,4716122607330452,360,4/2014
Hatlest60,LindaJStarr@dodgit.com,egh8SouSoh,Linda,Starr,2619 Alexander Drive,Bartonville,TX,76226,Visa,4916866392926357,200,4/2014
Thowintal,HeatherLDolly@mailinator.com,EeL2oKeeca0,Heather,Dolly,4166 Lincoln Drive,East Petersburg,PA,17520,MasterCard,5191790455241202,590,11/2016
Quission,AnthonyEAbrams@trashymail.com,eica1Oom,Anthony,Abrams,1521 Griffin Street,Phoenix,AZ,85041,Visa,4929524484805659,661,11/2014
Ired1969,IssacJMcNeil@mailinator.com,the4xae0uNg,Issac,McNeil,2571 Jim Rosa Lane,Dublin,CA,94568,MasterCard,5594626268663138,226,11/2017
Thiled,TerriCGarner@trashymail.com,Choo4sha5aa,Terri,Garner,830 Grove Street,Farmingdale,NY,11735,Visa,4532009304706146,105,5/2013
Holoccure,WilliamBBarnett@mailinator.com,eile3ieThei,William,Barnett,2081 Roane Avenue,Savage,MD,20763,MasterCard,5349383074918276,775,10/2017
Whant1942,LydiaEGalarza@pookmail.com,cu4Ieghah,Lydia,Galarza,3631 Doctors Drive,Torrance,CA,90505,MasterCard,5194090691066647,585,3/2015
Wharroposs,WadeSAyala@pookmail.com,ooci5Bi0xeem,Wade,Ayala,4240 Blue Spruce Lane,Towson,MD,21204,Visa,4539459118175306,037,5/2016
Promento,BrianMJones@mailinator.com,wahB4Oefeej,Brian,Jones,1574 Penn Street,Saint Louis,MO,63101,Visa,4485032175623494,319,8/2016
Ournitattis,CourtneyTSantiago@dodgit.com,ziethi5Ohgh,Courtney,Santiago,26 Nutter Street,Kansas City,MO,64106,Visa,4916790363175655,944,3/2013
Feciat1980,AnnetteCMoore@dodgit.com,chahdae4Ii,Annette,Moore,312 Post Avenue,Chicago,IN,60605,Visa,4929484099458719,078,12/2016
Fifor1987,DebbieRSmith@mailinator.com,ewaYe2Ahz,Debbie,Smith,3938 Ashford Drive,Alexandria,VA,22304,Visa,4916554054160347,140,9/2017
Couspit,EdwardNConley@pookmail.com,ainoh1UoShae,Edward,Conley,1845 Robinson Court,Saginaw,MI,48607,Visa,4539395982236099,157,8/2017
Swassed,MikeMBurke@dodgit.com,Jai5laong4za,Mike,Burke,760 Grove Street,East Northport,NY,11731,Visa,4716985001296374,253,2/2013
Thadvithey,DavidRWorley@dodgit.com,bePhai1N,David,Worley,298 Simpson Street,Peoria,IL,61602,Visa,4532147518154982,496,1/2016
Quinansen61,MarthaLHawkin@spambob.com,Iequ5eReeZah,Martha,Hawkin,3364 Cambridge Drive,Phoenix,AZ,85017,MasterCard,5419261835679665,550,7/2016
Yeasught,BrandonMSpinks@mailinator.com,OoZai2ie,Brandon,Spinks,4374 Holt Street,West Palm Beach,FL,33401,MasterCard,5256591859670356,433,3/2016
Himant,PamelaJJohnson@mailinator.com,Faequa5Chi,Pamela,Johnson,2361 Barfield Lane,Indianapolis,IN,46278,Visa,4916175147430487,126,10/2017
Anche1965,CharlesMAguilar@trashymail.com,ooph3ook3I,Charles,Aguilar,4301 Ryder Avenue,Seattle,WA,98161,Visa,4532696768613824,275,1/2014
Fige1937,SeeBGrubbs@mailinator.com,Eizoz1ath5y,See,Grubbs,3262 Pick Street,Telluride,CO,81435,Visa,4929302821571965,653,4/2017
Twouthe,ChristopherMAyers@mailinator.com,oephoochoo2Ai,Christopher,Ayers,2938 Seneca Drive,Portland,OR,97205,Visa,4929456198601779,305,4/2017
Shenell,MicheleBCollier@dodgit.com,uNgiizie8a,Michele,Collier,4523 Timber Ridge Road,Citrus Heights,CA,95610,MasterCard,5156119557242053,021,3/2014
Niguest1985,RonaldMReddy@spambob.com,oNahCo7qu,Ronald,Reddy,1049 Steve Hunt Road,Miami,FL,33169,Visa,4929038322854886,905,9/2014
Anistring,DavidSRooks@trashymail.com,Vahch8poh9,David,Rooks,1535 Rafe Lane,Jackson,MS,39201,Visa,4532455538663431,172,1/2017
Anning36,MargaretKWashington@pookmail.com,uiChie0ies4,Margaret,Washington,1433 Roane Avenue,Bittinger,MD,21522,Visa,4539403080741687,694,7/2014
Nuse1955,ThomasKVue@dodgit.com,beese0Thoo,Thomas,Vue,4185 Oak Ridge Drive,Middletown,MO,63359,MasterCard,5481750281474095,256,10/2016
Whortiter,VirgilLCleary@dodgit.com,biethoF9Thoo,Virgil,Cleary,1667 Watson Street,Pleasantville,NJ,08232,Visa,4485964743703111,030,8/2017
Incy1942,ChristineCSanchez@spambob.com,Loh3angae,Christine,Sanchez,2733 Harry Place,Concord,NC,28025,MasterCard,5276464612248983,188,1/2013
Exisparbace,BrandiRReinhart@spambob.com,Sae6joofai,Brandi,Reinhart,704 Green Acres Road,Rocky Mount,NC,27801,MasterCard,5137661625567452,452,5/2014
Quiuse,StevenJKennedy@dodgit.com,Iega2ohd8r,Steven,Kennedy,4369 Pointe Lane,Pompano Beach,FL,33060,MasterCard,5421543232154178,906,3/2015
Prewn1941,LawrenceKMcCarthy@dodgit.com,lubo6Ju0oo,Lawrence,McCarthy,2797 Mapleview Drive,New Port Richey,FL,34652,Visa,4916190271705828,334,2/2014
Wourearels,MildredCSilva@mailinator.com,ohTu6Faepo,Mildred,Silva,1030 Fowler Avenue,Williamsport,IN,47993,MasterCard,5574542497807806,193,12/2016
Hoppenced,MelissaGThomas@trashymail.com,aiqu0Sie2,Melissa,Thomas,1608 Virginia Street,Chicago,IL,60637,MasterCard,5319427381592120,421,4/2014
Garte1970,JackTMagoon@mailinator.com,Chorai1Shai,Jack,Magoon,2541 Custer Street,Warren,PA,16365,Visa,4556362838975955,032,4/2013
Hibeated56,JosephFMoore@pookmail.com,uphahQua6Oh,Joseph,Moore,1901 C Street,Framingham,MA,01702,MasterCard,5108274947267275,107,5/2014
Classearge,ChristopherNNajera@mailinator.com,Cielai2ka4t,Christopher,Najera,4750 Amethyst Drive,Lansing,MI,48933,MasterCard,5508156390208052,907,10/2015
Alith1981,LeighMShackelford@spambob.com,Oj8Tooti,Leigh,Shackelford,2422 Single Street,Boston,MA,02210,Visa,4532197966014386,829,4/2015
Theaver43,BobbieMWebber@spambob.com,Mei3IShoong,Bobbie,Webber,1066 Alpaca Way,Anaheim,CA,92805,MasterCard,5481187877426678,332,10/2013
Feara1960,EfrenJGosselin@mailinator.com,uoy7eiGie,Efren,Gosselin,4320 Cambridge Court,Phoenix,AZ,85034,MasterCard,5228278031312298,492,8/2013
Selit1970,KathleenCMcAdory@pookmail.com,Nae4wiehai,Kathleen,McAdory,1426 Deans Lane,Crqtqn On Hudson,NY,10520,Visa,4485670066364155,944,6/2014
Reciere,LongABrice@dodgit.com,shee3Uth5,Long,Brice,1271 Quilly Lane,Columbus,OH,43215,Visa,4539468607374478,191,12/2013
Upecent,MikeLLane@trashymail.com,aekiaSh2Cah,Mike,Lane,40 West Drive,Chicago,IL,60607,MasterCard,5156655025307283,525,12/2013
Mity1993,ShirleyRRaines@spambob.com,Em9he8thoh,Shirley,Raines,4013 Hiddenview Drive,Philadelphia,PA,19108,MasterCard,5334170629562536,893,2/2016
Purnegy,StevenAJordan@trashymail.com,yaiGhainei6,Steven,Jordan,4383 John Avenue,Michigan Center,MI,49254,MasterCard,5286416262469234,007,11/2016
Blearly,JohnALittle@spambob.com,sheixee8aL2,John,Little,4908 Hudson Street,Wayne,NJ,07477,MasterCard,5511757631560071,292,5/2016
Notheity,JohnEMoulder@trashymail.com,kie1saiJeish,John,Moulder,4444 Oak Drive,Albany,NY,12207,MasterCard,5522973543617456,205,11/2017
Asithavelf,NormanTVerrett@mailinator.com,kohVei1Ah,Norman,Verrett,2928 Scott Street,Poughkeepsie,NY,12603,Visa,4929611714483173,787,9/2017
Hisherear65,KathleenJVanegas@spambob.com,maiFi0ooph3e,Kathleen,Vanegas,620 Reeves Street,Little Chute,WI,54140,MasterCard,5452478082449216,077,12/2016
Anall1966,CarolATrainor@spambob.com,xaihoh3Ei,Carol,Trainor,1146 Bassel Street,Hammond,LA,70401,MasterCard,5134718296078384,908,9/2017
Stragent44,KimberlyVMunson@trashymail.com,eeJae3bei,Kimberly,Munson,4733 Patterson Street,Houston,TX,77063,Visa,4716291361172457,988,9/2017
Mough1957,WilliamSBodin@dodgit.com,wuN8gaef,William,Bodin,2728 Lonely Oak Drive,Mobile,AL,36602,MasterCard,5588719839366899,382,12/2013
Wasies,ToddKWilliam@pookmail.com,Phoom2kai,Todd,William,3606 Bridge Avenue,Crowley,LA,70526,Visa,4716966274096402,384,6/2015
Puzed1985,MichaelDHenson@pookmail.com,Ehaej4se,Michael,Henson,2863 Taylor Street,White Plains,NY,10641,Visa,4716374270899970,294,6/2017
Coulausping,BrianPHendon@trashymail.com,aeNgahSh8Ph,Brian,Hendon,4088 West Side Avenue,River Edge,NJ,07649,MasterCard,5169249412190851,679,7/2013
Fichn1992,GuadalupeTHaddix@spambob.com,gaiVoo8xi,Guadalupe,Haddix,282 Glory Road,Clarksville,TN,37040,MasterCard,5419214777948317,176,2/2017
Acessays,DeniceMMackey@spambob.com,ieB8phoh,Denice,Mackey,1049 Freed Drive,Stockton,CA,95202,MasterCard,5513275534803165,623,6/2016
Evand1979,AdrianCRobinson@mailinator.com,eiY9paifa,Adrian,Robinson,4682 Cityview Drive,Bryn Mawr,PA,19010,MasterCard,5257552698051793,662,11/2016
Begroway,DamonRBolen@spambob.com,ahcee4maiSah,Damon,Bolen,4119 Maloy Court,Topeka,KS,66608,MasterCard,5358689618686585,705,10/2017
Lory1955,AmandaMBenavidez@spambob.com,daeghua4Pah,Amanda,Benavidez,1315 Rainy Day Drive,Boston,MA,02110,Visa,4556527540048974,910,9/2016
Distin,KeishaJMack@pookmail.com,xaeWoo2ae,Keisha,Mack,3026 Walt Nuzum Farm Road,Rochester,NY,14608,Visa,4556813456044672,794,8/2016
Boderstury,JamesRWhite@spambob.com,yiuy6VuaRai,James,White,4938 Charack Road,Greensburg,IN,47240,MasterCard,5139318026275999,745,7/2015
Hadeverse,VickiEMitchell@pookmail.com,ahS5kaizohl,Vicki,Mitchell,3021 August Lane,Shreveport,LA,71101,MasterCard,5222559320390517,546,6/2015
Ciat1959,FrancisMRichardson@mailinator.com,ax1xi1ahMie,Francis,Richardson,2136 Romano Street,Needham,MA,02192,Visa,4556827713125355,372,12/2017
Exclasen,CharlesMWilliams@trashymail.com,fieli7agh7Sh,Charles,Williams,4334 D Street,Southfield,MI,48075,Visa,4556082537269860,912,1/2016
Onceinge,JesicaJHerbst@spambob.com,iez9VieH4p,Jesica,Herbst,1475 Flanigan Oaks Drive,Poolesville,MD,20837,MasterCard,5336836391557445,653,12/2014
Etescashout,DebbieGChapman@pookmail.com,loh1thioD6a,Debbie,Chapman,3841 Vine Street,Arlington Heights,IL,60004,Visa,4929779388969866,729,9/2014
Sponsiguess,SidneyMDillon@mailinator.com,Ievi4hai2Ao,Sidney,Dillon,3097 Bridge Street,Tulsa,OK,74116,Visa,4929523708638797,081,4/2016
Cathery,DorisPJohnson@pookmail.com,eo6Giyax,Doris,Johnson,1095 Bond Street,Providence,RI,02905,MasterCard,5262522822662966,540,7/2017
Mink1962,GinaRBethea@trashymail.com,Eim8AhChae,Gina,Bethea,2479 Leisure Lane,Pomona,CA,91766,MasterCard,5490380501644423,187,2/2015
Velint65,CalvinDMorillo@mailinator.com,jeD2giefa,Calvin,Morillo,3771 Kovar Road,Framingham,MA,01702,MasterCard,5464755930057465,370,11/2016
Waye1942,RonaldKDenniston@trashymail.com,eeghei1Aiz3,Ronald,Denniston,486 Ocala Street,Winter Park,FL,32789,Visa,4916254443780612,269,5/2013
Kone1978,ChristopherCCloyd@mailinator.com,eiQuoh9j,Christopher,Cloyd,4686 Wyatt Street,Jupiter,FL,33478,MasterCard,5174773069357169,233,6/2015
Fortaryto,MariaJGentry@pookmail.com,eizoDoo3ei,Maria,Gentry,2044 Walnut Drive,Bowbells,ND,58721,Visa,4716714519540986,354,7/2013
Conarthery,EdnaMSalvador@spambob.com,ooX5ohz0ama,Edna,Salvador,3839 Roosevelt Wilson Lane,Riverside,CA,92507,MasterCard,5395319842428688,856,4/2016
Blan1978,JoeyMCamarillo@spambob.com,chiG9gahpho,Joey,Camarillo,4706 Valley View Drive,Boston,MA,02115,MasterCard,5227679397329589,799,8/2015
Mannery,AndrewPZuehlke@dodgit.com,aeCee4gisa7,Andrew,Zuehlke,1610 Emerson Road,Harrisonburg,LA,71340,MasterCard,5533504475764037,705,11/2014
Surnifeen,LisaPAustin@dodgit.com,maeluXoh2,Lisa,Austin,4830 Eagle Lane,Oslo,MN,56744,MasterCard,5387799957248833,014,8/2015
Sudis1938,RicardoVPryor@trashymail.com,Poceizai1ahRee,Ricardo,Pryor,1271 Settlers Lane,New York,NY,10007,MasterCard,5597012588194145,366,7/2017
Yousbariegs,DorothyGBrandt@spambob.com,Quienah2Ieg,Dorothy,Brandt,3179 West Virginia Avenue,Catskill,NY,12414,MasterCard,5482602831949150,771,8/2014
Gaince,CharlesBBliss@spambob.com,Ookenee7deul,Charles,Bliss,1794 Mapleview Drive,New Port Richey,FL,34652,MasterCard,5359344005611619,726,12/2017
Therelf,VicenteMGoudeau@mailinator.com,shohquah7Ue,Vicente,Goudeau,4997 McVaney Road,Asheville,NC,28801,MasterCard,5278699571644361,154,2/2014
Coman1983,JamesJEliason@spambob.com,chae2Iungoh,James,Eliason,2754 Highland View Drive,Roseville,CA,95661,Visa,4916893544189882,480,11/2013
Swumily,ClaraTMims@dodgit.com,sa0teiNeeyu,Clara,Mims,3192 Locust Court,Downey,CA,90242,Visa,4916231929290068,297,9/2015
Themy1938,JohnnyECraft@pookmail.com,quai6Su6ee,Johnny,Craft,308 Hope Street,Tigard,OR,97223,Visa,4716470491960805,318,2/2013
Shmervis,PedroGSnyder@trashymail.com,Aegepe2koi,Pedro,Snyder,2206 Glenview Drive,Corpus Christi,TX,78401,Visa,4716957936408481,288,3/2014
Nows1967,CeliaAMoore@spambob.com,cuN1ohJeech,Celia,Moore,2979 Saint James Drive,Harrisburg,PA,17111,Visa,4556094836264450,731,5/2015
Tictak1930,DarleneJBrown@trashymail.com,Hohj2or1doo,Darlene,Brown,605 Cottonwood Lane,Grand Rapids,MI,49503,MasterCard,5494297814525980,713,7/2014
Posell,ChristopherGKirby@mailinator.com,jai6Joec9ee,Christopher,Kirby,3099 New Creek Road,Fort Wayne,IN,46802,MasterCard,5384742786486201,258,6/2016
Suirsoofter,SarahJCarter@mailinator.com,cic5ShaeleP,Sarah,Carter,2266 Riverwood Drive,Anderson,CA,96007,Visa,4929501011865547,380,8/2016
Alisome,RandolphODunn@dodgit.com,Ekif9ooch,Randolph,Dunn,4529 Oakwood Circle,Laguna Niguel,CA,92677,Visa,4556134950399581,616,2/2016
Quichaved,LuisAWilliams@pookmail.com,ahCoo6ohJ,Luis,Williams,2990 Sunburst Drive,Fort Myers,FL,33912,Visa,4556934447787193,887,5/2015
Frichis56,LoisJPoffenberger@mailinator.com,aeri8ogaaX7,Lois,Poffenberger,3569 Charmaine Lane,Lubbock,TX,79401,Visa,4916167249143241,173,3/2014
Antin1954,LeonardJWilliams@dodgit.com,toh6iiJee2,Leonard,Williams,4144 Henry Ford Avenue,New York,NY,10016,MasterCard,5122600546289892,631,10/2017
Gots1955,LucindaEMiranda@spambob.com,Ef0pha2Aqu,Lucinda,Miranda,3915 Aspen Court,Boston,MA,02109,MasterCard,5463780785146792,747,7/2016
Makince1972,PatriciaBCuneo@mailinator.com,eihieth5aXoo,Patricia,Cuneo,3989 Fittro Street,Pine Bluff,AR,71601,Visa,4556385715922790,769,4/2017
Cogreboy73,RosinaRArnold@dodgit.com,cah4aiChuG,Rosina,Arnold,4676 Alpaca Way,Pomona,CA,91766,MasterCard,5534553463570632,849,10/2014
Formlen87,JaniceLLucas@pookmail.com,bu6naiWeiF,Janice,Lucas,2584 Wines Lane,Houston,TX,77032,Visa,4556898334212856,319,9/2015
Outeriesself72,PaulMValentino@dodgit.com,Egh8naenogh,Paul,Valentino,1142 Summit Park Avenue,Commerce,MI,48387,MasterCard,5194231279248765,272,11/2017
Lifece,LindaAMadison@spambob.com,ci5HoHo9ah,Linda,Madison,973 Maple Avenue,Eagle,ID,83642,MasterCard,5484895591709131,606,10/2013
Bour1982,TylerLWilson@spambob.com,OhxieTho4p,Tyler,Wilson,1450 Masonic Drive,Carlyle,MT,59320,Visa,4716057145649320,834,11/2014
Pathoultat,ElmaIDalton@pookmail.com,pi3ey3Aidei,Elma,Dalton,4103 Park Boulevard,Cedar Rapids,IA,52404,Visa,4485692564544161,265,4/2014
Againe90,DenaAKoons@mailinator.com,oaB9veekoo3wae,Dena,Koons,3804 Simpson Avenue,Camp Hill,PA,17011,MasterCard,5402622194800284,889,4/2015
Wisford,EstelleJMims@spambob.com,AipangaeSh8,Estelle,Mims,4222 Lodgeville Road,Minneapolis,MN,55402,MasterCard,5279117732769869,132,9/2013
Acquaid,MaryRBoone@mailinator.com,Aepoh0quie,Mary,Boone,1494 McDonald Avenue,Lake Buena Vista,FL,32830,MasterCard,5183530528492964,148,6/2017
Petiany,SaraJSanchez@dodgit.com,vieGhoo8,Sara,Sanchez,2016 Meadow View Drive,Cheshire,CT,06410,MasterCard,5399197029847623,109,9/2015
Alikely,CharlesBSmith@spambob.com,Hephah4aiz,Charles,Smith,366 Collins Avenue,Columbus,OH,43215,MasterCard,5273666006313586,856,3/2014
Accandon,DavidDClanton@trashymail.com,Ao2veef2,David,Clanton,4660 Bruce Street,Saint Louis,MO,63108,MasterCard,5245814881682122,690,1/2015
Therning,EmmaRWatts@trashymail.com,izoo7phahQu,Emma,Watts,1118 Paul Wayne Haggerty Road,New Orleans,LA,70112,Visa,4929764013372959,584,11/2016
Wasies,FreemanPPittman@mailinator.com,Uiyohesu0,Freeman,Pittman,466 Railroad Street,Starke,FL,32091,Visa,4485361730183219,377,7/2014
Thasce,KennethEMartinez@spambob.com,Quoo6Uo6eej3s,Kenneth,Martinez,3320 Cerullo Road,Louisville,KY,40205,Visa,4929165989896130,740,11/2013
Kessad,RaulHHuffine@trashymail.com,eivu9Iush2,Raul,Huffine,3842 Simons Hollow Road,Middleburg (Snyder),PA,17842,MasterCard,5443187197692527,992,11/2017
Togent82,PaulHKinnard@trashymail.com,Aey4si5Oi7,Paul,Kinnard,2406 Fowler Avenue,Marietta,GA,30067,Visa,4716371299477622,823,3/2017
Boad1962,ChadSOchoa@dodgit.com,dehe7Liesh,Chad,Ochoa,657 Bassel Street,Metairie,LA,70001,MasterCard,5521110945725261,107,12/2015
Thenim,RobertMReding@mailinator.com,Axoos8ea,Robert,Reding,2395 Dogwood Road,Phoenix,AZ,85034,MasterCard,5528822532656641,212,9/2017
Mucend,BrianMPerry@spambob.com,ooM3AhjahT,Brian,Perry,3778 Hazelwood Avenue,Boone,IA,50036,MasterCard,5213783620481633,385,5/2014
Trind1948,JosephLMroz@trashymail.com,mea9Eecei1ai,Joseph,Mroz,3234 Tree Frog Lane,Hamilton,MO,64644,MasterCard,5586734799112698,113,6/2015
Nottles,MarthaRRosa@dodgit.com,aicai7Ait7,Martha,Rosa,2498 Benson Park Drive,Oklahoma City,OK,73131,Visa,4556480713341935,899,3/2016
Pragnotherse1971,JamesAHarris@spambob.com,fiePhai7ei,James,Harris,1688 Eastland Avenue,Jackson,MS,39201,MasterCard,5207703316137768,500,10/2017
Matur1987,TerriEKittle@pookmail.com,ma5Shah1ch,Terri,Kittle,828 Davis Avenue,Oakland,CA,94607,MasterCard,5561874946371190,328,7/2017
Squaloodding,AltagraciaGSantos@pookmail.com,Aeyie7Ai,Altagracia,Santos,3912 Archwood Avenue,Kaycee,WY,82639,Visa,4916304235171239,937,1/2013
Undfuld,TaylorGDavis@dodgit.com,Poo1etah,Taylor,Davis,1101 Levy Court,Danvers,MA,01923,Visa,4532389339334795,091,4/2013
Swuzzy,MellisaHCarter@dodgit.com,dai0cheiYi,Mellisa,Carter,2358 Mill Street,Spartanburg,SC,29302,MasterCard,5202330378684324,586,5/2013
Essm1972,RichardKBryan@spambob.com,Ri2inah2,Richard,Bryan,2321 Hart Country Lane,Columbus,GA,31901,Visa,4532214578770071,388,7/2014
Lialling,MarishaJJackson@pookmail.com,ais2IdiezeiNa,Marisha,Jackson,4300 Glen Street,Paducah,KY,42003,MasterCard,5585845492503198,818,5/2013
Butioned,MarkSMiller@spambob.com,fiquuW6cae,Mark,Miller,1588 Duke Lane,Keyport,NJ,07735,MasterCard,5213663918255214,051,11/2014
Orlded1962,KalaJTilton@mailinator.com,faij2weih1Qu,Kala,Tilton,651 Counts Lane,Lexington,KY,40507,Visa,4532406320066143,951,5/2014
Trook1976,PatriciaDKey@mailinator.com,ax2eiRoo0eo,Patricia,Key,3719 North Bend River Road,Mount Olivet,KY,41064,MasterCard,5331207271435778,449,7/2014
Gibea1967,LisaAPippin@trashymail.com,Ingoocu3Eik,Lisa,Pippin,4130 Cody Ridge Road,Oklahoma City,OK,73102,MasterCard,5485531407904082,770,8/2017
Borceir,ElbertKWalker@mailinator.com,iev9uu9Esh,Elbert,Walker,4651 Randolph Street,Natick,MA,01760,MasterCard,5373845137581332,995,11/2015
Qualmitill1957,MichaelBConner@dodgit.com,AeTheujoo5,Michael,Conner,4532 Bartlett Avenue,Southfield,MI,48075,Visa,4485855920076869,481,7/2015
Prounced,BenitoDGarcia@mailinator.com,phu4Eef6iel,Benito,Garcia,4688 Griffin Street,Phoenix,AZ,85041,Visa,4916880638351429,884,9/2015
Exinglity,ArnoldoFRoss@spambob.com,lahTai6t,Arnoldo,Ross,214 Lewis Street,Downers Grove,IL,60515,MasterCard,5258404168577809,289,12/2015
Tils1946,EmilyRScruggs@dodgit.com,Aithei2Th,Emily,Scruggs,3266 Millbrook Road,Lemont,IL,60439,MasterCard,5241817390950512,417,2/2017
Pribary,RebeccaMAlers@trashymail.com,eizee9eZai,Rebecca,Alers,3480 Joanne Lane,Lowell,MA,01852,Visa,4916477317520422,090,7/2014
Gatellicited,StephanieGPerry@trashymail.com,eiZ0aih6,Stephanie,Perry,4024 Terra Cotta Street,Moose Lake,MN,55767,Visa,4916795490927951,850,2/2014
Sheyetterly,SusieEWhitlock@mailinator.com,aingei9cieV,Susie,Whitlock,2791 Oak Street,Syracuse,NY,13202,MasterCard,5207629073519932,952,6/2016
Shmis1990,DonnaAPack@pookmail.com,hahG2Que3,Donna,Pack,3388 Raver Croft Drive,Knoxville,TN,37929,MasterCard,5310487582823202,317,9/2013
Chustered,AntonioLLoranger@mailinator.com,Li7cheaf,Antonio,Loranger,1002 Conference Center Way,Ashburn,VA,22011,Visa,4916149764784005,506,2/2014
Fichun,JohnDStreeter@pookmail.com,eX1Johy5sh,John,Streeter,1008 Sigley Road,Salina,KS,67401,MasterCard,5589349000920735,847,5/2014
Lacent1934,JohnNMcKenna@dodgit.com,aiQu0ahc8ah,John,McKenna,1553 Stadium Drive,Attleboro,MA,02703,Visa,4539047680723833,443,5/2017
Promple,ChristopherDBennett@spambob.com,Waizei2k,Christopher,Bennett,4548 Elk Rd Little,Phoenix,AZ,85040,MasterCard,5175220259469882,916,3/2015
Supostan,JimmyGWilson@dodgit.com,phoof8Eew,Jimmy,Wilson,2913 Burning Memory Lane,Philadelphia,PA,19107,MasterCard,5433181886137227,017,7/2013
Pribary78,HeatherOFalconer@dodgit.com,Esa2OoVai,Heather,Falconer,3551 Terra Cotta Street,Cotton,MN,55724,MasterCard,5456454823337065,172,7/2016
Dishemeard,RitaJReynolds@pookmail.com,yi4weech7aX,Rita,Reynolds,2704 Post Avenue,Mahnomen,MN,56557,Visa,4532676066464005,415,2/2014
Fladdre,DonaldMBaggett@spambob.com,aeh7Le4F,Donald,Baggett,4505 Owen Lane,Fort Myers,FL,33901,MasterCard,5413223383278197,625,1/2013
Reyel1971,BulahRPerez@dodgit.com,ro8thae3Ph,Bulah,Perez,4263 Armbrester Drive,Santa Monica,CA,90405,Visa,4539673981232172,072,10/2017
Hadval,VernonWDistefano@mailinator.com,Ouc7ahm8aih,Vernon,Distefano,1611 Marietta Street,Fremont,CA,94539,Visa,4539629292101126,250,3/2013
Fortalwyneho77,MichaelMSkelly@spambob.com,OhSh8ahj2De,Michael,Skelly,4704 Eagle Lane,Pembina,MN,58271,Visa,4539450195575005,993,8/2017
Roich1954,BessTTaylor@spambob.com,Tu0aekooj,Bess,Taylor,2421 Meadowcrest Lane,Lexington,KY,40507,MasterCard,5587251909609876,781,2/2015
Pres1992,DanielBCarter@spambob.com,te5chahW,Daniel,Carter,1859 Hanover Street,New York,NY,10016,MasterCard,5300392033742963,552,6/2014
Thistrus,WilliamHBennett@dodgit.com,popha1ooR6,William,Bennett,1062 Smithfield Avenue,Union,TX,79373,Visa,4556413172854411,158,12/2015
Oblipt,GwendolynCWalters@trashymail.com,OhQui6Hees,Gwendolyn,Walters,977 Trouser Leg Road,Russell,MA,01071,Visa,4916497241263501,477,1/2014
Liket1990,JoyceJAshby@spambob.com,YeuLi7cho4m,Joyce,Ashby,1167 Abia Martin Drive,New York,NY,10014,MasterCard,5544237081478703,071,9/2016
Haday1927,JohnLDesantis@spambob.com,eh0pohChei,John,Desantis,4139 Lynn Ogden Lane,Beaumont,TX,77708,Visa,4929690911873816,280,12/2015
Himbeyer,RuthMHunter@dodgit.com,seegeReequ2,Ruth,Hunter,4572 Gateway Road,Portland,OR,97230,Visa,4532457966897275,506,6/2015
Migh1948,IsiahCStevens@trashymail.com,Afah5pua7ah,Isiah,Stevens,2922 Lakewood Drive,Fair Lawn,NJ,07410,Visa,4532366214390357,106,12/2014
Damen1929,RolandSBurt@pookmail.com,rooCir1qu,Roland,Burt,1033 Westwood Avenue,Garden City,NY,11530,Visa,4556586295157885,492,6/2017
Wedimee,JohnGTrower@mailinator.com,GoShahf8,John,Trower,1188 Edington Drive,Atlanta,GA,30308,MasterCard,5443601117567601,450,6/2014
Pureas,RosieTBicknell@spambob.com,shahRei6l,Rosie,Bicknell,4248 Woodrow Way,Houston,TX,77006,Visa,4716316864266207,749,11/2015
Clacknesing,RobMMcDougald@dodgit.com,eixah4Kahbei,Rob,McDougald,572 Walnut Avenue,Hailey,ID,83333,Visa,4716288025234509,490,3/2017
Cocestrable1968,SusanAHsieh@spambob.com,ke3Ootha,Susan,Hsieh,50 Quarry Drive,Dixons Mills,AL,36736,MasterCard,5473945378463460,073,1/2016
Blat1971,MarilynJDingle@pookmail.com,de9aiGoh,Marilyn,Dingle,2904 Watson Street,Medford,NJ,08855,Visa,4556449675357981,432,5/2017
Larm1991,JoseBBernard@spambob.com,Pokai5ee,Jose,Bernard,4308 Goldleaf Lane,Fort Lee,NJ,07024,MasterCard,5374112572026433,509,12/2015
