Username,EmailAddress,Password,GivenName,Surname,StreetAddress,City,State,ZipCode,CCType,CCNumber,CVV2,CCExpires
Ontrus,JesusKNarvaez@trashymail.com,eezeeGoop2Ah,Jesus,Narvaez,451 Bird Street,Roswell,NM,88201,MasterCard,5438406997413521,495,1/2016
Sittort1960,RosaJRoberts@mailinator.com,vaiTh8esh1f,Rosa,Roberts,4559 Levy Court,Acton,MA,01720,MasterCard,5428172279259832,931,1/2014
Glown1940,AlineKStuckey@trashymail.com,Sohb0lai5Ai,Aline,Stuckey,4861 Blane Street,Saint Louis,MO,63101,Visa,4916876062802838,749,2/2015
Aralle,SethLArambula@dodgit.com,aKiefie8zah,Seth,Arambula,323 Elm Drive,Garden City,NY,11530,MasterCard,5454647244097174,915,1/2015
Anyby1987,MargieLPerez@trashymail.com,eyeexoad1N,Margie,Perez,3584 Fulton Street,Rowlesburg,WV,26425,MasterCard,5496417752052304,579,10/2014
Agning,CraigJCorreia@mailinator.com,quee3eeJai3,Craig,Correia,1212 Walt Nuzum Farm Road,Henrietta,NY,14467,Visa,4716954780414145,011,9/2017
Plent1928,TrentonJWilson@dodgit.com,eef0Azeete,Trenton,Wilson,4911 Lakeland Park Drive,Duluth,GA,30136,Visa,4485473306506051,661,6/2014
Twessight,ThomasASutton@dodgit.com,Lai2uGhei,Thomas,Sutton,2772 Brown Bear Drive,Riverside,CA,92503,Visa,4916098082159152,902,10/2015
Silexquill,RobertRBrantley@mailinator.com,ahri0iThei,Robert,Brantley,162 Jadewood Drive,Lake Villa,IL,60046,MasterCard,5172770645498386,138,1/2017
Knetch,SusanJRedinger@pookmail.com,chiz5Ierah,Susan,Redinger,2097 Columbia Boulevard,Baltimore,MD,21202,MasterCard,5338689484669678,141,5/2016
Wasuch,MichaelRBest@spambob.com,Bam1ooQu,Michael,Best,3559 Hoffman Avenue,Brooklyn,NY,11206,Visa,4929341319862791,465,10/2017
Purmse,TimothySJordan@trashymail.com,onohG5AeZ,Timothy,Jordan,3873 Hedge Street,Weehawken,NJ,07087,Visa,4556180464932631,316,11/2017
Humodys,StevenMCarpenter@trashymail.com,ciey3Phoo,Steven,Carpenter,1795 Bolman Court,Springfield,IL,62701,MasterCard,5387567085933588,552,9/2015
Bantiong,MarjorieRCrawford@dodgit.com,LaeGh2vah5O,Marjorie,Crawford,2843 Westwood Avenue,Brentwood,NY,11717,MasterCard,5559957662273643,252,1/2013
Fict1977,RandolphIDay@pookmail.com,hahk3xooW,Randolph,Day,2644 Post Farm Road,Decatur,GA,30030,MasterCard,5111243528360200,466,12/2014
Sche1937,JohnJPollitt@mailinator.com,EePeaxo2Oh,John,Pollitt,4494 Jadewood Farms,Irvington,NJ,07111,MasterCard,5481710081691926,333,8/2017
Nothought,JohnFKnowles@spambob.com,Ku8thio4Oo,John,Knowles,1536 Matthews Street,Rochelle,IL,61068,MasterCard,5281519283776035,176,12/2013
Easer1991,JillJCastillo@dodgit.com,ohzi8Uo9ee,Jill,Castillo,4594 Cody Ridge Road,Englewood,OK,67840,Visa,4716237037199523,310,12/2017
Goid1958,MoniqueCBarringer@pookmail.com,gee4Iecai3,Monique,Barringer,400 Elk Creek Road,Canton,GA,30114,MasterCard,5417037744021740,405,2/2017
Whanifeceas,PhilipGPate@dodgit.com,Theiyi8aigo,Philip,Pate,4908 Bell Street,New York,NY,10003,Visa,4556412370335207,906,11/2013
Areeight,HowardWSchmid@dodgit.com,ba6Haiy9amu,Howard,Schmid,3514 Hott Street,Oklahoma City,OK,73109,Visa,4485926156683130,237,8/2016
Butmayselche,AnnaEBarton@pookmail.com,Oeng1mei0,Anna,Barton,461 Berkshire Circle,Knoxville,TN,37917,MasterCard,5476732214488761,567,9/2014
Discompard56,FrankLCullen@dodgit.com,mahM3ia5a,Frank,Cullen,117 Hartway Street,Kadoka,SD,57543,Visa,4485360944900319,579,9/2014
Prehopecon,RachelAMiller@trashymail.com,EiF3ienoh,Rachel,Miller,2725 Golf Course Drive,Manassas,VA,22110,Visa,4539702386932738,411,5/2017
Fivent,JudyEEstrada@spambob.com,aid1Yohl4u,Judy,Estrada,839 Lightning Point Drive,Memphis,TN,38110,Visa,4539277481896823,972,3/2014
Pring1951,JanetJWoodward@mailinator.com,xai6Tai7pee,Janet,Woodward,1685 Poplar Street,Hickory Hills,IL,60457,MasterCard,5289018912122861,801,4/2013
Hinion,BerthaHHartwick@pookmail.com,ruaw2Oosh,Bertha,Hartwick,484 Ridge Road,Baxter Springs,KS,66713,MasterCard,5435426726373864,804,10/2016
Anceent,BrianPSuarez@mailinator.com,OtooCeex4oo,Brian,Suarez,601 Rocket Drive,Minneapolis,MN,55406,Visa,4716845242638398,673,11/2014
Sols1961,SusannaCBigger@spambob.com,WePh9choob,Susanna,Bigger,1800 Timberbrook Lane,Denver,CO,80216,Visa,4916015411452207,422,3/2013
Hathouty,ErikaLBailey@trashymail.com,ohkohx3Jaqu,Erika,Bailey,4233 Lakewood Drive,Fair Lawn,NJ,07410,Visa,4556736466946299,016,10/2014
Teryiest,PatriciaJJackson@trashymail.com,Eh4Johngah,Patricia,Jackson,986 Travis Street,Stuart,FL,34994,MasterCard,5285872597363776,399,10/2013
Alcurrome,BenEHornung@mailinator.com,SaiCa7qu,Ben,Hornung,1515 Viking Drive,South Webster,OH,45682,Visa,4556142308224880,747,3/2014
Villity,WilliamNWong@spambob.com,Ia9dooghaQu,William,Wong,2968 Franklin Avenue,Jacksonville,FL,32202,Visa,4532754383576288,325,5/2017
Paboundo,JoanNStang@trashymail.com,eiseir8Ua3,Joan,Stang,3344 Echo Lane,Grand Rapids,MI,49503,MasterCard,5575718102937472,834,3/2013
Thastion,JaneWKnight@spambob.com,ioBeth5loo0ie,Jane,Knight,39 Whispering Pines Circle,Irving,TX,75060,Visa,4532974320041200,016,7/2016
Shish1991,RobertMSmith@pookmail.com,chizee9Phoh,Robert,Smith,2267 Cecil Street,Chicago,IL,60661,MasterCard,5222633887690716,772,1/2013
Lons1988,DavidGRodgers@spambob.com,xeis6aGh1qu,David,Rodgers,4178 Maple Avenue,Stockton,CA,95204,MasterCard,5521453843940131,456,10/2014
Shensted,ThomasIChappelle@trashymail.com,li3Jae5uich,Thomas,Chappelle,2710 Rinehart Road,Miami,FL,33179,Visa,4485496347542470,549,4/2017
Torrisheacer,RobertaSPearson@spambob.com,PhieP2Quah,Roberta,Pearson,3834 Hartway Street,Rapid City,SD,57702,Visa,4485749130857004,358,8/2013
Gring1983,BradleyDAragon@mailinator.com,Nu0veimohdoo,Bradley,Aragon,2726 Andy Street,Sioux Falls,SD,57102,Visa,4532164959537419,452,6/2017
Mitcher,MarcusEFord@trashymail.com,be4vailohH,Marcus,Ford,1434 Andell Road,Columbus,OH,43215,MasterCard,5366830342315279,515,9/2013
Abot1992,JohnCCarter@pookmail.com,uc8Ooyiej,John,Carter,1240 Park Avenue,Sacramento,CA,95821,Visa,4532630631826586,758,7/2014
Therair,RobertMDavis@mailinator.com,Ait3Ook2zoi,Robert,Davis,1520 Sundown Lane,Austin,TX,78664,Visa,4532603714165529,998,3/2016
Cauz1976,WilliamBLutz@spambob.com,eijuS5fah4,William,Lutz,2941 Finwood Road,Metuchen,NJ,08840,MasterCard,5531237780894270,630,11/2013
Anobaciping,EleanorRGulley@spambob.com,cai4Erah3,Eleanor,Gulley,4568 Franklee Lane,Philadelphia,PA,19108,MasterCard,5479973177823282,841,10/2017
Clarm1951,FerdinandTBahr@dodgit.com,atha3AeChePh,Ferdinand,Bahr,901 Midway Road,Springdale,AR,72764,Visa,4916091665329524,152,12/2017
Inswer,MatthewSWong@dodgit.com,Eech0vah4i,Matthew,Wong,3241 Crummit Lane,Providence,RI,02908,MasterCard,5408344063622103,639,9/2015
Whowere,HenryPRobinson@mailinator.com,oWie1Eikei9,Henry,Robinson,2760 Davis Lane,Centennial,CO,80112,Visa,4716664281070946,129,6/2014
Pationol,JasonCRandall@mailinator.com,ciy0Ezie6Sh,Jason,Randall,214 Morningview Lane,New York,NY,10013,MasterCard,5220174884153830,321,3/2013
Reary1927,JanieFRoberts@trashymail.com,aerohM6th,Janie,Roberts,2430 Bee Street,Hart,MI,49420,MasterCard,5350115922800389,941,10/2016
Lettay,BethanyTSmith@trashymail.com,arie0doLoo,Bethany,Smith,1378 Sheila Lane,Reno,NV,89502,MasterCard,5565853808533598,238,11/2015
Chases,FrankDWest@pookmail.com,pohh7Vi4oo,Frank,West,1866 Colony Street,New York,CT,10005,Visa,4556552278941083,842,7/2013
Jone1971,AnnaMJordan@pookmail.com,Ko7ooj8ru8ee,Anna,Jordan,3196 North Bend River Road,Lexington,KY,40507,Visa,4716462762651395,998,8/2016
Withers,KimberlyRPerry@mailinator.com,nieRaeh4,Kimberly,Perry,3881 Terra Street,Elma,WA,98541,Visa,4929325883475015,574,5/2015
Whoes1947,DonnellFReichard@spambob.com,Shie1view2,Donnell,Reichard,2461 Khale Street,Ruby,SC,29741,MasterCard,5471639492313451,793,3/2013
Nothat,RitaFSeaman@trashymail.com,su2ya2Moh6,Rita,Seaman,3229 Hall Place,Bloomburg,TX,75556,MasterCard,5236621519471377,616,6/2015
Tich1977,KarenCDuvall@spambob.com,sha3Xaic,Karen,Duvall,4856 Edsel Road,Burbank,CA,91502,Visa,4716490423600154,297,6/2014
Birear,RobertYContreras@trashymail.com,Zoothohz0Ah,Robert,Contreras,750 Rocky Road,Willow Grove,PA,19090,Visa,4556814457154015,369,5/2017
Phou1929,EricaBHampton@spambob.com,Phah4ahg1,Erica,Hampton,2962 Southern Avenue,St Peters,MO,63376,MasterCard,5479184073690110,597,9/2017
Ledis1986,LucyAHamilton@pookmail.com,eex4ahNie0h,Lucy,Hamilton,555 Marie Street,Baltimore,MD,21202,MasterCard,5206891181499578,007,1/2014
Covester,BrandiDEspinoza@trashymail.com,ieBoh3du5xai,Brandi,Espinoza,2129 Quincy Street,Philadelphia,PA,19108,Visa,4539710081969301,177,2/2014
Outhad,SarahGMaginnis@dodgit.com,ahth7Eh3Hee,Sarah,Maginnis,3602 Sunset Drive,Batesville,AR,72501,Visa,4556395560401642,253,4/2016
Dificen,AnnaTSkinner@spambob.com,eeB4mee1ae,Anna,Skinner,1190 Hershell Hollow Road,Seattle,WA,98109,Visa,4556827038682619,941,6/2013
Feellen,MarcAGann@spambob.com,aeb4Oe0eup,Marc,Gann,2355 Providence Lane,City Of Commerce,CA,90040,MasterCard,5256429196155007,332,8/2013
Weref1940,CharlesBDoyle@spambob.com,Aqu7Afai8ei,Charles,Doyle,374 White Avenue,Corpus Christi,TX,78401,Visa,4916382340956918,308,12/2017
Quich1940,KevinRBrown@mailinator.com,Foh9Aipei0,Kevin,Brown,1577 Hilltop Street,South Deerfield,MA,01373,Visa,4929470868179065,247,1/2013
Lodire,JeremiahCHicks@mailinator.com,aht3eub1keeNg,Jeremiah,Hicks,967 Romano Street,Cambridge,MA,02141,MasterCard,5505015914861932,752,6/2013
Pratichap35,MinnieJPotter@trashymail.com,ba1af0Taic,Minnie,Potter,2678 Roy Alley,Englewood,CO,80112,Visa,4556938167284380,629,11/2015
Kinatim,KaraDDuran@trashymail.com,ta7eeQuaeja,Kara,Duran,4670 Saint Clair Street,Benton,MS,39039,Visa,4929215626105666,259,2/2017
Mostright,BrookeAWilliams@mailinator.com,ohsa1ohDahn,Brooke,Williams,1383 Burnside Avenue,Washington,UT,84780,Visa,4716707216531688,137,12/2013
Lenst1936,JohnMMorales@pookmail.com,ui6Gahyu8ei,John,Morales,2807 Parkview Drive,Irvine,CA,92614,Visa,4916178015031510,291,10/2016
Affirse,RobertCBrewer@trashymail.com,Oongaa8eesh,Robert,Brewer,842 Preston Street,Phoenix,AZ,85004,Visa,4929325570270562,642,6/2015
Stionowl71,JohnEHendricks@trashymail.com,yeetei4AF,John,Hendricks,4008 Washington Street,Corpus Christi,TX,78401,Visa,4539854501879532,951,10/2015
Lacer1978,JoeKBush@pookmail.com,ooveeg7Xoh7,Joe,Bush,1833 Rockwell Lane,Littleton,NC,27850,Visa,4716713556897606,176,12/2014
Boodgme,RogerASteck@spambob.com,leiCeifa0ei,Roger,Steck,4235 Chardonnay Drive,Portland,WA,97209,MasterCard,5310744363027555,673,1/2017
Forrie,JenniferRLopez@pookmail.com,tah3ao9Baig,Jennifer,Lopez,3440 Clifford Street,Concord,CA,94520,MasterCard,5308581788764121,392,7/2015
Faider,ManuelPCumming@pookmail.com,pai1Thai0ie,Manuel,Cumming,4511 Leroy Lane,Lexington,KY,40507,MasterCard,5346179525237198,570,6/2015
Vert1942,RussellJMims@trashymail.com,xahy3Quaxae,Russell,Mims,2172 Watson Street,Penns Neck,NJ,08540,Visa,4532178092983553,393,10/2015
Folody,CorinneJGarcia@dodgit.com,Jal1Ar9eiboh,Corinne,Garcia,4510 Morgan Street,Pensacola,FL,32514,Visa,4539114673583820,591,11/2017
Reme1952,MarkJMiller@trashymail.com,aiV5lai3K,Mark,Miller,3235 Fire Access Road,Greensboro,NC,27401,Visa,4716987161125005,786,12/2014
Worterincur,WendellTStill@spambob.com,Thua9pab,Wendell,Still,2627 Pleasant Hill Road,Bellflower,CA,90706,MasterCard,5271077740813422,824,9/2014
Dond1950,JerryKLevinson@dodgit.com,Ke9EeNach,Jerry,Levinson,1539 Musgrave Street,Oklahoma City,OK,73102,MasterCard,5504992959079607,665,6/2014
Beile1931,EvangelineKNeal@trashymail.com,aiDu5pien,Evangeline,Neal,4934 Fort Street,Tukwila,WA,98168,MasterCard,5274377017720939,761,10/2014
Calluser,MariaSJones@spambob.com,Eh7igheej3Ch,Maria,Jones,428 Echo Lane,Grand Rapids,MI,49503,MasterCard,5314347470911152,151,3/2016
Themply,HectorLJohnson@spambob.com,AiSo0aeth,Hector,Johnson,2578 Palmer Road,Columbus,OH,43213,MasterCard,5394292846084735,860,11/2014
Cattesidn,MagaretATolman@spambob.com,eroa9oso3Da,Magaret,Tolman,3248 Thunder Road,San Jose,CA,95134,Visa,4485995507923917,736,11/2014
Occes1975,SusanJJordan@trashymail.com,In6aiH3pooqu,Susan,Jordan,2982 Cityview Drive,Northampton,PA,18067,Visa,4556009458054070,804,1/2013
Faideringed58,FawnJAnderson@pookmail.com,Tae0ooYee,Fawn,Anderson,2256 Cottonwood Lane,Dutton,MI,49316,Visa,4716804252303765,733,5/2015
Thictiveracy1931,RobertCCuffie@spambob.com,juK2Poofae,Robert,Cuffie,4360 Lochmere Lane,Groton,CT,06340,Visa,4716055833476022,672,3/2015
Enis1941,DorothyDBlack@trashymail.com,eH5aiNg0z,Dorothy,Black,2276 James Martin Circle,Worthington,OH,43085,Visa,4532793239498990,622,11/2016
Doutiou,StanleySCox@pookmail.com,gek9Ooy2Xie,Stanley,Cox,1653 Ashcraft Court,La Mesa,CA,92041,MasterCard,5511045126443155,138,12/2013
Haventers,EricMSullivan@pookmail.com,ieWiec8yu2,Eric,Sullivan,2864 Davis Street,Ellijay,GA,30540,Visa,4916473557407867,285,12/2015
Stroathemed,DavidNKing@spambob.com,tu4coozoK,David,King,4511 Davis Street,Athens,GA,30606,Visa,4532489189972692,700,7/2013
Awellet,BethEMoberg@trashymail.com,Chia0meic6ee,Beth,Moberg,1545 Lyon Avenue,Framingham,MA,01701,MasterCard,5514729606357913,605,3/2017
Hiscambeste1978,KristinMLyons@spambob.com,Iehio3phah2,Kristin,Lyons,4200 Marietta Street,San Francisco,CA,94107,MasterCard,5102311406966520,193,1/2014
Shomos,DanDBrown@dodgit.com,uaveul2U,Dan,Brown,3265 Hill Street,Napoleon,OH,43545,MasterCard,5474356250265750,808,10/2015
Fornelets,JamesFHerrera@trashymail.com,OopheeT7vae9,James,Herrera,974 White Avenue,Goliad,TX,77963,MasterCard,5500226214155181,221,9/2015
Butemord1935,DonaldRMorgan@dodgit.com,othees2Poo,Donald,Morgan,908 Philadelphia Avenue,Murray,UT,84107,MasterCard,5355322721271136,417,2/2015
Accatty,CharlesADonahue@trashymail.com,evus4Quoo,Charles,Donahue,245 Sunrise Road,Las Vegas,NV,89109,Visa,4916659371451293,864,8/2016
Witund,JohnathonFHallock@trashymail.com,cho7wio6Oh,Johnathon,Hallock,301 Bubby Drive,Austin,TX,78701,MasterCard,5599719237613261,376,9/2017
Colookinght,ArturoJSmith@spambob.com,Cod7powoo,Arturo,Smith,2102 Michigan Avenue,Bolivar,PA,15923,MasterCard,5344886231844669,378,8/2016
Sublien,ShirleyJStewart@mailinator.com,kael0iLah,Shirley,Stewart,4298 Moonlight Drive,Penns Neck,NJ,08540,Visa,4929385059054614,025,6/2017
Hinesself,JulianneRBerry@pookmail.com,ioCee0eogh,Julianne,Berry,1290 Briarhill Lane,Akron,OH,44308,Visa,4716913626884069,906,10/2017
Anienumaked,PaulSRogers@spambob.com,aehi3ooLo,Paul,Rogers,817 Bruce Street,Saint Louis,MO,63120,Visa,4539509066515810,685,6/2016
Alses1971,PeterTMiranda@mailinator.com,ua4eGoTai,Peter,Miranda,4764 Freshour Circle,San Antonio,TX,78258,MasterCard,5498070207121030,283,5/2015
Adbital,CarrieTMcAtee@spambob.com,Gai0eipie,Carrie,McAtee,1733 Cottonwood Lane,Grand Rapids,MI,49546,MasterCard,5123101025163608,437,6/2014
Sinse1982,JeseniaERosenthal@pookmail.com,Ohgahche3ah,Jesenia,Rosenthal,2538 Sycamore Lake Road,Sheboygan,WI,53081,Visa,4916472024127090,565,4/2014
Tameat,RogerJWarner@dodgit.com,iXee4ju4Ee,Roger,Warner,375 Philadelphia Avenue,Murray,UT,84107,Visa,4556983925130798,128,2/2015
Mothip,CynthiaABrown@mailinator.com,AhMa9soo9,Cynthia,Brown,308 Fairfield Road,Kenosha,WI,53140,MasterCard,5376780798201929,963,2/2017
Libitathe,KellyRWard@mailinator.com,aiReeleeN8h,Kelly,Ward,1725 John Calvin Drive,Chicago,IL,60654,Visa,4532363892537433,481,7/2013
Hatinefult,DorothyJKimble@spambob.com,oLeh2uCha,Dorothy,Kimble,1728 Travis Street,Hobe Sound,FL,33455,Visa,4929622149566201,939,7/2016
Dowleareate,EdithJBowlby@trashymail.com,eHucaim7,Edith,Bowlby,1432 Cambridge Drive,Phoenix,AZ,85027,MasterCard,5280376640183707,503,4/2015
Hawas1932,MajorWEdler@mailinator.com,Ohjae7Zu6oh,Major,Edler,4385 Gerald L. Bates Drive,Belmont,MA,02178,Visa,4539328000507332,302,8/2017
Foliver,AndrewIWharton@trashymail.com,Veichi0ahb2G,Andrew,Wharton,3638 Turnpike Drive,Florence,AL,35630,MasterCard,5495275328612840,797,6/2013
Throlould,LulaTPaylor@dodgit.com,aTew8iXai,Lula,Paylor,1614 Fulton Street,Buffalo,WV,25033,Visa,4929067520267674,565,2/2013
Dunneve,BradKBuser@mailinator.com,AeGh9Aik9,Brad,Buser,714 Camden Place,North Charleston,SC,29420,MasterCard,5126719109485253,965,11/2013
Imand1951,LaurenFWilson@mailinator.com,tei7xooF,Lauren,Wilson,798 Willow Oaks Lane,Lafayette,LA,70506,Visa,4556152795662872,864,2/2017
Crins1962,AngeloGCarter@trashymail.com,ieV3eiv2,Angelo,Carter,2983 Whitman Court,Bridgeport,CT,06604,Visa,4916315112402828,519,12/2014
Fultisher,AllenMFuller@pookmail.com,gie0Naej6ah,Allen,Fuller,182 Tully Street,Detroit,MI,48219,MasterCard,5178440653936115,402,4/2017
Alles1963,GailTMcDaniel@trashymail.com,zo2eaPho,Gail,McDaniel,2484 Hill Haven Drive,Mexia,TX,76667,MasterCard,5492510415156522,922,12/2015
Dedishe78,ConnieARendon@trashymail.com,ioY4ierai,Connie,Rendon,3569 Forest Drive,Springfield,VA,22161,MasterCard,5528063464316108,815,7/2015
Anigul71,MartinCDuarte@mailinator.com,Aiph6uruzu,Martin,Duarte,3444 Prospect Street,Camden,NJ,08102,Visa,4485679740125940,215,2/2014
Sionet,MaeJAdams@mailinator.com,Fah5tha3,Mae,Adams,502 Leo Street,Denver,CO,80202,Visa,4539797729094170,630,9/2014
Vicherely,JudithJDavis@pookmail.com,uvee3Airei2,Judith,Davis,772 Happy Hollow Road,Fayetteville,NC,28307,Visa,4929117817642848,507,2/2015
Whounces,SueRPritchard@trashymail.com,ahli1Gusoi,Sue,Pritchard,1422 Sherwood Circle,Leesville,LA,71446,MasterCard,5258741214847870,563,6/2017
Extur1939,JuliaAMcDole@trashymail.com,shiejeeh1Qu,Julia,McDole,2446 Vernon Street,California,CA,02110,MasterCard,5224899378609154,689,10/2017
Offermse,SpencerEWilliams@spambob.com,Cho7aechi,Spencer,Williams,1606 Oak Way,Omaha,NE,68164,MasterCard,5556700452495544,251,11/2015
Thisought,CharlotteDWard@trashymail.com,geip6Aiquie,Charlotte,Ward,1295 Willow Oaks Lane,Lake Charles,LA,70601,MasterCard,5566185105571842,578,11/2017
Bobselp,AlfredJLong@pookmail.com,wah7auS8th,Alfred,Long,2876 Cheshire Road,Westville,CT,06515,Visa,4539779847671089,008,6/2017
Suffeaked,EdwinBCaudell@spambob.com,aiquae6Iemae,Edwin,Caudell,372 Elliott Street,Hanover,NH,03755,MasterCard,5395767794600219,472,1/2014
Agence,PaulVHamlett@spambob.com,INohHoh4ie,Paul,Hamlett,330 Pursglove Court,Ansonia,OH,45303,Visa,4716897323698007,878,12/2016
Agam1933,ThomasLBaum@dodgit.com,Anieh0poh2y,Thomas,Baum,537 Spadafore Drive,Erie,PA,16501,MasterCard,5184782306662461,500,3/2013
Lifece1986,DennisLMarshall@dodgit.com,Lei4ogh2oo4,Dennis,Marshall,3285 Raver Croft Drive,Bristol,TN,37620,MasterCard,5141690084900114,609,6/2017
Bould1952,MaryJStockdale@trashymail.com,Ophohn6Ai,Mary,Stockdale,3999 Nuzum Court,Buffalo,NY,14202,Visa,4539698921332709,859,3/2014
Bispecephe,JoshuaHJones@pookmail.com,mei5Aifee,Joshua,Jones,4935 Lyon Avenue,Leicester,MA,01524,MasterCard,5484930585638135,222,1/2014
Witters,MichaelMJustus@pookmail.com,eeNae2el,Michael,Justus,318 Coventry Court,Baton Rouge,LA,70815,MasterCard,5219377929954301,501,9/2016
Evehist,JeanDMills@dodgit.com,Koo7hohni,Jean,Mills,4072 Illinois Avenue,Portland,OR,97236,Visa,4916255142112783,031,8/2017
Hicivy90,StevenRCyr@dodgit.com,yaequ6Fieth,Steven,Cyr,4587 Eagle Street,Carbondale,IL,62901,Visa,4916484062272357,613,9/2016
Sterly64,JohnSMilton@pookmail.com,oa6Leng3coo,John,Milton,4883 Cityview Drive,Philadelphia,PA,19103,Visa,4485407612085970,729,6/2014
Trin1974,JuanOCornelius@trashymail.com,maexi2Ee1,Juan,Cornelius,3366 Sunny Day Drive,Huntington Beach,CA,92649,MasterCard,5424592983018030,932,11/2013
Whisente1989,HarrietJMancuso@mailinator.com,vah7Gaet8th,Harriet,Mancuso,4665 Duncan Avenue,New York,NY,10016,MasterCard,5541273209461712,898,10/2014
Sidest,DonaldMJackson@trashymail.com,wohduN0oo,Donald,Jackson,1351 Pleasant Hill Road,Miami,FL,33169,Visa,4716827823679660,989,4/2013
Puntore,AndrewVBalderas@trashymail.com,OoThee7koh,Andrew,Balderas,3456 Hidden Valley Road,Chambersburg,PA,17201,Visa,4539837758410770,017,6/2016
Fashe1928,MargaretASexton@mailinator.com,Cahphah9EHai,Margaret,Sexton,2853 Richland Avenue,Beach City,TX,77520,Visa,4532940895853592,146,10/2017
Gendisgrow,TaylorCStevens@spambob.com,ii0Roedaequ,Taylor,Stevens,4926 Hillview Street,Columbia,SC,29210,MasterCard,5240097796947732,924,3/2015
Therin,LynetteSHarrington@spambob.com,bo4thek5Lea,Lynette,Harrington,2393 Hill Street,Wapakoneta,OH,45895,MasterCard,5223707439226614,460,12/2013
Thenery,JasonMPerez@dodgit.com,ev0aiGuiDiVoo,Jason,Perez,3665 Ford Street,San Francisco,CA,94108,MasterCard,5170761686801457,232,11/2014
Fasken,KevinABaran@pookmail.com,hookoepigh9Ah,Kevin,Baran,2126 Watson Lane,Asheville,NC,28806,MasterCard,5533810071644931,962,10/2015
Abong1970,KristynJClark@dodgit.com,auz7ohCh,Kristyn,Clark,79 Mudlick Road,Spokane,WA,99202,Visa,4556369306202234,174,3/2016
Thereaming,ColetteBFagan@spambob.com,ae0ook1Ohth,Colette,Fagan,1250 Murphy Court,Irvine,CA,92614,Visa,4916344248141001,116,3/2015
Cogre1992,MargaretTSanders@mailinator.com,ahDaeh3h,Margaret,Sanders,1211 Pretty View Lane,San Francisco,CA,94107,Visa,4716187626451100,311,2/2014
Sartury,WilliamARommel@dodgit.com,dahJoh8quoh,William,Rommel,2074 Red Dog Road,Charlotte,NC,28202,MasterCard,5550840755767631,047,11/2013
Placrour,ElviraMByrnes@spambob.com,gooSh5aeshei,Elvira,Byrnes,3181 New York Avenue,Fort Worth,TX,76104,Visa,4485111341446129,275,2/2015
Thount,TracyJOrange@trashymail.com,wiucooJu3,Tracy,Orange,1330 Glen Falls Road,Philadelphia,PA,19103,MasterCard,5437154079079288,616,11/2016
Coldstost,RichardSBabb@dodgit.com,ae1EmeeN,Richard,Babb,179 Bicetown Road,New York,NY,10013,Visa,4929857862586982,895,9/2015
Alicinte,NeomiRAnderson@trashymail.com,Xae0chie,Neomi,Anderson,167 Hood Avenue,San Diego,CA,92121,MasterCard,5126840939466204,657,1/2015
Thas1956,KimberlyJFerrara@mailinator.com,aex4Einoh,Kimberly,Ferrara,1518 Sampson Street,Denver,CO,80202,Visa,4929864745756618,508,3/2013
Whiden,OlgaDJones@dodgit.com,jeex0tieCh,Olga,Jones,2910 Camden Street,Reno,NV,89501,Visa,4929061211318185,237,3/2014
Craw1963,BarryYCary@trashymail.com,Dei9geeng,Barry,Cary,4315 Northwest Boulevard,Jersey City,NJ,07304,MasterCard,5157443178395127,765,6/2016
Conowitied1937,LindaBLytton@dodgit.com,Eesh2Oqu,Linda,Lytton,4743 Strother Street,Birmingham,AL,35203,MasterCard,5366650689009487,619,12/2013
Brerefrommen,BrentDGomez@dodgit.com,uiCoo0moh,Brent,Gomez,2725 Cambridge Drive,Peoria,AZ,85382,Visa,4532911417573224,305,6/2013
Sittort,StephenBHammons@dodgit.com,ooX3ooDuox,Stephen,Hammons,2145 Snyder Avenue,Davidson,NC,28036,MasterCard,5442018656811293,204,2/2013
Unforsibut,LulaRGosney@dodgit.com,Airiey1gah,Lula,Gosney,567 Victoria Court,Sabattus,ME,04280,MasterCard,5252576210506542,329,5/2015
Abould1964,ThelmaLPowell@spambob.com,Eegh9iev,Thelma,Powell,3255 Twin Oaks Drive,Traverse City,MI,49684,Visa,4716461088479515,757,10/2016
Specour,FrancisRShannon@dodgit.com,aize2xeiC8,Francis,Shannon,854 Garfield Road,Bartonville,IL,61607,MasterCard,5387658564864897,627,10/2016
Scier1938,ThomasGLord@spambob.com,Bauceih4au,Thomas,Lord,2888 Walton Street,Provo,UT,84606,Visa,4716241647282638,964,9/2017
Tennesers,VeliaSStafford@dodgit.com,ieGhuyei7ch,Velia,Stafford,3783 Farm Meadow Drive,Seligman,AZ,86337,MasterCard,5284396224515336,190,6/2013
Miletalos,BettyJToomer@mailinator.com,uow7Heipi6,Betty,Toomer,2987 Five Points,Salisbury,MD,21875,MasterCard,5236368680048556,143,5/2016
Higuen,WilliamJColes@trashymail.com,thohf3Kie,William,Coles,761 Goldleaf Lane,Jersey City,NJ,07304,Visa,4485377586505990,937,1/2017
Bing1963,SadieRBroadwater@mailinator.com,AaGeiz9d,Sadie,Broadwater,2626 Asylum Avenue,Darien,CT,06820,MasterCard,5203074905882436,409,5/2017
Comfly,BerthaFKearns@pookmail.com,aezeecho3Cuqu,Bertha,Kearns,2911 Bagwell Avenue,Weekiwachee Spgs.,FL,32512,MasterCard,5510945108612795,758,8/2016
Pany1965,MichaelMBeck@spambob.com,phahng5Wi7,Michael,Beck,2849 Progress Way,Willmar,MN,56201,MasterCard,5152113781400185,945,1/2013
Lectong,RobbinAFlaherty@trashymail.com,Chiu3ahkahl,Robbin,Flaherty,4805 Benson Park Drive,Oklahoma City,OK,73109,MasterCard,5196008876071248,800,1/2014
Combou,RobertSDemarco@trashymail.com,pahNiecoo8Xah,Robert,Demarco,4453 Diamond Cove,Providence,RI,02908,Visa,4539304106358771,567,6/2015
Derming31,MartiPBell@spambob.com,zai6gaeQuoo,Marti,Bell,2062 Counts Lane,Cincinnati,KY,45202,MasterCard,5449179338356629,293,6/2015
Youselithat,ElizabethEBarker@spambob.com,Ci3yaikieb1,Elizabeth,Barker,2066 Dale Avenue,Seattle,WA,98109,Visa,4716074831127354,773,8/2016
Ableave,MarionISmith@pookmail.com,Hapee7Mai,Marion,Smith,2092 Elliot Avenue,Seattle,WA,98101,MasterCard,5161467316437966,769,12/2015
Vint1968,VeraCVega@dodgit.com,Cee3Eish4Sh,Vera,Vega,3554 Oliver Street,Wedgwood,TX,76133,Visa,4916040591168365,122,4/2013
Younts,ClaudeGSantibanez@mailinator.com,aqu0uiXooN,Claude,Santibanez,4415 Columbia Boulevard,Cardiff,MD,21024,Visa,4556926149978948,207,4/2015
Willoved,SamuelVGulick@trashymail.com,Baej8wua,Samuel,Gulick,1226 Callison Lane,Bensalem,DE,19020,MasterCard,5516757678869505,981,6/2013
Tandon,JulieGThomas@trashymail.com,iun6Pegho,Julie,Thomas,3183 Queens Lane,La Crosse,VA,23950,Visa,4556301747075069,377,3/2013
Fately,EliasDWilliams@pookmail.com,So5Iek1erie,Elias,Williams,230 Coleman Avenue,Indio,CA,92201,Visa,4539657273856400,779,7/2014
Ovesibly,DanielAFunke@trashymail.com,ra9eek0Si,Daniel,Funke,4754 Jones Avenue,Winston Salem,NC,27101,MasterCard,5345787376757683,894,12/2014
Mour1983,WandaERuiz@dodgit.com,Zael8eiPoh,Wanda,Ruiz,2837 Progress Way,Des Moines,IA,50309,MasterCard,5352652990255680,654,11/2016
Andsc1954,KathyMHoward@dodgit.com,of5ooNgo3l,Kathy,Howard,1833 Bassel Street,Hammond,LA,70401,Visa,4485680238056969,024,7/2014
Horemill1963,LonnieSMarquis@trashymail.com,vae4Eix4sah,Lonnie,Marquis,4440 Pinewood Avenue,Marquette,MI,49855,Visa,4929985510525506,552,4/2013
Trity1973,EmmaJWachter@spambob.com,OhngaeCh3Jo,Emma,Wachter,2697 Lighthouse Drive,Branson,MO,65616,Visa,4929789272258938,738,12/2015
Lowent,CharlesEApple@dodgit.com,oocheYohR9eeZ,Charles,Apple,2356 Oakmound Drive,Chicago,IL,60603,MasterCard,5324566802053700,344,1/2017
Susecum1949,ShavonneAOwens@trashymail.com,Che1dee6,Shavonne,Owens,1984 Massachusetts Avenue,Washington,DC,20024,Visa,4539242088169362,031,1/2014
Thaturs,DavidMClark@spambob.com,Eefui5aig,David,Clark,4940 Spring Street,Humboldt,IL,61931,Visa,4556427855881418,971,10/2013
Storthe,MichaelDBrown@mailinator.com,aiV6feruz,Michael,Brown,3531 Eagle Drive,Southfield,MI,48075,MasterCard,5442439424147168,393,3/2014
Expeater,TamaraWFasching@dodgit.com,Foo9waeca,Tamara,Fasching,2226 Redbud Drive,Whitestone,NY,11357,Visa,4929932645495379,953,3/2014
Tiloot,NicholasMSevier@trashymail.com,Tu0xa5ixi4ai,Nicholas,Sevier,510 Linda Street,Portland,PA,97205,Visa,4929252625838336,908,6/2014
Thatich,DonaWCarranza@mailinator.com,eiSheePho1X,Dona,Carranza,1551 Drainer Avenue,Tallahassee,FL,32301,MasterCard,5315056522747477,365,12/2015
Doby1990,WernerEDavis@trashymail.com,aeg6Ierei6,Werner,Davis,1866 Sundown Lane,Austin,TX,78664,MasterCard,5165363954745065,293,1/2015
Uposteave,AllisonJHernandez@spambob.com,Ef3iXoipai9,Allison,Hernandez,645 Maple Lane,Birmingham,AL,35203,MasterCard,5195048707813476,561,8/2016
Beither,BrendanLHaynes@spambob.com,rohngo1Eib9,Brendan,Haynes,1515 Wyatt Street,West Palm Beach,FL,33401,Visa,4556052188891221,651,1/2013
Therstrand63,MitchellSPerez@pookmail.com,Uvaigee2zoo,Mitchell,Perez,883 Pinewood Drive,Buffalo Grove,IL,60089,Visa,4556793763841384,043,5/2015
Cone1947,LorenzoJEsparza@mailinator.com,fu9Hae9dee,Lorenzo,Esparza,2146 Marigold Lane,Fort Lauderdale,FL,33309,MasterCard,5532628709345973,383,5/2017
Araim1936,MarkBColey@pookmail.com,Nae1aitah,Mark,Coley,3880 Briarwood Road,Springfield,MO,65806,MasterCard,5262892855823235,465,10/2014
Wiffistandes,FlorenceBSteele@trashymail.com,Rioz0sooN,Florence,Steele,814 George Street,Beverly Hills,FL,32665,MasterCard,5239187273010477,328,10/2013
Thentle92,JohnRDeleon@mailinator.com,wafeich6Gei,John,Deleon,3317 Thomas Street,Cary,IL,60013,Visa,4916273471036259,872,4/2013
Andoes,KatiPHiner@pookmail.com,thahzoM7sei,Kati,Hiner,2346 Philadelphia Avenue,Riverton,UT,84065,MasterCard,5187265475074020,649,4/2014
Holdrested,RefugioSScott@mailinator.com,ophoTo4shu,Refugio,Scott,3000 Grove Avenue,Oklahoma City,OK,73102,Visa,4716482065114644,235,11/2017
Soughted,GeorgeBGreenbaum@mailinator.com,Ii9aed0Zoh,George,Greenbaum,3606 Comfort Court,Madison,WI,53718,MasterCard,5377239570895845,370,6/2016
Whowerromed,CharlesCParker@dodgit.com,Zaoy9os0mou,Charles,Parker,3285 Broaddus Avenue,Louisville,KY,40202,MasterCard,5158268278069606,232,12/2013
Wonfehe,NicoleSUnzueta@pookmail.com,chinu2EeCh,Nicole,Unzueta,2866 Spadafore Drive,Sligo,PA,16255,MasterCard,5308901580647896,801,5/2015
Bobtly,ShawandaCPhifer@dodgit.com,wuoY5thaPh6,Shawanda,Phifer,501 Davis Street,Atlanta,GA,30308,MasterCard,5157650619398227,151,11/2017
Wently,ShirleyWPospisil@pookmail.com,Queeg2thohk,Shirley,Pospisil,4523 Mulberry Street,Onalaska,TX,77360,Visa,4929370504630986,655,8/2015
Gick1939,MelindaJMeyer@mailinator.com,aeveenae2Ah,Melinda,Meyer,1322 Cambridge Place,Baltimore,MD,21231,MasterCard,5287521518426067,521,8/2014
Compost,DavidSWeston@spambob.com,eeFa9Vaishi,David,Weston,1678 Park Boulevard,Kanawha,IA,50447,MasterCard,5483951758986730,692,7/2017
Therond1954,RobertAChristensen@dodgit.com,ohl8Iev1ur,Robert,Christensen,4652 Kinney Street,Indian Orchard,MA,01151,MasterCard,5458212772211238,281,10/2014
Nifumn,WillieKRentz@trashymail.com,ooree7roaDee,Willie,Rentz,490 Arbutus Drive,Miami,FL,33012,Visa,4532160237345823,642,11/2016
Wordit,MaryRReece@mailinator.com,fe0Seu8Ae,Mary,Reece,3944 Brownton Road,Jackson,MS,39201,MasterCard,5208170479768863,939,11/2015
Evagarmaked,RubyFHannan@dodgit.com,soreeReim1,Ruby,Hannan,2762 Tree Frog Lane,Kansas City,MO,64131,MasterCard,5586637121519805,520,12/2014
Fload1992,VirginiaJRowell@trashymail.com,Og2iphe8ie,Virginia,Rowell,850 Red Bud Lane,Stamford,CT,06995,MasterCard,5578407478417130,844,10/2017
Somaked,MaxineGIslas@spambob.com,shie9Iaji7,Maxine,Islas,2984 Hickman Street,Wood Dale,IL,60191,Visa,4929598610750716,890,6/2016
Stlef1936,RitaWCalhoun@dodgit.com,oubaPhi2,Rita,Calhoun,73 Lords Way,Memphis,TN,38110,MasterCard,5465494932716915,752,12/2014
Laymor,PamelaJHunter@spambob.com,seeraiDi2,Pamela,Hunter,2996 Railroad Street,Jacksonville,FL,32246,Visa,4539575346843710,621,11/2013
Sprientake,NormaTSaenz@trashymail.com,licaeng5Poo,Norma,Saenz,2573 Losh Lane,Fort Washington,PA,19034,Visa,4532580431299569,075,5/2015
Whoem1931,KaylaDDuncan@mailinator.com,OoPhah7oowee,Kayla,Duncan,4757 Kimberly Way,Grand Haven,MI,49417,Visa,4916461091000025,471,5/2013
Propee,RonLShippee@trashymail.com,Vona5ohj8aT,Ron,Shippee,3828 Allison Avenue,Virginia Beach,VA,23464,MasterCard,5123620868739117,336,6/2015
Youris,GeraldineJMungia@dodgit.com,angohGo1,Geraldine,Mungia,4584 Andell Road,Nashville,TN,37201,MasterCard,5573486937831656,268,4/2016
Begamseley,PaulAGomez@pookmail.com,wohNgeiSh6y,Paul,Gomez,1247 Rhode Island Avenue,Washington,DC,20005,MasterCard,5497051998933594,931,11/2017
Forby1956,SharonDCardinale@dodgit.com,ohV8aup0vau1,Sharon,Cardinale,1432 Jerome Avenue,Edinburg,TX,78539,MasterCard,5356123307002260,082,12/2017
Woureet1985,LouisRFennell@pookmail.com,haiNgoong0,Louis,Fennell,2495 Hemlock Lane,Modeana,TX,78040,MasterCard,5378017602617026,209,1/2017
Gally1944,GeraldAHebert@pookmail.com,iequ8auThai,Gerald,Hebert,4182 Eagle Lane,Cook,MN,55723,Visa,4929899611858171,374,10/2016
Andill,MarioSHansen@pookmail.com,Eis0cohr,Mario,Hansen,2306 Ralph Drive,Cleveland,OH,44114,Visa,4916526759138380,986,4/2015
Stor1982,BarbaraGKennedy@dodgit.com,ce0ahxeeJ8ee,Barbara,Kennedy,3099 McKinley Avenue,Englewood,CO,80112,Visa,4539802064132377,232,2/2013
Messi1963,EverettALemon@dodgit.com,mah2aiSh,Everett,Lemon,154 Hart Country Lane,Atlanta,GA,30303,MasterCard,5396523809692074,631,5/2014
Herg1969,MichaelBCarter@pookmail.com,uiJee8ou7oh,Michael,Carter,1741 Hardman Road,South Burlington,VT,05403,MasterCard,5444092466699220,186,5/2014
Patc1960,RaymondKWalker@pookmail.com,runie7iPhoo,Raymond,Walker,1804 Coffman Alley,Lebanon,KY,40033,MasterCard,5244397773595884,541,2/2015
Haments,JosephPAnderson@mailinator.com,che7Ue4nong,Joseph,Anderson,2301 High Meadow Lane,Hazleton,PA,18201,Visa,4539179313375606,920,5/2017
Promitestake,SharonRParker@spambob.com,thoo1Ea8poo,Sharon,Parker,2954 Khale Street,Columbia,SC,29210,Visa,4532454760663177,656,1/2017
Wishoune,DeeannEBuckner@trashymail.com,shai1rieTh,Deeann,Buckner,2736 Devils Hill Road,Picayune,MS,39466,MasterCard,5299256375148100,886,3/2014
Yeassuileat,SusanADuran@dodgit.com,Keitho0oh,Susan,Duran,3018 Robinson Lane,Portsmouth,OH,45662,Visa,4532561179651401,579,6/2017
Marrined,MichaelLStevens@trashymail.com,pooSoo8KahGh,Michael,Stevens,1556 Fairfield Road,Kenosha,WI,53142,MasterCard,5306703204951387,518,10/2016
Hismandent,AaronMComer@spambob.com,eed7Aig5xae,Aaron,Comer,4894 Big Elm,Overland Park,MO,64110,MasterCard,5155893626058937,739,10/2013
Wasseve33,RobertJMallard@pookmail.com,tie5ReeB3egh,Robert,Mallard,2580 Bloomfield Way,Portland,ME,04101,MasterCard,5108232308552289,050,7/2014
Hattione,RicardoJNolan@spambob.com,Eeshi7tah,Ricardo,Nolan,872 Oakwood Avenue,New York,NY,10025,MasterCard,5363712084281757,062,3/2016
Thadvice,WilliamKMorris@trashymail.com,eshoi2Eicie,William,Morris,3395 Cliffside Drive,Watkins Glen,NY,14891,Visa,4929122400322774,825,7/2014
Thiclon41,JeanneJRogers@dodgit.com,Iosue7ea1,Jeanne,Rogers,4450 Sycamore Lake Road,Sheboygan Falls,WI,53085,MasterCard,5508289534577775,106,1/2014
Siould,LeonSKing@dodgit.com,iPh0ej4bu0ied,Leon,King,591 Rivendell Drive,Akron,OH,44311,Visa,4539377852030232,124,4/2017
Morturs1989,ToniDMedeiros@mailinator.com,aer2Hei6gej,Toni,Medeiros,4992 Burnside Court,Phoenix,AZ,85004,Visa,4532813369769612,312,6/2015
Brourcomis,AndyLThomas@spambob.com,eigh8chooRu,Andy,Thomas,2304 Court Street,Saint Louis,MO,63146,Visa,4485865813711423,408,11/2013
Solerho,MichaelSGarrison@trashymail.com,It7Veibae,Michael,Garrison,212 Russell Street,Westborough,MA,01581,MasterCard,5130199274800228,855,7/2014
Canothed74,GinaLMcNutt@spambob.com,aecew6Iqu,Gina,McNutt,3512 Hott Street,Oklahoma City,OK,73102,Visa,4716697106837016,730,12/2014
Patc1935,CorinneCEiler@pookmail.com,Eyau4shuf,Corinne,Eiler,3059 Mapleview Drive,St Petersburg,FL,33701,Visa,4716669553058362,993,7/2015
Wiltat1957,JorgeSLebouef@mailinator.com,Ohpoh5Ae,Jorge,Lebouef,1230 Ridenour Street,Miami,FL,33128,MasterCard,5310027533493125,852,8/2013
Runcest1985,CatherineDButler@spambob.com,eith0Ahr,Catherine,Butler,3171 Maxwell Street,Plainville,CT,06062,MasterCard,5339480163308666,807,7/2017
Thaventer1935,PearlJPinder@trashymail.com,Xoa0ahlu3b,Pearl,Pinder,3289 Robinson Lane,Portsmouth,OH,45662,Visa,4929515777941292,409,5/2016
Buthow1954,KevinBBarron@spambob.com,IeCh6ooh8oo,Kevin,Barron,1962 Oak Avenue,Wood Dale,IL,60191,MasterCard,5161450990309461,974,5/2016
Marstole,AndrewBBlanche@pookmail.com,zaiVahy3oh,Andrew,Blanche,3057 Dovetail Drive,Des Plaines,IL,60016,Visa,4929199647813534,934,6/2017
Wernionsinks1965,ElizabethRSmallwood@pookmail.com,pee2aSh8,Elizabeth,Smallwood,4759 Park Boulevard,Ottumwa,IA,52501,MasterCard,5446170989922333,383,6/2016
Prety1990,LamontPKimball@dodgit.com,Bah7Zeepia,Lamont,Kimball,3012 Calvin Street,Baltimore,MD,21201,MasterCard,5583691500784699,321,9/2015
Youtind,CynthiaHMeade@trashymail.com,foh0ao5oM7,Cynthia,Meade,3594 Sunburst Drive,Fort Myers,FL,33901,MasterCard,5413406842925215,753,8/2013
Aninew,ChristinaAHarris@dodgit.com,thohsor1N,Christina,Harris,4741 Massachusetts Avenue,Washington,DC,20005,Visa,4716302072515429,015,7/2017
Thiselach,MarthaDBarmore@spambob.com,unoh5Thee,Martha,Barmore,3320 Chatham Way,Washington,MD,20005,Visa,4916250850668894,724,7/2017
Sained,MargaretLBriggs@pookmail.com,IYohk6zee,Margaret,Briggs,911 Fancher Drive,Dallas,TX,75201,MasterCard,5156013496645056,450,6/2013
Fingthily,DennisJHazel@mailinator.com,poiT1poo,Dennis,Hazel,2332 Maxwell Farm Road,Fredericksburg,VA,22401,Visa,4532901873118713,393,3/2015
Forideare,WillieARodriguez@trashymail.com,Za5ohpa8sh,Willie,Rodriguez,2790 Waldeck Street,Rio Vista,TX,76093,MasterCard,5212575531116832,808,8/2014
Eartherry,ConnieMRink@dodgit.com,Phechai0oong,Connie,Rink,4644 Larry Street,Waukesha,WI,53186,Visa,4539004459158568,484,6/2013
Hisheight,FrancisCNoone@mailinator.com,aeRa1eeC,Francis,Noone,816 Green Gate Lane,Laurel,MD,20707,Visa,4929340861429504,203,1/2016
Tices1969,JeanBJordan@mailinator.com,Quu3Aepesh,Jean,Jordan,2292 Smith Road,Lilburn,GA,30247,MasterCard,5162541542151341,350,2/2017
Thesert,LawrenceDGreen@mailinator.com,deoZohch9ez,Lawrence,Green,999 Hood Avenue,San Diego,CA,92111,Visa,4539116651675643,756,6/2016
Chaver,AshaNStratton@pookmail.com,Iengoich1h,Asha,Stratton,4409 Braxton Street,Leland,IL,60531,MasterCard,5589192341926478,551,3/2015
Pectich,MichaelKWilson@mailinator.com,ohfa4Bohju7,Michael,Wilson,1655 Myra Street,Providence,RI,02904,MasterCard,5256782492383669,073,11/2015
Garink1982,AmandaJQuintal@mailinator.com,cieZeal1Tei,Amanda,Quintal,3290 Franklin Street,Opelika,AL,36801,Visa,4556182593607837,123,10/2016
Stoge1965,ClarenceSCarr@dodgit.com,Aivi0mool,Clarence,Carr,4566 Jefferson Street,Hampton,VA,23666,MasterCard,5318617989945982,420,1/2015
Phree1956,BrianLLawrence@spambob.com,wopilahj9X,Brian,Lawrence,4789 Ingram Road,Burlington,NC,27215,Visa,4532676893730891,765,11/2015
Hattione,NancyAMesser@dodgit.com,ap7juDahngie,Nancy,Messer,3772 Simpson Street,Bloomington,IL,61701,MasterCard,5236900299857140,318,5/2013
Taid1936,CarlLEvans@mailinator.com,ju4ibeTho3,Carl,Evans,3683 Maryland Avenue,St Petersburg,FL,33701,Visa,4539478043356591,663,7/2015
Gatellicited,JoseJDeans@mailinator.com,Ahng5si8Hie,Jose,Deans,522 Point Street,Chicago,IL,60605,Visa,4916713346488292,646,1/2014
Orthe1950,JohnLMakris@mailinator.com,YaeLi4eeW,John,Makris,1364 Horner Street,Lodi,OH,44254,MasterCard,5129962491322125,261,1/2013
Foreavieve,CharlesDSimon@dodgit.com,yeipei9goGh,Charles,Simon,4941 Bell Street,New York,NY,10007,Visa,4485517695317429,928,12/2016
Marring,IsabelleMMartin@dodgit.com,xeiK1Uowai5,Isabelle,Martin,1435 Corpening Drive,Pontiac,MI,48057,MasterCard,5379795837910162,645,10/2014
Peale1948,AlexFMeier@mailinator.com,Koo4zusohWae,Alex,Meier,4915 Del Dew Drive,Frederick,MD,21701,Visa,4556311118453613,447,7/2016
Lithey,MernaBHerron@spambob.com,eoY2goshae,Merna,Herron,3679 Hart Ridge Road,Durand,MI,48429,MasterCard,5112042302349887,720,6/2016
Thinty,ViolaMYarbrough@trashymail.com,sheiG4ev5koo,Viola,Yarbrough,1894 Anmoore Road,Westbury,NY,11590,Visa,4929065267246489,081,4/2014
Eakinatte,DeeGRidenour@pookmail.com,eiHad2ka3a,Dee,Ridenour,2118 Grand Avenue,Winter Park,FL,32789,Visa,4485001744347307,538,8/2017
Befee1953,CarlKWilson@trashymail.com,itaiTheoV5G,Carl,Wilson,4170 Rose Street,Buffalo Grove,IL,60089,MasterCard,5505741320930934,341,7/2017
Fousecuoder45,SharonCGuillermo@spambob.com,Aihi6iexah,Sharon,Guillermo,2149 Charack Road,New Washington,IN,47162,Visa,4929473767538266,508,5/2016
Foelonemse,SusanASanchez@trashymail.com,woh1AePai,Susan,Sanchez,1691 School Street,Greenwich,CT,06830,MasterCard,5512818076087548,399,5/2013
Majeappre,PerrySReed@spambob.com,Qui2shai,Perry,Reed,787 Simons Hollow Road,Wilkes Barre,PA,18701,MasterCard,5393827058993288,400,10/2017
Fatert,DavidEMorgan@trashymail.com,ha7ahruCai,David,Morgan,1972 Mulberry Lane,West Palm Beach,FL,33401,MasterCard,5159188786851270,934,6/2014
Twombat,AmandaJBurns@dodgit.com,ix9iezahNah,Amanda,Burns,4889 Bagwell Avenue,Weekiwachee Spgs,FL,33512,MasterCard,5110118444382366,789,2/2013
Factin,LulaGPurcell@pookmail.com,euR4chee6Qu,Lula,Purcell,3316 Saint Francis Way,Milwaukee,WI,53202,Visa,4916170956556761,770,12/2017
Notints,AlyceCSchafer@dodgit.com,eit5aeMo7,Alyce,Schafer,446 Smithfield Avenue,Seagraves,TX,79359,Visa,4539480044799365,417,1/2015
Offermse,BrandiBBrunet@pookmail.com,hohZ2tohj,Brandi,Brunet,4545 Augusta Park,Weirton,WV,26062,Visa,4556865388215754,379,10/2015
Anowbod,AdamUDominguez@spambob.com,Rai6uoRie6,Adam,Dominguez,4278 Vernon Street,Irvine,CA,92614,MasterCard,5505708734234617,127,10/2016
Furcursto,BrendaMHouser@pookmail.com,eeMoh1unguich,Brenda,Houser,4645 White Avenue,Hallettsville,TX,77964,Visa,4916305879275970,327,1/2017
Bult1938,AngelaTGrate@trashymail.com,needohH9z,Angela,Grate,501 Deercove Drive,Philadelphia,PA,19111,MasterCard,5227878358350945,702,8/2017
Succur,RitaDGonzalez@spambob.com,Nei3eboh2ah,Rita,Gonzalez,2022 North Avenue,Omaha,NE,68104,Visa,4556271880530057,499,10/2014
Plarturer1989,StanleyANetto@spambob.com,thoN6eiXei,Stanley,Netto,177 Harry Place,Matthews,NC,28105,MasterCard,5544204457641298,642,4/2016
Youthis81,RichardAYoung@spambob.com,beiNae6oh,Richard,Young,3810 Hickory Lane,New Haven,CT,06511,MasterCard,5144052964140575,500,7/2014
Myst1943,FayeJWilson@pookmail.com,uj0Ceechie,Faye,Wilson,2156 Payne Street,Martinsville,VA,24112,Visa,4485563721481409,690,5/2016
Ably1950,KathleenSUribe@trashymail.com,esha1Yaupa,Kathleen,Uribe,3158 Badger Pond Lane,Saint Petersburg,FL,33710,MasterCard,5201671440630618,980,9/2017
Saympat,AnneRClough@mailinator.com,vo7Rei0ie,Anne,Clough,1485 Hillcrest Lane,Newport Beach,CA,92660,MasterCard,5140587812797906,106,11/2014
Catcher,VincentCBunnell@pookmail.com,Geij8oon,Vincent,Bunnell,4788 Goff Avenue,Plainwell,MI,49080,Visa,4485069483993698,369,11/2015
Therma56,DonnaRFoster@dodgit.com,ieVah0Sho,Donna,Foster,416 Medical Center Drive,Longboat Key,FL,34228,MasterCard,5422783569541139,741,12/2013
Barathand,BonnieMSmith@pookmail.com,aire2Zie1Oh,Bonnie,Smith,3088 Sussex Court,Breckenridge,TX,76024,MasterCard,5332609410608075,085,12/2014
Counale,DeborahJWalker@spambob.com,UVie2ekie0w,Deborah,Walker,1635 Peaceful Lane,Cleveland,OH,44115,Visa,4929686295018697,875,12/2017
Cothence,KennethMHunsucker@pookmail.com,Eeth3jeenee,Kenneth,Hunsucker,113 Owen Lane,Fort Myers,FL,33901,MasterCard,5217694414355212,501,1/2014
Brail1933,SantiagoMRaynor@dodgit.com,ohn1oePh,Santiago,Raynor,4629 Rockford Mountain Lane,Appleton,WI,54913,Visa,4485048922948190,448,2/2016
Havis1947,DeanneHLeone@mailinator.com,eiPoh3icimie,Deanne,Leone,4076 Modoc Alley,Meridian,ID,83642,MasterCard,5530040919011811,648,5/2016
Ontrad,JenniferJFlynn@dodgit.com,ooNge4pae,Jennifer,Flynn,3511 Beechwood Drive,Pittsburgh,PA,15222,Visa,4929316855537411,543,9/2016
Haddep,JefferyVDavis@trashymail.com,Baekah3nei,Jeffery,Davis,2181 Cheshire Road,Hartford,CT,06103,Visa,4556181920850128,385,7/2016
Thisper,AngelaCSmart@pookmail.com,Ha0etom4,Angela,Smart,2720 Shingleton Road,Three Rivers,MI,49093,Visa,4556298978246387,377,9/2017
Abort1943,CarlosDConner@mailinator.com,Zaeph9roogh,Carlos,Conner,1056 Drainer Avenue,Blountstown,FL,32424,Visa,4539947045010570,750,11/2016
Scrioned,LeviBMarshall@dodgit.com,or7iegh7Oo,Levi,Marshall,2111 Quarry Drive,Pine Hill,AL,36769,Visa,4485525944139973,648,8/2017
Stinand,JohnSSnowden@spambob.com,Equ0uru5,John,Snowden,3056 Woodland Drive,Spencer,IA,51301,MasterCard,5445726372057390,451,7/2017
Ponver,ShannonRLucas@pookmail.com,be2Thaoxaer,Shannon,Lucas,3788 Franklee Lane,Northampton,PA,18067,Visa,4532683186961399,287,10/2017
Swervat,GeorgeAEspiritu@pookmail.com,uoph2yuGh,George,Espiritu,3587 Jarvis Street,Olean,NY,14760,Visa,4556183757379346,696,8/2016
Prifid1966,DavidAPeek@trashymail.com,ooG1di4chae,David,Peek,1921 Prospect Street,Camden,NJ,08102,Visa,4539846259318002,460,8/2017
Cusuneve,DuaneBJohnson@trashymail.com,fohF1caik,Duane,Johnson,1110 Fairway Drive,Santa Rosa,CA,95401,MasterCard,5562221973924468,100,9/2016
Theyn1965,BillEBoyd@dodgit.com,ii9ahdah2Zoo,Bill,Boyd,2964 Edgewood Road,Pine Bluff,AR,71601,Visa,4532136763475366,916,6/2013
Begfring,MarionJSerrano@trashymail.com,ohC6Ceit,Marion,Serrano,2370 Chicago Avenue,Visalia,CA,93291,Visa,4716104791956805,233,11/2016
Thosell,HopeWMartin@dodgit.com,iiKei6die6,Hope,Martin,392 Red Maple Drive,Los Angeles,CA,90033,Visa,4716453297802090,241,3/2016
Andelp,SusanJMoreland@dodgit.com,Dood7hee9,Susan,Moreland,2945 Prospect Valley Road,Burbank,CA,91505,MasterCard,5201151812848940,897,5/2016
Hurned,CarolynJWilkins@mailinator.com,Mo4Shooqu,Carolyn,Wilkins,2246 North Avenue,Harvard,NE,68944,Visa,4532583719930020,310,7/2015
Slogummid,BonnieEHowell@spambob.com,kei8eiPhoh,Bonnie,Howell,691 Commerce Boulevard,Surprise,NE,68999,Visa,4916465667484315,379,7/2015
Catcher,JoyceJTran@pookmail.com,Rah6cie6Ie,Joyce,Tran,162 Armbrester Drive,Gardena,CA,90248,MasterCard,5330403257727962,037,6/2015
Witert,CurtisBMoore@dodgit.com,aGh0uo4poh,Curtis,Moore,4456 Beeghley Street,Wortham,TX,76693,MasterCard,5345173913268916,701,2/2017
Wriney,BetteHGomez@dodgit.com,Aiv4eew7Oh,Bette,Gomez,1808 Blackwell Street,Anchorage,AK,99503,Visa,4716218278270751,310,7/2017
Orearrythe,RyanSSilberman@spambob.com,oC2peiw4EeS,Ryan,Silberman,3434 Waldeck Street,Granbury,TX,76048,MasterCard,5438662765442833,242,8/2017
Sonstry,VickiAMartinez@trashymail.com,eeng9Iesh1,Vicki,Martinez,2002 Lyndon Street,Philadelphia,PA,19108,Visa,4929757318453169,361,9/2013
Sicke1946,TerryCMott@pookmail.com,uu6baThoh4,Terry,Mott,1367 Woodridge Lane,Memphis,TN,38118,MasterCard,5130719166100054,707,8/2013
Froustommer35,JoseMFair@dodgit.com,shohj6Chu0,Jose,Fair,2052 Abner Road,Wausau,WI,54401,Visa,4539817454326819,812,11/2017
Ittries,IraJWard@pookmail.com,aiWusha5ah,Ira,Ward,3362 Barnes Street,Orlando,FL,32809,MasterCard,5255996810126003,802,5/2015
Andreart,CharlesSDefilippo@mailinator.com,Ut4joo1Vai,Charles,Defilippo,4415 Jody Road,Topton,PA,19562,MasterCard,5518662154212485,628,3/2014
Tasootoor,ShannonJDumas@mailinator.com,wa8ethohS,Shannon,Dumas,4799 Sugar Camp Road,Rochester,MN,55904,MasterCard,5219972260252818,537,2/2014
Bourre,LindaRWolcott@mailinator.com,sao7oaPho0ai,Linda,Wolcott,2315 Highland Drive,Manitowoc,WI,54220,MasterCard,5376165164078244,056,11/2013
Flocruing,AndresGMott@spambob.com,Dei1jael,Andres,Mott,3512 Dogwood Lane,Phoenix,AZ,85003,Visa,4532779399766664,157,7/2016
Gnor1932,JoyceRPulido@mailinator.com,Ixa1veeG2,Joyce,Pulido,4307 Cherry Ridge Drive,Warren,MI,48093,MasterCard,5380922764102442,198,6/2016
Mothimer1962,JerryAThomas@trashymail.com,Imei2yeu,Jerry,Thomas,115 Cessna Drive,Linngrove,IN,46769,MasterCard,5444954548984518,444,2/2017
Thatic,RalphRVandyke@dodgit.com,eizoRuyie3,Ralph,Vandyke,118 Liberty Street,Dallas,TX,75201,Visa,4485194368731417,262,8/2013
Thiparract,JoshuaMJimenez@spambob.com,Oof0Aishei,Joshua,Jimenez,2220 Hewes Avenue,Baltimore,MD,21201,Visa,4916816375197864,047,4/2015
Sund1937,CarlosLCarey@dodgit.com,chaVe8nood,Carlos,Carey,1345 Lynn Ogden Lane,Nederland,TX,77627,Visa,4929184623731066,762,1/2016
Onlyingthend,DorothyJMcGonigal@pookmail.com,fuCh9saix3,Dorothy,McGonigal,2045 Baker Avenue,Fort Worth,TX,76102,MasterCard,5459387690632183,220,4/2013
Thattee,StevenDDouglas@mailinator.com,oos2Eiquee,Steven,Douglas,931 Lawman Avenue,Arlington,VA,22204,Visa,4485608850192101,051,12/2013
Expriver,MarianoLNash@spambob.com,ohyai9AhYe,Mariano,Nash,560 Sycamore Lake Road,Appleton,WI,54911,MasterCard,5372289612001550,032,3/2017
Wevermany,StevenDDills@dodgit.com,oLie8wahkoh,Steven,Dills,466 Camden Street,Reno,NV,89501,Visa,4556986449297076,005,10/2014
Vothe1961,BrittanyWGutierrez@trashymail.com,ush3Jee0oo,Brittany,Gutierrez,845 Coulter Lane,Richmond,VA,23220,MasterCard,5539898866991504,654,7/2017
Feak1938,ElizabethERodriguez@pookmail.com,Aegho6keith,Elizabeth,Rodriguez,1478 Northwest Boulevard,Savage,DC,20763,MasterCard,5161645785723368,508,7/2014
Samium,AshleyLHostetler@mailinator.com,Oocie3Ie,Ashley,Hostetler,1371 Denver Avenue,City Of Commerce,CA,90040,Visa,4485700381808287,891,4/2014
Ineyes,JessicaCCrooks@dodgit.com,ix0ohS8F,Jessica,Crooks,3370 Big Elm,Overland Park,MO,64110,Visa,4539946638549259,790,8/2013
Louns1980,ClydeMFrick@trashymail.com,goja9eW3ee,Clyde,Frick,2859 Nutter Street,Kansas City,MO,64127,Visa,4556559492552836,809,9/2014
Scrime,JamesKMcCartney@spambob.com,Xov5oopae0,James,McCartney,1234 Hayhurst Lane,Southfield,MI,48075,MasterCard,5177628569367182,265,6/2017
Callynnusers,ShawnBChapman@mailinator.com,AeBue7foh,Shawn,Chapman,1753 Rubaiyat Road,Big Rapids,MI,49307,Visa,4485685778231336,610,5/2013
Noreopme1940,GayleSBernier@mailinator.com,Oox6ailah,Gayle,Bernier,492 Pyramid Valley Road,Birmingham,IA,52535,Visa,4716922202718294,861,2/2015
Whowlead,MichaelLNolan@pookmail.com,leib3AeZu,Michael,Nolan,927 Newton Street,Minneapolis,MN,55401,MasterCard,5177679270813659,237,7/2016
Andres,KennethJLash@spambob.com,oThooH8ie,Kenneth,Lash,1282 Jett Lane,Gardena,CA,90248,MasterCard,5374036843572042,688,8/2015
Opher1976,RebeccaTAllred@spambob.com,eiqu6Rai,Rebecca,Allred,896 Creekside Lane,Los Angeles,CA,90017,MasterCard,5455280196888041,009,11/2016
Swerse,JewellDThomas@pookmail.com,aeHaph8u,Jewell,Thomas,2896 Coffman Alley,Lebanon,KY,40033,Visa,4716603475709273,350,5/2013
Whabre,CarlAZalewski@pookmail.com,Faique8soo,Carl,Zalewski,4333 Patterson Street,Houston,TX,77006,MasterCard,5351795462151886,783,1/2015
Drehanstered36,RufusBBrown@dodgit.com,Yaqu7eiph,Rufus,Brown,4155 Shadowmar Drive,New Orleans,LA,70125,MasterCard,5590535594660276,502,2/2016
Thereshed1935,BessieJRyan@mailinator.com,Si1oquoo,Bessie,Ryan,3636 Village View Drive,Fort Myers,FL,33901,MasterCard,5481729420189590,993,8/2016
Sherstrand,BarbaraJPorter@pookmail.com,uaQuahf0L,Barbara,Porter,1036 Traders Alley,Kansas City,MO,64155,Visa,4485086931610393,241,6/2013
Roble1947,HenryJRandolph@dodgit.com,iGhae1jee,Henry,Randolph,56 Arlington Avenue,Powell,TN,37849,MasterCard,5122246808401500,502,8/2015
Canced1965,SandySCanty@mailinator.com,ro9eem9Oo,Sandy,Canty,4980 Butternut Lane,East Saint Louis,IL,62201,MasterCard,5461764531887638,681,2/2015
Hatevesserom,ChristopherMRasmussen@trashymail.com,Shaa1eevoz,Christopher,Rasmussen,1242 Single Street,South Boston,MA,02127,Visa,4556839258832915,521,11/2014
Whorknotho,BrainBLittle@trashymail.com,eephee0Toh,Brain,Little,4889 Kovar Road,Needham,MA,02192,Visa,4539060285079089,102,3/2015
Liend1974,PatPWilkerson@pookmail.com,OhHeijuh6cu,Pat,Wilkerson,4646 Payne Street,Marion,VA,24354,Visa,4485830606371355,225,2/2016
Foreadfat,JeremyMPerry@trashymail.com,Hiesheebo7,Jeremy,Perry,4243 Science Center Drive,Elba,ID,83326,Visa,4916486176664981,367,9/2015
Namushe,EricaSPaquette@mailinator.com,ji0Wein7Ai,Erica,Paquette,1440 Carter Street,Anna,IL,62906,MasterCard,5112573888910528,541,4/2016
Havaily,MaxDStangl@spambob.com,geuph4Eik,Max,Stangl,302 Conaway Street,Sandridge,IN,47635,MasterCard,5379250504215149,314,9/2013
Fittleand35,MaryMWilkinson@mailinator.com,aevai5bu1E,Mary,Wilkinson,3348 Thrash Trail,Longview,TX,75604,Visa,4716311564240156,730,1/2016
Welar1943,ElizabethWRies@dodgit.com,IeCegho8,Elizabeth,Ries,866 Peck Street,Nashua,NH,03061,Visa,4485624429423943,982,12/2017
Ontepairt55,LamontJReyes@trashymail.com,hee7Yu8e,Lamont,Reyes,104 Werninger Street,Houston,TX,77021,Visa,4485497967766944,308,6/2014
Hisold,CarolynNArnold@spambob.com,eesido7Sh,Carolyn,Arnold,1032 Sharon Lane,Mishawaka,IN,46544,MasterCard,5480626583134788,840,4/2016
Hadergoorm,KimberlyEChandler@dodgit.com,Ep2ahghae,Kimberly,Chandler,557 Goldcliff Circle,Washington,DC,20011,MasterCard,5335380438266448,793,11/2013
Einfer,EdBWeaver@spambob.com,ja6Eehahh3,Ed,Weaver,3626 Maryland Avenue,Largo,FL,34640,Visa,4532996465966719,940,12/2014
Mils1935,JessicaMHolmes@spambob.com,Ohgha8lei,Jessica,Holmes,2148 Stratford Drive,Honolulu,HI,96814,Visa,4556410649022705,727,5/2014
Brebrugh,AmberJGroves@spambob.com,Thiet9iex,Amber,Groves,1585 Davis Lane,Englewood,CO,80112,Visa,4716378077177514,796,1/2013
Trive1973,CarissaMPineda@pookmail.com,ooB3Xoow4Ai,Carissa,Pineda,2878 Rockwell Lane,Jackson,NC,27845,MasterCard,5411248553988038,520,9/2013
Teres1987,ArthurJPowell@spambob.com,loo3Iecee,Arthur,Powell,1532 South Street,Odessa,TX,79760,MasterCard,5114925059229948,771,12/2015
Hilegs,MelanieBHay@spambob.com,chouf4Chie,Melanie,Hay,1968 Marie Street,Mayo,MD,21106,MasterCard,5428304672911798,413,9/2017
Donser42,DorothyJArmstead@dodgit.com,Iephae7us2ch,Dorothy,Armstead,392 Thorn Street,Campbell County,WY,82716,Visa,4539050141973146,746,8/2016
Accee1933,JillCSilber@pookmail.com,ahchah8uaM,Jill,Silber,1223 Jefferson Street,Chesapeake,VA,23320,Visa,4916631537750470,110,12/2017
Usts1962,DwayneJTurcotte@pookmail.com,Aifa4lieva,Dwayne,Turcotte,2913 Patton Lane,Garner,NC,27529,Visa,4539077439458498,972,9/2014
Tragivan,GenaroATarango@pookmail.com,Caex9eu3phae,Genaro,Tarango,4393 Coplin Avenue,Phoenix,AZ,85034,MasterCard,5492955474344164,119,1/2016
Niand1993,NormaVHafner@mailinator.com,aNgah0Ah,Norma,Hafner,1634 Linden Avenue,Orlando,FL,32801,Visa,4556633623272638,976,6/2013
Sprems,ValerieLPerez@trashymail.com,eisho0IeH,Valerie,Perez,1288 Short Street,Austin,TX,78759,MasterCard,5408361085538836,560,9/2014
Thonee,BonnieTOliva@spambob.com,rooJoh5ah,Bonnie,Oliva,991 Clair Street,Waco,TX,76706,MasterCard,5165951140222369,994,12/2015
Wasel1942,JamesMDurham@trashymail.com,cooCh0Eishu,James,Durham,2822 Freed Drive,Stockton,CA,95219,MasterCard,5227971313812263,641,10/2016
Hurged,MaryPSmith@dodgit.com,Ahquie7reiF,Mary,Smith,886 Waterview Lane,Ruidoso,NM,88345,Visa,4532851721947450,285,8/2016
Erepaing,JenniferJMcClure@mailinator.com,eey7Ohch7Oo,Jennifer,McClure,186 Gateway Road,Portland,OR,97205,MasterCard,5221776725404401,212,9/2015
Unhoes,EuniceBBraud@dodgit.com,ieJ2Quab2,Eunice,Braud,1974 Keyser Ridge Road,Greensboro,NC,27406,Visa,4485764310430514,641,6/2014
Dreatenty,RobbieKHunt@spambob.com,Chighu2ohb0,Robbie,Hunt,1359 College View,Carterville,IL,62918,MasterCard,5100432433724815,534,6/2013
Blaideselly,ClaudeMVeltri@mailinator.com,uovohr6veG7,Claude,Veltri,361 Saint James Drive,East Petersburg,PA,17520,Visa,4532549914416578,287,5/2014
Adaying,KennethJWilliams@dodgit.com,aime4ohT4,Kenneth,Williams,1698 Camel Back Road,Burbank,OK,74633,Visa,4539971887274631,113,5/2014
Thordy,JefferyAFarmer@trashymail.com,shi5Shohch,Jeffery,Farmer,2573 Marietta Street,Mare Island,CA,94592,MasterCard,5272656747883717,584,3/2015
Almeth90,ThomasKHesse@spambob.com,chieFi4ee,Thomas,Hesse,1990 Kincheloe Road,Portland,OR,97229,MasterCard,5347269652082621,628,4/2016
Itakfule,PearlEOlson@mailinator.com,uFi7eebo,Pearl,Olson,4689 Hickory Ridge Drive,Las Vegas,NV,89108,MasterCard,5538123508514965,289,2/2013
Spait1927,BradleyMWyatt@trashymail.com,ka8sah6WaiS,Bradley,Wyatt,4344 Boggess Street,Fairborn,OH,45324,MasterCard,5231534799089527,152,11/2017
Thelingly,VickieTHoward@spambob.com,koYa7io5,Vickie,Howard,4480 Summit Street,Wheatland,IA,52777,MasterCard,5583354706478109,962,2/2014
Suchaked,BobbyDAlexander@pookmail.com,fei3Ig6ohphie,Bobby,Alexander,2653 Gore Street,Houston,TX,77092,MasterCard,5143079707945003,268,2/2016
Beggrear,PerryEEvans@dodgit.com,Oorich5fia6,Perry,Evans,935 Birch Street,Greenwood,IN,46142,Visa,4485386321333923,230,7/2016
Wastille47,BrendaTEstill@pookmail.com,ud1ooch5T,Brenda,Estill,1632 Chenoweth Drive,Linden,TN,37096,MasterCard,5361885912036130,737,10/2015
Exill1969,AlanFWhite@trashymail.com,piK2ahV3Uw,Alan,White,299 Railroad Street,Jacksonville Beach,FL,32250,Visa,4532699995237953,503,1/2015
Youblive,DustinEStoner@pookmail.com,eeBoh8zohl,Dustin,Stoner,2847 Villa Drive,Logansport,IN,46947,Visa,4929111214298171,730,8/2013
Tionot,DavidLVaughn@dodgit.com,Oo0aicae,David,Vaughn,4967 Bernardo Street,Mount Vernon,IN,47620,MasterCard,5104601925116153,414,12/2017
Womaked,MaxineHCurley@dodgit.com,CohxeiQu4a,Maxine,Curley,163 Franklin Street,Dothan,AL,36303,MasterCard,5316277869096463,065,3/2016
Theatione,JosephEBraswell@trashymail.com,chai8ohK,Joseph,Braswell,2570 Charla Lane,Dallas,TX,75247,MasterCard,5539576122348293,081,5/2015
Ineircied89,KennethRRowe@mailinator.com,eeY8ieyeje,Kenneth,Rowe,2663 Poe Road,Daniel Island,SC,29492,MasterCard,5574199096187302,463,3/2017
Nottly,DavidJRodriquez@spambob.com,kab4ohY5ee,David,Rodriquez,1280 Charack Road,Bloomington,IN,47408,Visa,4716631337645922,066,2/2017
Divere33,BrandonACartwright@pookmail.com,Aequ9keedei,Brandon,Cartwright,220 C Street,Mansfield,MA,02048,MasterCard,5120545410099921,282,2/2016
Peteriou,DavidLStorey@trashymail.com,Bah0poox0,David,Storey,4345 Terra Street,Belfair,WA,98528,MasterCard,5238752796505211,063,6/2014
Butiffely,LouiseFSilva@pookmail.com,Chupahh2ee,Louise,Silva,3158 Johnstown Road,Chicago,IL,60631,Visa,4556549928269170,480,3/2014
Prions1939,JenniferCBrown@spambob.com,aiLo0zouVie,Jennifer,Brown,1312 Woodside Circle,Youngstown,FL,32466,Visa,4556686869420196,010,4/2014
Lamothe,JosephineMHood@dodgit.com,Ba9ahF1S,Josephine,Hood,1330 Todds Lane,San Antonio,TX,78213,Visa,4539139724762206,043,9/2016
Adbital1936,JesusDHuffman@trashymail.com,aef6xeiQu,Jesus,Huffman,2783 Diamond Cove,Newport,RI,02840,Visa,4532422837675607,850,2/2016
Hatereast,PamelaCVeale@pookmail.com,Cee5icae0,Pamela,Veale,698 Pinewood Avenue,Marquette,MI,49855,MasterCard,5272308504479731,144,10/2014
Withish,WandaMPaine@trashymail.com,uhei0NooPhei,Wanda,Paine,1576 Pickens Way,Athens,TX,75751,Visa,4485944027046106,842,7/2013
Coldid1971,SandraJManis@mailinator.com,bein1Mu8Ae,Sandra,Manis,3265 Renwick Drive,Fort Washington,PA,19034,MasterCard,5494666810312587,100,6/2016
Thostan71,MarlinRGoolsby@dodgit.com,DaVa6ijae,Marlin,Goolsby,3196 North Avenue,Lincoln,NE,68501,MasterCard,5313297279649654,059,9/2013
Evell1967,CatherinePMintz@mailinator.com,muDah3yaenei,Catherine,Mintz,2780 Perry Street,Imlay City,MI,48444,Visa,4485142372383279,958,2/2016
Absetiley1946,LauraJArias@mailinator.com,PooFi5eij,Laura,Arias,4381 Timbercrest Road,Deadhorse,AK,99734,MasterCard,5313191685038737,231,10/2013
Coustopeceir,TimothyMNewborn@pookmail.com,Oong7Pem,Timothy,Newborn,2284 Hayhurst Lane,West Bloomfield,MI,48033,MasterCard,5235072266618128,340,10/2016
Willoved,RubyAChoice@pookmail.com,Koofa6iel5i,Ruby,Choice,684 George Avenue,Mobile,AL,36610,Visa,4485390992348210,400,7/2013
Ticiss,FayeFSkaggs@mailinator.com,seiVow8thie,Faye,Skaggs,3 Owen Lane,Fort Myers,FL,33901,MasterCard,5285921055509188,653,8/2013
Mussiout,KathyTTriplett@mailinator.com,eor1InoGh4,Kathy,Triplett,3877 Terra Street,Tenino,WA,98589,Visa,4916492612012629,568,5/2017
Felist,EstrellaBAllen@pookmail.com,uGheiyee0,Estrella,Allen,3984 Aviation Way,Los Angeles,CA,90026,Visa,4916817302566536,844,10/2014
Anguesse1987,HershelCPoch@spambob.com,Gak8Mot1iec,Hershel,Poch,4533 Eva Pearl Street,Baton Rouge,LA,70806,Visa,4556028906007365,530,6/2013
Fescithavers90,KelsieVMuniz@spambob.com,Chiegi1vit,Kelsie,Muniz,505 Victoria Court,Bath,ME,04530,MasterCard,5521375017982211,656,6/2013
Salothe,JosephGColvin@trashymail.com,Aigion7h,Joseph,Colvin,967 Cessna Drive,Fort Wayne,IN,46806,Visa,4716590145041304,855,10/2014
Thoubjeside,FredMFowler@spambob.com,quui5Jaexo,Fred,Fowler,3635 Rubaiyat Road,Grand Rapids,MI,49503,Visa,4485458726155944,296,12/2013
Donsher,HaroldRClark@dodgit.com,Ais8shu8osah,Harold,Clark,4807 Progress Way,Saint Cloud,MN,56303,Visa,4539103322025515,242,4/2017
Entrught80,IreneDBoyd@trashymail.com,aegh9Woo,Irene,Boyd,1397 Gore Street,Sugar Land,TX,77478,Visa,4539201123671220,669,11/2013
Onot1993,WillaMMahar@dodgit.com,eruFooth4,Willa,Mahar,106 Thrash Trail,Lone Star,TX,75668,Visa,4539288646829898,496,1/2017
Vaunparly,LindaAJackson@trashymail.com,aeke5naQu0oh,Linda,Jackson,1452 Bell Street,New York,NY,10022,MasterCard,5376869261513124,019,7/2016
Opoetinat,TrishaJByrd@spambob.com,Lonohg6b,Trisha,Byrd,3411 Johnson Street,Raleigh,NC,27604,Visa,4532578156715991,928,12/2014
Oles1950,MartinCMcNeely@spambob.com,ceech5Ie,Martin,McNeely,3588 Myra Street,Providence,RI,02905,Visa,4916243514358978,476,12/2017
Hister1939,TaraMGonzalez@pookmail.com,thuebeis6Re,Tara,Gonzalez,4311 Heliport Loop,Bloomington,IN,47404,MasterCard,5409736373669121,841,12/2015
Lacceir,DebraCGreene@dodgit.com,ochei1Oo,Debra,Greene,3896 Traction Street,Greenville,SC,29607,Visa,4556768196381521,978,4/2016
Yalmled,KennethMLim@mailinator.com,eiSh6ao4uojee,Kenneth,Lim,410 Ocello Street,San Diego,CA,92111,Visa,4556765926836741,824,6/2013
Whiddespeat,AaronDBrown@pookmail.com,iengaM7ces,Aaron,Brown,3832 Grey Fox Farm Road,Houston,TX,77077,Visa,4716254774654305,584,8/2015
Whismainfits,NathanielMWest@trashymail.com,Thiu1wae8Ai,Nathaniel,West,1608 Camel Back Road,Hewins,OK,67348,Visa,4485812631476698,979,4/2014
Durette,PaulGMueller@trashymail.com,oiy3eeN0Bie,Paul,Mueller,4359 Dane Street,Spokane,WA,99201,MasterCard,5124179515565382,831,5/2014
Thelver,KatherineROsborn@mailinator.com,Ohc1wieK,Katherine,Osborn,877 Lewis Street,Wheeling,IL,60090,MasterCard,5540304444052486,186,5/2016
Yourall,CurtisMVernon@trashymail.com,Baexaph5aej,Curtis,Vernon,421 Smith Street,Taunton,MA,02780,MasterCard,5234340965287524,518,7/2014
Wifich,DebraKDillard@mailinator.com,ii5reeXot,Debra,Dillard,538 Clair Street,Bluffdale,TX,76433,MasterCard,5380435412634294,358,7/2014
Facconly,IngridDDean@dodgit.com,ua6eeveipoTh,Ingrid,Dean,2955 Corbin Branch Road,Chattanooga,TN,37408,MasterCard,5446495520432686,750,2/2016
Notal1967,DavidTSlater@trashymail.com,Haquieg3k,David,Slater,4392 Pennsylvania Avenue,Woodbridge,NJ,07095,Visa,4916105578551048,327,1/2017
Frold1986,MildredRClark@spambob.com,IChoh8koy,Mildred,Clark,3748 Clay Lick Road,Aurora,CO,80010,Visa,4485912873466504,139,9/2013
Aftek1927,OrvilleMClark@dodgit.com,Cheej9zah,Orville,Clark,4083 Oakdale Avenue,Tampa,FL,33602,MasterCard,5387515048638638,622,8/2015
Nowhimed1930,JustinSBlakes@pookmail.com,iiBoN3je5w,Justin,Blakes,3677 Wilkinson Street,Nashville,TN,37211,Visa,4485487916826931,862,10/2014
Eattly,RuthDRaymond@pookmail.com,Fit4Iiphune,Ruth,Raymond,4175 Goosetown Drive,Charlotte,NC,28202,MasterCard,5345629783380727,799,3/2013
Hattellifun,LarryTBeaton@dodgit.com,ahYieriuQu7,Larry,Beaton,2109 Broadway Street,Dillon,SC,29536,MasterCard,5228186235945203,565,3/2016
Blever75,LeonaLMarshall@pookmail.com,loChoo4eeZoo,Leona,Marshall,1057 Saint Marys Avenue,Syracuse,NY,13202,MasterCard,5529701788616831,122,2/2015
Suppin,NicholeRThompson@mailinator.com,Gae0iu7nechu,Nichole,Thompson,3248 Hudson Street,Lyndhurst,NJ,07071,Visa,4916385049254808,718,11/2013
Whiclosselte,JoanTHerrera@pookmail.com,al2PohyieP2l,Joan,Herrera,411 Tennessee Avenue,Southfield,MI,48075,MasterCard,5170992043181701,886,1/2015
Yeloors1928,FelishaFBach@spambob.com,Eixi1ohga,Felisha,Bach,3769 Station Street,Concord,CA,94520,Visa,4485297120761067,166,9/2014
Wintonsts,LindseySRand@dodgit.com,thaeCh8ah,Lindsey,Rand,176 Neville Street,New Albany,IN,47150,MasterCard,5332347606571233,384,11/2017
Antly1941,MartinILyons@dodgit.com,Io9xow4ieg,Martin,Lyons,492 Barnes Street,Orlando,FL,32822,MasterCard,5149666627044067,345,12/2013
Nothestal,LouisHCronin@dodgit.com,eem0raicoSh,Louis,Cronin,2773 Sardis Sta,Dallas,TX,75207,MasterCard,5460251536105407,928,10/2013
Sunwast,JoseCSharp@mailinator.com,iu5ohfo5Nee,Jose,Sharp,194 Layman Court,Atlanta,GA,30303,Visa,4539562134589218,115,2/2015
Abrount,DorothyDAllen@mailinator.com,ae3eivaeQu3oh,Dorothy,Allen,4754 Alpha Avenue,Longview,TX,75601,MasterCard,5537469366209557,809,7/2016
Hier1945,LouisKLavender@spambob.com,eeTh5eir,Louis,Lavender,4232 Freshour Circle,San Antonio,TX,78205,Visa,4916484492458147,477,9/2017
Inat1961,ChristopherKLester@pookmail.com,ooSes1iB,Christopher,Lester,2102 Hedge Street,Rochelle Park,NJ,07662,Visa,4485451135768720,542,1/2013
Dume1935,DonaldKWright@trashymail.com,tiema5eeL,Donald,Wright,2630 Stockert Hollow Road,Bellevue,WA,98007,MasterCard,5447964930580672,506,1/2013
Dise1966,SteveBNorwood@mailinator.com,oSh6EpohVoo,Steve,Norwood,4759 Ford Street,San Jose,CA,95113,Visa,4485681488852792,879,4/2017
Mailly1948,IrwinARobertson@mailinator.com,Shuyi4ahng,Irwin,Robertson,3540 Steele Street,Lombard,IL,60148,Visa,4539539773648653,068,9/2017
Cren1978,LindaTByrne@mailinator.com,faL9ree2g,Linda,Byrne,4016 Byrd Lane,Albuquerque,NM,87102,Visa,4532905124383364,323,8/2014
Hught1971,ThomasGBetts@dodgit.com,Eiseik5o,Thomas,Betts,390 Musgrave Street,Roswell,GA,30076,Visa,4929189385318671,555,4/2014
Mosearold1930,BrianAMoore@pookmail.com,eibahri9Or,Brian,Moore,3626 Jones Avenue,Greensboro,NC,27401,Visa,4556931862415250,968,10/2015
Quinginotted1945,ChrisKHume@spambob.com,aikohj9iD,Chris,Hume,3008 Church Street,New York,NY,10011,MasterCard,5374692678871170,559,7/2013
Tanduch,JenniferCAnderson@dodgit.com,deeleiw2Z,Jennifer,Anderson,2748 Better Street,Overland Park,KS,66210,MasterCard,5232431882556901,427,7/2013
Terid1973,WilmaJBurns@spambob.com,Zegi0zieGha,Wilma,Burns,389 Church Street,Brooklyn,NY,11227,MasterCard,5503472018633760,082,4/2015
Greeirds85,MatthewASmith@dodgit.com,yaeThu8th,Matthew,Smith,2009 Hillside Drive,Opelousas,LA,70570,Visa,4716778599789409,383,2/2014
Andidn,ElaineCCavallaro@spambob.com,faX2Oole,Elaine,Cavallaro,2875 Johnny Lane,New Berlin,WI,53151,Visa,4539031192049457,919,6/2013
Betalor,FrankCOverton@spambob.com,AiGho7aejei,Frank,Overton,1573 Hilltop Street,Springfield,MA,01109,Visa,4916736011362401,211,8/2015
Insearruckin1955,SierraWCue@trashymail.com,Yae2deiZee,Sierra,Cue,4971 Freedom Lane,Stockton,CA,95204,MasterCard,5282010500193351,180,8/2015
Diater,KatieAWood@trashymail.com,vayaTh4fie,Katie,Wood,3277 Hilltop Street,Springfield,MA,01103,Visa,4916554127096262,429,10/2013
Toneady,LorettaKHale@mailinator.com,Eejoothoo8,Loretta,Hale,1542 Pretty View Lane,Cordelia,CA,94533,MasterCard,5349263072663357,685,11/2017
Thanted49,RobinRSiegel@spambob.com,rae5exeoGee,Robin,Siegel,4834 Bridge Street,Parsons,OK,67357,Visa,4532895911712943,328,7/2015
Younter1983,GarySBrown@spambob.com,biej4rah6P,Gary,Brown,644 Hickory Street,Orem,UT,84058,MasterCard,5348288674030532,681,12/2014
Eing1979,LouisKSquier@spambob.com,bohShae2eec,Louis,Squier,4982 Cinnamon Lane,San Antonio,TX,78217,MasterCard,5264710853709255,262,2/2015
Youdibetent,PabloTScott@spambob.com,ohmeeBah1ae,Pablo,Scott,3252 Sweetwood Drive,Centennial,CO,80112,Visa,4716576251483760,831,12/2014
Theyer,AlbertJSmith@spambob.com,sungu2theK9,Albert,Smith,1710 Hart Country Lane,Hamilton,GA,31811,Visa,4929399133202503,164,12/2013
Ciat1961,JeffreyAEsposito@pookmail.com,ieJa7Av7Y,Jeffrey,Esposito,91 Anmoore Road,Queens,NY,11101,Visa,4929662118857579,722,2/2013
Chring,PaulJGolden@dodgit.com,Iegh0agee8,Paul,Golden,4235 Point Street,Chicago,IL,60640,Visa,4716473658001744,736,11/2015
Casse1965,MarthaJHerring@mailinator.com,eiYib5ai,Martha,Herring,2467 Palmer Road,Worthington,OH,43085,MasterCard,5444835832372694,985,8/2017
Prifid,FrederickWWilson@trashymail.com,aePaing5y,Frederick,Wilson,2105 Boggess Street,Five Points (Warren),OH,45066,MasterCard,5289870243100606,030,4/2017
Whimseeplis,BarbaraJSeitz@pookmail.com,Uv8uyu5geh,Barbara,Seitz,2279 Warner Street,Casper,WY,82601,Visa,4532864589940376,096,1/2015
Difer1933,EstaGMeza@pookmail.com,Wu5oa5gee,Esta,Meza,1158 Asylum Avenue,Wallingford,CT,06492,Visa,4716719399040122,699,6/2016
Yesithisces,TyreeMHernandez@dodgit.com,co5beiXei,Tyree,Hernandez,2628 Stuart Street,Indiana,PA,15701,MasterCard,5490333426222510,293,9/2013
Sime1957,NancyACorriveau@dodgit.com,Tool8bief8,Nancy,Corriveau,3287 Lonely Oak Drive,Mobile,AL,36693,Visa,4556614716399355,376,2/2013
Eforneunt,WendyLKamen@trashymail.com,En5oegaxa9ai,Wendy,Kamen,1723 Pineview Drive,Ellsworth,MN,56129,MasterCard,5148787478587086,978,2/2014
Suchemsess,JenniferROlmo@dodgit.com,OhH7aePhoo,Jennifer,Olmo,2743 Jessie Street,Athens,OH,45701,Visa,4929386294900124,001,2/2015
Chapted,SophiaCWahl@mailinator.com,ohWatheem6Woh,Sophia,Wahl,4851 Victoria Street,Baton Rouge,LA,70806,MasterCard,5243112745970011,151,4/2013
Letyle63,GladysJRamirez@pookmail.com,shei6Aey,Gladys,Ramirez,475 Golden Street,Miami,FL,33139,Visa,4532059513183835,371,8/2013
Mounmend,MarionCEzzell@dodgit.com,deeth8eCh,Marion,Ezzell,3991 Timber Oak Drive,San Luis Obispo,CA,93401,Visa,4485676738561995,173,8/2014
Upolkinsuct,WilliamSVelez@pookmail.com,Ajei6Aes,William,Velez,4931 Rhapsody Street,Gainesville,FL,32601,Visa,4532693126693978,457,4/2013
Eall1957,KayLMadrid@dodgit.com,ie0outh4Oom,Kay,Madrid,3635 Jarvis Street,Buffalo,NY,14202,Visa,4539849288534631,607,4/2014
Premosoming,SteveMTait@dodgit.com,Eich0cee,Steve,Tait,2236 Wyatt Street,Pompano Beach,FL,33069,Visa,4539643915960073,496,7/2014
Inct1939,RebeccaWHarvey@dodgit.com,quooy9paN,Rebecca,Harvey,1336 Fairfax Drive,Newark,NJ,07102,MasterCard,5420125292268840,982,4/2013
Johispent,MariaPFulton@trashymail.com,Aht4iaMoo,Maria,Fulton,3368 Walnut Street,Jackson,MS,39211,Visa,4929836127239348,502,4/2013
Olove1978,KarenDNickel@mailinator.com,chi5Ophai,Karen,Nickel,3572 Coburn Hollow Road,Pekin,IL,61554,Visa,4485496513734539,385,9/2017
Ocks1962,ElissaFSantacruz@mailinator.com,LahnahTheo2,Elissa,Santacruz,4865 Irving Road,Ironton,OH,45638,MasterCard,5565346260607166,275,1/2016
