Username,EmailAddress,Password,GivenName,Surname,StreetAddress,City,State,ZipCode,CCType,CCNumber,CVV2,CCExpires
Curpose,CurtisEBonds@dodgit.com,niC2teenevo,Curtis,Bonds,701 Round Table Drive,Cincinnati,OH,45236,Visa,4485497730577404,688,2/2016
Conare,FrankieTDickson@pookmail.com,jun2bie3Ieph,Frankie,Dickson,3672 Oak Street,Hermon,NY,13652,Visa,4485264789335070,526,10/2017
Tonce1983,GaryWPaul@spambob.com,oociPa9uzee,Gary,Paul,4289 Highland Drive,Green Bay,WI,54303,Visa,4556026368997404,273,9/2015
Thateld,CarolineGBurch@mailinator.com,fohjei1aiHi,Caroline,Burch,3129 Parrill Court,Crown Point,IN,46307,MasterCard,5147298354480058,097,12/2015
Babinfor70,PhyllisDSkinner@dodgit.com,oisieV7Ei,Phyllis,Skinner,3485 Edgewood Avenue,Fresno,CA,93704,Visa,4485716898982043,522,5/2017
Cier1978,DavidCODonnell@mailinator.com,aer4jaiX,David,O'Donnell,4647 Fulton Street,Charleston,WV,25301,Visa,4716304538208359,081,7/2014
Clady1953,EugeneELevine@pookmail.com,wa6goMoh,Eugene,Levine,2226 Grant Street,Pine Mills,TX,75783,MasterCard,5119073844788335,626,10/2014
Pulithey,MaryLBrashear@spambob.com,eerooX1hah,Mary,Brashear,1421 Hart Country Lane,Augusta,GA,30901,MasterCard,5155300741157560,513,12/2017
Withave,KennethJBenson@spambob.com,zee8aNopaiSh,Kenneth,Benson,2269 Maple Avenue,Boise,ID,83704,Visa,4916301488778835,088,3/2015
Waser1927,AnthonyBDudek@dodgit.com,chu0EiThae,Anthony,Dudek,1189 Patton Lane,Knight Dale,NC,27545,MasterCard,5230752799480808,313,12/2014
Spricand,GertrudeELawson@dodgit.com,ahya2Theesh,Gertrude,Lawson,36 Johnson Street,Raleigh,NC,27615,MasterCard,5559845916287891,605,11/2016
Fortand85,FrancesJTaylor@pookmail.com,Aeca4meigae,Frances,Taylor,698 Baker Avenue,Dallas,TX,75244,MasterCard,5258265446827625,837,1/2013
Hors1989,WilliamKFelix@mailinator.com,uisu0aeFei,William,Felix,2219 Heliport Loop,Leavenworth,IN,47137,Visa,4929750760613364,928,1/2013
Paides,DesmondJDexter@dodgit.com,uBaizaid1,Desmond,Dexter,1681 Carriage Lane,Scranton,PA,18504,Visa,4539576923811260,677,12/2013
Sublaid,JohnBOurs@trashymail.com,ra0On2AhSh,John,Ours,1256 May Street,Harold,KY,41635,Visa,4916173191728906,739,5/2015
Oweent,EdwardLBrown@spambob.com,Beex8aesh8Sha,Edward,Brown,1644 Bailey Drive,Cedar Rapids,IA,52404,MasterCard,5481930629172342,429,8/2017
Almly1964,PeterABryant@dodgit.com,caijupe1MieZ,Peter,Bryant,1743 Pratt Avenue,Olympia,WA,98501,MasterCard,5535379194492568,287,9/2013
Tolad1985,BobbyMAltman@pookmail.com,Oobohmi3Iph,Bobby,Altman,4362 Hudson Street,Paterson,NJ,07501,MasterCard,5114007284144679,582,2/2014
Dider1981,LisaFBolden@dodgit.com,Eenga6ei,Lisa,Bolden,3162 Jadewood Farms,Wayne,NJ,07477,Visa,4539001052362118,796,6/2017
Raverect,JoshuaLNavarro@dodgit.com,ZaeDah3ie4ah,Joshua,Navarro,4909 Ferry Street,Cullman,AL,35055,MasterCard,5139569329226960,743,3/2017
Atileture,CassieJWinston@pookmail.com,Cai9ohgha,Cassie,Winston,4500 Hickman Street,Oak Brook,IL,60523,Visa,4539832500110448,315,4/2014
Felainum,JerryVHubbard@dodgit.com,iChoozee7a,Jerry,Hubbard,2461 Sunset Drive,Pleasant Grove,AR,72567,Visa,4929250680040046,988,2/2013
Upped1990,DanielJPenniman@dodgit.com,Na4anuthie,Daniel,Penniman,4090 Pheasant Ridge Road,Philadelphia,PA,19103,Visa,4556726068767201,639,12/2017
Essfull,DonnaPCastro@pookmail.com,Vit3uvohy,Donna,Castro,894 Hidden Meadow Drive,Minot,ND,58701,MasterCard,5275718003789462,542,12/2017
Palin1944,VictorBForeman@dodgit.com,uToighoob3b,Victor,Foreman,1149 Tail Ends Road,Green Bay,WI,54303,Visa,4556173995099269,082,2/2017
Ansertiver,DorisSSaucier@mailinator.com,EiXaing4moh,Doris,Saucier,3587 Hinkle Deegan Lake Road,Binghamton,NY,13901,MasterCard,5590864338430279,408,11/2014
Thaten,AlfredGChambers@spambob.com,di8dei6Dei,Alfred,Chambers,3786 Roy Alley,Littleton,CO,80123,MasterCard,5430443744534646,651,3/2014
Feligne,SaraJHeider@spambob.com,loo1ku5Mah4,Sara,Heider,4444 Anmoore Road,Bronx,NY,10453,MasterCard,5141734699172907,886,10/2013
Agelf1992,RosemarySColombo@trashymail.com,nee8Bac6Woe,Rosemary,Colombo,3280 Charter Street,Olathe,KS,66061,Visa,4716037319205224,007,2/2014
Heighte,KarenFTurberville@dodgit.com,To7Qui0ohk,Karen,Turberville,2306 Poplar Avenue,San Diego,CA,92107,Visa,4539209455675560,442,4/2017
Sillux,MarySCarter@pookmail.com,Phei5ees0T,Mary,Carter,1256 Joy Lane,City Of Commerce,CA,90040,MasterCard,5122985826394755,969,12/2015
Frethe,FrankBSmith@pookmail.com,Quoob4ajei,Frank,Smith,3829 Beechwood Drive,Pittsburgh,PA,15219,Visa,4916085348517240,489,4/2017
Whailee,LindseyJMorgan@pookmail.com,oe4ooGeihee,Lindsey,Morgan,1511 Massachusetts Avenue,Washington,DC,20024,Visa,4929174905493501,563,6/2014
Soffore,BettyJKinney@mailinator.com,meeC2cua5ph,Betty,Kinney,2832 Werninger Street,Houston,TX,77032,MasterCard,5205042270674009,504,1/2014
Cusese,EvaRGridley@dodgit.com,loj3YeiQu,Eva,Gridley,2748 Half and Half Drive,Fresno,CA,93721,MasterCard,5285797782488205,211,7/2014
Ablared,AngelaRHaight@mailinator.com,mo7aij4OhToo,Angela,Haight,2071 Hemlock Lane,Edinburg,TX,78539,Visa,4929364521285643,122,2/2017
Wereaujubmis1960,RaymondKMurphy@spambob.com,vie9Soopauch,Raymond,Murphy,4290 Medical Center Drive,North Port,FL,34287,Visa,4556903875136397,306,6/2015
Sairike,MollyRLadner@dodgit.com,doe6uQuei,Molly,Ladner,3007 Bottom Lane,Buffalo,NY,14204,MasterCard,5119474280523436,470,3/2013
Thir1964,MarieRSharpe@pookmail.com,je5Pulaequ,Marie,Sharpe,1894 Franklin Avenue,Nordheim,TX,78141,Visa,4485251620485214,616,8/2016
Doets1961,MichaelENey@mailinator.com,Ada4ohnoc,Michael,Ney,360 Del Dew Drive,Gaithersburg,MD,20877,Visa,4556253014342211,513,7/2017
Rusy1972,GuadalupeCCaudill@mailinator.com,Koo9if2ee,Guadalupe,Caudill,3802 Cabell Avenue,Beltsville,VA,20705,Visa,4485609687934426,264,11/2014
Thading,JillDTyndall@trashymail.com,Zaed0peigh,Jill,Tyndall,1238 Ridenour Street,Miami,FL,33139,Visa,4556359790403810,246,7/2017
Icia1941,AnneADyer@dodgit.com,yo6veimieY,Anne,Dyer,2513 Fairfax Drive,Secaucus,NJ,07094,MasterCard,5108619046409691,865,2/2016
Wareir1967,MaryJLovett@dodgit.com,Ohgheith6r,Mary,Lovett,2593 Golden Street,Miami,FL,33143,Visa,4539541855245051,416,11/2016
Shigh1942,JenniferRHodges@mailinator.com,opoh7eoCaiCh,Jennifer,Hodges,1924 Liberty Street,Plano,TX,75074,MasterCard,5382110400542241,290,6/2016
Guits1941,PeterRGibson@mailinator.com,IeyeL2zuj,Peter,Gibson,1479 Horseshoe Lane,Portland,PA,97205,MasterCard,5274000762549325,988,11/2014
Torandready,SusanRTyson@pookmail.com,Iech8bogh,Susan,Tyson,4960 Kelley Road,Gulfport,MS,39501,MasterCard,5595630107389417,295,11/2014
Wireds,KarlaJGonzalez@dodgit.com,Oa3Seibohb,Karla,Gonzalez,1084 Summit Park Avenue,Pontiac,MI,48342,Visa,4532728784234457,963,6/2017
Adered,RobertJJacobs@trashymail.com,Miefau9aeVai2,Robert,Jacobs,3356 Rinehart Road,Fort Lauderdale,FL,33311,MasterCard,5189648850907138,640,1/2017
Prisses52,RuthAAlexander@pookmail.com,eingo9Pah,Ruth,Alexander,1602 Henry Ford Avenue,Tulsa,OK,74120,Visa,4532084600747086,778,11/2014
Fuleat,CarmenCRutan@spambob.com,EiSai9we3od,Carmen,Rutan,3866 Wood Duck Drive,Alston,MI,49958,MasterCard,5496498464954425,511,10/2015
Ansetracten78,LawrenceKBaty@pookmail.com,Oubeish7r,Lawrence,Baty,1096 Airplane Avenue,East Hartford,CT,06108,MasterCard,5395982628655756,212,5/2015
Scand1984,HelenRFrancis@pookmail.com,faelahBie9l,Helen,Francis,35 Clarksburg Park Road,Phoenix,AZ,85008,Visa,4539233546998294,217,4/2014
Ficeffloved,WillieEDecker@spambob.com,wauR7bah5Ee,Willie,Decker,4427 Melm Street,Lake City,FL,32025,MasterCard,5347941586221455,233,9/2016
Sars1951,JesusAReynolds@trashymail.com,aikeShai8O,Jesus,Reynolds,4590 Cliffside Drive,Slaterville Springs,NY,14881,MasterCard,5312511534345911,526,6/2017
Uposteave,LaurenPJohnson@pookmail.com,Zei7taeca,Lauren,Johnson,1991 Lakewood Drive,Jersey City,NJ,07305,Visa,4485142249724879,293,3/2015
Kinviout,MarjorieLFuller@trashymail.com,erii0Sua1aiZ,Marjorie,Fuller,4404 Russell Street,Bolton,MA,01740,MasterCard,5585928324526155,192,11/2013
Johor1975,PatriciaTWalters@pookmail.com,daequ5Kaiy,Patricia,Walters,3831 West Virginia Avenue,Albany,NY,12207,Visa,4485177734248851,856,7/2017
Museem72,BarbaraRCorkery@pookmail.com,Thu2ahsuw0,Barbara,Corkery,2604 Winding Way,Woonsocket,RI,02895,Visa,4556612365842949,835,4/2016
Nessittere,AnnaJHaynes@dodgit.com,sha6meeCh,Anna,Haynes,4297 Clement Street,Atlanta,GA,30303,MasterCard,5120858048509231,292,12/2013
Mysit1952,KarenJMartinez@pookmail.com,iu7waeFae7z,Karen,Martinez,2864 Ruckman Road,Oklahoma City,OK,73102,Visa,4556622485500061,173,2/2013
Rusid1950,WalterPJenkins@pookmail.com,wooY7onu6t,Walter,Jenkins,481 Bloomfield Way,Frenchville,ME,04745,Visa,4485135787075944,778,11/2013
Promitestake,LindaJReed@pookmail.com,eeb0eg6F,Linda,Reed,4368 Bridge Street,Tulsa,OK,74120,MasterCard,5116215044306219,254,8/2017
Bourn1992,LatonyaSVigil@trashymail.com,zeiGi0doogh,Latonya,Vigil,4271 Masonic Hill Road,Little Rock,AR,72209,MasterCard,5326912679395634,118,9/2013
Illowther,WilliamBCook@pookmail.com,jeengoo4Ahz,William,Cook,908 Chandler Drive,Springfield,MO,65806,Visa,4916155135335989,593,11/2017
Soughemair,EllaJYoung@dodgit.com,zauShoht6xae,Ella,Young,1952 Metz Lane,Camden,NJ,08102,Visa,4539112173904140,313,2/2014
Mationsills,ShannonHPryce@spambob.com,SidaoY5cei,Shannon,Pryce,2120 Pearcy Avenue,Milwaukee,WI,53217,Visa,4929911400361323,123,8/2016
Worch1928,DanLCorbett@spambob.com,Baizah2yeu2,Dan,Corbett,4566 Cherry Ridge Drive,Southfield,MI,48075,Visa,4556800074613061,097,2/2014
Feackle,FrankEHightower@mailinator.com,vu2thoe0Gie,Frank,Hightower,4589 Tavern Place,Golden,CO,80401,MasterCard,5223772397273354,048,9/2014
Ladmoultan,KathrynRWalters@trashymail.com,Ielaeph5Yoo,Kathryn,Walters,2106 C Street,Franklin,MA,02038,Visa,4916137424349285,520,1/2013
Thisheis,PerryKTorgerson@mailinator.com,Goophieghoo7,Perry,Torgerson,4031 Tibbs Avenue,Harrison,MT,59735,Visa,4556222881360606,003,12/2016
Wheme1974,MarkEEaster@pookmail.com,Egaezei6O,Mark,Easter,777 Frosty Lane,Binghamton,NY,13904,MasterCard,5337166085827048,495,12/2016
Groody1982,AliceEHoward@dodgit.com,Othe3iequ,Alice,Howard,3882 Gladwell Street,Memphis,TN,38106,MasterCard,5338652053673711,375,3/2016
Froce1951,MaidaCClark@trashymail.com,ahsh6reeVoh,Maida,Clark,4495 Broad Street,Birmingham,AL,35222,MasterCard,5499997926957394,363,4/2016
Verialowels,BelindaMMiller@dodgit.com,Yahk8Dahf2,Belinda,Miller,2448 Goosetown Drive,Charlotte,NC,28202,MasterCard,5560367528094133,413,9/2014
Hadval,DorisTHunt@dodgit.com,peijeigah9Ie,Doris,Hunt,1725 Moore Avenue,Euless,TX,76039,Visa,4539274279155835,283,11/2013
Thook1952,RobertIMartin@dodgit.com,eiju7oguDah,Robert,Martin,887 Pride Avenue,Bronx,NY,10461,MasterCard,5420141996487321,772,4/2016
Spectlemeded,BobbyMGoodson@dodgit.com,chaXei3ee,Bobby,Goodson,2771 Euclid Avenue,Los Angeles,CA,90017,MasterCard,5424154991879323,680,9/2016
Georted46,BreannaJFugate@dodgit.com,pheedo0Ae,Breanna,Fugate,963 Mount Tabor,Long Island City,NY,11101,MasterCard,5216826716386310,172,2/2014
Tromsented,AshleyMLombard@trashymail.com,yaiQuae2wie,Ashley,Lombard,3474 Williams Mine Road,Piscataway,NJ,08854,MasterCard,5167807772533408,447,11/2015
Hory1973,RonaldTDodson@spambob.com,eJahTish1th,Ronald,Dodson,1025 Grim Avenue,El Cajon,CA,92020,MasterCard,5378284399364325,610,4/2013
Tralk1949,CruzECaswell@trashymail.com,Zuipoh9Ai,Cruz,Caswell,1314 Buckhannan Avenue,Syracuse,NY,13202,MasterCard,5416661266584412,458,9/2015
Aturneve,HowardJHerr@dodgit.com,ooB0aip6iu,Howard,Herr,3954 Stoney Lonesome Road,Scranton,PA,18503,Visa,4716368776778555,286,1/2014
Wasken1942,GaryKRobinson@trashymail.com,uC4ieBai,Gary,Robinson,2165 Simpson Street,Bloomington,IL,61701,Visa,4929754731680486,638,12/2017
Geould,EvelynJCutts@spambob.com,iipohN4izie,Evelyn,Cutts,2833 Thompson Street,Long Beach,CA,90802,MasterCard,5145763944610953,646,10/2015
Anament90,RaymondDGoldberg@spambob.com,teiSh9so,Raymond,Goldberg,4563 Bobcat Drive,Washington,MD,20005,Visa,4929883362461922,693,12/2017
Uply1959,ToniHDavis@dodgit.com,thohf4Jo0ee,Toni,Davis,2628 Wildwood Street,Medina,OH,44256,MasterCard,5257355897215247,896,11/2013
Coundead,FranciscoMSimonds@dodgit.com,gaaheeshee5Ao,Francisco,Simonds,2826 Stratford Drive,Honolulu,HI,96814,Visa,4929572014633745,894,7/2017
Geou1986,RasheedaRRogers@spambob.com,ootohth6F,Rasheeda,Rogers,2820 Kidd Avenue,Kipnuk,AK,99614,Visa,4916818151130788,143,3/2013
Boxechan,AlfredEAlonzo@spambob.com,Shaenge5nee,Alfred,Alonzo,1429 Sampson Street,Aurora,CO,80014,MasterCard,5588816214192252,828,2/2016
Abeatice,WilliamCReardon@dodgit.com,oQui9pufee,William,Reardon,4136 Copperhead Road,New Haven,CT,06511,Visa,4716096716055517,923,3/2016
Yesseresels,WilliamREdwards@trashymail.com,xiez3ai2Oo,William,Edwards,3829 Evergreen Lane,Pomona,CA,91766,Visa,4556222197021579,415,8/2015
Whocautencen,RayWGoldman@pookmail.com,evoh7OoBo8ie,Ray,Goldman,651 Arron Smith Drive,Honolulu,HI,96813,Visa,4916717440536237,115,4/2016
Oltous,MarleenCDillon@spambob.com,ieng6xiNei,Marleen,Dillon,4627 Lynch Street,Appleton,WI,54911,Visa,4485897635229086,784,7/2016
Waidelve,RubenTForman@spambob.com,Foyaiso4Ai,Ruben,Forman,2821 Perine Street,Washington,VA,20004,MasterCard,5562593831687176,733,7/2015
Camble,MatthewLFu@spambob.com,Aiph2eiloh,Matthew,Fu,3945 Hilltop Drive,Pampa,TX,79065,MasterCard,5589390656600981,032,1/2014
Licep1985,RicardoANorfleet@spambob.com,Fee2ij8Oh,Ricardo,Norfleet,31 Bubby Drive,Austin,TX,78749,MasterCard,5193654154667281,208,4/2013
Toloses60,SteveKFreeman@mailinator.com,moYee9lei,Steve,Freeman,4444 Mutton Town Road,Marysville,WA,98270,MasterCard,5541534166869399,249,6/2016
Withanot,StephenMLloyd@spambob.com,Eekee3lieng,Stephen,Lloyd,4973 Melm Street,Daytona Beach,FL,32114,Visa,4532245710130337,501,1/2017
Allecir,LaurenceLLee@mailinator.com,shais5Ph,Laurence,Lee,1429 Broadcast Drive,Charlotte,NC,28202,MasterCard,5244686137246824,639,11/2016
Sweas1961,SamanthaBStevens@trashymail.com,eoRo1nah8ok,Samantha,Stevens,3613 Hickory Lane,Washington,DC,20200,MasterCard,5117711053376258,456,9/2013
Brithinew,RichardCDownard@trashymail.com,Iedo2pha,Richard,Downard,2745 Tibbs Avenue,Great Falls,MT,59401,MasterCard,5460820153517316,685,12/2015
Nima1980,CindyRRandall@pookmail.com,gudaeWe0,Cindy,Randall,4899 Pleasant Hill Road,Bellflower,CA,90706,Visa,4916723799538253,780,6/2014
Slicesed,LillianTGarza@pookmail.com,Sah3iech,Lillian,Garza,3553 Biddie Lane,Goochland,VA,23063,Visa,4539856353543025,901,10/2013
Beills,JasonMSantiago@spambob.com,ue9Ruyai5,Jason,Santiago,3812 Breezewood Court,Americus,KS,66835,MasterCard,5529859115425738,993,2/2013
Fulot1941,JohnPAlbright@mailinator.com,Ap4yei9aiGh,John,Albright,2545 Harry Place,Charlotte,NC,28208,Visa,4716406344836834,460,3/2015
Seck1945,BettyWHamilton@mailinator.com,mouNg6deis4,Betty,Hamilton,3324 Jett Lane,Los Angeles,CA,90067,Visa,4485585414293684,137,7/2013
Magesentrage1944,BobbyMWinkfield@trashymail.com,Oog2Ahkoaf5,Bobby,Winkfield,4959 Gorby Lane,Brookhaven,MS,39601,MasterCard,5469556765456912,637,3/2013
Tilty1952,PearlLTwilley@trashymail.com,weey9Eigh,Pearl,Twilley,1618 Canis Heights Drive,Los Angeles,CA,90071,MasterCard,5121150445754274,987,4/2017
Reprithe,OmarMRocha@spambob.com,Rikaw7eig,Omar,Rocha,2382 Clinton Street,Fort Washington,PA,19034,MasterCard,5368862179868821,788,2/2016
Evandood34,PhyllisMWertz@dodgit.com,eegoo8Oor,Phyllis,Wertz,3900 Harley Vincent Drive,Oberlin,OH,44074,Visa,4532230098717939,470,1/2013
Tramere,EleanorDHefner@pookmail.com,Ohwoij8uPh,Eleanor,Hefner,2771 Ashwood Drive,Council Bluffs,IA,51501,MasterCard,5385824452408948,194,5/2014
Edeen1955,SadiePCulp@pookmail.com,roeF6aesha,Sadie,Culp,1370 Post Farm Road,Atlanta,GA,30020,Visa,4556531716333095,434,10/2016
Menant,CherylGPhillips@trashymail.com,Eet1Ahke,Cheryl,Phillips,117 Watson Street,Camden,NJ,08102,Visa,4485989149190852,394,3/2016
Trusight,GlendaRKruse@spambob.com,suuGuez3Ohng,Glenda,Kruse,3336 Ford Street,Concord,CA,94520,MasterCard,5506135403686522,841,5/2017
Elsen1928,MonaRPeterson@pookmail.com,coy9Aepah,Mona,Peterson,1372 Kelly Drive,Clarksburg,WV,26301,MasterCard,5466606716194691,613,7/2017
Acesturod,FernJHuff@pookmail.com,Eichu4aidoo,Fern,Huff,4421 Bridge Avenue,Scott,LA,70583,Visa,4485944954383126,908,7/2017
Antsmairming,AlexandraGMabry@mailinator.com,aiR8xephei,Alexandra,Mabry,4356 Despard Street,Atlanta,GA,30310,Visa,4532350875936609,802,11/2017
Thang1963,TimothyLRogers@mailinator.com,ooNg7oye,Timothy,Rogers,2118 Wolf Pen Road,Burlingame,CA,94010,MasterCard,5354698891872063,097,8/2017
Wituartany,AndrewNRobertson@spambob.com,ohVee1ahph,Andrew,Robertson,360 Kembery Drive,Chicago,IL,60605,MasterCard,5282543428059551,857,5/2013
Thempheince,AmandaJMayberry@dodgit.com,aecoideiC6ie,Amanda,Mayberry,870 Jerry Toth Drive,Jim River Camp,AK,99701,Visa,4929622120195657,978,7/2016
Subjecome,RobertEKeller@trashymail.com,Oo6Ixeech0T,Robert,Keller,2134 Copperhead Road,Hartford,CT,06103,Visa,4485042087113252,613,12/2015
Knome1967,CarrieEHill@spambob.com,ohxiet3Ch,Carrie,Hill,3915 Doctors Drive,Los Angeles,CA,90017,Visa,4916267784917106,281,10/2017
Faccorelfain,AngelTLuciano@mailinator.com,juab4Xo7e,Angel,Luciano,4612 Calico Drive,St John,WA,99171,Visa,4556581336949333,357,8/2014
Shin1949,JacquelineELecompte@spambob.com,woh0Aijief7,Jacqueline,Lecompte,691 Long Street,Gainesville,FL,32601,MasterCard,5248606107729415,409,3/2017
Agpied,SusanWWilbur@mailinator.com,reis0dueCie,Susan,Wilbur,2482 Blue Spruce Lane,Still Pond,MD,21667,MasterCard,5148982698736841,318,2/2014
Dionsiouseve,RoslynSMcDonald@trashymail.com,ohuu1Iefai,Roslyn,McDonald,3138 Moonlight Drive,Pennsauken,NJ,08110,MasterCard,5519724217673746,472,2/2014
Honow1954,JohnathanAYoung@dodgit.com,uJahshielo2,Johnathan,Young,1758 August Lane,Monroe,LA,71201,MasterCard,5420815576372280,870,11/2013
Mossearken,JoannMSmith@trashymail.com,iHaiz4ei,Joann,Smith,3846 Raoul Wallenberg Place,Hartford,CT,06103,Visa,4929174751463434,961,10/2017
Faverry,JosephECarrera@spambob.com,Eij2cex7nob,Joseph,Carrera,4524 Pretty View Lane,Santa Rosa,CA,95401,Visa,4539906021877170,444,2/2016
Youteentron,RudyHPhillips@dodgit.com,huP7ua3hoo,Rudy,Phillips,1171 Hickory Ridge Drive,Las Vegas,NV,89101,Visa,4716671341393903,427,3/2013
Thorm1962,SusanCBalderas@dodgit.com,aT6yeijub,Susan,Balderas,4500 Corpening Drive,Troy,MI,48084,MasterCard,5494600277128335,063,3/2013
Leat1933,KathyKConley@spambob.com,Kimoike1a,Kathy,Conley,3760 Camel Back Road,Tulsa,OK,74145,MasterCard,5229296937051280,410,5/2013
Sendes,MariaKKeyser@pookmail.com,oNgiequie4,Maria,Keyser,3184 Masonic Drive,Glasgow,MT,59230,MasterCard,5301682351798111,011,9/2015
Havilly,ShaniWHall@spambob.com,ge2deexa3Ae,Shani,Hall,272 Whispering Pines Circle,Richardson,TX,75081,MasterCard,5131805457242504,344,8/2015
Divive82,RobertVGwaltney@dodgit.com,aephe4Hae,Robert,Gwaltney,4089 Charter Street,Lawrence,KS,66044,MasterCard,5293139643087282,187,6/2016
Anis1935,TimothyTStewart@dodgit.com,zaHenu4Aix,Timothy,Stewart,4388 Howard Street,Grand Rapids,MI,49503,Visa,4716781630085852,502,12/2017
Migen1933,HansSHolmes@trashymail.com,Oomie9Ug,Hans,Holmes,3886 Pinchelone Street,Portsmouth,VA,23707,MasterCard,5194788747779283,535,12/2014
Londect,KimTTurner@trashymail.com,ieH9ReiY,Kim,Turner,3898 Bryan Avenue,Afton,MN,55001,Visa,4929470512433983,735,8/2014
Foold1942,AnnaRVincent@trashymail.com,Theechia0,Anna,Vincent,2936 Ridenour Street,Miami,FL,33128,MasterCard,5502448576154879,413,9/2015
Fink1958,EarlJWheeler@dodgit.com,aepah5Doo,Earl,Wheeler,2895 Providence Lane,Mira Loma,CA,91752,Visa,4716651823923740,224,2/2015
Counwent,BernardSFletcher@trashymail.com,simoophai6Xae,Bernard,Fletcher,1123 Sardis Sta,Fort Worth,TX,76102,MasterCard,5267018948026751,681,1/2013
Liet1957,EricBRios@trashymail.com,If2queesow,Eric,Rios,4520 Franklee Lane,Philadelphia,PA,19107,Visa,4929151676334445,102,4/2014
Dreaseenown,BillyLEdelman@dodgit.com,gaiMoh7Jah,Billy,Edelman,4541 Hartland Avenue,Milwaukee,WI,53202,Visa,4556005687381169,958,2/2014
Thistintivin,MaryJMay@trashymail.com,pieSh3AixieK,Mary,May,2125 Wildrose Lane,Detroit,MI,48202,Visa,4916952159919700,926,12/2013
Upinedegs,PatriciaAKennedy@trashymail.com,ea4ook3Du5oh,Patricia,Kennedy,4409 Buckhannan Avenue,Syracuse,NY,13202,Visa,4556750206787350,529,6/2016
Wele1952,BenjaminBRearick@spambob.com,rei7aiPh,Benjamin,Rearick,964 Pringle Drive,Hickory Hills,IL,60457,Visa,4532826085787239,229,11/2017
Dichat,SalvadorIGutierrez@dodgit.com,lei7phoh1Ai,Salvador,Gutierrez,297 Wilson Avenue,Grand Prairie,TX,75051,Visa,4929528401790548,817,12/2016
Fiuman,LuisGBuchman@mailinator.com,gooHeo4le,Luis,Buchman,1398 Oakmound Drive,Chicago,IL,60653,Visa,4539036510727692,455,6/2016
Ders1985,RichardJCespedes@trashymail.com,Jumi3ongieF,Richard,Cespedes,1658 Strother Street,Birmingham,AL,35209,MasterCard,5350779063261352,302,7/2016
Whervore,LindaGMancuso@mailinator.com,aaBohfi8,Linda,Mancuso,632 Thompson Street,Gardena,CA,90247,MasterCard,5418869969257131,522,7/2014
Ofew1927,LorenaGApgar@spambob.com,paecheJ4o,Lorena,Apgar,2011 Oakwood Avenue,Manhattan,NY,10016,Visa,4539760363308272,461,12/2016
Musibut,ElenaSBenbow@trashymail.com,Ji1IleiB4,Elena,Benbow,403 Mount Olive Road,Gainesville,GA,30501,Visa,4716820087632277,523,10/2015
Blanne,FranciscoCWicks@dodgit.com,auzah5Loo3y,Francisco,Wicks,3576 Chandler Drive,Joplin,MO,64801,MasterCard,5170772718520460,166,7/2014
Latim1987,LilyJNunez@mailinator.com,Wos3ughah,Lily,Nunez,1984 Maryland Avenue,Pinellas,FL,34624,Visa,4556475159498629,004,10/2014
Whichis,MariaSPalacios@dodgit.com,aichay5iaQu,Maria,Palacios,3407 Buffalo Creek Road,Nashville,TN,37214,MasterCard,5209773162204952,984,10/2015
Thall1986,KathyTBoone@pookmail.com,Ohrechun4au,Kathy,Boone,1031 Tree Frog Lane,Kansas City,MO,64106,Visa,4916692411290165,411,6/2014
Parl1935,ChristinaPMorris@pookmail.com,iengai7UGeVie,Christina,Morris,4655 Lake Road,Maple Shade,NJ,08052,MasterCard,5357570561071135,347,8/2014
Theatione,WilliamMChandler@dodgit.com,eeyeeGh4oh,William,Chandler,2335 Felosa Drive,San Angelo,TX,76903,Visa,4716110247332061,332,7/2014
Tionot,TedDWilliamson@spambob.com,IeShah5p,Ted,Williamson,536 Nicholas Street,Hope,KS,67451,Visa,4916336514989527,590,3/2014
Threare68,JacobMCraig@pookmail.com,cheeTei2diuV,Jacob,Craig,308 James Martin Circle,Worthington,OH,43085,Visa,4916565899562869,520,11/2015
Thadjaink,CaroleKMartel@mailinator.com,Ohth8iekoo,Carole,Martel,4444 Snider Street,Colorado Springs,CO,80903,MasterCard,5134586536129188,380,5/2017
Therb1946,BarbaraJModica@spambob.com,Aed8Meirei,Barbara,Modica,2472 Angus Road,New York,NY,10007,Visa,4556939306580191,650,6/2013
Thosollover,KattieMHigh@dodgit.com,yoocee5aeH,Kattie,High,4601 Bee Street,Pentwater,MI,49449,MasterCard,5186148169958602,534,3/2017
Sublien,JeanetteRWilliams@mailinator.com,Shie0heeg,Jeanette,Williams,1394 Woodland Terrace,Sacramento,CA,95814,MasterCard,5479806981563472,310,1/2016
Vaggrosen1930,ThomasWDewitt@pookmail.com,Xah0chie,Thomas,Dewitt,4803 Tree Frog Lane,Lenexa,MO,66215,Visa,4539497753491034,243,5/2013
Washeand,RobertRJoyner@trashymail.com,uuQuoxiev7,Robert,Joyner,3717 Cessna Drive,Fort Wayne,IN,46802,Visa,4916519701003547,549,6/2017
Whissind,MaynardAWebb@mailinator.com,Kaem2Howoo,Maynard,Webb,2241 Stout Street,Hershey,PA,17033,MasterCard,5504428241027179,153,8/2014
Thoster,MarianneNJoe@spambob.com,Vohzah7th,Marianne,Joe,1744 Spring Avenue,Philadelphia,PA,19108,Visa,4539693382992307,005,9/2015
Donve1987,IsraelANunez@trashymail.com,Meepha8uaj,Israel,Nunez,781 Tecumsah Lane,Cotton Port,LA,71327,Visa,4485473899302470,522,8/2017
Shic1945,QuinnTSmith@mailinator.com,Av5Ezahmie,Quinn,Smith,2494 Cambridge Drive,Peoria,AZ,85382,Visa,4716534073899960,590,4/2016
Pribue33,BarbaraTJacobs@pookmail.com,ied5ahBe6,Barbara,Jacobs,2792 Redbud Drive,Garden City,NY,11530,MasterCard,5396026712489273,316,7/2013
Shensted,EddieFGoss@pookmail.com,Ahquai0ie,Eddie,Goss,3231 Smith Road,Panola,GA,30058,Visa,4556541797557934,035,2/2017
Affing,CharlesLTwitty@pookmail.com,eRei6quiego,Charles,Twitty,2886 Cambridge Drive,Glendale,AZ,85301,Visa,4539661756123338,866,12/2016
Eilteradde,DianeJMcLeod@pookmail.com,ahDieg0ohd2A,Diane,McLeod,1486 Pretty View Lane,San Francisco,CA,94107,MasterCard,5271745147792205,226,2/2014
Mente1966,NancyJFitting@spambob.com,nae1ohZ6fee,Nancy,Fitting,4102 Golden Ridge Road,Albany,NY,12207,Visa,4916881309977096,623,12/2015
Fixied,RhondaVCaldwell@trashymail.com,zao9ipooG,Rhonda,Caldwell,4127 Polk Street,Tucson,AZ,85705,Visa,4929750472818236,672,8/2015
Doughs1969,PatriciaMGarner@trashymail.com,ahlao6mooGei,Patricia,Garner,339 Heritage Road,Visalia,CA,93291,Visa,4929312130884900,511,5/2015
Noren1960,GeorgeDBarros@pookmail.com,aiV5mooh,George,Barros,562 Farnum Road,New York,NY,10031,MasterCard,5243661786848304,793,6/2015
Hereinitoor1937,MichaelGBarwick@spambob.com,Hi7oen4tuR,Michael,Barwick,4036 Powder House Road,Boca Raton,FL,33434,Visa,4716957255984658,404,10/2017
Imsels,WillisAPacheco@dodgit.com,Phoosh7thie,Willis,Pacheco,3491 Lunetta Street,Tampa,FL,33610,MasterCard,5452347570993540,064,12/2013
Yeacheir,LoriSHiles@dodgit.com,Aigh4ahWie9R,Lori,Hiles,3732 Filbert Street,Fort Washington,PA,19034,Visa,4532926254464584,725,5/2015
Pomed1991,WinifredCEdge@spambob.com,Taigaet3Sah,Winifred,Edge,2592 Southern Street,Bohemia,NY,11716,MasterCard,5376235808434093,169,8/2014
Racke1956,VincentACarr@spambob.com,heix6iaz4Ie,Vincent,Carr,3055 Stoney Lonesome Road,Williamsport,PA,17701,Visa,4485570636277681,642,11/2014
Thisitted,TerryMFitzgibbons@pookmail.com,buYeid4eel,Terry,Fitzgibbons,1168 Feathers Hooves Drive,New York,NY,10004,Visa,4532255352230220,931,10/2017
Thimarl,AlexDMessick@trashymail.com,waiX5uiPh,Alex,Messick,3953 Walnut Avenue,Burley,ID,83318,Visa,4556754927598443,074,1/2017
Jusight,SummerSOntiveros@pookmail.com,aeN5Weequ,Summer,Ontiveros,3427 Providence Lane,Rosemead,CA,91770,MasterCard,5201773785502624,939,4/2015
Oprout1935,ElizabethMBowers@dodgit.com,Zongoo5oo,Elizabeth,Bowers,1459 Rebecca Street,Oak Brook,IL,60523,Visa,4485876194639943,599,4/2017
Cusuneve,JeanCRojas@mailinator.com,Week2eekah5,Jean,Rojas,1811 Hall Place,Palestine,TX,12345,Visa,4916572065547989,602,6/2014
Mithe1993,AmyMConner@trashymail.com,Kie9obah,Amy,Conner,2775 Fannie Street,Tunis,TX,77878,Visa,4556901350632211,642,4/2015
Frethe,AdolphJBowlin@trashymail.com,Eefe0ahBah,Adolph,Bowlin,1421 Randall Drive,Hilo,HI,96720,Visa,4929620666468033,505,9/2015
Milivered,AlanRWalton@dodgit.com,jee9ohMohm,Alan,Walton,2301 Oakway Lane,Woodland Hills,CA,91303,Visa,4539092423939304,819,2/2017
Liate1955,DianeLWilliams@trashymail.com,aeY3cha5ah,Diane,Williams,3974 Joseph Street,Sheboygan Falls,WI,53085,Visa,4539699675909668,763,8/2017
Wifeentent,PaulMJohnston@trashymail.com,Na4AeN6K,Paul,Johnston,2234 Penn Street,Columbia,MO,65207,Visa,4556114169502399,979,9/2013
Beatim,AntonioSEncinas@pookmail.com,fooj9oqu4N,Antonio,Encinas,2533 Wildrose Lane,Southfield,MI,48075,Visa,4916312694805858,268,3/2013
Hourpre,BonnieJGreen@pookmail.com,EgooV2nonie,Bonnie,Green,2857 Gladwell Street,Memphis,TN,38133,Visa,4929600698752976,481,12/2013
Ramessanies,EmaRPeters@trashymail.com,Iap0dooHoR,Ema,Peters,2971 Still Street,Toledo,OH,43609,MasterCard,5369955819611020,813,7/2013
Entenight93,FredNLang@trashymail.com,Gee6Iosho5s,Fred,Lang,3185 Stadium Drive,Rehoboth,MA,02769,Visa,4929872844511909,690,7/2013
Calist,MaryBPearson@mailinator.com,weiXaighu1ae,Mary,Pearson,3495 Kelley Road,Bay St Louis,MS,39520,MasterCard,5331327375506082,925,3/2013
Ankfand,DanielleTHoliday@dodgit.com,Do2aez7ei,Danielle,Holiday,3242 Water Street,Fremont,CA,94539,MasterCard,5309132538072685,685,7/2017
Looncomet82,GayeJNapper@mailinator.com,Xail7ma4eeyoo,Gaye,Napper,3226 Mill Street,Seneca,SC,29672,MasterCard,5247314930970469,707,5/2013
Theacted,WilliamVMurphy@trashymail.com,hoj0Pheec8a,William,Murphy,358 Platinum Drive,Bridgeville,PA,15017,MasterCard,5376366436903504,475,5/2017
Owent1936,BrendaJInfante@pookmail.com,Teph1ahp5,Brenda,Infante,3764 Henry Ford Avenue,Sperry,OK,74120,Visa,4532840471550036,851,12/2013
Miturie1981,HenryBOlson@pookmail.com,mei4Idoo7,Henry,Olson,1764 Barfield Lane,Indianapolis,IN,46241,MasterCard,5327397074963641,829,6/2015
Hispeciam,NellBSpeier@trashymail.com,Shu3yei9gie,Nell,Speier,4092 Camden Place,Florence,SC,29501,Visa,4716733217565889,038,12/2014
Preginund,MelissaDTurner@dodgit.com,ASoofae6shah,Melissa,Turner,2025 Olen Thomas Drive,Knox City,TX,79529,MasterCard,5515644737989857,889,12/2016
Hounts,JuliaWHolland@pookmail.com,ra0haetheW,Julia,Holland,402 Court Street,Union,MO,63084,MasterCard,5286469895988021,139,12/2017
Flocutier,NancyPDyer@spambob.com,ieh8me1Ainee,Nancy,Dyer,4539 Traction Street,Greenville,SC,29601,MasterCard,5458878494877835,903,11/2014
Squis1954,MistyCKerley@pookmail.com,Phu6zungei,Misty,Kerley,38 Spinnaker Lane,Spring Grove,IL,60081,Visa,4716993410870573,910,11/2015
Enisho,ChiquitaSBrackman@trashymail.com,ohKeab9neequ,Chiquita,Brackman,3709 Charack Road,Evansville,IN,47708,MasterCard,5483455537549652,639,12/2017
Ficut1933,SylviaRSmith@dodgit.com,the9Aeph,Sylvia,Smith,4177 Ashwood Drive,Omaha,NE,68137,Visa,4532488460673748,994,3/2016
Wred1928,JohnNFargo@mailinator.com,Suxoop1pie,John,Fargo,3340 Maple Lane,Madison,AL,35758,MasterCard,5578042812571340,876,3/2015
Hicar1956,RobertJBarter@spambob.com,ookahThee3,Robert,Barter,4826 Trainer Avenue,Alpha,IL,61413,Visa,4539869440585255,925,5/2017
Dued1972,MaryJMaye@pookmail.com,Ayaiph7B,Mary,Maye,3229 Kidd Avenue,Akiachak,AK,99551,MasterCard,5599109778494026,802,10/2013
Headee,DonaldKFerrante@spambob.com,vee8uth3Va,Donald,Ferrante,4289 Stoney Lane,Dallas,TX,75204,MasterCard,5107196738586699,666,11/2015
Parturly,BerthaTHartley@spambob.com,wi9thooNux,Bertha,Hartley,531 Hartland Avenue,Milwaukee,WI,53202,MasterCard,5544137469444972,619,3/2013
Colest45,DavidWThompson@mailinator.com,feipo0Aeli7,David,Thompson,4153 Conaway Street,Bloomington,IN,47408,MasterCard,5208905654768307,573,10/2013
Appid1987,JosephDTaylor@pookmail.com,zeiCh0xuith9,Joseph,Taylor,532 Pinnickinick Street,Portland,WA,97205,Visa,4716995733817686,526,11/2013
Thatualle,MaryCBeaupre@spambob.com,ohRo0aeCh,Mary,Beaupre,4928 Millbrook Road,Downers Grove,IL,60515,Visa,4532158726269983,215,10/2015
Sphe1992,SaraSDuhon@dodgit.com,Ohp3kae5ka,Sara,Duhon,162 Elsie Drive,Ashley,SD,58413,MasterCard,5380875426126409,494,11/2015
Qualown,AltaRHowland@trashymail.com,Shohthoh0,Alta,Howland,4174 Long Street,Ocala,FL,34471,MasterCard,5366811716480303,843,2/2015
Thearding,CherylMIcenhour@trashymail.com,sae4shiewaH,Cheryl,Icenhour,2309 Heliport Loop,Pigeon Township,IN,47523,Visa,4716660747334108,700,10/2017
Inelisgue,CeliaOTudor@spambob.com,Neegee3ahD,Celia,Tudor,4574 Bingamon Branch Road,Arlington Heights,IL,60004,MasterCard,5396957550670998,068,4/2016
Therencough,DeniceAMcDonald@dodgit.com,Phiec1ooDae,Denice,McDonald,4859 Evergreen Lane,City Of Commerce,CA,90040,Visa,4916567788071242,836,2/2014
Trae1957,JasonLStein@spambob.com,Ia9Quohc,Jason,Stein,3082 John Avenue,Lansing,MI,48911,MasterCard,5551846275486700,517,1/2014
Lorineve,VickeyCONeill@trashymail.com,Aede5phie,Vickey,O'Neill,763 Stadium Drive,Westborough,MA,01581,Visa,4929345116970012,048,9/2016
Hation,RichardLMcKean@spambob.com,Iegh3sai8oo,Richard,McKean,2055 Foley Street,Hialeah,FL,33012,Visa,4716023022216971,060,10/2015
Baged1949,CarolynTLopez@mailinator.com,ieQu5aash7,Carolyn,Lopez,4470 Horseshoe Lane,Norristown,PA,19403,MasterCard,5514044751234010,292,2/2015
Poick1937,EddieJLoiselle@trashymail.com,kiiYo8foh,Eddie,Loiselle,2605 Boring Lane,San Francisco,CA,94105,Visa,4716035069441965,732,1/2016
Restroulner,ReginaTWashington@mailinator.com,foo4ru6EiGh,Regina,Washington,3044 Sundown Lane,Austin,TX,78758,Visa,4916697734890534,291,9/2017
Weepleget,WilliamDMunford@dodgit.com,aegie8Aij,William,Munford,3920 Grey Fox Farm Road,Porter,TX,77365,Visa,4532654481542481,759,11/2014
Shose1990,MarthaPLimon@dodgit.com,Ier5pe8ooh,Martha,Limon,4570 Bungalow Road,Lincoln,NE,68501,MasterCard,5559009091545124,306,3/2014
Frem1973,RichardEHill@spambob.com,vohx3quaek4I,Richard,Hill,403 Still Street,Scott,OH,12345,Visa,4539982365925289,248,2/2013
Prock1936,DiaLThornton@dodgit.com,uHeoSh2chei,Dia,Thornton,2486 Crestview Terrace,San Antonio,TX,78205,Visa,4556504565662567,721,9/2015
Whounces,GeraldAOlivares@spambob.com,OokaeSh4vai,Gerald,Olivares,2669 Lyndon Street,Sassamansville,PA,19472,MasterCard,5184400047610851,953,10/2015
Painathe,ChristopherBMadden@spambob.com,Eika2Pai8Ph,Christopher,Madden,3175 Old Dear Lane,Red Hook,NY,12571,Visa,4556305735240692,005,10/2015
Daugh1952,MaryFConn@mailinator.com,eiY0joh6X,Mary,Conn,3258 Conifer Drive,Seattle,WA,98101,Visa,4916645964389396,271,10/2017
Evized,CoreyMNelson@pookmail.com,eiRah7kaedoo,Corey,Nelson,4722 Little Acres Lane,Champaign,IL,61820,MasterCard,5415942772609492,725,9/2013
Timern,GeraldEBegley@pookmail.com,ouF5lailu,Gerald,Begley,167 Orchard Street,Bloomington,MN,55420,Visa,4532627954326236,983,2/2016
Accourse,LindaBShaw@pookmail.com,Niph2aed,Linda,Shaw,3509 Poco Mas Drive,Dallas,TX,75207,MasterCard,5570369594715771,666,10/2016
Confor,JoeDChaidez@mailinator.com,ooveeWut0Ia,Joe,Chaidez,1488 Bartlett Avenue,Troy,MI,48083,Visa,4485366532799054,525,5/2014
Sonarmiss,SoniaJBaskerville@pookmail.com,ieP2woof8,Sonia,Baskerville,3769 Lake Road,Camden,NJ,08102,Visa,4716649429563407,529,3/2017
Blentoreaday,ShirleyGHarris@trashymail.com,neh6Jai3ie,Shirley,Harris,1493 Sweetwood Drive,Denver,CO,80220,MasterCard,5285836100475112,857,4/2015
Naloct,DaltonLCourtney@pookmail.com,mohluwa3Ahn,Dalton,Courtney,509 Zappia Drive,Florence,KY,41042,MasterCard,5414710663369356,011,9/2017
Unnot1933,ZacharyACharles@dodgit.com,hai4AShu,Zachary,Charles,4878 Bottom Lane,Jamestown,NY,14701,Visa,4485263109601427,667,9/2017
Asim1973,RachelleAMontoya@trashymail.com,oZ2eeZaipah7,Rachelle,Montoya,3304 Hurry Street,Roanoke,VA,24011,Visa,4716594790078827,353,4/2017
Overniseents,SusanRDuran@spambob.com,Wauquiha8f,Susan,Duran,609 Hilltop Street,Springfield,MA,01103,Visa,4532343140449268,260,5/2014
Leptied,LeoJMalek@dodgit.com,xee7Thip9Joo,Leo,Malek,3459 Argonne Street,Philadelphia,DE,19103,Visa,4916989651224957,648,3/2015
Overniseents,DeanBDecoteau@pookmail.com,iv9sahzu2Ee,Dean,Decoteau,3212 Hidden Pond Road,Nashville,TN,37201,Visa,4556008845234676,005,3/2014
Regaserig,RossJPatel@pookmail.com,rohnei4Choo,Ross,Patel,1977 Thompson Street,La Habra,CA,90631,MasterCard,5581186123983242,575,7/2014
Devens91,HubertPGuerrero@dodgit.com,aek5ou6L,Hubert,Guerrero,4359 Newton Street,Chokio,MN,56221,Visa,4539570058806278,002,8/2017
Entse1991,EllaCSeavey@dodgit.com,Aquiew7ah,Ella,Seavey,2910 Hillside Street,Chandler,AZ,85226,MasterCard,5302788710586664,681,4/2013
Ophymplariew,BradRHarris@mailinator.com,ooG7thaiCh,Brad,Harris,3924 Simpson Avenue,Harrisburg,PA,17111,MasterCard,5304256632050688,742,8/2016
Otheaked,DonnaLCurtis@dodgit.com,Ogh6eerei,Donna,Curtis,4963 Rosewood Court,Gaylord,MN,55334,MasterCard,5109924899143119,829,5/2015
Fivinte,PaulettaTUnrein@mailinator.com,phaZ8iePeeJ,Pauletta,Unrein,2631 Lady Bug Drive,Long Island City,NY,11101,Visa,4556343265018006,679,11/2016
Obst1938,AmandaCOhara@trashymail.com,Iem8ahxoo8i,Amanda,Ohara,2044 Newton Street,Osseo,MN,55369,MasterCard,5493431024259277,492,12/2014
Uniman,BillyBAppel@pookmail.com,Caeb7xai7,Billy,Appel,3682 Leisure Lane,Moorpark,CA,93021,MasterCard,5594253809274794,961,7/2013
Watens,LindaCMitchell@pookmail.com,Oodug9teed,Linda,Mitchell,2904 Hornor Avenue,Tulsa,OK,74119,Visa,4485454279827294,068,7/2014
Theird,LindseyDHer@pookmail.com,uJ9BeJ5Vao,Lindsey,Her,1290 Bernardo Street,Tampa,FL,33619,Visa,4539145115698735,958,2/2015
Kire1973,AbrahamCValle@pookmail.com,eiQuaez1reixee,Abraham,Valle,1309 Mulberry Avenue,Little Rock,AR,72211,MasterCard,5198946717477652,705,4/2015
Givall,DonaldDTrueblood@mailinator.com,iedieG9ae,Donald,Trueblood,109 Moonlight Drive,Palermo,NJ,08230,MasterCard,5448714199428256,695,10/2013
Shaden,JulioLHernandez@mailinator.com,gie5ji8Ai,Julio,Hernandez,1904 Mesa Drive,Las Vegas,NV,89101,MasterCard,5267082929950660,583,2/2014
Whince,RhondaJFortin@pookmail.com,paef7waeQu,Rhonda,Fortin,2137 Rockford Mountain Lane,Durham,NC,27703,MasterCard,5229104831754795,309,5/2015
Romint,FranklinLKoch@dodgit.com,aeg4eNae,Franklin,Koch,308 Adams Avenue,Columbia,MD,21044,Visa,4716109781313966,870,4/2013
Hiching,JuanaRGlenn@dodgit.com,Zoh9maawe9,Juana,Glenn,1832 New Street,Juntura,OR,97911,MasterCard,5380947532862795,237,6/2013
Monexte,CaryDSmith@dodgit.com,Puthohsof0t,Cary,Smith,1013 Lynch Street,San Francisco,CA,94107,MasterCard,5153444320361078,638,2/2015
Themandiones1930,JenniferJDickson@mailinator.com,xae7ePh3lah,Jennifer,Dickson,126 Bates Brothers Road,Westerville,OH,43081,MasterCard,5492102180289280,713,3/2014
Frow1988,ErickaRMoore@trashymail.com,MoX3eigh1Oo,Ericka,Moore,2009 Bolman Court,Decatur,IL,62522,Visa,4929389508350938,512,6/2013
Wheyoure38,JessicaDRoyse@mailinator.com,ohgaeGh5Sh,Jessica,Royse,4299 Granville Lane,Secaucus,NJ,07094,MasterCard,5228704042429086,297,5/2015
Themisside1978,KathleenJKelly@dodgit.com,Shaisoo8,Kathleen,Kelly,567 Oakdale Avenue,Avon Park,FL,33825,Visa,4916324617055743,912,8/2014
Samings,ShannonWMo@spambob.com,Phai8Aiqu,Shannon,Mo,4920 Arthur Avenue,Freeport,IL,61032,Visa,4485188306847178,011,5/2016
Gathe1933,CharlesSOrtiz@trashymail.com,nu7yahK8o,Charles,Ortiz,4780 Bastin Drive,Philadelphia,PA,19107,Visa,4929231232925710,545,11/2014
Alch1983,ThomasBChung@dodgit.com,Dahyooxa4,Thomas,Chung,2637 Old House Drive,Columbus,OH,43215,MasterCard,5490027562120237,375,2/2014
Havourepoll,MarioPBensen@trashymail.com,Ee0uth9ee,Mario,Bensen,1118 Charter Street,Kansas City,KS,66215,Visa,4539709060618012,607,4/2015
Yearte1928,JohnBGalvez@mailinator.com,kai1oz1ohRai,John,Galvez,3973 Coulter Lane,Richmond,VA,23234,MasterCard,5255443708295459,335,4/2017
Yeaboopple,JamesABush@mailinator.com,ush9wee5Ujae,James,Bush,3858 Camden Street,Reno,NV,89501,MasterCard,5527872634134246,303,1/2013
Tionfoleth,MikeAOrtega@pookmail.com,sohpee3IeD,Mike,Ortega,111 Shingleton Road,Kalamazoo,MI,49007,MasterCard,5528194654683617,747,1/2017
Whoplithe,EffieDJones@spambob.com,ooveiCioC7oh,Effie,Jones,1842 Arbutus Drive,North Miami,FL,33161,Visa,4556710318990946,336,8/2016
Jaces1945,StephenAManess@pookmail.com,EeLee5aexoof,Stephen,Maness,2152 Lake Forest Drive,Kansas City,KS,66215,MasterCard,5429354436252988,524,1/2017
Harmuden,JeanMMitchel@spambob.com,ohbi0ea8P,Jean,Mitchel,807 Yorkshire Circle,Elizabeth City,NC,27909,Visa,4916978240810046,762,12/2016
Stoo1989,DylanSChiles@spambob.com,jie4aivo9Zu,Dylan,Chiles,2263 Round Table Drive,Cincinnati,OH,45203,MasterCard,5213233714959375,156,4/2016
Wouseet,ErinLHicks@spambob.com,feis8uo8Ai,Erin,Hicks,3375 Froe Street,Coalwood,WV,24824,MasterCard,5483580924243252,931,4/2015
Thervint,ConstanceBPhilpott@pookmail.com,Ophef9yeish,Constance,Philpott,1230 Oakridge Farm Lane,Mukwonago,WI,53149,Visa,4929380942852290,938,11/2013
Joyagoint,VictorASmith@trashymail.com,eeMee8ie,Victor,Smith,4384 Leisure Lane,Los Angeles,CA,90017,Visa,4716246098045418,419,4/2015
Thests,AndySGrasty@trashymail.com,ahtaes4Quei,Andy,Grasty,3509 Browning Lane,Corning,NY,14830,Visa,4916727383976365,638,10/2014
Inneve,BradleyCMelendez@trashymail.com,naeN0jooy,Bradley,Melendez,4158 Charla Lane,Dallas,TX,75287,MasterCard,5361794267665362,280,5/2014
Ligival,EmeldaFMartinez@pookmail.com,eijo5Johwa,Emelda,Martinez,293 Airplane Avenue,Stamford,CT,06902,MasterCard,5599437144959657,340,3/2016
Supostizat,ByronSHughes@spambob.com,uquu0aew4H,Byron,Hughes,58 Layman Avenue,Vidalia,GA,30474,MasterCard,5580461810367756,669,3/2017
Lifer1956,RebeccaBDegraw@trashymail.com,ooGiFaiqu6j,Rebecca,Degraw,3682 Romines Mill Road,Dallas,TX,75248,MasterCard,5183046644000466,646,8/2017
Riong1935,NerissaGMartin@pookmail.com,TouYeim9ch,Nerissa,Martin,4958 Simpson Square,Guymon,OK,73942,MasterCard,5335831032545470,212,11/2015
Calmsen1932,LindsayEScroggins@mailinator.com,Vees6aimuQu,Lindsay,Scroggins,77 Peck Street,Nashua,NH,03061,MasterCard,5356539603991023,443,11/2014
Froby1973,EdwinCCramer@mailinator.com,uaJah3weepie,Edwin,Cramer,1089 Valley Lane,Austin,TX,78746,Visa,4929087093707724,623,10/2015
Knowded,VictoriaDLara@trashymail.com,Boong9ooz3,Victoria,Lara,4461 Baker Avenue,Farmers Branch,TX,75244,MasterCard,5202068073394654,562,7/2014
Forneirdis,KennethEBrand@mailinator.com,pieFoh7y,Kenneth,Brand,3374 Ray Court,Wilmington,NC,28401,MasterCard,5517586638212137,431,9/2015
Donve1951,WallaceMDuncan@spambob.com,ye0ooKaiy9ei,Wallace,Duncan,2815 Sumner Street,Gardena,CA,90247,MasterCard,5208645911834423,899,4/2015
Buyince,SergioSRodriguez@pookmail.com,ul0Ohwuv,Sergio,Rodriguez,1861 Fort Street,Tacoma,WA,98402,Visa,4556436846655807,647,2/2014
Bustell,JuanitaBDeleon@trashymail.com,Aesh0Xao3J,Juanita,Deleon,889 Hill Haven Drive,Killeen,TX,76541,Visa,4716435587383238,043,11/2013
Sampontang,AshleyMJohnson@spambob.com,Vu2Iecheey5,Ashley,Johnson,121 Boone Street,Corpus Christi,TX,78476,Visa,4716964153066554,251,3/2014
Plase1943,CraigTTravis@spambob.com,Ohshi8Ah,Craig,Travis,2546 Zimmerman Lane,Los Angeles,CA,90071,Visa,4532988248518610,274,2/2013
Alorgen1944,MelissaJBowling@mailinator.com,Thonge2ielah,Melissa,Bowling,3469 Sycamore Lake Road,Theresa,WI,53091,MasterCard,5278433918682284,352,3/2016
Themage,JohnCEsposito@mailinator.com,aeSha0Jee0,John,Esposito,471 Eagle Lane,Fergus Falls,MN,56537,Visa,4539914446401030,570,12/2014
Rowleted,HelenJBriscoe@pookmail.com,tei9Aigh,Helen,Briscoe,3474 Patterson Street,Houston,TX,77002,Visa,4716891981206344,485,3/2017
Shishempeon1961,JeffreyTBrooks@spambob.com,oos2vioNgae,Jeffrey,Brooks,3822 Ferguson Street,South Boston,MA,02127,MasterCard,5549565414630094,423,1/2014
Illeffor,FranciscoLJohnson@trashymail.com,mooL0ael,Francisco,Johnson,1931 Cimmaron Road,Los Angeles,CA,90017,Visa,4485043264756137,921,5/2015
Wasithe,JackieJTabor@pookmail.com,mai9ieth9Ee,Jackie,Tabor,3651 Mulberry Avenue,Little Rock,AR,72211,Visa,4916754247500751,109,11/2013
Suress,DonnaEWagner@mailinator.com,uiL1ohk4a,Donna,Wagner,719 Cessna Drive,South Bend,IN,46625,MasterCard,5285743090983115,242,4/2013
Allonand,NatalieMCurtis@dodgit.com,ea4aeYag6,Natalie,Curtis,1532 Kerry Way,Santa Fe Springs,CA,90670,Visa,4532690588632726,906,4/2013
Difuld,DonnaSGalloway@spambob.com,rooG0so8,Donna,Galloway,1256 Romines Mill Road,Dallas,TX,75247,Visa,4485589226248282,293,3/2014
Gooking,KristenGDavenport@trashymail.com,xei7lue6K,Kristen,Davenport,3892 Williams Lane,Cheney,KS,67025,Visa,4556662931860438,177,6/2015
Fece1947,JohnNRodriguez@pookmail.com,eibei7ahG,John,Rodriguez,1551 Gordon Street,Los Angeles,CA,90017,MasterCard,5189017096051970,530,8/2015
Thavinity,JasonIMelton@mailinator.com,waeph7Iech,Jason,Melton,3632 Cherry Ridge Drive,Roseville,MI,48066,MasterCard,5157224046795304,280,9/2016
Dinclect,KathyABradley@trashymail.com,ON1eob2ai,Kathy,Bradley,2274 Small Street,New York,NY,10036,Visa,4539608198215545,467,9/2013
Cariely,RobertGThomas@mailinator.com,ohWo5kohch,Robert,Thomas,3421 George Street,Ocala,FL,34471,MasterCard,5566249370914986,587,2/2016
Fild1945,AmandaGMcGregor@pookmail.com,ieZ2eipeef5,Amanda,McGregor,1712 Tea Berry Lane,Hager City,WI,54014,MasterCard,5106990406709646,062,3/2015
Usts1930,ValerieLJohnson@mailinator.com,wouH2tei,Valerie,Johnson,71 Modoc Alley,Preston,ID,83263,Visa,4716804428468666,857,10/2015
Acqualatithe,MaryJDunbar@mailinator.com,loojae1Ini,Mary,Dunbar,4508 Ralph Drive,Garfield Heights,OH,44125,MasterCard,5529938994521070,718,8/2015
Mins1961,LoriWPickett@mailinator.com,Paep5ca5Th,Lori,Pickett,3190 Holden Street,San Diego,CA,92102,MasterCard,5472375117090203,263,6/2016
Solish,PhyllisMPham@spambob.com,sae1PhooCh0,Phyllis,Pham,4493 Roguski Road,Monroe,LA,71201,Visa,4485062218756621,753,12/2014
Hort1970,ScottDGosser@mailinator.com,heith7reeG,Scott,Gosser,3200 Coal Street,State College,PA,16803,MasterCard,5325018179594196,518,8/2013
Hisems1976,EhtelJCarter@mailinator.com,Ecer0chae,Ehtel,Carter,3495 Fieldcrest Road,Garden City,NY,11530,Visa,4716080193512463,664,8/2016
Yonstopir,CharleneSHouser@trashymail.com,oe3eiPieth,Charlene,Houser,4324 Twin House Lane,Forsyth,MO,65653,Visa,4485768716861289,028,9/2016
Withereas,EricKStier@spambob.com,Du1ahkoo1,Eric,Stier,3598 Comfort Court,Madison,WI,53705,MasterCard,5367754761405149,997,8/2014
Liandn1985,MarionDShaffer@dodgit.com,eeJ9euvu4s,Marion,Shaffer,3061 Elm Drive,Garden City,NY,11530,Visa,4532522266828039,952,3/2014
Ganythat,JohnDScott@mailinator.com,Vooz8AhChah,John,Scott,3890 Cherry Ridge Drive,Buffalo,NY,14214,Visa,4485306472981577,777,6/2014
Oldle1971,DorisMHoward@dodgit.com,saegh8Thahch,Doris,Howard,1061 Jail Drive,Hawthorne,CA,90250,Visa,4716160057410507,259,2/2013
Afor1980,LouiseBWatson@trashymail.com,AiPheiv3oop,Louise,Watson,1509 Cost Avenue,Bethesda,MD,20892,MasterCard,5356892434880620,497,4/2014
Peetuldience1953,RichardESanchez@dodgit.com,heehi3aiG0re,Richard,Sanchez,3570 Windy Ridge Road,Fort Wayne,IN,46804,Visa,4556051374782673,729,3/2017
Spond1968,BonnieSOdell@pookmail.com,reoquoh2ohF,Bonnie,Odell,3658 Whitetail Lane,Dallas,TX,75244,Visa,4556002312942192,397,3/2017
Paithe,AntonioDBarrett@trashymail.com,zahD1vee,Antonio,Barrett,2818 Jefferson Street,Fredericksburg,VA,22401,MasterCard,5533310142708898,852,8/2013
Bectuld,HumbertoDSzymanski@pookmail.com,Gairah3t,Humberto,Szymanski,2015 Gerald L. Bates Drive,Cambridge,MA,02141,Visa,4485039307156319,500,7/2017
Cappereen1939,ClaraRTraylor@spambob.com,Leing3oshee,Clara,Traylor,4138 Lincoln Street,Laurel Springs,NJ,08021,MasterCard,5244570355600096,538,8/2016
Dowerat,CindyDJacobs@pookmail.com,eo0EeK8oth,Cindy,Jacobs,4624 Reel Avenue,Farmington,NM,87401,Visa,4716126755571866,102,1/2015
Hustraings,KennethHSchulz@mailinator.com,Jeingo9mo,Kenneth,Schulz,3897 Ridenour Street,Fort Lauderdale,FL,33301,Visa,4916796081776831,870,9/2013
Surialts,EdnaECarey@trashymail.com,Koowaach8,Edna,Carey,3890 College Avenue,Dayton,OH,45407,Visa,4539565857772929,890,3/2015
Naristry1960,WilliamSBright@pookmail.com,Woh2aquoo,William,Bright,2340 Bombardier Way,Ann Arbor,MI,48104,MasterCard,5478580347448196,805,9/2016
Ruimilot,LaviniaFWilson@spambob.com,Faexehoh0f,Lavinia,Wilson,206 Nutters Barn Lane,Des Moines,IA,50309,MasterCard,5211422378185276,640,12/2017
Refoll39,YolandaRRyan@mailinator.com,Phe7oeGh0uy,Yolanda,Ryan,2166 Renwick Drive,Philadelphia,PA,19103,Visa,4539872366426280,582,8/2016
Splack,AnnWCoy@mailinator.com,auqu8Aidaehie,Ann,Coy,1098 Oliverio Drive,Sharon,KS,67138,MasterCard,5353398705525145,725,11/2017
Parse1945,LornaAGomez@pookmail.com,dei4aeWe0,Lorna,Gomez,4459 Wright Court,Birmingham,AL,35209,MasterCard,5575696817332611,404,4/2016
Whilks,CarmenFBrown@spambob.com,hoa4ieYoo,Carmen,Brown,4210 Perry Street,Hartland,MI,48029,Visa,4916075164969369,282,10/2015
Whapt1981,MargaritaJAdams@mailinator.com,ohR8eisao,Margarita,Adams,4868 Paradise Lane,Riverside,CA,92501,MasterCard,5338991605397563,177,1/2014
Natted,CatherineJMaday@dodgit.com,goor2Po9Ae,Catherine,Maday,3280 Musgrave Street,Clinton,OK,73601,MasterCard,5263464589390326,093,5/2013
Mationsills,MistyJWilson@pookmail.com,uChei2yah,Misty,Wilson,2947 Still Pastures Drive,North Manning,SC,29102,MasterCard,5530593112913647,599,3/2015
Husbad,BerthaMBowman@mailinator.com,thu6Neeph4x,Bertha,Bowman,3297 Pinnickinick Street,Seattle,WA,98109,MasterCard,5589202126412055,178,3/2013
Yourrable,BillyTMansfield@dodgit.com,ooG6iehee5,Billy,Mansfield,4836 Stanley Avenue,Hicksville,NY,11612,MasterCard,5427989137190532,646,1/2015
Geopers,RonCReid@dodgit.com,ya9Ahghoo9ce,Ron,Reid,3357 Nancy Street,Goldsboro,NC,27530,Visa,4916965127032901,173,9/2015
Somay1976,RuthMWinbush@mailinator.com,Oon1EiPee4,Ruth,Winbush,4020 Crosswind Drive,Russellville,KY,42276,Visa,4532777613593559,144,3/2015
Hiseek,JuliaGAkin@mailinator.com,Ujie5oosh,Julia,Akin,981 Grant Street,Edgewood,TX,75117,MasterCard,5579390365533020,486,7/2017
Beither,BeverlyRMeriwether@dodgit.com,Ohpia2aes,Beverly,Meriwether,4809 Nutter Street,Kansas City,MO,64106,MasterCard,5362243653551678,545,6/2017
Lauted,CarinaNRivera@pookmail.com,Ietai4ahpo,Carina,Rivera,3465 Broad Street,Birmingham,AL,35222,Visa,4539652037826476,679,12/2015
Asuble,KathleenLMorales@mailinator.com,PeiNg2OX,Kathleen,Morales,3003 Jones Avenue,Winston Salem,NC,27101,MasterCard,5545898163212457,760,1/2015
Grallot,JuliaJHolden@trashymail.com,koo4fohCu,Julia,Holden,2650 Alpha Avenue,Orange Park,FL,32073,MasterCard,5440415034587631,060,5/2015
Bable1952,EdwardGFulcher@pookmail.com,Eic6pea3ee,Edward,Fulcher,4987 Columbia Boulevard,Reisterstown,MD,21136,MasterCard,5510781003420772,091,9/2015
Scier1932,JillCHairston@dodgit.com,aePhoh5nee,Jill,Hairston,2318 Musgrave Street,Chickasha,OK,73018,MasterCard,5406849733230048,984,1/2014
Apenscher83,JamesTQuiroz@dodgit.com,ierohPho8,James,Quiroz,3088 Southern Avenue,Des Moines,IA,50309,MasterCard,5407544097510346,205,9/2013
Powasion,KarenRLucas@spambob.com,upaeR4ehee,Karen,Lucas,626 Hart Country Lane,Dalton,GA,30720,MasterCard,5438388345768436,249,12/2014
Herl1979,CharlotteMBader@dodgit.com,Gaech4soo1,Charlotte,Bader,147 Highland Drive,Lake Mills,WI,53551,MasterCard,5239278106289030,423,12/2017
Whave1968,ErnestoDGamez@mailinator.com,taeviec7Woo,Ernesto,Gamez,2987 Burke Street,Foxboro,MA,02035,MasterCard,5433011254622205,044,8/2013
Veaurse,DaleRLucas@dodgit.com,tho1quoh4Poo,Dale,Lucas,3894 Sand Fork Road,South Bend,IN,46601,MasterCard,5525962719870574,583,10/2016
Upwainuer,SherriTJimenez@dodgit.com,Su3iiree,Sherri,Jimenez,2406 Rosebud Avenue,Bull Shoals,AR,72619,Visa,4916460651010549,499,8/2015
Appot1942,RobertMBurney@mailinator.com,Tiec7chieRoo,Robert,Burney,4776 Angie Drive,Irvine,CA,92664,Visa,4556917050924294,353,10/2013
Witypone,DianeJDevore@pookmail.com,nei0Motoom,Diane,Devore,3633 Callison Lane,Philadelphia,DE,19108,MasterCard,5557730105967291,237,5/2017
Feent1966,ChristeneNLee@trashymail.com,ho5wahSoo,Christene,Lee,1665 Five Points,Baltimore,MD,21202,MasterCard,5157531262830890,121,3/2016
Hapithe,AlfredoBGibson@dodgit.com,gi1eivemoRu,Alfredo,Gibson,676 Kimberly Way,Boston,MA,02210,Visa,4916508049268961,642,2/2013
Mempeng,CatherynDPearce@mailinator.com,ritail0Thae4pe,Catheryn,Pearce,4211 Griffin Street,Phoenix,AZ,85003,Visa,4556072981854051,428,3/2015
Coulte,TaliaJWhitworth@trashymail.com,ahGuRiek8dee,Talia,Whitworth,2769 Bel Meadow Drive,Ontario,CA,91762,MasterCard,5477687317660162,833,4/2013
Favy1986,OrlandoCBoris@trashymail.com,ohH8yong7A,Orlando,Boris,3004 Hilltop Street,Springfield,MA,01103,MasterCard,5103611624607122,191,1/2016
Thatimetat,JudyGOlaughlin@trashymail.com,ohFuF9chooWu,Judy,Olaughlin,1357 Fincham Road,Anaheim,CA,92801,Visa,4916740161766403,967,2/2013
Trattly,LatriciaCCronin@pookmail.com,eene6ieThuw,Latricia,Cronin,4678 Lincoln Drive,Harrisburg,PA,17111,MasterCard,5167218327010712,233,7/2014
Wased1964,AlexBSmith@trashymail.com,Ioy2sahb,Alex,Smith,209 Alpha Avenue,Sulphur Springs,TX,75482,Visa,4485876213397218,021,6/2016
Ockly1964,SandraMHumbert@spambob.com,IezahNohqu8,Sandra,Humbert,63 Mutton Town Road,Marysville,WA,98270,Visa,4532211771559996,382,9/2017
Fromment,LindsayDJohnson@trashymail.com,cheiX1ooh,Lindsay,Johnson,4015 Woodland Avenue,Metairie,LA,70007,Visa,4556312591442297,036,4/2015
Dity1993,RyanBJackson@pookmail.com,Chujai3oox,Ryan,Jackson,3517 Scott Street,Poughkeepsie,NY,12603,Visa,4716660927066694,985,5/2013
Hiron1991,JerryMSummers@pookmail.com,ooN6iaqu9ra,Jerry,Summers,4579 Flint Street,Atlanta,GA,30303,Visa,4929023989874195,313,2/2016
Wastp1959,MandaWMilo@mailinator.com,ieHeodoh1,Manda,Milo,3676 Kuhl Avenue,Stone Mountain,GA,30083,Visa,4929073566734072,357,4/2017
Enis1973,AprilESpencer@pookmail.com,halook2VahSh,April,Spencer,3001 Bridge Street,Tulsa,OK,74115,MasterCard,5576606766240268,808,8/2017
Dameapardly,MarkAHarper@spambob.com,Lieph1Eecee,Mark,Harper,4837 Davis Place,Vanzant,MO,65768,Visa,4916673007839102,484,8/2013
Thal1959,WilliamJSlone@spambob.com,Jied6soox,William,Slone,1517 Glenwood Avenue,Warrensville Heights,OH,44128,MasterCard,5135507423200808,262,5/2017
Fitte1972,LillieJMendoza@spambob.com,Ieb2ouh7Ye,Lillie,Mendoza,4985 Reel Avenue,Grady,NM,88120,Visa,4716220180732050,116,4/2013
Liker1983,JoTSuiter@trashymail.com,tiejoGh5moh,Jo,Suiter,4630 Bond Street,East Providence,RI,02914,MasterCard,5436569688700720,975,6/2013
Whingle,BrittanyRAkins@pookmail.com,Ahmez3oopae,Brittany,Akins,3117 Parker Drive,Cleveland,OH,44114,Visa,4539604497583618,705,7/2014
Wassely66,DavidPRowen@dodgit.com,Aiz2ieph2Ee,David,Rowen,471 Bailey Drive,Iowa City,IA,52240,MasterCard,5114978889122742,413,12/2016
Asaints1983,BernardJAnderson@spambob.com,eePhiezo5oh,Bernard,Anderson,4233 Ashton Lane,Austin,TX,78744,Visa,4929806556096485,546,4/2013
Froat1959,CharlesJVela@dodgit.com,Eeng1wohch,Charles,Vela,997 Glen Falls Road,Philadelphia,PA,19108,MasterCard,5516117948093552,198,4/2013
Plaing,CharlotteJDitto@trashymail.com,Ix7OoGh4i,Charlotte,Ditto,1893 Kembery Drive,Chicago,IL,60605,MasterCard,5288490691917434,645,2/2015
Asome1948,EmilyPFuller@mailinator.com,Aete6goo,Emily,Fuller,2123 Timber Oak Drive,Oxnard,CA,93035,Visa,4539483716401427,942,3/2014
Lauted,KaraGEhrlich@trashymail.com,ooPie6ta,Kara,Ehrlich,4710 Seneca Drive,Portland,OR,97205,Visa,4539296613528559,582,1/2017
Perep1937,AlyssaBGalli@trashymail.com,bofu1ieJ5fai,Alyssa,Galli,3424 Marion Street,Graniteville,SC,29829,MasterCard,5361275488239336,313,9/2017
Mrsene,DavidAElmore@trashymail.com,uPh8eixie,David,Elmore,3353 Camden Place,Charleston,SC,29424,MasterCard,5224851122369841,983,9/2016
Appont,LesleyDLopez@pookmail.com,aeso4eiCh0ai,Lesley,Lopez,2345 Sussex Court,Waco,TX,76701,Visa,4916331844278659,431,10/2014
Libacke,JamieLWhorton@mailinator.com,iemia9Eyo,Jamie,Whorton,2638 Smithfield Avenue,Lubbock,TX,79401,Visa,4916319273826882,295,3/2013
Fittle62,StephanieDJohnson@pookmail.com,Oolah0eigh,Stephanie,Johnson,356 Sycamore Road,Stanfield,OR,97875,Visa,4716590549908389,838,3/2017
Specour,ChristopherCLakey@mailinator.com,Wohch2Ie,Christopher,Lakey,2472 Austin Secret Lane,Delta,UT,84624,Visa,4539058149073249,191,5/2016
Fleperess,LeaKMcAllister@trashymail.com,Ce9Ieki7jie,Lea,McAllister,4879 Hawks Nest Lane,Saint Louis,MO,63130,MasterCard,5127772128365187,503,10/2015
Thablooks,DarrenJEdwards@dodgit.com,ceej3Go1U,Darren,Edwards,1484 Terry Lane,Titusville,FL,32796,Visa,4716131902112069,873,6/2013
Numb1962,RichardCHarris@pookmail.com,yah0AhThe,Richard,Harris,4781 Primrose Lane,Madison,WI,53703,MasterCard,5383447520953703,132,1/2014
Becruily,LarryTHilliard@spambob.com,xiChoath6Ii,Larry,Hilliard,2268 West Fork Drive,Miami,FL,33128,Visa,4556843497433253,022,1/2014
Himerst,StanleyDBump@dodgit.com,Eewah4eeph1,Stanley,Bump,2231 Gateway Avenue,Bakersfield,CA,93301,MasterCard,5576264939900317,326,8/2014
Thispeas,BrendaRJimenez@pookmail.com,oolaeDiP1ez,Brenda,Jimenez,2474 Perry Street,Grand Blanc,MI,48439,Visa,4556429367802411,404,7/2017
Dadogiag,JimIWood@spambob.com,Ocaeb3aguoz,Jim,Wood,2113 Denver Avenue,Ontario,CA,91761,Visa,4716525359123554,235,2/2013
Weepty,StefanMStenberg@dodgit.com,kah4Weir,Stefan,Stenberg,2769 Carter Street,Metropolis,IL,62960,MasterCard,5148205079597750,052,10/2013
Sugg1991,MaryRVargas@mailinator.com,uFouRuSahh7,Mary,Vargas,3823 Mandan Road,Poplar Bluff,MO,63901,MasterCard,5508160869872489,151,11/2014
Daunded,AmandaRFierro@spambob.com,Eec7ro8ee,Amanda,Fierro,2165 Farnum Road,New York,NY,10003,Visa,4485686503152557,242,11/2016
Arew1948,LillianMUnderwood@spambob.com,VeeDi6am7gu,Lillian,Underwood,4110 Tanglewood Road,Lexington,MS,39095,MasterCard,5249259970562833,423,12/2017
Fortind75,ChristineRMoore@mailinator.com,ahTong2b,Christine,Moore,3087 Fancher Drive,Dallas,TX,75212,MasterCard,5190985126854299,982,2/2013
Peturne,MatthewMHambright@mailinator.com,jai8Aax6ohk,Matthew,Hambright,3747 Eastland Avenue,Jackson,MS,39201,Visa,4532084939527928,359,11/2017
Whintaked,MonicaNKelley@mailinator.com,ahb6choe1OoSh,Monica,Kelley,4919 Pointe Lane,Hollywood,FL,33020,Visa,4539125342288997,180,3/2017
Hailencte,BarrySMcKay@trashymail.com,Ugh2AhTh,Barry,McKay,1168 Haven Lane,Albion,MI,49224,Visa,4485045549897289,288,12/2016
Exquest,ClydeHAtkinson@trashymail.com,eec2Ho5Iev,Clyde,Atkinson,2119 Shinn Avenue,East Brady,PA,16028,MasterCard,5422894857908235,143,5/2013
Spois1967,CeceliaMMartinez@dodgit.com,phoopiePh4th,Cecelia,Martinez,3586 Kenwood Place,Miramar,FL,33025,MasterCard,5213043680367200,566,1/2017
Incrat,LyleJSawyer@trashymail.com,wiemee1Ei,Lyle,Sawyer,490 Ford Street,San Jose,CA,95135,Visa,4539741679980830,674,9/2015
Formem,DavidRThomason@pookmail.com,quio6hu3uSh,David,Thomason,281 Kennedy Court,Bedford,MA,01730,MasterCard,5169255707351306,618,1/2016
Thislem,AshleyRTasker@pookmail.com,uthoh1Ab5l,Ashley,Tasker,2859 Adams Drive,Houston,TX,77002,MasterCard,5435075173373891,171,3/2014
Talocks,AudreaRAbbott@mailinator.com,iemu9OoBe,Audrea,Abbott,2558 Rocket Drive,Minneapolis,MN,55410,Visa,4929817580704838,279,3/2017
Grenown,BernardTPearson@dodgit.com,aceShei6shie,Bernard,Pearson,771 Callison Lane,Wilmington,DE,19867,Visa,4916880066316670,957,7/2016
Youttle,RonaldLFoster@mailinator.com,Moubeat8,Ronald,Foster,177 Linden Avenue,Maitland,FL,32751,Visa,4716072787537311,561,2/2016
Wherted1939,MichaelSEspinoza@spambob.com,Ool3aalai,Michael,Espinoza,266 Hidden Pond Road,Nashville,TN,37207,Visa,4929455983368495,274,5/2017
Bask1949,JasonKLangdon@mailinator.com,De2muph3deeth,Jason,Langdon,4665 Gambler Lane,Channelview,TX,77530,MasterCard,5526542912682403,128,9/2016
Kene1978,CharlesLAtkins@spambob.com,eeJaefai0E,Charles,Atkins,4531 Lakeland Terrace,Trenton,MI,48183,MasterCard,5336792904828957,241,10/2014
Quer1949,CarolECombs@mailinator.com,boZie1go3ie,Carol,Combs,1198 Hardesty Street,Albany,NY,12206,Visa,4485044306591045,014,5/2017
Aculde,JosephEVillegas@dodgit.com,ahreiK4h,Joseph,Villegas,3864 Dane Street,Spokane,WA,99201,Visa,4485408504078149,904,6/2013
Wharty,ScottJArmentrout@trashymail.com,uo1Eimegoo,Scott,Armentrout,1040 Doe Meadow Drive,Silver Spring,MD,20910,MasterCard,5369164999100256,195,11/2014
Neizies,JewellGDelong@trashymail.com,eiShua6f,Jewell,Delong,1088 Edgewood Avenue,Fresno,CA,93721,Visa,4916476087731169,056,5/2014
Thelarevely,JaniceDAdams@trashymail.com,axahJ9eboh,Janice,Adams,4463 Railroad Street,Iron Mountain,MI,49801,Visa,4929455785752326,083,9/2014
Hinguad,ThomasJMoses@trashymail.com,ohoer4ouPae,Thomas,Moses,2663 Post Farm Road,Atlanta,GA,30303,MasterCard,5417761729273444,676,5/2015
Sterve1938,FrankMCowell@dodgit.com,gee1Chae5,Frank,Cowell,2333 Rhapsody Street,Gainesville,FL,32607,MasterCard,5455461230958798,608,4/2015
Suposed,PeterKCarver@spambob.com,ii8ju3xieX,Peter,Carver,2357 School Street,Waterbury,CT,06702,MasterCard,5484663291904877,326,5/2014
Hatialephe62,BryanCNatividad@pookmail.com,Eexuul1fa,Bryan,Natividad,2044 Andell Road,Nashville,TN,37201,Visa,4485261901146427,358,12/2015
Allob1983,CassandraJCox@pookmail.com,hae2aPh7Z,Cassandra,Cox,2915 Wexford Way,Irmo,SC,29063,MasterCard,5320094147347921,007,2/2016
Minged1959,CharlieFCohen@spambob.com,As5cuush,Charlie,Cohen,3303 Emeral Dreams Drive,Byron,IL,61010,MasterCard,5213365895310968,486,10/2014
Nizeed,ShirleyDSanders@spambob.com,Eghu7oshaen,Shirley,Sanders,3323 Oxford Court,Maben,MS,39750,MasterCard,5404362752570924,476,4/2013
Doetince,DavidCWashington@trashymail.com,eish6OoPoeV,David,Washington,3116 Earnhardt Drive,Louisville,KY,40202,Visa,4539951447723095,496,3/2017
Mittilen,AlejandroSRoberts@dodgit.com,aewieH4Ph,Alejandro,Roberts,751 Edwards Street,New Bern,NC,28560,MasterCard,5517110297043608,466,3/2015
Famenig,ConnieLKellar@pookmail.com,EuD1Hieth8ah,Connie,Kellar,530 Poe Lane,Shawnee,KS,66214,MasterCard,5233633526171299,180,7/2015
Oustom,JaredCCarson@dodgit.com,Gahph5aw8sie,Jared,Carson,162 Coal Road,Pottsville,PA,17901,Visa,4485192985759605,160,11/2016
Utall1940,NicoleJFord@trashymail.com,EYag0Yi7,Nicole,Ford,3123 Murry Street,Chesapeake,VA,23322,Visa,4916921112990223,897,6/2015
Tithe1957,ClaireJGinn@mailinator.com,caiTheih1Ah,Claire,Ginn,4405 Aviation Way,Los Angeles,CA,90017,Visa,4539567751901273,505,12/2014
Affeekly,NathanDFitzgerald@spambob.com,fu5Zei2ah,Nathan,Fitzgerald,3141 Cooks Mine Road,Los Alamos,NM,87544,Visa,4916887668587459,544,9/2015
Ught1977,MarjorieGHall@pookmail.com,Tie3thoe9ce,Marjorie,Hall,4100 Private Lane,Cairo,GA,31728,MasterCard,5369155441137714,074,3/2017
Mornight,RonnieJAndrews@mailinator.com,AoNgu9xa,Ronnie,Andrews,3822 Stoneybrook Road,Lake Mary,FL,32746,Visa,4916902605182411,521,1/2017
Ideme1940,BettyRClark@dodgit.com,OhJi9ieVo4,Betty,Clark,3195 Cinnamon Lane,San Antonio,TX,78221,Visa,4539514173816663,037,9/2014
Theyearect,GaryMKuhn@dodgit.com,Ie6zeiwee,Gary,Kuhn,2563 Nickel Road,Los Angeles,CA,90017,MasterCard,5243776029401743,699,4/2016
Diand1951,GeraldADiaz@dodgit.com,shie2Aecoh5u,Gerald,Diaz,1950 Southern Street,Lynbrook,NY,11563,Visa,4916551489514528,629,2/2013
Botinquiered,GeorgeSNavas@trashymail.com,Aichait3,George,Navas,3882 Hedge Street,Rochelle Park,NJ,07662,MasterCard,5119890355268062,724,5/2015
Clookes90,NeilFRivera@trashymail.com,aiS6zeiGooB,Neil,Rivera,1502 Charla Lane,Dallas,TX,75204,MasterCard,5482616082751149,105,8/2013
Twought,TamiMPedraza@dodgit.com,phaeB4XeCh,Tami,Pedraza,3635 Center Street,Teterboro,NJ,07608,MasterCard,5360126470036068,936,10/2017
Riculd,MaryJBates@pookmail.com,tha9Eequi,Mary,Bates,1758 Scheuvront Drive,Denver,CO,80211,MasterCard,5562064491965526,158,7/2015
Inuitch1932,NathanielKTuller@trashymail.com,jeeCaez2i,Nathaniel,Tuller,2110 Retreat Avenue,Sanford,ME,04073,MasterCard,5591900937227697,190,2/2015
Exacce,JoeyLBarber@dodgit.com,bah7Vahbai,Joey,Barber,3986 Payne Street,Meadowview,VA,24361,MasterCard,5163623843314973,930,9/2015
Brosell,AnnaJTaylor@dodgit.com,eixiemu1B,Anna,Taylor,1842 Whitetail Lane,Dallas,TX,75207,MasterCard,5109384083948163,509,7/2015
Yourall,MildredWFrench@dodgit.com,xeiCees0Ah,Mildred,French,289 Ray Court,Fayetteville,NC,28301,MasterCard,5488802431876589,791,2/2016
Sompark1933,LydiaSDaigle@spambob.com,deedohpaiT5,Lydia,Daigle,3783 Meadow Drive,Bozeman,MT,59715,MasterCard,5580932640274198,047,9/2013
Havery,YoshieSFleisher@mailinator.com,laV4ei6ohth,Yoshie,Fleisher,2351 Lena Lane,Jackson,MS,39201,MasterCard,5159638301799636,997,7/2013
Thengs,MaryRSilvernail@pookmail.com,aiYii7oot0I,Mary,Silvernail,1407 Emma Street,Kaneohe,HI,96744,MasterCard,5406957091663583,682,1/2015
Holow1942,LindaPWilliams@dodgit.com,MaeP9ijo1,Linda,Williams,3250 Hemlock Lane,Harlingen,TX,78550,Visa,4916679649201593,807,4/2016
Ingless,MargaretCBasso@dodgit.com,ahKei7me7C,Margaret,Basso,484 Main Street,Kirkland,WA,98033,MasterCard,5258458553535608,582,12/2015
Orgoods,PeggyJAmidon@spambob.com,ahnoo9Thah,Peggy,Amidon,1917 Snowbird Lane,Omaha,NE,68137,MasterCard,5308320226080455,589,2/2013
Magireer,ShilaDHernandez@spambob.com,beengohn0Ai,Shila,Hernandez,1982 Kessla Way,Mcbee,SC,29727,MasterCard,5482235352011538,614,7/2016
Minsingthe,MarchelleJMinaya@pookmail.com,gaelu4teiH,Marchelle,Minaya,4808 Snowbird Lane,Obert,NE,68762,Visa,4532460304590875,669,2/2013
Theighavell1939,RitaMShaw@mailinator.com,ohSh3ohcahh,Rita,Shaw,4124 Crosswind Drive,Paducah,KY,42003,MasterCard,5233346645639217,218,7/2016
Aguacce,WandaAHenriquez@spambob.com,ia8zaThaikae,Wanda,Henriquez,2678 Hill Croft Farm Road,South Tahoe,CA,95705,MasterCard,5315270042103729,227,8/2013
Therythe,CynthiaJNieto@pookmail.com,fahCofie8,Cynthia,Nieto,4716 Willis Avenue,Daytona Beach,FL,32114,MasterCard,5244110962646693,341,3/2017
Maretch,BeatriceRCook@trashymail.com,pukiwoh2Oh,Beatrice,Cook,1294 Leo Street,Uniontown,PA,15401,MasterCard,5169418305372658,824,5/2016
Copecers,JerryPLawler@mailinator.com,Ear6coh9ee,Jerry,Lawler,4753 Steele Street,La Grange,IL,60525,Visa,4916143849405843,789,9/2015
Prink1962,MarcusSMook@trashymail.com,Hi5Danguil,Marcus,Mook,3534 Robinson Court,National City,MI,48748,MasterCard,5466007446192834,720,10/2017
Buseagnight,AnthonyCKing@trashymail.com,Roucoi9ah,Anthony,King,155 Hart Country Lane,Athens,GA,30606,MasterCard,5237903442349485,008,8/2015
Afteptips,CaseyCEllison@dodgit.com,neiHaexo2a,Casey,Ellison,1357 Tori Lane,Salt Lake City,UT,84113,MasterCard,5488412776562669,981,2/2017
Publy1954,JohannaJHartley@spambob.com,ahee2Ai7ie,Johanna,Hartley,501 Turkey Pen Road,New York,NY,10013,Visa,4539101983728153,832,10/2013
Toge1993,SylviaMHuston@trashymail.com,eicooGhe5i,Sylvia,Huston,1950 Lowndes Hill Park Road,Los Angeles,CA,90017,MasterCard,5332051288786792,489,10/2014
Clet1964,EricJEvans@dodgit.com,no1IeS1Eo5h,Eric,Evans,4812 John Calvin Drive,Burr Ridge,IL,61257,MasterCard,5247820020347384,168,5/2013
Docklinew,EthelWSpencer@dodgit.com,thuiPh6Xe6Qu,Ethel,Spencer,2503 Farm Meadow Drive,Phoenix,AZ,85034,MasterCard,5394826295589742,426,6/2015
Stateen,RobertAPainter@pookmail.com,aiPhae1sieng,Robert,Painter,4983 Gordon Street,Colton,CA,92324,MasterCard,5527426934134479,930,8/2015
Tionant,CarolynMBowman@spambob.com,aiQu8ahDueh,Carolyn,Bowman,2189 Lynn Street,Waltham,MA,02154,MasterCard,5301293830210692,394,1/2016
Misaid,BrianIThompson@mailinator.com,vo3caeLei6I,Brian,Thompson,1288 Blane Street,Saint Louis,MO,63108,Visa,4485420698989387,909,4/2017
Casly1960,TommyJCarmody@pookmail.com,Eh3Vi5aj,Tommy,Carmody,561 Mill Street,Seneca,SC,29672,MasterCard,5134248044465899,284,12/2017
Nowityriet,MaureenCGebhardt@spambob.com,Chaex4Zeeju,Maureen,Gebhardt,4314 Asylum Avenue,Danbury,CT,06810,Visa,4539664380095534,614,8/2016
Upen1959,ElizabethRHinson@trashymail.com,ii8Thisaeg,Elizabeth,Hinson,3491 Blane Street,Saint Louis,MO,63108,Visa,4539062374266601,353,3/2014
Whivereem1977,GailACallaghan@mailinator.com,Eiz1lohph,Gail,Callaghan,1622 Hamilton Drive,Baltimore,MD,21218,Visa,4716817966187944,752,3/2017
Wifichaved,GuyMWilliams@mailinator.com,Heinae6ke2V,Guy,Williams,3822 Hart Street,New London,CT,06320,Visa,4532142723763321,830,1/2017
Whishe,DeborahJHalvorsen@trashymail.com,zaingaLai5ah,Deborah,Halvorsen,2419 Boring Lane,San Francisco,CA,94115,Visa,4485309427589545,050,2/2016
Ventlestaked,RobertJDunbar@dodgit.com,poC7Ooph,Robert,Dunbar,2266 Quincy Street,Warminster,PA,18974,MasterCard,5316346163242436,250,1/2014
Curaidondial,MarthaJMagnuson@dodgit.com,Die3dah7oh,Martha,Magnuson,4717 Emily Drive,Columbia,SC,29210,MasterCard,5580940262961570,465,1/2013
Nothrom,NancyTSanchez@dodgit.com,bea2Aet7Ahch,Nancy,Sanchez,4707 Johnstown Road,East Dundee,IL,60118,Visa,4916477555563803,236,9/2017
Smill1955,JamesMWilliam@trashymail.com,RuQu5shoo7,James,William,2550 Ferrell Street,Duluth,MN,55811,Visa,4929697509893833,902,12/2014
Ments1945,MelvinFHay@pookmail.com,vuijieza8Zi,Melvin,Hay,710 Ventura Drive,Scotts Valley,CA,95066,MasterCard,5395908734716414,748,5/2016
Vishadep,StanleyMVarga@pookmail.com,phe6eCee,Stanley,Varga,3539 Broaddus Avenue,Saint Joseph,MI,49085,MasterCard,5418574310731137,771,3/2014
Youselithat1927,ToddKBryant@spambob.com,Gur3Taej,Todd,Bryant,2823 Deercove Drive,Dallas,TX,75247,MasterCard,5196769914289080,608,12/2016
Goety1985,JeriGRobinson@spambob.com,Se1kevom,Jeri,Robinson,4813 Spring Haven Trail,Woodport,NJ,07849,MasterCard,5214135013628933,625,10/2013
Anouncy,RichardKPittman@trashymail.com,ich8cu2Hai,Richard,Pittman,4846 Chenoweth Drive,Petersburg,TN,37144,MasterCard,5538537220324371,351,10/2015
Walut1956,HermanARogerson@spambob.com,Eish0ahb9ab,Herman,Rogerson,1462 Fincham Road,Palm Desert,CA,92260,Visa,4532352904807561,033,3/2014
Incrultogy30,NicholasBCahoon@spambob.com,ieK6Shai6n,Nicholas,Cahoon,677 Melm Street,East Providence,RI,02914,MasterCard,5269954394390861,102,1/2013
Colip1988,AshleyHBrower@trashymail.com,eiGahg8bi,Ashley,Brower,2895 Smith Street,North Framingham,MA,01701,MasterCard,5341533628784099,117,6/2014
Thoofearm,LouiseTYork@spambob.com,zah4PhuD,Louise,York,113 Turkey Pen Road,Garden City,NY,11530,MasterCard,5465022694080434,395,4/2015
Wherriented,CathyEHayes@spambob.com,OYeilah0ai,Cathy,Hayes,3977 Filbert Street,Bethlehem,PA,18018,MasterCard,5301365708764859,361,5/2014
Damend,JoannJRivera@spambob.com,shaekiduN5,Joann,Rivera,4471 Kelly Street,Davidson,NC,28036,MasterCard,5121401049521308,233,6/2015
Tivere,MaryGAshford@pookmail.com,Iiph0heeS5,Mary,Ashford,4238 Angus Road,New York,NY,10016,MasterCard,5460975738547525,425,4/2016
Scure1957,FrancisKSalgado@pookmail.com,Aichei2ahv9,Francis,Salgado,3879 Maloy Court,Miltonvale,KS,67466,MasterCard,5301011986968800,514,11/2014
Thenceacin,FredDKing@pookmail.com,eiC1umeiph,Fred,King,4101 Wilson Street,Lone Pine,CA,93545,MasterCard,5383798491185752,491,4/2016
Thentry,CarlAIngram@dodgit.com,ai6eem0EeS5,Carl,Ingram,470 Caynor Circle,Teterboro,NJ,07608,Visa,4532888124913275,356,3/2015
Ande1938,EugeneMBrogan@trashymail.com,yoo1ohqu7E,Eugene,Brogan,348 Woodland Drive,Sioux City,IA,51101,MasterCard,5511999394582484,785,10/2013
