Username,EmailAddress,Password,GivenName,Surname,StreetAddress,City,State,ZipCode,CCType,CCNumber,CVV2,CCExpires
Someacce,DouglasLSeymour@mailinator.com,Ijai4chah1,Douglas,Seymour,1680 College Avenue,Dayton,OH,45434,Visa,4916138649248153,656,9/2013
Crothery,AndrewCDelarosa@trashymail.com,AhFaid9Oa3,Andrew,Delarosa,1126 Ingram Street,Dayton,OH,45402,Visa,4916851806047941,064,8/2015
Piere1949,CynthiaJCoulter@trashymail.com,BaiR5iej,Cynthia,Coulter,2767 Beechwood Drive,Pittsburgh,PA,15219,MasterCard,5365965836864233,244,5/2014
Whisher,StarSHatfield@trashymail.com,ookoPhi0L,Star,Hatfield,2746 Keyser Ridge Road,Greensboro,NC,27401,Visa,4916466765553480,010,6/2013
Deaders,RondaNRogers@pookmail.com,ainohFa8ai,Ronda,Rogers,3336 Tea Berry Lane,Crivitz,WI,54114,Visa,4485605022797767,738,11/2014
Regingescom,AnthonyAThomas@spambob.com,Ohthi9nai1,Anthony,Thomas,1424 Half and Half Drive,Fresno,CA,93711,MasterCard,5398844492245105,572,3/2015
Chise1940,LaurieTEwing@dodgit.com,eephe7Aigh4,Laurie,Ewing,2209 Valley Street,Camden,NJ,08102,MasterCard,5581987926905823,486,4/2013
Anceirs,SherrieLFaulkner@trashymail.com,Iene6oLoh,Sherrie,Faulkner,439 Rivendell Drive,Newton Falls,OH,44444,Visa,4556526595044565,526,9/2014
Ficulaiders,MargaretJVanhoose@mailinator.com,be7ing7I,Margaret,Vanhoose,573 Giraffe Hill Drive,Mesquite,TX,75149,MasterCard,5497648926646055,545,11/2016
Beekese,GinaBDaniels@mailinator.com,atheY1Nei,Gina,Daniels,3157 Olive Street,North Creek,OH,45831,Visa,4539903506097267,009,2/2015
Squairron,JamesRHaas@spambob.com,ya3Ubai5th,James,Haas,4130 Jehovah Drive,Troutville,VA,24175,MasterCard,5569332788288073,108,3/2013
Aftente,DavidWSchmitz@dodgit.com,ieZuuth3,David,Schmitz,1839 Breezewood Court,Argonia,KS,67004,MasterCard,5210045932267511,679,7/2015
Fonly1985,JustinABrown@mailinator.com,noo5Shie2gah,Justin,Brown,1054 Alpaca Way,Tustin,CA,92680,MasterCard,5263014723275618,383,3/2013
Theregan,KattieMWebber@dodgit.com,aeh0mieT3U,Kattie,Webber,2536 Spirit Drive,Pierson,FL,32080,Visa,4539478129708301,716,10/2017
Vioneet,AliceDCrary@trashymail.com,Aeper6ie7,Alice,Crary,4011 Dogwood Lane,Tucson,AZ,85701,Visa,4916137736807335,824,1/2014
Parmlaidern1956,IdaAValle@pookmail.com,oRahv0Deim,Ida,Valle,2257 Davisson Street,Ridgeville,IN,47380,MasterCard,5195811646253082,276,7/2016
Unarver,SandraJRivera@mailinator.com,la6Theele,Sandra,Rivera,2362 Kincheloe Road,Tigard,OR,97223,MasterCard,5437564115682608,712,2/2013
Frenjudipt,DawnKRobinson@mailinator.com,Iegh8oob,Dawn,Robinson,631 Vesta Drive,Bensenville,IL,60106,MasterCard,5164127465364992,809,3/2017
Suchemsess,KathleenJGallegos@pookmail.com,eiPh2ohqu,Kathleen,Gallegos,1208 Bailey Drive,Marion,IA,52302,Visa,4929056546067036,389,12/2017
Horlsonflon,DixieKPack@dodgit.com,yeiSh3Yoagh,Dixie,Pack,2175 Freed Drive,Stockton,CA,95219,MasterCard,5353589265095392,122,7/2016
Refors,JosephineRGarcia@trashymail.com,Eihuchai8bu,Josephine,Garcia,2565 Hillcrest Circle,Eagan,MN,55121,MasterCard,5577507342505191,386,10/2017
Whome1960,RobertPCupp@mailinator.com,eeHa6ied,Robert,Cupp,1899 Big Elm,Overland Park,MO,64110,Visa,4716151709966384,273,7/2017
Hemperess,DouglasMNorton@mailinator.com,cai0Nohc,Douglas,Norton,4819 Duncan Avenue,Huntington,NY,11743,Visa,4556904140935845,074,10/2015
Antiondeorus82,LyndaMGehring@dodgit.com,ieV4ahwei,Lynda,Gehring,4037 Nuzum Court,Buffalo,NY,14214,Visa,4556270661015338,485,1/2014
Hypt1929,SaraBVasquez@spambob.com,woKeiRio5ee,Sara,Vasquez,2845 Whitman Court,New Haven,CT,06511,MasterCard,5262381089267245,858,1/2015
Beforning,MarkLSpielman@dodgit.com,Loophei9afa4,Mark,Spielman,482 Joyce Street,Pollocksville,NC,28573,Visa,4532841669276491,456,7/2013
Drigat,CathyDMarshall@mailinator.com,Fie8Pahc,Cathy,Marshall,3346 Little Street,Mansfield,OH,44992,MasterCard,5447452604377302,488,8/2016
Mithat,JamesDGould@dodgit.com,awungoogh2Ao9,James,Gould,3591 Wood Duck Drive,Iron Mountain,MI,49801,Visa,4929239515986820,323,7/2016
Arinue,ReinaldoDBatista@trashymail.com,ohk0aeG6,Reinaldo,Batista,3058 Norman Street,Los Angeles,CA,90017,Visa,4556022485111250,275,11/2016
Losely92,CharlesAPeterson@pookmail.com,Ietaohahw7,Charles,Peterson,2737 Harter Street,Dayton,OH,45402,MasterCard,5248545491792508,378,1/2017
Gooppoiner1957,LynnSHardie@dodgit.com,phah6aiy6Qu,Lynn,Hardie,10 Watson Street,Egg Harbor,NJ,08232,Visa,4539553897077103,766,6/2014
Thearoolen,DianaHRowland@dodgit.com,Okae3di6uK,Diana,Rowland,512 Joy Lane,Anaheim,CA,92801,MasterCard,5458976574655756,747,1/2016
Cabou1958,CrystalRIngram@pookmail.com,yieyae5Uu,Crystal,Ingram,3370 Brookside Drive,Tuscaloosa,AL,35401,MasterCard,5132255263381766,420,6/2017
Coveregs,TravisRDunlap@trashymail.com,Aix2OoniTai,Travis,Dunlap,1079 Russell Street,Topsfield,MA,01983,Visa,4556783234181007,756,9/2016
Estre1988,AlexandraJMora@spambob.com,Bei2daRipoh,Alexandra,Mora,1484 Progress Way,Fairfax,IA,52228,MasterCard,5304858495821186,644,1/2014
Witaken,KayGGibson@pookmail.com,phe8oe5ohM,Kay,Gibson,3100 Circle Drive,Houston,TX,77036,MasterCard,5300559998498092,797,6/2014
Thatimetat,KennethEStalnaker@trashymail.com,veseisho6Hoh,Kenneth,Stalnaker,2432 Whitetail Lane,Frisco,TX,75034,Visa,4929278919051211,999,2/2014
Theach,LorraineRStafford@spambob.com,eethi6AeP5oh,Lorraine,Stafford,52 Haymond Rocks Road,Myrtle Point,OR,97458,MasterCard,5459035162963624,189,5/2015
Thaten,BarbaraTMartinez@spambob.com,iujee7Zie,Barbara,Martinez,2950 Heather Sees Way,Tulsa,OK,74120,Visa,4929260565895000,236,1/2015
Spichs,ArchieSStyer@spambob.com,thochah6V,Archie,Styer,3967 Pleasant Hill Road,Palm Beach Gardens,FL,33418,MasterCard,5362002331904240,494,6/2013
Babodisce,TimothyCJuarez@spambob.com,oarex9aQuee,Timothy,Juarez,1320 Stratford Park,Cynthiana,IN,47612,Visa,4929948028783017,037,2/2016
Andonellove77,SylviaJBrown@trashymail.com,UMohtoon6p,Sylvia,Brown,1589 Camden Street,Reno,NV,89501,Visa,4532544470526308,215,2/2014
Doeut1991,RoseSMann@pookmail.com,Ieveibai6,Rose,Mann,1058 Skips Lane,Tucson,AZ,85701,MasterCard,5244366760266601,859,2/2015
Grolown,IdaRRyerson@pookmail.com,Yae6ahch,Ida,Ryerson,4701 Stroop Hill Road,Atlanta,GA,30303,MasterCard,5589339111605952,643,2/2017
Evell1928,CatherineWEnglish@trashymail.com,aimeiF6ie,Catherine,English,946 Pooh Bear Lane,Piedmont,SC,29673,Visa,4485776528049134,587,6/2014
Pubjessity1955,BradfordRMayes@pookmail.com,Ihi0aiJo8,Bradford,Mayes,327 Gore Street,Houston,TX,77092,Visa,4539656063027461,491,4/2014
Tiscity,FloraJBoyd@spambob.com,ahxae7Ee,Flora,Boyd,3331 Shady Pines Drive,Galax,VA,24333,Visa,4532237678525681,818,11/2017
Cardso,ShondaHFord@pookmail.com,Zaingein6o,Shonda,Ford,3481 New Street,Reedsport,OR,97467,MasterCard,5214805277848472,118,2/2015
Wartind,StevenYCampbell@pookmail.com,uen3pha2Xee,Steven,Campbell,4136 Bird Street,Gallup,NM,87301,MasterCard,5135979431697467,222,10/2014
Forrosiver,KaraEMendez@spambob.com,tai0ooJ3aiH,Kara,Mendez,2540 Benson Park Drive,Bradley,OK,73011,Visa,4556588202298935,179,7/2016
Qualet,RyanDAlba@dodgit.com,Cheeru4Mai,Ryan,Alba,338 Joes Road,Albany,NY,12207,Visa,4539128922485942,256,3/2015
Youd1964,GaryMArriola@mailinator.com,Uh6noshah,Gary,Arriola,49 Chestnut Street,Tampa,FL,33610,Visa,4532467603390444,991,2/2014
Thationquall,NinaELee@trashymail.com,Die1AezauTh,Nina,Lee,3712 Rockwell Lane,New Bern,NC,28560,Visa,4539511024693861,523,11/2017
Beeks1984,ThomasSJenkin@spambob.com,fooG1xoGhoo,Thomas,Jenkin,3743 Rhapsody Street,Ocala,FL,34471,Visa,4929016764586901,009,1/2017
Dinione,ElizabethEDavis@mailinator.com,Aer0jou4Chi,Elizabeth,Davis,1224 Hilltop Haven Drive,Weehawken,NJ,07087,Visa,4929281082427556,920,9/2015
Twoubt1987,BlancheLLebron@pookmail.com,leich6aiB,Blanche,Lebron,486 Poplar Street,Park Forest,IL,60466,MasterCard,5169786414748491,936,3/2015
Spointionce,MarkDThomas@mailinator.com,xaeh1Ee1th,Mark,Thomas,4891 Conifer Drive,Lynnwood,WA,98036,Visa,4916915667871192,097,4/2013
Fehe1966,JennyMGonzales@spambob.com,ooPh6Zai8Lee,Jenny,Gonzales,3584 Morningview Lane,New York,NY,10013,Visa,4532350424373791,340,3/2013
Suffes,MichaelDCulbert@mailinator.com,AiNie1och,Michael,Culbert,3229 Giraffe Hill Drive,Irving,TX,75060,MasterCard,5192073656246125,341,12/2013
Droutich,DavidTBurchfield@trashymail.com,aey5eiD2A,David,Burchfield,2051 Thompson Drive,Oakland,CA,94612,MasterCard,5197644901729811,498,12/2015
Evencline,ClarissaRTorgerson@pookmail.com,oolaeF8sheng,Clarissa,Torgerson,2248 Sharon Lane,South Bend,IN,46601,MasterCard,5209907750008090,922,8/2017
Ladjecamis67,JoshuaMLawrence@spambob.com,reePh1aete,Joshua,Lawrence,2149 Hoffman Avenue,Manhattan,NY,10016,Visa,4929152038541370,363,2/2016
Pece1965,KimberlyCBrown@pookmail.com,Kooxohj4ei,Kimberly,Brown,4349 Diane Street,City Of Commerce,CA,90040,Visa,4485077910841836,130,11/2015
Liencimed91,GraciaCDavis@dodgit.com,oox7Iengaej,Gracia,Davis,1158 Stanton Hollow Road,Arlington,MA,02174,MasterCard,5589215166229288,584,7/2016
Wourt1929,RubyJEiland@mailinator.com,iG0Oaghahch,Ruby,Eiland,3652 Chipmunk Lane,Limerick,ME,04048,MasterCard,5506395059481442,686,3/2013
Expoth,GerriLLajoie@spambob.com,hoozu2Xoo,Gerri,Lajoie,2718 Fairway Drive,Vacaville,CA,95688,MasterCard,5177176073732228,812,9/2017
Pless1989,JustinLRenfro@trashymail.com,caiDeiph4hie,Justin,Renfro,1070 Stark Hollow Road,Denver,CO,80202,Visa,4916910249551610,549,1/2013
Exple1949,MaryJCarpenter@mailinator.com,zie8oS1woh,Mary,Carpenter,2626 Clousson Road,Houston,TX,77063,MasterCard,5158810551148886,497,5/2013
Berhat,PhillipMReel@spambob.com,ahW9tie9ah,Phillip,Reel,4953 Deer Ridge Drive,Nutley,NJ,07110,MasterCard,5411957995031294,655,8/2015
Hipbres,IreneTThomas@spambob.com,sooy2xahYai,Irene,Thomas,122 Mount Olive Road,Lawrenceville,GA,30245,MasterCard,5339765838933447,022,4/2016
Siand1990,JamesAStephenson@trashymail.com,Aeb7coh7pho,James,Stephenson,2831 Strother Street,Vernon,AL,35592,MasterCard,5583079711933562,949,3/2015
Handecand,PatriciaWAllison@trashymail.com,aP0chaeth,Patricia,Allison,4288 Dogwood Lane,Tucson,AZ,85711,Visa,4716123706324602,017,3/2017
Senou1944,LillianJJohnson@pookmail.com,Xooz4an0Shae,Lillian,Johnson,2676 Crowfield Road,Phoenix,AZ,85017,Visa,4556689232861252,643,5/2017
Fulies,GeorgeLSmith@mailinator.com,tei3AiR9thai,George,Smith,650 Sycamore Circle,Dallas,TX,75234,Visa,4532242419335333,830,2/2014
Housight,SolomonRMoore@trashymail.com,ohlo9Quie7t,Solomon,Moore,2543 Station Street,Austin,TX,78701,Visa,4916656292543489,862,12/2017
Someand,CharlesVCollier@dodgit.com,jang4Iguqu,Charles,Collier,2920 Glendale Avenue,Northridge,CA,91324,Visa,4532812997095853,701,2/2017
Abefor,WilliamNKendrick@trashymail.com,zui1Goo7z,William,Kendrick,407 Richards Avenue,Thornton,CA,95686,MasterCard,5325561767525296,015,2/2017
Stran1966,GeorgeDGreenstein@trashymail.com,meex3oe6Bu,George,Greenstein,2538 Nelm Street,Beltsville,VA,20705,MasterCard,5370838038453621,380,12/2016
Wevoing,GenaroKCobb@dodgit.com,Athahjai1,Genaro,Cobb,897 Still Pastures Drive,Columbia,SC,29210,MasterCard,5106716707290683,750,8/2013
Rantannew,JamesBBrown@mailinator.com,aiboi0Weef,James,Brown,1812 Briarwood Road,Springfield,MO,65804,MasterCard,5198216713234493,693,6/2015
Sormthe,AmandaJBrandon@mailinator.com,Ea1teihie,Amanda,Brandon,754 Terra Street,Port Townsend,WA,98363,MasterCard,5593446486720102,138,9/2015
Outle1971,StephanieHBaynes@trashymail.com,Cae6if9au8,Stephanie,Baynes,1301 Lighthouse Drive,Monett,MO,65708,MasterCard,5472449126182242,887,3/2017
Frintings,KennethCJackson@pookmail.com,Cae6ohgum,Kenneth,Jackson,4019 Shinn Avenue,Crafton,PA,15205,MasterCard,5446788080923320,137,2/2017
Daven1946,LancePRogers@trashymail.com,goob3aiX9Oh,Lance,Rogers,3191 Northwest Boulevard,Baileys Crossroads,DC,22041,MasterCard,5160870785317059,003,5/2013
Sked1963,JohnnyMSmith@dodgit.com,noo9fooB4,Johnny,Smith,2741 Crestview Terrace,Pleasanton,TX,74135,MasterCard,5154732272085938,883,11/2013
Wompent,TheresaJSafford@dodgit.com,eeB8LaeV,Theresa,Safford,4404 Hillcrest Avenue,Quincy,MA,02169,Visa,4716285667993582,596,3/2015
Thereptaboy,RoderickPVargas@dodgit.com,ohmuy1quaLie,Roderick,Vargas,1742 Fieldcrest Road,Garden City,NY,11530,Visa,4532220519617115,454,4/2016
Voincle82,SilviaRBurton@mailinator.com,pai9Chiegh,Silvia,Burton,1524 Fidler Drive,San Antonio,TX,78229,Visa,4532962207937277,241,6/2016
Wred1978,ElliotLScroggins@mailinator.com,Cae9iithoo,Elliot,Scroggins,2425 Jadewood Farms,Newark,NJ,07104,Visa,4916249918721646,398,9/2013
Alifuld,FritzBGreen@pookmail.com,Aegh3eaquoh,Fritz,Green,918 Abner Road,Hudson,WI,54016,MasterCard,5559780008496961,078,10/2013
Phintly,ShaneMChaffin@trashymail.com,ShohCho8,Shane,Chaffin,1183 Tavern Place,Wolf Summit,WV,26462,Visa,4556348853243957,562,7/2014
Thentle1962,AngeloSMiller@mailinator.com,iephie4Ou1,Angelo,Miller,2094 Thorn Street,Rock Springs,WY,82901,Visa,4916197247182388,839,5/2016
Whisis1960,FedericoNJohnson@dodgit.com,daethaJ6,Federico,Johnson,4713 Tibbs Avenue,Stockett Sand Coulee,MT,59480,Visa,4532722225684149,979,4/2016
Laung1983,PaulAPorter@mailinator.com,Ahdet3ae,Paul,Porter,589 Hickory Lane,Washington,DC,20005,MasterCard,5454366578078342,670,12/2015
Livictere,DavidNSpurlock@mailinator.com,Eeguef8JaX,David,Spurlock,227 Meadowbrook Mall Road,Los Angeles,CA,90017,MasterCard,5231226062990453,539,1/2015
Biturnight,TerrenceLSmith@trashymail.com,vii3ePeiv,Terrence,Smith,140 Point Street,Summit,IL,60501,MasterCard,5250772021849294,649,12/2014
Thowelf72,VictorJBurnham@mailinator.com,pau3vu9goTh,Victor,Burnham,2830 Single Street,Lynn,MA,01901,Visa,4532205914118371,738,1/2014
Frossuche,ChristinaJAdkins@spambob.com,Oi5ceGie,Christina,Adkins,4959 Spinnaker Lane,Chicago,IL,60654,Visa,4916114279569085,832,1/2017
Tonany,JonASchmidt@pookmail.com,Caing1th,Jon,Schmidt,1857 Johnson Street,Morrisville,NC,27560,Visa,4556047312412480,599,9/2015
Rappy1969,AmyRGeorge@trashymail.com,KahkeR7ae,Amy,George,4119 Granville Lane,Newark,NJ,07102,Visa,4916799807300027,958,5/2013
Odevidis1931,BerniceCBurns@spambob.com,aDohquo1yi,Bernice,Burns,208 Morris Street,Victoria,TX,77901,MasterCard,5269098961721049,849,7/2015
Upentold,JoseSSeymour@pookmail.com,yeeB7ohxoh7uu,Jose,Seymour,2313 Yorkie Lane,Waycross,GA,31501,Visa,4916580759481068,403,6/2015
Mucres,TenaJBoone@pookmail.com,saiti1eeTh3,Tena,Boone,1290 Layman Avenue,Jacksonville,NC,28540,Visa,4916150561358886,308,11/2014
Wascond,KennethLAnderson@spambob.com,AhL3kohDi,Kenneth,Anderson,2742 Baker Avenue,Watauga,TX,76148,MasterCard,5207729563502792,589,1/2013
Wasuffeen,KelleyMGranger@dodgit.com,re6aeThe3Qu,Kelley,Granger,952 Nicholas Street,Topeka,KS,66617,MasterCard,5549331639472816,645,1/2017
Beirl1956,PaulDHagan@pookmail.com,aeLeex0er,Paul,Hagan,1188 Musgrave Street,Atlanta,GA,30329,Visa,4916158276456846,257,10/2016
Fraidess,ChristopherRNewell@pookmail.com,raTh9aeDoaqu,Christopher,Newell,4976 Jefferson Street,Chesapeake,VA,23320,Visa,4485817213524658,430,11/2013
Youser,ConradMAbrahams@spambob.com,emoBees0fau,Conrad,Abrahams,4074 Marcus Street,Huntsville,AL,35816,Visa,4532515885813747,492,6/2016
Loract,WillardSViola@spambob.com,eepheiGh4oh,Willard,Viola,3837 Geneva Street,Garden City,NY,11530,MasterCard,5474463102196744,863,11/2014
Thoccou57,WilliamTByrge@pookmail.com,Ud5Ae9ge,William,Byrge,676 Quiet Valley Lane,Van Nuys,CA,91405,Visa,4485470465157312,766,11/2017
Mairaguent1969,DawnMBerrier@trashymail.com,Vohv4feeph3,Dawn,Berrier,627 George Avenue,Mobile,AL,36602,MasterCard,5177067590803826,781,1/2013
Finlive,JeremyRSnyder@pookmail.com,Thieth0ch,Jeremy,Snyder,2936 Poe Lane,Leavenworth,KS,66048,MasterCard,5150916309203499,726,6/2014
Solerho,RandallJLowry@spambob.com,AhY5ja2anie,Randall,Lowry,3609 Dog Hill Lane,Salina,KS,67401,MasterCard,5446858621747742,941,10/2016
Harms1940,MaryJNix@dodgit.com,ohqu4aicieGh,Mary,Nix,4022 Norma Avenue,Dayton,OH,45406,Visa,4716595128685464,023,7/2013
Widefirearm,JoshuaEVergara@pookmail.com,aeCheet5fai,Joshua,Vergara,1235 Flinderation Road,Oak Park,IL,60300,Visa,4916247714866367,537,4/2015
Anking,GloriaRHughes@dodgit.com,koDiele1xi8,Gloria,Hughes,2761 Burning Memory Lane,Philadelphia,PA,19135,MasterCard,5570425738496767,307,2/2013
Eatepas,MaryannPCarden@spambob.com,quaiVai3Goo,Maryann,Carden,4055 Arthur Avenue,Chicago,IL,60606,MasterCard,5281077573301014,821,12/2014
Glage1960,JohnHEvans@pookmail.com,hai3quooDie,John,Evans,1423 Windy Ridge Road,Berne,IN,46711,Visa,4556497597454709,230,9/2017
Saing1953,ChrisEYates@mailinator.com,tai8vo7Eed,Chris,Yates,2548 Lyndon Street,Fort Washington,PA,19034,Visa,4929855170495607,758,1/2015
Hinface1970,PaulCJones@dodgit.com,ooM2Wohheim,Paul,Jones,4954 Levy Court,Concord,MA,01742,Visa,4532566789865770,975,2/2013
Eatepas,ChrisHSims@pookmail.com,ai4looH8,Chris,Sims,2589 Timber Oak Drive,Cambria,CA,93428,Visa,4556610928280342,657,5/2014
Altoot,AnnaRFortier@pookmail.com,tahxuL8pue5ei,Anna,Fortier,1217 Elliot Avenue,Seattle,WA,98105,Visa,4716982136048481,297,6/2014
Saingthad,RonARozek@trashymail.com,ouLaeT2yoh,Ron,Rozek,4049 Poplar Lane,Doral,FL,33178,Visa,4556559644055233,102,9/2017
Wred1951,StevenRShelton@spambob.com,ohguquohh0W,Steven,Shelton,3543 D Street,Mount Clemens,MI,48044,Visa,4916643307835399,030,5/2014
Sithinion,EsterKAlexander@mailinator.com,aiWeeba9iQu,Ester,Alexander,334 Dennison Street,Stockton,CA,95202,MasterCard,5294099445293752,674,6/2015
Himplazint58,JamesVBeaulieu@pookmail.com,FooK3thoo,James,Beaulieu,3020 Elk Rd Little,Tucson,AZ,85705,MasterCard,5335273725908865,524,3/2016
Reatunat,HuiMFlores@dodgit.com,xiPh1tee3e,Hui,Flores,1656 Eden Drive,Los Angeles,CA,90013,Visa,4929008568816212,411,5/2016
Gois1976,DonCStandard@spambob.com,che0Jaequ,Don,Standard,113 Barnes Street,Orlando,FL,32808,MasterCard,5525879428069316,278,10/2015
Soutimseling,FlorenceEClemmons@trashymail.com,yeeX8ohY,Florence,Clemmons,754 Gladwell Street,Longview,TX,75601,MasterCard,5238807611006785,849,10/2016
Serow1933,JackieGChurch@pookmail.com,aQu8chei,Jackie,Church,547 Irving Road,Worthington,OH,43085,MasterCard,5304796817733483,118,5/2015
Beills1952,JamesJHoskins@dodgit.com,Da4kooDie,James,Hoskins,1118 Diane Street,Thousand Oaks,CA,91362,MasterCard,5425413031034144,668,9/2014
Rousameltood,StellaCDavidson@trashymail.com,deiQu0ejei,Stella,Davidson,3450 Patton Lane,Raleigh,NC,27603,MasterCard,5300828066657479,377,4/2017
Storthe1985,GloriaDSexton@dodgit.com,iecaib9Ei,Gloria,Sexton,301 Candlelight Drive,Stafford,TX,77477,MasterCard,5276026708593281,267,11/2016
Therew,LaurieSRobinson@trashymail.com,zahkie2Tee,Laurie,Robinson,1659 Woodridge Lane,Memphis,TN,38111,Visa,4539328094262604,484,1/2014
Forwas,ChristineSSmith@mailinator.com,AebaeM2ei,Christine,Smith,4318 Strother Street,Birmingham,AL,35203,MasterCard,5144224497448326,120,1/2016
Exte1976,SoniaRMiller@trashymail.com,Phohmee7e,Sonia,Miller,1878 Still Street,Toledo,OH,43602,MasterCard,5227798729102157,615,9/2015
Mrsecone1972,HerbertCGreen@spambob.com,TievoohuuY2,Herbert,Green,2179 West Virginia Avenue,Colonie,NY,12205,Visa,4556047698835403,697,6/2014
Whopuld,CharlieCSanders@spambob.com,EeNg8waibie,Charlie,Sanders,4148 Pine Street,Marianna,PA,15345,Visa,4916147755216151,238,5/2013
Bressibity77,JulieJBurns@dodgit.com,fie7Aip3ae,Julie,Burns,3978 Rocky Road,Philadelphia,PA,19103,MasterCard,5461577204998452,279,5/2017
Liffeent,MarthaMParr@spambob.com,dais8Ohl,Martha,Parr,3035 Beech Street,Pittsburg,CA,94565,MasterCard,5174584999589007,649,8/2017
Ourection,MarthaEHicks@dodgit.com,aiwo8iPhei4,Martha,Hicks,3056 Gateway Road,Portland,OR,97220,MasterCard,5110116943838870,063,2/2017
Sontoort,WilliamDDavidson@spambob.com,Eu5oonoo,William,Davidson,2340 Charter Street,Kansas City,KS,64110,MasterCard,5334883034093570,102,1/2016
Fetwerivid,CarlCRamey@dodgit.com,ohTooK1ubo5,Carl,Ramey,4755 Spring Street,Argenta,IL,62501,Visa,4929509985885466,466,5/2016
Ressomility,AnnJLevasseur@trashymail.com,Uquie2deine4,Ann,Levasseur,4185 Pine Garden Lane,Gainesville,GA,30501,MasterCard,5499745664537120,976,11/2016
Anum1945,GerardoTShields@spambob.com,aCephia9h,Gerardo,Shields,3959 Hershell Hollow Road,Los Angeles,CA,90017,Visa,4532147516159868,418,8/2017
Kelin1935,KathySOviedo@mailinator.com,Aeboht2oo,Kathy,Oviedo,2401 Concord Street,Charlotte,NC,28134,Visa,4916293643012327,578,2/2015
Graill,DanaTBrown@dodgit.com,soVudeebe6,Dana,Brown,2437 Chapmans Lane,Los Lunas,NM,87031,MasterCard,5387539018718055,740,7/2016
Guis1941,TommyMSigman@mailinator.com,Vei6eizi,Tommy,Sigman,1450 Capitol Avenue,Indianapolis,IN,46225,MasterCard,5242920420557510,328,7/2015
Gandaillon,CarolynMHughes@dodgit.com,ohF9ahNei,Carolyn,Hughes,2636 May Street,Allen,KY,41601,Visa,4532141629338212,949,10/2014
Himmuch,KathleenDKhan@dodgit.com,Pheo0yie,Kathleen,Khan,2103 Custer Street,Barnesboro,PA,15714,MasterCard,5421648336691882,570,4/2017
Fortionce,CrystalDScholl@dodgit.com,eeFiem1h,Crystal,Scholl,1436 Poco Mas Drive,Dallas,TX,75207,MasterCard,5202205488242769,345,11/2016
Ansted,AdamKThomas@dodgit.com,zie4eiNg,Adam,Thomas,624 Star Trek Drive,Pensacola,FL,32507,Visa,4929208788370210,381,3/2015
Hemped1985,LoriFSmart@dodgit.com,Phe0ohshues,Lori,Smart,1775 Par Drive,Mira Loma,CA,91752,Visa,4539042183934805,998,5/2017
Theeng,HaroldLWatson@trashymail.com,eengoo7Ef,Harold,Watson,4437 Sheila Lane,Elko,NV,89801,Visa,4556670999620933,494,6/2017
Faingentine,PaulMWilliams@dodgit.com,uf2viey7Vae,Paul,Williams,4987 Adams Avenue,Landover,MD,20785,Visa,4929103618623161,676,5/2015
Blide1976,MaryJPoe@trashymail.com,Ohpahcei5n,Mary,Poe,767 Eagle Drive,Southfield,MI,48235,MasterCard,5187555223756864,334,6/2017
Hentwonce,AlthaNLassiter@spambob.com,Iongi3ee,Altha,Lassiter,3602 Woodland Avenue,Mandeville,LA,70448,Visa,4485376741129621,711,9/2014
Theire39,JamesRKeene@pookmail.com,dohf5Aghie,James,Keene,166 Modoc Alley,Pocatello,ID,83204,Visa,4916581757372606,201,11/2017
Pabalunces,RichardEFryar@mailinator.com,aiDa6oh8dib,Richard,Fryar,124 Berry Street,Walsenburg,CO,81089,MasterCard,5278455691954796,985,7/2017
Wrouse62,MargaritaJMyles@spambob.com,ooSh3Chohth,Margarita,Myles,3223 Geraldine Lane,New York,NY,10007,Visa,4929293861210095,138,10/2015
Grer1930,CraigWSchoenfeld@pookmail.com,wu5ieBooch,Craig,Schoenfeld,2424 Barfield Lane,Indianapolis,IN,46241,MasterCard,5480021736909536,113,12/2017
Supown,BarbaraGLachapelle@trashymail.com,AetouNgae0,Barbara,Lachapelle,1207 Virginia Street,Hickory Hills,IL,60457,MasterCard,5404684335005361,061,4/2017
Hicated,BriannaRSchutte@pookmail.com,koox6goLe8ph,Brianna,Schutte,329 Sheila Lane,Goldfield,NV,89013,Visa,4556101594218352,362,5/2014
Belarrine1990,RonaldKRaby@mailinator.com,jovei1Iap,Ronald,Raby,3162 Raoul Wallenberg Place,New Haven,CT,06511,Visa,4929143451894610,240,12/2015
Entler,SarahNRoybal@mailinator.com,poeh5eeQu,Sarah,Roybal,999 Austin Avenue,Savannah,GA,31401,MasterCard,5436029604377061,519,4/2014
Thomed,JayBStowe@spambob.com,eg1ahLauTh5,Jay,Stowe,3274 Roosevelt Road,Winfield,KS,67156,Visa,4929325585992119,080,6/2017
Hictir83,BettyJAllen@pookmail.com,ais8Eeg8ohth,Betty,Allen,3859 Tator Patch Road,Chicago,IL,60606,Visa,4532621514340423,237,10/2016
Dengagess,BenjaminJSmith@pookmail.com,ijah6Ahdoo,Benjamin,Smith,4537 Snowbird Lane,Seward,NE,68434,Visa,4556467398741158,587,2/2013
Phree1961,WallaceEArnold@trashymail.com,ohcaPha4a,Wallace,Arnold,4604 Windy Ridge Road,Craigville,IN,46731,MasterCard,5378498085890134,253,3/2013
Andow1952,MaryPPatton@spambob.com,Ahr5chau2O,Mary,Patton,1655 Birch Street,Indianapolis,IN,46225,Visa,4539578641302150,155,4/2013
Lythe1973,NicholasVJones@dodgit.com,oogeiToe4,Nicholas,Jones,4672 Petunia Way,Birmingham,AL,35209,MasterCard,5420826921871637,401,9/2015
Possloved,AdamDRobinson@pookmail.com,ooSh0choh,Adam,Robinson,2212 Drainer Avenue,Tallahassee,FL,32301,MasterCard,5256377975855943,970,3/2014
Beenot,JeremyYParrish@pookmail.com,ri1IiSh1cho,Jeremy,Parrish,891 Thrash Trail,Sandy Creek,TX,75783,Visa,4716135846061803,093,3/2013
Careepard,JosephBLuis@spambob.com,Ed2achairei,Joseph,Luis,2860 Radio Park Drive,Augusta,GA,30901,Visa,4556537466282044,891,5/2016
Plethell,EverettNJones@trashymail.com,ahZ4Zidee,Everett,Jones,2665 Platinum Drive,Pittsburgh,PA,15205,Visa,4485465664225951,663,7/2016
Hime1945,ClaraCRichards@spambob.com,wohTaiPha6g,Clara,Richards,3991 Dovetail Estates,Tulsa,OK,74120,MasterCard,5494889667916686,170,1/2015
Usen1970,SandraLNicolai@dodgit.com,Chie0io3Uv,Sandra,Nicolai,4827 Luke Lane,Ardmore,OK,73401,MasterCard,5482171893553771,918,11/2016
Grephersur,LeonaWNeil@trashymail.com,Chagie8she,Leona,Neil,4510 Armory Road,Laurinburg,NC,28352,MasterCard,5469029068751033,037,12/2015
Tainest,AmiraWClements@pookmail.com,cha9ri7B,Amira,Clements,2028 McDowell Street,Nashville,TN,37210,MasterCard,5504764099239049,356,5/2017
Suraw1962,WinifredWMcClain@spambob.com,ohN7nee0eeJ,Winifred,McClain,3403 Filbert Street,Fort Washington,PA,19034,Visa,4539402397175373,001,4/2013
Hade1927,PatriciaTCaines@trashymail.com,OaJee1quai,Patricia,Caines,4013 Philli Lane,Tulsa,OK,74133,Visa,4916903927618793,172,8/2013
Quith1993,JenniferBShull@mailinator.com,Aenguwein3,Jennifer,Shull,494 Earnhardt Drive,Louisville,KY,40202,Visa,4716883813838915,115,7/2017
Forgageds,CherylTStanhope@spambob.com,woo6uoC4,Cheryl,Stanhope,4117 Horseshoe Lane,Newark,PA,19714,MasterCard,5406726597807196,733,3/2015
Iteriabittem,RobinTAhl@trashymail.com,Coace3Cai,Robin,Ahl,597 New York Avenue,City Of Commerce,CA,90040,MasterCard,5470460879309389,184,2/2017
Olumen,JeanJCase@trashymail.com,boh7Nahd5Ai,Jean,Case,2045 Creekside Lane,Riverside,CA,92507,Visa,4916125927784496,215,9/2016
Cogn1973,JamesPThayer@dodgit.com,kool8yooNgoo,James,Thayer,1039 Stuart Street,Pittsburgh,PA,15206,MasterCard,5523835151912751,304,11/2015
Whinarand,AlbertVPope@dodgit.com,We0boo7th,Albert,Pope,736 Radford Street,Louisville,KY,40299,Visa,4532924669257875,065,6/2015
Knore1946,MarieRSullivan@pookmail.com,aiFuum2ohx,Marie,Sullivan,4835 Columbia Boulevard,Baltimore,MD,21215,MasterCard,5376117844435799,726,10/2015
Wastold,BernadetteGCastro@spambob.com,Bai7eongai,Bernadette,Castro,853 Cottrill Lane,Stlouis,MO,63101,Visa,4539758915959899,064,8/2015
Thisity1968,GeorgeCMcNair@mailinator.com,Faek1po1Ahj,George,McNair,298 Alfred Drive,New York,NY,10011,Visa,4556094569777975,609,2/2016
Scouned88,JesseAHarvey@pookmail.com,lah1Phiyeidie,Jesse,Harvey,1326 Wood Street,Saginaw,MI,48607,MasterCard,5541039666366797,362,9/2013
Nuthat,JeffreyCTaylor@trashymail.com,ohp0chei9A,Jeffrey,Taylor,1343 Aspen Court,Boston,MA,02107,Visa,4929868995420536,118,12/2015
Thowithed,AlbertoLSmith@dodgit.com,Aevaes8H,Alberto,Smith,3845 Lake Road,Hopewell  Mercer,NJ,08525,MasterCard,5497584168244517,437,6/2013
Villity,TerryBTrainor@pookmail.com,xahp1aijeX3,Terry,Trainor,463 Rosewood Court,Faribault,MN,55021,Visa,4716805388476359,512,8/2014
Miscacer,LaurenMFranks@dodgit.com,Cair9cie6,Lauren,Franks,507 Stonecoal Road,Scott,OH,12345,Visa,4929335714181765,433,6/2014
Commill,NellDChildress@spambob.com,Pager2loy,Nell,Childress,3966 Asylum Avenue,Cheshire,CT,06410,Visa,4532351362211555,050,4/2016
Paings,DonovanMTalbott@mailinator.com,miQu5ahfie,Donovan,Talbott,2503 Cambridge Drive,Buckeye,AZ,85326,Visa,4485240954833768,779,3/2014
Whomen,ReneeRPerez@pookmail.com,gaiP5kuShoh,Renee,Perez,85 Elk Avenue,Sunfield,MI,48890,MasterCard,5427999822490295,149,2/2013
Ditind,ValerieAWest@trashymail.com,eshieWo0ie,Valerie,West,4179 Breezewood Court,Coolidge,KS,67836,MasterCard,5573522317213642,305,5/2015
Mottee,CharlesNFoss@mailinator.com,Heif4Bothoh,Charles,Foss,2798 Fidler Drive,San Antonio,TX,78219,MasterCard,5535756334569399,614,5/2014
Thichatherne,StevenKFerro@pookmail.com,MeePhoo2,Steven,Ferro,2318 Brooke Street,Houston,TX,77016,Visa,4539044183915479,964,9/2013
Themighe66,JamesASnyder@pookmail.com,eegib1Ti,James,Snyder,904 Frosty Lane,Owego,NY,13827,Visa,4929277033558598,068,1/2013
Vionfichis,JoshuaSEngland@spambob.com,xei2gouQuo,Joshua,England,1604 Spadafore Drive,Sigel,PA,15860,Visa,4532257977024020,079,9/2013
Feresher,MichelleHGarrett@trashymail.com,TohyohH0hah,Michelle,Garrett,697 Thunder Road,Palo Alto,CA,94306,MasterCard,5227883736669297,050,7/2016
Waskinge1968,KrystalMEgan@mailinator.com,bij7faB6lee,Krystal,Egan,686 John Daniel Drive,Ellington,MO,63638,MasterCard,5189747225118445,564,7/2017
Railiciere,MichaelKStone@trashymail.com,eeG4hooqu4ee,Michael,Stone,117 Round Table Drive,Amelia,OH,45102,MasterCard,5327157338144135,153,10/2017
Yountly,LarryBFrantz@pookmail.com,gohCi6joov,Larry,Frantz,4461 Prospect Street,Camden,NJ,08102,Visa,4716294795474507,510,9/2015
Hasto1980,WilliamEHansen@pookmail.com,Saegie7Coh,William,Hansen,2550 Maryland Avenue,Feather Sound,FL,34622,MasterCard,5390654029100295,955,10/2015
Mintrairself,VirginiaWScaife@mailinator.com,gieth9Soo,Virginia,Scaife,3874 Pine Street,Pittsburgh,PA,15222,MasterCard,5116164579147764,367,8/2017
Loysight,RonaldKCameron@spambob.com,ooghei3Yid2,Ronald,Cameron,3675 Single Street,Cambridge,MA,02141,MasterCard,5127436718058756,845,5/2014
Siberrupong,RositaAReedy@dodgit.com,ungahW5deed,Rosita,Reedy,199 Foley Street,Pompano Beach,FL,33064,Visa,4556207100034280,564,12/2013
Venly1978,JaimeMClifton@spambob.com,zei6ooChei8,Jaime,Clifton,1059 Gateway Avenue,Quartz Hill,CA,93534,Visa,4716486106324997,721,2/2014
Whislameron,DanielJBolton@spambob.com,jai4gin3Ai,Daniel,Bolton,3336 Martha Ellen Drive,Reno,NV,89512,Visa,4916877469866046,111,12/2015
Ablemplaid,VirginiaWTimm@pookmail.com,Zi7Cah3ie,Virginia,Timm,821 Goff Avenue,Galien,MI,49113,MasterCard,5387088092803417,007,5/2016
Faideark,JohnALee@dodgit.com,ac3iNahzae9o,John,Lee,1378 Wetzel Lane,Grand Rapids,MI,49546,MasterCard,5595144942919016,175,1/2013
Anchey,ElsaDBarrett@mailinator.com,Xaeroo3th,Elsa,Barrett,162 Murphy Court,Irvine,CA,92614,Visa,4485395071797708,103,6/2014
Dights,LarryDPerin@dodgit.com,aiGizaiz8zah,Larry,Perin,2925 Villa Drive,Mentone,IN,46539,Visa,4929049441592414,304,3/2016
Foreasked,ElijahRMoffitt@trashymail.com,dooqu2ed0Ne,Elijah,Moffitt,2485 Hickory Street,Santaquin,UT,84655,MasterCard,5405578027615660,062,9/2016
Yousbabtle93,LydiaRMadden@dodgit.com,Oow4puyo7oo,Lydia,Madden,2223 Simpson Street,Bloomington,IL,61701,Visa,4929287373751505,882,3/2013
Nethen,JarrodECraig@trashymail.com,Ooyougha0Ei,Jarrod,Craig,966 Hart Country Lane,West Point,GA,31833,MasterCard,5516574519255087,516,3/2014
Abso1990,KristynCChurch@dodgit.com,Mul2ir5eiph,Kristyn,Church,764 White Lane,Macon,GA,31210,MasterCard,5570643486833821,056,12/2014
Cubled,JoannTJimenez@mailinator.com,raizei0zaeG,Joann,Jimenez,1482 Freshour Circle,Stockton,CA,95202,MasterCard,5587752358727275,171,10/2014
Anut1929,JustinAMcDaniels@mailinator.com,Eepeen5Bai,Justin,McDaniels,803 Freshour Circle,Stockton,CA,95207,Visa,4916317974072319,547,4/2017
Gamention,WayneAColon@mailinator.com,EeXees5yo,Wayne,Colon,3583 Joes Road,Nassau,NY,12123,Visa,4929569807719327,847,6/2014
Thately,VirginiaJPitts@pookmail.com,foGh2oothie,Virginia,Pitts,2353 Still Pastures Drive,Augusta,SC,30901,Visa,4916685985311045,276,8/2016
Couged,SocorroRClay@pookmail.com,am8Ahqu2lie,Socorro,Clay,4873 Jadewood Farms,New Brunswick,NJ,08901,Visa,4485423364166405,035,10/2013
Seved1932,FreddySPerkins@pookmail.com,zungiwie4OaRoo,Freddy,Perkins,813 Big Indian,New Orleans,LA,70112,Visa,4929519460529398,797,3/2016
Cauppility1943,BillyCLetellier@mailinator.com,AithooVi6jai,Billy,Letellier,4084 Clair Street,Morgan,TX,76671,Visa,4556592487210441,733,9/2016
Thamot,MattieBRetzlaff@trashymail.com,ooX4chai5Qu,Mattie,Retzlaff,4174 Kovar Road,Worcester,MA,01610,MasterCard,5100643920610164,745,6/2016
Begg1990,ShannonRRinker@spambob.com,noTh4aegei,Shannon,Rinker,2659 Lakeland Park Drive,Marietta,GA,30067,Visa,4916789041502413,454,6/2015
Sonvirsene,TeresaDJones@trashymail.com,checomu7IDe,Teresa,Jones,179 Ethels Lane,Fort Myers,FL,33901,MasterCard,5227274525900038,039,11/2015
Arnifew1988,BradVReyes@mailinator.com,ein6aiNg,Brad,Reyes,4580 Calico Drive,Cle Elum,WA,98922,MasterCard,5266358118716141,708,2/2014
Dore1986,DiannJRay@pookmail.com,oongoo7G,Diann,Ray,3052 Rockford Mountain Lane,Appleton,WI,54913,Visa,4929768434843928,211,9/2017
Criniveran,EthelJBrown@spambob.com,ohbi3rae8K,Ethel,Brown,3083 Randall Drive,Keaau,HI,96749,MasterCard,5233945512811302,886,11/2016
Camelf,BenjaminRHayward@dodgit.com,luph9Omamai,Benjamin,Hayward,2567 Pheasant Ridge Road,Doylestown,PA,18901,MasterCard,5221549882864323,620,1/2016
Yousagannot,DavidSCobb@dodgit.com,icu6gieQuah,David,Cobb,3323 Philli Lane,Snug Harbor,OK,74467,MasterCard,5362114521324400,788,5/2015
Stery1952,StephenYJohnson@mailinator.com,JaiS1aem,Stephen,Johnson,697 Scenic Way,Lincoln,IL,62656,Visa,4532769520930032,859,3/2014
Sequal,RyanSCobb@spambob.com,ohgaevae1U,Ryan,Cobb,4313 Pratt Avenue,Seattle,WA,98161,MasterCard,5181071946719045,179,3/2014
Deplivars1963,RyanVMartinez@spambob.com,doJafah1Ei,Ryan,Martinez,2007 Walton Street,Holladay,UT,84117,MasterCard,5292774730456825,202,3/2016
Oused1955,ConnieWMcGee@dodgit.com,tei5Aith4ah,Connie,McGee,2136 Coulter Lane,Richmond,VA,23223,MasterCard,5595796782297702,127,7/2017
Ouldives,JillJMinor@trashymail.com,lah0Shaikoox,Jill,Minor,3795 Beechwood Drive,Pittsburgh,PA,15212,MasterCard,5398037883438153,323,12/2015
Kinet1927,DianeMLloyd@pookmail.com,xee2oor4EK6,Diane,Lloyd,809 Isaacs Creek Road,Decatur,IL,62522,MasterCard,5105914477354067,638,9/2016
Tinfee,RickeyESexton@trashymail.com,ahw5eiGhaah,Rickey,Sexton,4103 Norman Street,Los Angeles,CA,90014,MasterCard,5580242495825585,407,2/2017
Wervis,EvelynLGroesbeck@spambob.com,kaeN4phee7i,Evelyn,Groesbeck,4250 Pick Street,Centennial,CO,80112,MasterCard,5476044852434697,647,3/2015
Paing1980,DaniloCWise@dodgit.com,deeViepoh4,Danilo,Wise,2887 Ross Street,Chicago,IL,60605,Visa,4916550832428030,171,1/2016
Forater,ClarenceNTurner@mailinator.com,aophiN7l,Clarence,Turner,4482 Mcwhorter Road,Greenwood,MS,38903,MasterCard,5297570304302774,966,9/2013
Qualown,AudreyDCook@pookmail.com,Ho2oP9Thuo8z,Audrey,Cook,2660 James Street,Rochester,NY,14621,Visa,4929363886004193,784,8/2016
Tork1931,BerthaHThompson@pookmail.com,Bei6shiomae,Bertha,Thompson,4557 Kuhl Avenue,Atlanta,GA,30303,Visa,4532295084039465,452,6/2014
Shastaidow1981,MichaelSRoss@pookmail.com,irooL7aeSh2,Michael,Ross,816 Davisson Street,Attica,IN,47918,Visa,4916962252411943,429,3/2014
Fany1945,AshleyJWard@mailinator.com,oey6Ahk9iel,Ashley,Ward,4707 Crestview Manor,Indianapolis,IN,46220,MasterCard,5369136879721591,400,7/2016
Trustion,BrooksSLowe@spambob.com,Quahneet4x,Brooks,Lowe,1180 Coplin Avenue,Phoenix,AZ,85040,Visa,4929177749208043,291,3/2017
Wrive1993,WilliamBKatz@dodgit.com,Au3ShiS6cei,William,Katz,3088 Lunetta Street,Wichita Falls,TX,75763,MasterCard,5364705103354216,864,7/2015
Withatte,MargaretHWilson@trashymail.com,iey7Zohchoo,Margaret,Wilson,2890 Scenicview Drive,Bellevue,WA,98004,MasterCard,5597468802878329,601,4/2014
Nind1976,RobertMSawyer@pookmail.com,nui7Vah4eesh,Robert,Sawyer,4771 Woodrow Way,Nashville,TN,37210,MasterCard,5305484021732703,643,3/2016
Grable,RandyJJames@spambob.com,aruoGheo9y,Randy,James,4552 Briarwood Drive,Laurel Springs,NJ,08021,MasterCard,5425267542951117,535,10/2014
Whicas,JamesMMessersmith@pookmail.com,iegha4Lec,James,Messersmith,141 Hillhaven Drive,Santa Ana,CA,92705,MasterCard,5181038588193714,951,7/2017
Moted1988,BillRLopez@trashymail.com,igh7Heezai,Bill,Lopez,2366 Carter Street,Centralia,IL,62801,MasterCard,5497104739318003,212,8/2013
Fooppose,DonaldMCulbertson@trashymail.com,phai2ahQu,Donald,Culbertson,2414 Oak Avenue,Northbrook,IL,60062,MasterCard,5452712026544405,097,1/2015
Thend1960,PaulDJackson@trashymail.com,aefooV4ie,Paul,Jackson,3834 Elmwood Avenue,Fort Mcdowell,AZ,85269,MasterCard,5250603896219950,826,10/2017
Solds1937,BarbaraWCoons@mailinator.com,aeg3ohs5Kah,Barbara,Coons,3957 Hood Avenue,La Mesa,CA,91941,MasterCard,5315335190807916,470,10/2016
Twels1960,RuthJWong@spambob.com,eel9AR0eg,Ruth,Wong,4841 Juniper Drive,Saginaw,MI,48607,Visa,4532877873478556,749,5/2016
Cognoself,MaryDBattles@spambob.com,ahCh2Eew,Mary,Battles,2006 Huntz Lane,Lawrence,MA,01840,MasterCard,5160613957280550,998,10/2015
Explen,RolandGHamilton@pookmail.com,kiel5Bah,Roland,Hamilton,1829 Colony Street,Trumbull,CT,06611,Visa,4485262906292828,531,4/2013
Thengs,DanielSMiller@mailinator.com,ahn2Geing0j,Daniel,Miller,3303 Lightning Point Drive,Memphis,TN,38110,Visa,4556297467858785,638,10/2017
Roninfor,EvelynBWright@mailinator.com,aiWaePh1ah,Evelyn,Wright,2419 University Street,Seattle,WA,98101,MasterCard,5297648269995327,772,11/2013
Safty1947,ConstanceJButler@mailinator.com,Ohg4pieP,Constance,Butler,4151 Petunia Way,Birmingham,AL,35208,Visa,4532665936025567,915,6/2015
Congloged54,JackieJSteverson@pookmail.com,Rae3ijae,Jackie,Steverson,1454 Comfort Court,Cataract,WI,54620,Visa,4485185185592578,080,3/2016
Stioner92,EnedinaPSmith@spambob.com,iax1ieNg,Enedina,Smith,2594 Fulton Street,Blacksville,WV,26589,MasterCard,5415384182341343,452,6/2014
Gointerstmen1987,RichardSStevens@spambob.com,Raif6dah,Richard,Stevens,793 Golden Street,Miami,FL,33143,MasterCard,5177632076127410,721,8/2014
Youly1957,LoriJBatres@mailinator.com,ro3OhbooGh,Lori,Batres,826 Spinnaker Lane,Oregon,IL,61061,Visa,4532809013374106,563,1/2017
Prach1987,IreneCEastman@pookmail.com,eaX4Quah6Ae,Irene,Eastman,4166 Pearcy Avenue,Fort Wayne,IN,46804,MasterCard,5423377002508539,381,1/2015
Ferep1971,VenitaRPhillips@pookmail.com,eDae4chahn,Venita,Phillips,2991 Watson Street,Penns Neck,NJ,08540,MasterCard,5539675357404084,814,11/2017
Houllich,AmeliaJFarley@mailinator.com,koo7aiPae7,Amelia,Farley,463 Quarry Drive,Montgomery,AL,36104,Visa,4539666409416989,347,12/2014
Mishated,PaulineWDamico@trashymail.com,eghohy3ieT,Pauline,Damico,3287 Crowfield Road,Phoenix,AZ,85003,Visa,4716948145910268,406,3/2017
Annis1960,NatividadDLewis@dodgit.com,EiJ1uiT9Cai,Natividad,Lewis,3155 Ocala Street,Orlando,FL,32805,MasterCard,5116905625164009,722,7/2014
Thettles1970,RobertAAhern@mailinator.com,kie0johd6Ei,Robert,Ahern,4526 Payne Street,Martinsville,VA,24112,Visa,4929180593528409,700,11/2015
Coloyaren,JustinECollins@spambob.com,uomieTaiwu9ue,Justin,Collins,3360 Hannah Street,Hickory,NC,28601,Visa,4716550319681236,995,6/2016
Theat1975,SandraJGonzales@spambob.com,Thuichech6,Sandra,Gonzales,3216 Amethyst Drive,Lansing,MI,48933,Visa,4929094070278562,812,6/2017
Ressay,JuliusSNiven@trashymail.com,ohDou4bu0,Julius,Niven,4210 Ashford Drive,Dale City,VA,22193,Visa,4929068725068941,400,12/2015
Theassion,MichaelCPotts@dodgit.com,Eiqu9vek,Michael,Potts,2389 Emeral Dreams Drive,Waterman,IL,60556,MasterCard,5364682557946880,241,3/2015
Thichilvery,RobertTHill@spambob.com,quibah8Aeph,Robert,Hill,2050 Ashwood Drive,Omaha,NE,68104,Visa,4539033797979575,474,7/2015
Hiled1970,AllenPPowell@dodgit.com,aeghohYiefaR5,Allen,Powell,4026 Tenmile Road,Hingham,MA,02043,MasterCard,5310340022808400,883,5/2014
Heirle,JoyFSmith@pookmail.com,Een5ainae,Joy,Smith,1986 Jerry Toth Drive,Nikolski,AK,99638,Visa,4716149304884358,011,8/2013
Annythe57,DavidLHaydon@mailinator.com,Fei7aitho,David,Haydon,3366 Nancy Street,Hillsborough,NC,27278,MasterCard,5338247525449970,473,3/2013
Agart1938,JamesLGingerich@mailinator.com,noo7Uoqu3ie,James,Gingerich,3269 Laurel Lane,Odessa,TX,79761,MasterCard,5155813296051491,551,3/2015
Incibes,DennisLPolitte@mailinator.com,xohz0Wu9ai,Dennis,Politte,4493 College View,Hutsonville,IL,62433,Visa,4539438737490999,920,6/2014
Houdy1950,AshleyJHudson@mailinator.com,ahCoo4Eesh,Ashley,Hudson,3932 Tanglewood Road,Collierville,MS,38017,Visa,4485697501517139,339,1/2014
Abothe1973,FrankSScarberry@mailinator.com,ig9Oohucor,Frank,Scarberry,2997 Fantages Way,Strong,ME,04983,MasterCard,5484859613724494,857,3/2014
Thresuall,AliceJHarper@trashymail.com,Ohwo6ithif,Alice,Harper,2201 Lauren Drive,Camp Douglas,WI,54618,MasterCard,5552589632205061,592,10/2015
Ainge1940,TammyTStuart@trashymail.com,eocooFie2,Tammy,Stuart,893 Sycamore Lake Road,Green Bay,WI,54304,MasterCard,5305144170195728,562,5/2014
Goopect,RobertDCaldwell@spambob.com,Iev7ohlai,Robert,Caldwell,3393 Hog Camp Road,Tinley Park,IL,60477,Visa,4716807853847668,890,12/2013
Amens1988,BillyBSorensen@trashymail.com,me5ieG6K,Billy,Sorensen,4603 Scenicview Drive,Van Horn,TX,79855,MasterCard,5262178697426431,839,9/2013
Eady1973,AndriaJClapper@pookmail.com,Aev7aey7Sa2,Andria,Clapper,2573 Feathers Hooves Drive,New York,NY,10005,MasterCard,5429428033791653,329,4/2015
Natied61,BonnieRMiller@spambob.com,ig9xee1reS9,Bonnie,Miller,1846 Spinnaker Lane,Fairbury,IL,61739,MasterCard,5380396169594364,033,6/2013
Expries,WalterKGarrett@spambob.com,phu9Ahm2sh,Walter,Garrett,1947 Alpaca Way,Anaheim,CA,92801,MasterCard,5209292515504679,516,1/2014
Haps1970,JohnieRHassan@trashymail.com,Tephae4ifie,Johnie,Hassan,2683 Matthews Street,Freeport,IL,61032,Visa,4916145308060845,582,12/2013
Buthend1967,RudolphVCamper@pookmail.com,Zoh6fahReep,Rudolph,Camper,2492 Irish Lane,Beetown,WI,53802,MasterCard,5270550677083962,208,6/2013
Litine60,CarlosLTorres@mailinator.com,ieTha2Oi3ie,Carlos,Torres,4794 Dovetail Drive,Schaumburg,IL,60173,Visa,4716105579536529,050,4/2013
Fraidess1930,RamonJMartin@spambob.com,joD5AhF6jie,Ramon,Martin,3257 Ridge Road,Galesburg,KS,66740,MasterCard,5231995625934097,871,10/2013
Mounfem,JohnJKress@mailinator.com,deo9maeNgoo,John,Kress,2025 Hidden Pond Road,Green Grove,TN,37083,Visa,4556798775042277,922,3/2017
Upped1934,BerthaMGreene@trashymail.com,IMaith7Eif8,Bertha,Greene,1179 Geneva Street,New York,NY,10016,MasterCard,5509924994143044,800,8/2016
Thakeen,KeithSLopez@trashymail.com,Rukoh6uph,Keith,Lopez,2945 Briarwood Road,Springfield,MO,65806,Visa,4556645518465127,296,2/2013
Siturls,LoriRBracero@mailinator.com,zoo8koF4,Lori,Bracero,2435 Coleman Avenue,Fullerton,CA,93632,MasterCard,5271789034567031,361,8/2014
Dred1930,CourtneyJLedger@trashymail.com,Fokac3eeni3,Courtney,Ledger,264 Oak Way,Lincoln,NE,68501,MasterCard,5557602381838381,043,8/2016
Allizenalice,KellyDSchulz@mailinator.com,eech0Aeph,Kelly,Schulz,3574 Rosemont Avenue,Orlando,FL,32803,MasterCard,5209194200921970,467,3/2014
Alawavell,JeffCFried@dodgit.com,Yai9iudah,Jeff,Fried,3002 Riverside Drive,Carlton,GA,30627,MasterCard,5265342159181218,035,10/2016
Undeavere,OrvilleBGuidry@mailinator.com,Phahmoo0,Orville,Guidry,2898 Broaddus Avenue,Sharon Grove,KY,42280,Visa,4539937483609389,235,2/2014
Haddleas,CharlieTThornburg@trashymail.com,zeiY9ea8ph,Charlie,Thornburg,1374 Main Street,Seattle,WA,98109,MasterCard,5110649170359574,579,7/2017
Whad1936,RobertoDFisher@spambob.com,VooD0AiSh,Roberto,Fisher,3641 Hilltop Street,Millers Falls,MA,01349,Visa,4716664304072663,497,4/2016
Dred1990,RichardLRivera@mailinator.com,eeY3au8Oo,Richard,Rivera,4822 Rardin Drive,Burlingame,CA,94010,Visa,4556471749932219,035,7/2014
Liting1976,EmmaWLowe@spambob.com,aihi8Ieng,Emma,Lowe,3634 Hall Street,North Las Vegas,NV,89032,MasterCard,5339666056277469,176,5/2014
Liamel51,DorisJMillan@mailinator.com,oFoo7edie4z,Doris,Millan,4714 Green Avenue,Fremont,CA,94536,MasterCard,5218245778773505,479,8/2016
Abaces1933,JonathanLMitchell@spambob.com,iiPu0Shi,Jonathan,Mitchell,3369 Swick Hill Street,Metairie,LA,70001,MasterCard,5485718589302215,445,9/2015
Witend1952,MelvinCThomas@mailinator.com,Dei7mae3,Melvin,Thomas,1065 Gerald L. Bates Drive,Chelsea,MA,02150,Visa,4556418671044026,225,10/2016
Werhe1965,JeannineDUsrey@spambob.com,xiBee3waek,Jeannine,Usrey,1097 Hinkle Deegan Lake Road,Binghamton,NY,13901,MasterCard,5169004905502785,840,8/2015
Achargeturry,DavidBHiggins@spambob.com,eiphei7dooN,David,Higgins,4485 Harron Drive,Bel Air,MD,21014,Visa,4539614703718767,412,1/2014
Binked,MargaretTLarson@pookmail.com,eev5EeMei1I,Margaret,Larson,1530 Flinderation Road,Orland Park,IL,60462,Visa,4539614655124063,483,11/2015
Ornise,TyroneLJohnson@trashymail.com,aFaiBe5Do3,Tyrone,Johnson,3393 Meadow Lane,San Francisco,CA,94103,MasterCard,5349326797371612,861,1/2014
Bagat1954,ThomasJEllis@spambob.com,yeef2ju8Z,Thomas,Ellis,4854 Zappia Drive,Lexington,KY,40509,Visa,4716336932836971,690,10/2015
Cotioll,DonovanMBoyce@dodgit.com,ijah8Ood,Donovan,Boyce,3457 Ocala Street,Orlando,FL,32801,MasterCard,5111626061437205,567,9/2015
Whiliver,RobertLSilk@dodgit.com,Eib9eisa,Robert,Silk,2670 Ashmor Drive,Buhl,MN,55713,MasterCard,5279086073078612,065,7/2013
Grieds51,JonRStamps@dodgit.com,Thah8Uph0Ie,Jon,Stamps,4382 Poplar Chase Lane,Post Falls,ID,83854,MasterCard,5265928264877599,133,12/2014
Armompass,JerryGBattle@dodgit.com,ahsaeh5To,Jerry,Battle,2657 Oakridge Lane,Carrollton,TX,75006,MasterCard,5473046404918765,865,2/2017
Counsomed1958,GlennECook@dodgit.com,Wa9ahkoox,Glenn,Cook,116 Oxford Court,Jackson,MS,39211,Visa,4556928102547355,779,4/2016
Hadval69,LucilleJGray@mailinator.com,hah6kiiQue,Lucille,Gray,3795 Cityview Drive,Philadelphia,PA,19103,MasterCard,5208545588619216,204,8/2015
Canythould,AnnaNCallahan@mailinator.com,shiephoo3Ee,Anna,Callahan,4762 Red Dog Road,Charlotte,NC,28210,MasterCard,5140193121896537,854,4/2017
Dourinks,KarenRHarris@dodgit.com,Ia1wu5leiRoo,Karen,Harris,4513 Jerry Toth Drive,Clear,AK,99704,Visa,4716670285677040,279,6/2016
Obabounceept,DianeDCox@mailinator.com,ra5goo8ahM,Diane,Cox,933 Happy Hollow Road,Fayetteville,NC,28301,Visa,4532059742052165,574,6/2014
Roseen,SandraRRomero@trashymail.com,ohqu6ohx0ieKa,Sandra,Romero,2841 Woodlawn Drive,Sheboygan Falls,WI,53085,MasterCard,5270517762952732,629,1/2015
Equill,JenniferEHernandez@pookmail.com,Maac5quei,Jennifer,Hernandez,1403 Walnut Hill Drive,Cincinnati,OH,45214,MasterCard,5311273898353061,198,8/2016
Ansoless,StephenEHorne@trashymail.com,Cohphahdoh1,Stephen,Horne,1171 Sherman Street,Circleville,KS,66416,MasterCard,5465235523713328,777,8/2017
Unclefor,TimothyMHampton@dodgit.com,queiDie3th,Timothy,Hampton,1566 Hillside Drive,Lafayette,LA,70503,Visa,4485112422138270,239,2/2014
Holed1969,CarlMHill@spambob.com,ing2pae5Nu,Carl,Hill,3008 Gambler Lane,Houston,TX,77084,MasterCard,5444825617584852,824,9/2015
Somearesove,RitaRMiller@pookmail.com,hee9Thae9ee,Rita,Miller,3064 Lamberts Branch Road,Doral,FL,33172,MasterCard,5267323678243851,445,5/2016
Magaized51,ShawnaTLilley@mailinator.com,auw6ek1Fie,Shawna,Lilley,4106 Pursglove Court,Dayton,OH,45402,MasterCard,5234776987918648,790,4/2013
Moson1948,GeraldAOrtiz@dodgit.com,eiPaeRah3oo,Gerald,Ortiz,2219 Ashford Drive,Arlington,VA,20301,MasterCard,5418716801775210,203,1/2014
Boyss1936,TrinhJSmith@trashymail.com,xoof5aiz5Ph,Trinh,Smith,4118 Kinney Street,Pittsfield,MA,01201,Visa,4556747366544860,579,12/2017
Brainitterem,AnnaSMartinez@mailinator.com,ow3AngooYi,Anna,Martinez,2595 Scenic Way,Elliott,IL,60936,MasterCard,5356814921668755,094,12/2015
Prilifigh,RyanDLanders@dodgit.com,aeV4xooquae,Ryan,Landers,3670 Bryan Street,Winston Salem,NC,27101,Visa,4539977956569652,814,6/2014
Whishour,PaulNLowery@pookmail.com,Wex3Aeh2th,Paul,Lowery,3700 Flinderation Road,Oak Lawn,IL,60453,Visa,4556774746149897,968,5/2014
Persent1965,LouettaEBrekke@mailinator.com,gac7naiMae,Louetta,Brekke,387 Quilly Lane,Dublin,OH,43017,Visa,4539753909930535,836,8/2014
Adell1937,KimberlyMKirby@dodgit.com,ahG1iedohm,Kimberly,Kirby,899 Cambridge Place,Woodlawn,MD,21207,MasterCard,5252690540359694,993,6/2016
Racter,KathrynJConley@dodgit.com,Af8aa8Phaek,Kathryn,Conley,1367 Sundown Lane,Buda,TX,78610,MasterCard,5518363845040753,574,10/2013
Fiew1979,BeatriceLMeserve@dodgit.com,ouphi9Aeh,Beatrice,Meserve,528 Jody Road,Lansdowne,PA,19050,Visa,4716823959360415,465,4/2014
Catter,JamesAMeyer@spambob.com,kohye0eeGie,James,Meyer,2557 Wetzel Lane,Grand Rapids,MI,49508,MasterCard,5212942976812343,623,11/2016
Susair1948,MichaelVBell@pookmail.com,Iote9ieLi,Michael,Bell,3880 Flanigan Oaks Drive,Greenbelt,MD,20770,MasterCard,5519985293061557,831,4/2016
Broomon,JessicaDBernard@trashymail.com,zooRah1r,Jessica,Bernard,3995 Upton Avenue,Portland,ME,04101,MasterCard,5357994522727793,732,6/2016
Wisess,NatalieTBold@mailinator.com,ahs4AH1ua,Natalie,Bold,4329 Nuzum Court,Williamsville,NY,14221,Visa,4539545694710449,715,7/2013
Inat1952,RobertJCrossland@dodgit.com,AikeeMie6,Robert,Crossland,3373 Skips Lane,Mesa,AZ,85201,Visa,4485067170644038,893,10/2014
Tace1941,GeraldSStatler@pookmail.com,aid2ooCiz,Gerald,Statler,1065 Tator Patch Road,Chicago,IL,60606,MasterCard,5380515304882380,125,8/2015
Onin1962,CharlesTHill@spambob.com,hie0Aiquei,Charles,Hill,4568 Southside Lane,South Pasadena,CA,91030,Visa,4485891860577400,409,6/2013
Asord1945,IrvingMBond@dodgit.com,eih5al1Ai,Irving,Bond,2946 Joy Lane,Sherman Oaks,CA,91403,Visa,4532039067453339,260,12/2014
Palaing1941,HeatherATurner@pookmail.com,aeph5Vae7i,Heather,Turner,2666 Jim Rosa Lane,Dublin,CA,94568,MasterCard,5289665446377872,262,7/2013
Befousball,BarbaraASmith@mailinator.com,eeHai2zee3,Barbara,Smith,4468 School Street,Milford,CT,06460,Visa,4556109004760830,835,11/2014
Hicip1967,RebaERoebuck@mailinator.com,bu1sooQu5O,Reba,Roebuck,4473 Pooh Bear Lane,Greenwood,SC,29646,MasterCard,5247411973406565,454,7/2015
Mely1948,CharlesESanchez@pookmail.com,jaiNee5luph,Charles,Sanchez,4496 Illinois Avenue,Portland,OR,97205,MasterCard,5377019494539913,897,3/2014
Frou1960,DarlineWWhite@trashymail.com,oazaShei5,Darline,White,4207 Rhapsody Street,Gainesville,FL,32601,MasterCard,5569919836576069,455,6/2015
Upast1955,AngelaDZamudio@pookmail.com,giethe0Ah,Angela,Zamudio,2438 Half and Half Drive,Fresno,CA,93721,Visa,4929341743785584,076,12/2014
Hationest,JenniferDDraper@dodgit.com,Ieng3ipoh,Jennifer,Draper,1304 Brown Street,Walnut Creek,CA,94596,Visa,4532773734577712,130,10/2013
Smorturtmare90,NoahESchafer@spambob.com,Ahg7laiZu1ga,Noah,Schafer,2605 Cityview Drive,Bensalem,PA,19020,Visa,4716165222818138,983,12/2017
Hereards,MarieMPenn@trashymail.com,Fi4aloozeeng,Marie,Penn,888 Cedar Lane,Boston,MA,02114,MasterCard,5277221196051574,856,3/2014
Corsoodualf,ShellieHTaylor@trashymail.com,No5ohCh5Ah,Shellie,Taylor,4540 Stonepot Road,Newark,NJ,07105,Visa,4532166582445043,127,10/2014
Spedity1941,DebbieTEngel@spambob.com,ahFeeS7S,Debbie,Engel,412 Primrose Lane,La Farge,WI,54639,MasterCard,5599753568774210,638,4/2016
Sontoort,WeldonALe@spambob.com,AiBaep5ki4o,Weldon,Le,2613 Columbia Boulevard,Catonsville,MD,21228,MasterCard,5497504057904666,577,10/2015
Thoubjeside61,ChristopherCKraker@mailinator.com,aem4aP7aiQu,Christopher,Kraker,3516 Lake Floyd Circle,Gaithersburg,MD,20877,Visa,4929472113975701,065,1/2013
Buturears,AngelaRJohnson@pookmail.com,ieLai8eiPh,Angela,Johnson,688 Michael Street,Houston,TX,77030,Visa,4916190783840667,531,2/2014
Drue1946,TedTSullivan@mailinator.com,tap6quiNg9,Ted,Sullivan,2491 Kelly Street,Charlotte,NC,28202,MasterCard,5403836391292033,849,9/2017
Bectence,CharlesHGomez@mailinator.com,Ithie6mie,Charles,Gomez,3309 Oak Way,Wahoo,NE,68066,MasterCard,5348182251444986,448,12/2015
Rievens,MaryCJaquez@dodgit.com,eisa1Phaig4,Mary,Jaquez,3742 Ella Street,Brisbane,CA,94005,MasterCard,5403757164089994,404,9/2013
Stooked,AdrianaSPurcell@mailinator.com,yaixaiFai2k,Adriana,Purcell,754 Golf Course Drive,Manassas,VA,22110,MasterCard,5328212192395197,535,9/2015
Abook1979,DouglasMMoody@spambob.com,ooPhe3iePa,Douglas,Moody,1638 Stroop Hill Road,Atlanta,GA,30305,MasterCard,5320048474878684,450,2/2016
Aring1977,RubyFArtis@dodgit.com,Aimooniec3ae,Ruby,Artis,1247 Delaware Avenue,San Francisco,CA,94112,Visa,4485299742224698,402,6/2016
Suriagiven,WarrenFMarler@pookmail.com,jai0NeiXee,Warren,Marler,2838 Maud Street,Philadelphia,DE,19108,MasterCard,5103264365116125,098,3/2014
Ammeted89,JeffCMurakami@mailinator.com,ThauSiez1,Jeff,Murakami,893 Kessla Way,Charleston,SC,29403,Visa,4556348220229697,378,4/2017
Beces1935,AnnieSMasuda@dodgit.com,hochooN2,Annie,Masuda,2428 Green Acres Road,Murfreesboro,NC,27855,Visa,4556170577485379,736,4/2016
Roak1968,JohnTSmith@mailinator.com,Ishooviwoh3,John,Smith,2696 Pinnickinick Street,Port Angeles,WA,98362,MasterCard,5597999697858604,686,10/2013
Brible1960,AshleyWPlanas@mailinator.com,Iecegod8ah,Ashley,Planas,3455 Murry Street,Norfolk,VA,23505,Visa,4716395630277086,074,10/2016
Stionedus1944,TamieRFoster@trashymail.com,aej9Ahliel,Tamie,Foster,779 Harvest Lane,Kansas City,MO,64106,MasterCard,5193070251591771,870,5/2014
Nichat,LatoyaHCohen@spambob.com,eithebahx3Ee,Latoya,Cohen,4463 Sugarfoot Lane,Indianapolis,IN,46254,Visa,4556879441937361,536,3/2016
Exprod,JosephLBarnes@dodgit.com,engeoChaez0,Joseph,Barnes,3837 Feathers Hooves Drive,Massapequa,NY,11758,MasterCard,5218716794180115,129,2/2014
Aftessest,MaryDBradshaw@mailinator.com,Ief2afei1,Mary,Bradshaw,4864 Pearl Street,Sacramento,CA,95814,Visa,4929266682061384,131,5/2017
Bentarast,JohnDDougherty@mailinator.com,ANg6phie7,John,Dougherty,4230 Sunburst Drive,Golden Gate (Collier),FL,33999,MasterCard,5358705152648037,346,3/2017
Granding81,AngelicaTBracken@trashymail.com,xaeVah8y,Angelica,Bracken,3862 Parkway Street,Rancho Mirage,CA,92270,MasterCard,5376817681219541,009,7/2017
Dowayll,NancyVPhillips@dodgit.com,Shi6voolai8W,Nancy,Phillips,4478 Washington Avenue,Jackson,MS,39201,Visa,4485367764418546,363,7/2013
Procall,ElmerCFarren@trashymail.com,Koo0goo3Ge,Elmer,Farren,3830 State Street,Detroit,MI,48226,MasterCard,5126272120567857,596,12/2016
Camerefte,ErynGDavis@pookmail.com,evair9Zah,Eryn,Davis,4916 Big Elm,Kansas City,MO,64134,MasterCard,5442787281867264,225,4/2015
Whincy,AlejandroRGreeson@trashymail.com,oP5boogooc9,Alejandro,Greeson,3033 Stockert Hollow Road,Lynnwood,WA,98036,MasterCard,5454184765401734,666,11/2016
Solockrapery,BeverlySProvince@trashymail.com,haiti0Com,Beverly,Province,2806 Parkview Drive,Brea,CA,92621,Visa,4716608693061274,622,10/2017
Drent1967,EmilyGConley@dodgit.com,tah1AaXe1tae,Emily,Conley,2211 Petunia Way,Birmingham,AL,35209,Visa,4539478428864482,764,4/2013
Linim1981,CleoTFoster@mailinator.com,ieje6ohB,Cleo,Foster,1959 Sherman Street,Havensville,KS,66432,MasterCard,5377654495143354,123,6/2013
Thempliffilk,ReynaldoKHemingway@dodgit.com,Rooco9ibieh,Reynaldo,Hemingway,629 Snyder Avenue,Charlotte,NC,28206,MasterCard,5552133978346732,831,6/2017
Theivein,RichardABell@pookmail.com,chaiS6ze,Richard,Bell,2627 Parrill Court,Lowell,IN,46356,MasterCard,5131926234744818,204,9/2014
Tices1951,JosieGClardy@dodgit.com,ahThe3aivah,Josie,Clardy,3988 Carriage Lane,Chapman Lake,PA,18414,Visa,4532809348158943,010,8/2013
Mannedge,DanielSAaron@spambob.com,AB5teizoo,Daniel,Aaron,35 Center Street,Jersey City,NJ,07304,Visa,4556707471404384,524,2/2015
Yeatcheed,JudyJMarsh@dodgit.com,Eleepeotu6,Judy,Marsh,3242 Yorkshire Circle,Greenville,NC,27834,Visa,4929442808939437,225,12/2017
Abinateps,JaredMRichardson@spambob.com,ahReCee1ie,Jared,Richardson,305 Chipmunk Lane,Portland,ME,04101,MasterCard,5533001244589605,751,5/2017
Ressay1965,DuaneJWhittier@dodgit.com,AhSh9eceGh,Duane,Whittier,1881 Hickman Street,Hickory Hills,IL,60457,Visa,4532523730343332,283,4/2017
Apithe,WilliamDLynch@dodgit.com,xoG3Che5zi,William,Lynch,2394 Tree Top Lane,Penns Neck,NJ,08540,Visa,4916644483120929,304,2/2013
Regaserig,LisaSEnglert@trashymail.com,lai8eiGee,Lisa,Englert,3485 Rubaiyat Road,Traverse City,MI,49684,Visa,4539426798937693,279,11/2016
Fers1976,DavidVAnderson@trashymail.com,keijoh3Sh,David,Anderson,1214 Franklee Lane,Eagleville,PA,19403,MasterCard,5522853793920968,928,5/2017
Ginter1934,LloydMValadez@trashymail.com,jah6Ohhievi,Lloyd,Valadez,1535 Corpening Drive,Pontiac,MI,48057,MasterCard,5236374063901338,304,5/2017
Beile1963,WilliamSPinckney@pookmail.com,uav7Ahw8,William,Pinckney,1365 Camel Back Road,Poteau,OK,74953,MasterCard,5423767692693395,162,9/2017
Hatterouble,LisaRSwider@dodgit.com,CuFohy0rai,Lisa,Swider,4569 Shadowmar Drive,Metairie,LA,70001,Visa,4716214038970442,197,10/2013
Plingers,AlbertMFunk@spambob.com,diew3Sush8,Albert,Funk,3966 James Street,Fairport,NY,14450,Visa,4532443527681051,763,7/2014
Mamption1937,LelaSSalazar@trashymail.com,kaishiga4Uj,Lela,Salazar,738 Terry Lane,Melbourne,FL,32901,Visa,4532764792655250,008,5/2014
Wilty1989,JenniferJRyan@trashymail.com,Aic7Eiquai,Jennifer,Ryan,4610 Robinson Lane,Columbus,OH,43201,Visa,4916012288067408,061,2/2013
Wassely,HoraceMJames@dodgit.com,keeReep6m,Horace,James,4674 Seneca Drive,Portland,OR,97230,Visa,4532631797231553,302,2/2016
Stioner,JoyceJMcQuaid@mailinator.com,BeR9Hool,Joyce,McQuaid,4781 Morgan Street,Pensacola,FL,32507,Visa,4716157119623879,402,4/2013
Quandell,RebeccaRJohnson@mailinator.com,ahLohroo7z,Rebecca,Johnson,1251 College Street,Atlanta,GA,30309,Visa,4532416107460328,271,11/2017
Hictin,JasonTBush@spambob.com,Eese3Roh4Ee,Jason,Bush,3760 Stadium Drive,Wareham,MA,02571,MasterCard,5367739373304129,029,4/2014
Cappeariver52,RocioELeath@spambob.com,Hoh2roh9Yee,Rocio,Leath,3107 Hemlock Lane,Harlingen,TX,78550,Visa,4539099148188489,078,8/2015
Havenalwas1932,RonnieDRoss@spambob.com,Oi5shoKohrei,Ronnie,Ross,709 Lawman Avenue,Arlington,VA,22205,MasterCard,5264068063785502,657,2/2017
Flid1973,BeatriceJWest@spambob.com,oChie7Dej,Beatrice,West,4491 Howard Street,Grand Rapids,MI,49503,MasterCard,5244315450358442,932,11/2016
Exquest,DonnaAShavers@dodgit.com,Aen4gooy,Donna,Shavers,4627 Brooklyn Street,Mcclung,VA,24460,Visa,4485241854198294,317,4/2015
Achis1985,DebbieLGuzman@trashymail.com,EeNgag1epie,Debbie,Guzman,2321 Gandy Street,Syracuse,NY,13202,Visa,4539521209365144,488,12/2013
Hourlind1945,ErmaFMathis@spambob.com,Oobohchae6,Erma,Mathis,3937 Tennessee Avenue,Birmingham,MI,48009,Visa,4556300243474990,171,1/2014
Wors1942,DrewBSmith@pookmail.com,Ou3gie0se8Oh,Drew,Smith,1145 Tuna Street,Southfield,MI,48075,Visa,4916450182166159,867,6/2016
Chatimmon,DonJByington@spambob.com,Feisah8lai,Don,Byington,3480 Water Street,Walnut Creek,CA,94596,MasterCard,5581001056856085,974,6/2015
Adaying,RichardJMontgomery@mailinator.com,shoochai9T,Richard,Montgomery,4491 Briarwood Drive,Camden,NJ,08102,MasterCard,5267678396914673,752,12/2015
Rucesse,JacquelineKFritz@dodgit.com,Eemooh5T,Jacqueline,Fritz,3258 Irish Lane,Madison,WI,53704,MasterCard,5327037915025826,373,7/2016
Theighly,LeslieETrotter@mailinator.com,Baepa3egai,Leslie,Trotter,3550 Alpaca Way,Irvine,CA,92614,Visa,4539601649703334,560,9/2014
Disated91,MaryDSheppard@dodgit.com,zoong7Ewei,Mary,Sheppard,3607 Kovar Road,Brockton,MA,02401,Visa,4716548900064929,663,2/2013
Weve1968,JamesMGuerrero@mailinator.com,eikei5phaGh,James,Guerrero,227 Whispering Pines Circle,Frisco,TX,75034,Visa,4916269267414064,119,12/2015
Firlifer,CarolASanders@spambob.com,wei5Nie1sh,Carol,Sanders,4986 Masonic Hill Road,Little Rock,AR,72201,Visa,4929638354848092,997,9/2017
Carise,KristenMChavez@spambob.com,ieba6Xing,Kristen,Chavez,2873 Chenoweth Drive,Nashville,TN,37210,MasterCard,5566424254824045,311,9/2017
Chert1973,ToddCRuiz@dodgit.com,aahei9eC,Todd,Ruiz,1247 Godfrey Street,Eagle Creek,OR,97022,Visa,4716455514021735,300,8/2017
Shatepon93,MarlinJSylvester@dodgit.com,OhheGah7Qu,Marlin,Sylvester,1884 Cinnamon Lane,San Antonio,TX,78212,Visa,4916534629803043,742,6/2015
Busucher,JamesEQuandt@pookmail.com,ochahW5zae,James,Quandt,1940 Court Street,Saint Clair,MO,63077,Visa,4532522573849447,448,4/2016
Ebothe93,JoshuaJRuiz@spambob.com,eeTh5seen7,Joshua,Ruiz,4597 Arthur Avenue,Galena,IL,61036,Visa,4716963047151663,222,7/2017
Bablin,PaulDEddie@dodgit.com,aic8EiPh,Paul,Eddie,858 Riverwood Drive,Platina,CA,96076,Visa,4539442004834145,934,4/2016
Campt1990,TracyEWalker@spambob.com,aiphaif7uP,Tracy,Walker,4478 Sycamore Circle,Fort Worth,TX,76102,Visa,4485145851585611,457,4/2016
Theannigully,BryceJJacob@dodgit.com,jieWee5ahqu,Bryce,Jacob,2993 Stratford Park,Ellettsville,IN,47429,Visa,4916519658724095,085,3/2015
Fallines81,VirginiaCRobinson@pookmail.com,eheeyeim5Fae,Virginia,Robinson,4813 Locust View Drive,San Francisco,CA,94108,Visa,4485749472065893,224,7/2014
Ineyes,RobertCHavens@dodgit.com,in3Ue9wah,Robert,Havens,2808 Woodhill Avenue,Manor,MD,21111,MasterCard,5257133106773797,837,10/2015
Couty1930,MarlaRRay@pookmail.com,iebohseVo9u,Marla,Ray,3135 Haven Lane,East Lansing,MI,48823,Visa,4556537243193324,277,9/2016
Wourn1963,WinnieMSmith@mailinator.com,peiYi8Lamo,Winnie,Smith,2815 Cecil Street,Westchester,IL,60154,MasterCard,5368315077531413,835,9/2016
Thicas,DavidPPridgen@dodgit.com,Bee3eeYaiph,David,Pridgen,4440 Woodridge Lane,Memphis,TN,38115,MasterCard,5483215311545858,247,7/2014
Nuffeamed1966,GeraldineDRandall@dodgit.com,phee3ooK,Geraldine,Randall,3233 Highland View Drive,Roseville,CA,95661,Visa,4532169660874589,201,3/2016
Kines1942,JorgeJWoo@dodgit.com,Pez7Eaxoo5ae,Jorge,Woo,4510 Wayside Lane,Hayward,CA,94545,MasterCard,5529087124262187,333,3/2013
Thavince,VictoriaGTatum@dodgit.com,nebei6iN,Victoria,Tatum,1626 Charack Road,Terre Haute,IN,47807,MasterCard,5122043855617710,119,12/2016
Pothead,VickiAHarper@pookmail.com,ohCh4Io4ai,Vicki,Harper,2713 Forest Avenue,New York,NY,10013,Visa,4716883764052581,994,3/2015
Thaddly,RebeccaFFranklin@pookmail.com,eiH8quie,Rebecca,Franklin,4191 Trymore Road,Waterville,MN,56096,MasterCard,5153436263607129,236,10/2017
Husbad,MonicaLClark@trashymail.com,epaihie1O,Monica,Clark,2358 Wayback Lane,Brentwood,NY,11717,Visa,4485626117009678,983,4/2017
Pernihiststo,RussellNBaker@spambob.com,yoo9beeVai,Russell,Baker,2695 Hillhaven Drive,Los Angeles,CA,90044,Visa,4916228507897124,684,4/2013
Knoted,JonathanBHunt@mailinator.com,Su3le2ne,Jonathan,Hunt,1508 Grant View Drive,New Berlin,WI,53151,MasterCard,5516676910846628,954,11/2015
Toldneire1934,DawnRHackett@mailinator.com,Ar9Pah9Ku8va,Dawn,Hackett,19 Parrish Avenue,Salinas,CA,93901,MasterCard,5505393792260091,631,2/2016
Fichim1928,KathrynEOrlando@spambob.com,uet2Eigah,Kathryn,Orlando,1871 Park Boulevard,Marshalltown,IA,50158,Visa,4716489089548707,104,12/2017
Arturust,WilliamBRolland@mailinator.com,Ye2Riemiola,William,Rolland,2346 Powder House Road,Boynton Beach,FL,33435,MasterCard,5103095296480846,795,3/2014
Refereall,KimberlyDHarris@mailinator.com,jaePi5eom,Kimberly,Harris,3087 Ingram Road,Greensboro,NC,27401,Visa,4539337993473832,156,2/2014
Wortut,LorenHHarrison@dodgit.com,quoh8shahY,Loren,Harrison,1240 Poe Lane,Kansas City,KS,64108,MasterCard,5190597470688700,902,4/2015
Dered1975,RichardMKimball@pookmail.com,Quahch9goo,Richard,Kimball,1668 Adams Avenue,Greenbelt,MD,20770,Visa,4532718005985656,233,9/2016
Capper1967,LeanneMCarpenter@pookmail.com,bahnai8ue5K,Leanne,Carpenter,3392 New Street,Beaver Creek,OR,97004,Visa,4485303868396569,536,3/2017
Kintalind,JessicaABell@pookmail.com,ieThiay2Ge,Jessica,Bell,1719 Jody Road,Philadelphia,PA,19103,MasterCard,5413008030303104,792,2/2016
Epaid1942,TonySLounsbury@dodgit.com,Wagae0PahPa,Tony,Lounsbury,531 Robinson Lane,Portsmouth,OH,45662,MasterCard,5501626410397942,552,6/2016
Eveive,RuthRMassengale@dodgit.com,aiK2ejaSh,Ruth,Massengale,792 Lady Bug Drive,Staten Island,NY,10306,MasterCard,5438602489826366,253,8/2014
Thadmories,DonaldJHuguley@dodgit.com,aibaneiLu5,Donald,Huguley,2319 Melville Street,Arlington,TN,38002,MasterCard,5571423337303962,401,6/2017
Foure1984,AlbertaCEdelstein@mailinator.com,agahR8ieloo,Alberta,Edelstein,4468 Carter Street,Stlouis,IL,63101,MasterCard,5196601522255650,029,11/2017
Speadervat,BerthaLAlmazan@spambob.com,moom2eiJah,Bertha,Almazan,2834 Kennedy Court,Taunton,MA,02780,MasterCard,5400709678995714,953,5/2017
Whiplack,DouglasMBrunner@trashymail.com,Of4oaShah,Douglas,Brunner,339 Joy Lane,North Hollywood,CA,91605,Visa,4916593044706272,833,11/2015
Stred1966,EllenJWinter@pookmail.com,aeph7beeCu,Ellen,Winter,4073 Atha Drive,Bakersfield,CA,93301,Visa,4916700687559450,864,5/2016
Colize,EdwinSMcMahon@dodgit.com,iez0ohThungie,Edwin,McMahon,3912 Charles Street,Farmington Hills,MI,48335,Visa,4929921028520283,457,6/2013
Ecastiou,DanielDAustin@trashymail.com,aiNg0mai2Ee,Daniel,Austin,2680 Sussex Court,Waco,TX,76701,MasterCard,5195322703898959,921,2/2016
Peoppon,KatieTStults@dodgit.com,aibooNah1v,Katie,Stults,4560 Woodbridge Lane,Detroit,MI,48219,MasterCard,5336940835144941,185,3/2013
Kintalind,LanaWSkaggs@trashymail.com,Eikuuwie0,Lana,Skaggs,1370 Glen Falls Road,Line Lexington,PA,18932,MasterCard,5292048177987109,060,5/2016
Greptol,DavidHReese@trashymail.com,Pusiev5oh,David,Reese,4532 Central Avenue,Jersey City,NJ,07304,Visa,4916819120947294,847,2/2013
Thecumen,CynthiaISchoonmaker@pookmail.com,xoaw0Ook,Cynthia,Schoonmaker,2 Butternut Lane,West Salem,IL,62476,Visa,4556545133072680,130,5/2016
Crect1992,DanielLGarrison@mailinator.com,Uhaecho7nuSh,Daniel,Garrison,2809 Joyce Street,Fairhope,AL,36532,Visa,4929840387030140,600,4/2017
Timern,MichaelAFalbo@dodgit.com,aCuocie3Loo,Michael,Falbo,1204 Pearcy Avenue,Milwaukee,WI,53202,MasterCard,5586050029786296,824,3/2017
Hatemselithe,GiaKBehan@trashymail.com,oth4iLuyoo,Gia,Behan,2205 Agriculture Lane,Parkersburg,WV,26003,MasterCard,5528127122047676,271,2/2014
Sonts1974,JerryAPatterson@pookmail.com,Thoh5quei,Jerry,Patterson,3121 Jadewood Farms,South Orange,NJ,07079,Visa,4485152732832097,961,9/2014
Younly,GuadalupeWSalinas@pookmail.com,XaeL8lo6uo,Guadalupe,Salinas,4238 Ritter Avenue,Southfield,MI,48075,Visa,4716141579428813,813,9/2015
Carme1963,MandyDPhilpot@pookmail.com,ohv4kao2Ja,Mandy,Philpot,4525 Meadow Drive,Oklahoma City,OK,73135,Visa,4539208609862660,310,4/2017
Olew1968,EdwardoLShook@mailinator.com,dah0fahR4g,Edwardo,Shook,51 Wildrose Lane,Detroit,MI,48219,Visa,4556053582844576,439,4/2015
Whattis,IsabelWConde@spambob.com,voengu7Gae,Isabel,Conde,4222 Pursglove Court,Dayton,OH,45402,MasterCard,5192525667720224,221,2/2013
Nalove,IrwinDHoyle@trashymail.com,aiD4Oopei,Irwin,Hoyle,1082 Snider Street,Englewood,CO,80112,MasterCard,5213187255201425,646,5/2016
Hity1937,JeanDTerry@spambob.com,ooLe3vai4yi,Jean,Terry,3736 Poe Road,Andrews,SC,29510,MasterCard,5258131622487636,453,10/2015
Fress1929,JosephNBradley@trashymail.com,aiphiRohng8,Joseph,Bradley,3079 Travis Street,Jupiter,FL,33478,MasterCard,5317932374081330,108,12/2016
Uncer1976,EddieAWiggins@trashymail.com,oov8ioWez,Eddie,Wiggins,1667 Patterson Fork Road,Chicago,IL,60606,Visa,4929729057941290,491,2/2017
Dishis,JohnLHodges@spambob.com,IeFaeN9Gahg,John,Hodges,424 Camden Street,Reno,NV,89501,MasterCard,5382148034406037,466,5/2013
Houseenjut61,LeaWBourque@trashymail.com,cheeTh0veej,Lea,Bourque,2979 Evergreen Lane,Los Angeles,CA,90063,Visa,4929834504258742,530,12/2014
Quittle,AndrewMOlson@spambob.com,echae6uWahr,Andrew,Olson,2092 Poling Farm Road,Bellevue,NE,68005,Visa,4556707881502678,505,10/2016
Witerestich,SherryJBrown@mailinator.com,ru7Ooy6poo,Sherry,Brown,2058 Stonepot Road,Elizabeth,NJ,07201,MasterCard,5100081044115531,898,9/2016
Thaties71,EvelynMMazurek@spambob.com,uig5Kaehoh,Evelyn,Mazurek,4162 Stone Lane,Birdsboro,PA,19508,MasterCard,5399288571180875,413,11/2014
Porm1952,KathleenAHanrahan@trashymail.com,Aicaequ2,Kathleen,Hanrahan,183 Davis Court,St Francisville,IL,62460,MasterCard,5113256116955965,709,7/2013
Sirigh,LeonaKStegall@spambob.com,Shahtea2die,Leona,Stegall,4006 Hillside Drive,Baldwin,LA,70514,Visa,4539565802476220,957,2/2015
Dworter,RandallKSanders@spambob.com,wai7eeJahfah,Randall,Sanders,3204 White River Way,Draper,UT,84020,Visa,4916537885515482,212,1/2014
Rive1983,ShirleyJGarcia@trashymail.com,paeQuepo8Mai,Shirley,Garcia,2895 West Side Avenue,Branchburg,NJ,08817,MasterCard,5135795098301452,441,11/2013
Thath1939,RoyAHawkins@dodgit.com,Kei6iu0i,Roy,Hawkins,4092 Lakewood Drive,Englewood,NJ,07631,Visa,4532681678785722,889,5/2014
Radept1964,RichardJLeblanc@pookmail.com,cheibieV0ie,Richard,Leblanc,3008 Tully Street,Birmingham,MI,48009,Visa,4916798357864382,603,3/2015
Teries,ScottVNesbitt@pookmail.com,ieF7shae2Ee,Scott,Nesbitt,790 Plainfield Avenue,Syracuse,NY,13221,MasterCard,5278992338827670,614,9/2017
Muccam38,JackHMooney@mailinator.com,Chaeth4oo,Jack,Mooney,321 Coffman Alley,Madisonville,KY,42431,MasterCard,5220451685652206,651,5/2017
Ablity,SarahAFleming@mailinator.com,ahv0Rauroh,Sarah,Fleming,3613 Saint James Drive,Carlisle,PA,17013,Visa,4916258657864343,593,2/2014
Abroat,DanielKJohnson@dodgit.com,Ho1noh4ah,Daniel,Johnson,867 Goldie Lane,Cincinnati,OH,45203,Visa,4716970093050186,131,10/2017
Theance,KelvinMPropes@mailinator.com,cei0Iethii,Kelvin,Propes,810 Hidden Meadow Drive,Tioga,ND,58852,Visa,4556728578286813,049,3/2014
Annown,AliceTDavis@trashymail.com,Mohv6Aic,Alice,Davis,1608 Essex Court,Middlebury,VT,05753,MasterCard,5295819548274725,682,11/2015
Dinduch73,NoelBAdams@dodgit.com,cae2Fe7o,Noel,Adams,1288 Sugar Camp Road,Eyota,MN,55934,MasterCard,5221982159942417,799,6/2015
Beack1955,SusanALockwood@spambob.com,ooMaeve2s,Susan,Lockwood,335 Melrose Street,Yakima,WA,98908,MasterCard,5422457532779478,987,8/2016
Mingly,JamesSBaltz@dodgit.com,oi0yohTh,James,Baltz,3131 Horner Street,Cuyahoga Falls,OH,44221,MasterCard,5424750912501811,350,2/2016
Stralf,RickyDLucas@trashymail.com,Hoof2kothu,Ricky,Lucas,352 Berkley Street,New Castle,PA,19720,MasterCard,5152501479598114,424,9/2016
Suarrover,DennisIHewitt@trashymail.com,ien8Wukah,Dennis,Hewitt,179 Bridge Avenue,Lafayette,LA,70506,Visa,4716719269150365,359,6/2013
