Username,EmailAddress,Password,GivenName,Surname,StreetAddress,City,State,ZipCode,CCType,CCNumber,CVV2,CCExpires
Ressen86,JohnZCrafts@pookmail.com,Aenaew9Xae1H,John,Crafts,4039 Cottrill Lane,Saint Louis,MO,63101,Visa,4539572830235438,767,10/2017
Stilifich54,MinnieLOlson@dodgit.com,aetai8AFat7,Minnie,Olson,4421 Green Street,Nashville,TN,37211,MasterCard,5544366538049039,921,6/2015
Farsitrand,SarahNMercado@trashymail.com,Ouj3thahk,Sarah,Mercado,439 Daffodil Lane,Herndon,VA,20170,Visa,4485467276471379,162,9/2017
Liciriand,LindaWBarr@mailinator.com,Ohf4ZoomiTh,Linda,Barr,342 Diamond Street,Asheville,NC,28801,Visa,4532181088140329,367,9/2015
Wher1979,LauraWRuiz@spambob.com,Roo4aBau,Laura,Ruiz,3340 Libby Street,Torrance,CA,90501,MasterCard,5478544173099838,919,7/2015
Dreasockinly,TroyMParker@dodgit.com,Ox5chaepaiT,Troy,Parker,3984 Stockert Hollow Road,Seattle,WA,98109,Visa,4532157939610603,892,7/2013
Shers1948,BeatriceMRitchey@mailinator.com,zie6Id7kah,Beatrice,Ritchey,2092 Coleman Avenue,San Diego,CA,92103,Visa,4485478976014435,085,7/2017
Acklise,RoseDKorhonen@spambob.com,Dohc8shei,Rose,Korhonen,1179 State Street,Detroit,MI,48208,MasterCard,5134156092543196,724,2/2016
Waaked,TiffanyKFinley@pookmail.com,Hoe1ooha5Ah,Tiffany,Finley,2189 Glendale Avenue,Northridge,CA,91324,Visa,4539101160666689,033,11/2013
Whorraing1970,JosephHMacon@pookmail.com,Shue2Oogh,Joseph,Macon,588 Callison Lane,Philadelphia,DE,19103,Visa,4532668547623606,163,9/2015
Shapithe49,DanielJMunoz@dodgit.com,Quaiv4toop0z,Daniel,Munoz,360 Virgil Street,Pensacola,FL,32501,MasterCard,5507430394765420,464,9/2015
Kiltance,MaryPZimmerman@trashymail.com,Ahqui8Vai8j,Mary,Zimmerman,569 Nancy Street,Morrisville,NC,27560,Visa,4532031450718097,862,6/2013
Widere,WilliamAClient@trashymail.com,Aedooda9rii,William,Client,1071 Walt Nuzum Farm Road,Rochester,NY,14608,Visa,4485831339762035,482,4/2013
Grewle,ChristopherETerry@spambob.com,ePah4oJ1i,Christopher,Terry,569 Roosevelt Street,Concord,CA,94520,Visa,4556654622699852,688,3/2014
Dombant,RoseJEiland@spambob.com,Chae4aej,Rose,Eiland,4134 Payne Street,Houston,TX,77062,Visa,4929232165476762,869,1/2014
Fationeten,LisaDClark@trashymail.com,eeghaPude1Ae,Lisa,Clark,2768 Roy Alley,Denver,CO,80218,MasterCard,5541327395014840,982,5/2014
Desichall,KennethLBeardsley@dodgit.com,eig0Oowaequ,Kenneth,Beardsley,1255 Green Street,Nashville,TN,37201,Visa,4539300020459786,024,4/2017
Frated,CaseyJHuggins@dodgit.com,GeeY2Shee,Casey,Huggins,1509 Joy Lane,Los Angeles,CA,90071,Visa,4916758189078809,622,4/2013
Theigave,LloydEHiga@dodgit.com,edai6ahS1ei,Lloyd,Higa,4015 Rockford Mountain Lane,Smithfield,NC,27577,MasterCard,5356217525859301,317,3/2015
Thicated1962,AmyKWilliamson@dodgit.com,OcahzohM6,Amy,Williamson,500 Romano Street,Cambridge,MA,02141,Visa,4929422648873699,518,7/2017
Wasonerecied,AliciaGHall@mailinator.com,uuGh5gu3,Alicia,Hall,4067 Wood Street,New Orleans,LA,70139,Visa,4716182078157065,900,9/2016
Bearywas58,JillJContreras@pookmail.com,max4keeW4,Jill,Contreras,4320 Hidden Valley Road,York,PA,17401,Visa,4539039378236053,240,3/2017
Lopead,DonaldDThrasher@trashymail.com,ugh4Ohbah,Donald,Thrasher,1477 Park Street,San Francisco,CA,94104,Visa,4916917104446083,420,6/2016
Liche1992,JohnTPerez@mailinator.com,xaebei4Ah,John,Perez,4352 Randolph Street,Cambridge,MA,02141,Visa,4929454797383170,277,8/2013
Sout1937,BryantLEspinoza@spambob.com,Cu6Oov0yee,Bryant,Espinoza,4988 Hickory Lane,Washington,DC,20005,Visa,4532069168452922,363,6/2014
Pashe1935,GeorgePWurm@mailinator.com,tha1aeMaedai,George,Wurm,3941 Bird Spring Lane,Houston,TX,77077,MasterCard,5562615634230688,972,4/2016
Paithe,StaceyLUpham@mailinator.com,yeye7aNga,Stacey,Upham,1082 Norma Lane,Shreveport,LA,71101,MasterCard,5237372740798704,102,9/2016
Dithe1976,MonicaRFugate@pookmail.com,eeChahl8b,Monica,Fugate,2599 Rafe Lane,Louisville,MS,39337,Visa,4556429183542639,318,6/2014
Alivink,TyroneJMartin@mailinator.com,ohChie2loaz,Tyrone,Martin,435 Ashford Drive,Alexandria,VA,22301,Visa,4556418522207558,411,6/2015
Tened1970,PhungBHuffaker@dodgit.com,ahCh2Iowum5,Phung,Huffaker,4244 Joy Lane,City Of Commerce,CA,90040,Visa,4916217012947177,651,1/2014
Famooselly,PaulTHall@mailinator.com,cooxe2pieK,Paul,Hall,3993 Heliport Loop,Oaktown,IN,47561,MasterCard,5391426229879674,156,11/2014
Gretwee,DennisTCramer@dodgit.com,acahla3eiL1,Dennis,Cramer,3391 Shadowmar Drive,New Orleans,LA,70118,Visa,4929969580073530,046,5/2017
Nehopeemes,JasonSMorris@dodgit.com,eix7Ooca4,Jason,Morris,4306 Stout Street,Lancaster,PA,17602,MasterCard,5241958364589447,735,11/2017
Jould1965,LeonardMPatterson@trashymail.com,Zahqu0oo,Leonard,Patterson,2415 Valley Lane,Austin,TX,78701,MasterCard,5376579522798428,225,3/2016
Acquaid,MeganJHumphrey@pookmail.com,ee0Iethui,Megan,Humphrey,4529 Cerullo Road,Louisville,KY,40244,Visa,4539160614273294,731,5/2016
Buse1993,DavidCWilliamson@mailinator.com,uwu6eR4Ae,David,Williamson,3977 Nutter Street,Kansas City,MO,64106,MasterCard,5356610806753633,477,11/2016
Conly1958,KenAThomas@pookmail.com,Cai3xaid0,Ken,Thomas,1664 Buffalo Creek Road,Nashville,TN,37211,Visa,4485268245208722,464,7/2015
Knothad,BeverlyMHickmon@pookmail.com,OivoYee4vi,Beverly,Hickmon,4343 Mayo Street,Winchester,KY,40391,MasterCard,5319585519889732,025,8/2016
Dranch84,ZaidaLCole@pookmail.com,Iizo8cha,Zaida,Cole,2682 Hickory Ridge Drive,Las Vegas,NV,89109,MasterCard,5284196690795564,660,3/2015
Wasterip,EmmaCCauthen@pookmail.com,oophua0Fi4i,Emma,Cauthen,3637 Orphan Road,Niagara Falls,NY,14301,Visa,4916413988694196,484,2/2016
Ourhy1933,TeresaSGibbs@trashymail.com,chooxaizuD0,Teresa,Gibbs,1046 Benedum Drive,Poughkeepsie,NY,12601,Visa,4532413534007665,108,2/2017
Fece1993,FloydMCoolidge@trashymail.com,Vuangoo4Ga,Floyd,Coolidge,229 Beeghley Street,Robinson,TX,76706,Visa,4916193113901985,399,5/2016
Wilitsehey,NancyRAguayo@mailinator.com,ooCh3thie,Nancy,Aguayo,1406 Rhapsody Street,Gainesville,FL,32601,MasterCard,5443981254271575,648,3/2015
Behienceeten,BettyRSmith@pookmail.com,be0oohohL9,Betty,Smith,1567 Harron Drive,Linthicum Heights,MD,21090,MasterCard,5383272574600277,894,3/2015
Saughts,RonaldMSimmons@pookmail.com,epoh4Aet6,Ronald,Simmons,2203 Emma Street,Lubbock,TX,79401,Visa,4716182326315226,967,2/2016
Agireve,DianaDRasmussen@spambob.com,Tooqu6eV4sh,Diana,Rasmussen,535 Clark Street,Elk Grove Village,IL,60007,MasterCard,5423215984621088,528,5/2014
Shumed,RaymondBMangum@pookmail.com,thaiThei9,Raymond,Mangum,1704 Pearlman Avenue,Bedford,MA,01730,Visa,4716314405700982,416,12/2016
Milefor,ElizabethIHenegar@pookmail.com,Shiechee8ch,Elizabeth,Henegar,3006 Hudson Street,Paterson,NJ,07501,MasterCard,5349250289403123,772,1/2015
Woubtrunt,MaryJWoodward@trashymail.com,AikahYaig5o,Mary,Woodward,2109 Hinkle Deegan Lake Road,Binghamton,NY,13901,Visa,4556939755320354,822,6/2014
Peraings,LisaSWhittaker@mailinator.com,waeGhei0Ch,Lisa,Whittaker,266 Worthington Drive,Mc Kinney,TX,75069,Visa,4485322299089262,406,6/2016
Upen1992,PrestonJTerry@trashymail.com,aith9ohLoo,Preston,Terry,211 Rardin Drive,San Francisco,CA,94103,Visa,4716066286026008,982,9/2015
Fuse1963,JerrySCollar@dodgit.com,ookoh9OoR3hoo,Jerry,Collar,385 Poling Farm Road,Omaha,NE,68137,Visa,4916230389959865,943,3/2017
Expregiat,MichelleSDuncan@pookmail.com,OhBet4AhSh2,Michelle,Duncan,4459 Mayo Street,Lexington,KY,40507,MasterCard,5238845767515746,476,12/2013
Thentervich,BrendanMHaynes@dodgit.com,eeNg1thoo0,Brendan,Haynes,1132 Carolina Avenue,Durango,CO,81301,MasterCard,5561399828266961,930,9/2017
Weizing,JimmieMJones@trashymail.com,Ju4oozee6,Jimmie,Jones,4650 Single Street,Whitman,MA,02382,MasterCard,5444440846619113,606,1/2014
Clont1928,VernaMRudd@pookmail.com,ia2eiBoree,Verna,Rudd,1186 Village View Drive,Fort Myers,FL,33901,Visa,4556522959308167,378,10/2017
Fromeflow,ElsieHFox@trashymail.com,Rahgheo0,Elsie,Fox,2350 Hide A Way Road,Santa Clara,CA,95050,Visa,4556749192882480,007,6/2017
Doormemas,GaryDWilliams@pookmail.com,tohShuhi5Ae,Gary,Williams,4876 Ashton Lane,Austin,TX,78753,MasterCard,5197492207407207,917,12/2015
Whountess,PabloKSmith@spambob.com,yooso9Ee,Pablo,Smith,149 Broaddus Avenue,Tiptonville,KY,38259,Visa,4916853501515925,280,1/2017
Anycomentome,JohnARios@mailinator.com,ThaWio6que,John,Rios,1557 Thrash Trail,Bonham,TX,75418,Visa,4539943468915999,497,2/2013
Ilthaddly,EricRTrevino@pookmail.com,be3jeiTh,Eric,Trevino,1278 High Meadow Lane,Eagles Mere,PA,17731,MasterCard,5430638654243357,590,2/2015
Bizin1993,StephanieJBarr@spambob.com,aiDahd8v,Stephanie,Barr,4763 Mercer Street,Boyceville,WI,54725,Visa,4556685639518875,329,7/2014
Songing,FranklinTSmith@spambob.com,Voomu1teth7,Franklin,Smith,953 Liberty Avenue,Anaheim,CA,92805,MasterCard,5220021129304464,009,10/2017
Oldn1979,BarbaraDWitt@trashymail.com,phu5esaePoh,Barbara,Witt,3937 Kelly Drive,Pine Grove,WV,26149,Visa,4916892890721447,354,12/2015
Pladowithe1990,BarbraRPaul@dodgit.com,seef6Ohth,Barbra,Paul,1221 Robinson Court,Midland,MI,48640,Visa,4916652507269747,073,10/2013
Deut1980,GayeRHunter@mailinator.com,eThias3xao,Gaye,Hunter,3898 Carolyns Circle,Dallas,TX,75247,MasterCard,5233162081125391,973,9/2017
Alses1964,VirginiaPGo@trashymail.com,woebai1Aibai,Virginia,Go,4107 Ruckman Road,Oklahoma City,OK,73008,Visa,4556585932633969,799,10/2016
Saidine1967,GeorgiaBBoyles@mailinator.com,Oht3jing3,Georgia,Boyles,724 Fieldcrest Road,Bohemia,NY,11716,MasterCard,5571877988091566,835,6/2014
Bargeres,ZinaWGarcia@pookmail.com,cha4Loo7eiyi,Zina,Garcia,2637 O Conner Street,Gulfport,MS,39501,Visa,4929886753322025,323,11/2013
Forgriettles,JohnJMason@mailinator.com,Aepiegh0ei,John,Mason,3315 Hewes Avenue,Baltimore,MD,21201,MasterCard,5476170705410442,387,3/2016
Thlearb,RobertKPaige@mailinator.com,eeyaiQuohj5,Robert,Paige,2646 Pearl Street,Rocklin,CA,95677,MasterCard,5207282155876307,764,5/2013
Ansere,RobertFDalton@spambob.com,jaingia1U,Robert,Dalton,3181 North Avenue,Omaha,NE,68134,Visa,4929584681139393,784,5/2017
Vellut,RandallJGutierrez@spambob.com,eiy7ueyohCh,Randall,Gutierrez,3509 Sugar Camp Road,Ceylon,MN,56121,MasterCard,5144750209966056,399,3/2015
Anducalliew1955,MelvinAAndrew@mailinator.com,Naphu1Vosh,Melvin,Andrew,4036 Florence Street,Dallas,TX,75247,MasterCard,5372469554733838,509,10/2013
Whatier,RichardSLomax@spambob.com,ooFeju7atee,Richard,Lomax,2308 Drainer Avenue,Tallahassee,FL,32301,MasterCard,5428478256325607,387,11/2014
Prourturce,RichardGDupree@mailinator.com,Ohb8ieta4d,Richard,Dupree,4441 Bolman Court,Champaign,IL,61820,MasterCard,5221713224624445,218,5/2013
Mighthe,DavidAHurd@mailinator.com,pae8Haiqu,David,Hurd,3277 Edwards Street,Rocky Mount,NC,27801,MasterCard,5110074847976645,306,6/2016
Tamed1950,CharlesAJuarez@spambob.com,zaiPh5hie,Charles,Juarez,2099 Boundary Street,Jacksonville,FL,32202,MasterCard,5545391230792099,485,9/2016
Bresteers,DavidEFord@spambob.com,iW3ge8ee,David,Ford,3368 Nicholas Street,Russell,KS,67665,Visa,4556157882666959,847,5/2015
Ottrap,WilliamCPayne@pookmail.com,Jah0Ceiy,William,Payne,3702 Johnny Lane,Milwaukee,WI,53202,MasterCard,5229760527835121,316,10/2013
Sery1961,JamesJDiaz@trashymail.com,caisae6viTh,James,Diaz,1302 Briercliff Road,New York,NY,10019,Visa,4556595689507068,971,8/2014
Famak1981,AliceTLee@mailinator.com,Iughoh3ek,Alice,Lee,1319 Horner Street,New Philadelphia,OH,44663,Visa,4716710016995814,266,9/2013
Sornsward,MarisolASaldivar@spambob.com,ieyah7aeSh,Marisol,Saldivar,197 Mapleview Drive,Bolivar,TN,38008,MasterCard,5281121530612962,718,4/2017
Oundes,DorisJHarris@trashymail.com,Eef7oos9vu,Doris,Harris,4093 Stoney Lane,Plano,TX,75074,Visa,4716468313291185,952,9/2013
Frottive1927,MadelineJDunn@trashymail.com,ooz6Pieng,Madeline,Dunn,3091 Hide A Way Road,San Jose,CA,95134,MasterCard,5464690888787369,072,10/2017
Whistry,AlexRRosenberg@pookmail.com,uuxeiRah9a,Alex,Rosenberg,3628 Five Points,Baltimore,MD,21202,MasterCard,5227679856401754,466,3/2014
Tiould,JoseTKell@trashymail.com,gai8chu3Ee,Jose,Kell,1182 Marcus Street,Valley Head,AL,35989,MasterCard,5552996449523547,054,6/2016
Founinge,BarbaraJSteward@pookmail.com,uv4eebah8F,Barbara,Steward,1477 Peaceful Lane,Brook Park,OH,44142,Visa,4532250159112366,892,3/2014
Soleass,ChantelBStamey@dodgit.com,saexee0uTh,Chantel,Stamey,3203 Preston Street,Phoenix,AZ,85012,MasterCard,5435275173024771,359,2/2016
Thassences1939,WalterAHampton@mailinator.com,aiT2moo2,Walter,Hampton,3368 County Line Road,Tampa,FL,33602,MasterCard,5194405454270758,198,8/2014
Graw1927,HollyTRecord@dodgit.com,aiN9zaabee,Holly,Record,4689 Young Road,Boise,ID,83716,Visa,4539263608672289,228,1/2016
Theris,CarlosJLacoste@dodgit.com,Tai9thuus,Carlos,Lacoste,137 Eagle Drive,Ann Arbor,MI,48104,Visa,4485818405146243,402,5/2017
Sitses50,GeorgeINichols@spambob.com,aqu1baig3Nai,George,Nichols,4567 Aviation Way,Los Angeles,CA,90071,MasterCard,5417205831344511,623,1/2015
Woongests,LeviJJackson@spambob.com,olaiPh6Aeh5,Levi,Jackson,1644 Gnatty Creek Road,Brentwood,NY,11717,MasterCard,5301533053186867,808,6/2013
Eation,JohnIDuncan@trashymail.com,yaiN3ahB,John,Duncan,204 Joy Lane,Los Angeles,CA,90017,MasterCard,5172879337275570,961,2/2015
Gonvir,JosephJBrown@mailinator.com,BeeK1quoGh,Joseph,Brown,2868 Bingamon Road,Warrensville Heights,OH,44128,MasterCard,5462575891152556,252,10/2013
Queleandon,JamesCWilson@spambob.com,Aecie8os7,James,Wilson,3500 Millbrook Road,Aurora,IL,60504,MasterCard,5424055055701958,635,11/2013
Fortiont,NancyMKollman@mailinator.com,oolooGhae8oo,Nancy,Kollman,4953 Quiet Valley Lane,Los Angeles,CA,90017,Visa,4485865784107304,260,5/2016
Therboys72,WilliamSMorrow@spambob.com,jo5kaeni0Ai,William,Morrow,2209 Lake Forest Drive,White Plains,NY,10601,MasterCard,5560593360135888,805,5/2013
Unniburd,GladysJMartinez@mailinator.com,eir1we5Aeph,Gladys,Martinez,2619 Simpson Avenue,York,PA,17403,MasterCard,5544094581919052,083,12/2013
Qualis1954,PaulineTPitre@mailinator.com,va3ooT3aex,Pauline,Pitre,3547 Hillside Street,Mesa,AZ,85225,MasterCard,5442501521722282,143,9/2016
Whaveribut,LorenzoDGordon@spambob.com,aelo5Awie,Lorenzo,Gordon,3523 Hidden Meadow Drive,Crete,ND,58020,MasterCard,5500407757288122,118,2/2017
Hisique,BarbaraJJohnson@trashymail.com,Ouloom5z,Barbara,Johnson,2219 White Pine Lane,Roanoke,VA,24017,Visa,4539796491418401,606,6/2017
Liss1934,JodyLPrude@spambob.com,eing7eiY,Jody,Prude,659 Aaron Smith Drive,Harrisburg,PA,17102,Visa,4539596781300545,426,12/2013
Basur1970,AmySHudson@spambob.com,Eeda7aghei8Ie,Amy,Hudson,3617 Berkley Street,Philadelphia,PA,19108,Visa,4929884719095215,997,8/2015
Therecomed,LorraineRRodriguez@pookmail.com,opheima3Qu,Lorraine,Rodriguez,893 Timbercrest Road,Fairbanks,AK,99701,Visa,4539821550595640,032,5/2013
Histered,AlvinaMBoynton@trashymail.com,shu4Heik,Alvina,Boynton,4716 Lowndes Hill Park Road,Bakersfield,CA,93308,Visa,4716394550672558,962,7/2013
Waskedst,XiomaraDSchrantz@pookmail.com,iewachu4Ie,Xiomara,Schrantz,3496 Harper Street,Owensboro,KY,42301,MasterCard,5587486088967519,239,7/2013
Saingthad,JohnNLeonard@dodgit.com,Ohc4Iap9,John,Leonard,2864 High Meadow Lane,Mount Pleasant Mills,PA,17853,Visa,4539884958074402,155,9/2013
Theithese,RichardJClark@mailinator.com,EiCheiv5iod,Richard,Clark,2160 Henery Street,Indianapolis,IN,46225,MasterCard,5466836248445226,618,3/2013
Quithard1951,TabathaDJones@mailinator.com,ievaoD8tei,Tabatha,Jones,2871 Limer Street,Columbus,GA,31901,MasterCard,5169126820792256,978,6/2017
Cuse1975,StephenLSmith@trashymail.com,sheeGiGh0Oh,Stephen,Smith,2089 Diane Street,San Luis Obispo,CA,93401,Visa,4539380058322478,844,9/2013
Peopone,ElizabethACook@dodgit.com,xau6loNg,Elizabeth,Cook,600 Rafe Lane,Benton,MS,39039,MasterCard,5215910552723595,375,3/2013
Mishe1947,TamaraSStewart@spambob.com,du0ful4EMi,Tamara,Stewart,1880 Ben Street,Albany,NY,12207,Visa,4556574569842887,107,12/2015
Camencent,JohnLShiflett@pookmail.com,Aini9ama9,John,Shiflett,582 Wilson Street,Palm Springs,CA,92262,Visa,4916422386037346,712,4/2015
Porit1954,DouglasAMelton@dodgit.com,Kiopoot0woh,Douglas,Melton,2715 School House Road,Jackson,MS,39201,Visa,4916643109363293,731,2/2017
Prit1952,CorrineJFitzpatrick@pookmail.com,EeNgi2to,Corrine,Fitzpatrick,4507 Thorn Street,Casper,WY,82601,Visa,4929314063105907,310,2/2013
Acket1993,AlanNDorsey@trashymail.com,Po5iephoaw,Alan,Dorsey,4836 Stadium Drive,Cambridge,MA,02141,Visa,4916263196056500,710,8/2013
Blen1933,VeronicaLTaylor@dodgit.com,ce9Joh6pho,Veronica,Taylor,2726 Confederate Drive,Auburn,NY,13021,Visa,4532001090201002,165,11/2014
Writtiew,JoshuaMMatas@spambob.com,ieR4kouphieCh,Joshua,Matas,4431 Wyatt Street,West Palm Beach,FL,33417,MasterCard,5351944336714061,602,2/2013
Couress,IsaacMPolite@pookmail.com,oov3eeVaegh,Isaac,Polite,2151 Clark Street,Deerpark,NY,11729,MasterCard,5282934370059212,557,7/2014
Polowealm,RickDDawley@trashymail.com,Aeg0shohd,Rick,Dawley,2404 Washburn Street,Baton Rouge,LA,70816,Visa,4485921851781354,997,4/2013
Purd1983,AlmaDWard@trashymail.com,ieBoh2thee,Alma,Ward,4517 Baker Avenue,Arlington,TX,76011,Visa,4485909802832533,178,10/2017
Shand1973,JudyCHicks@mailinator.com,cho0Ooghun0ah,Judy,Hicks,676 Bel Meadow Drive,Los Angeles,CA,90017,MasterCard,5316686249649405,941,3/2013
Amehionark,LoisSClayton@pookmail.com,cish4Ceich,Lois,Clayton,183 Anthony Avenue,Trent,TX,79561,MasterCard,5362070571828007,049,4/2016
Expre1969,BarbaraMRoberts@trashymail.com,iFaepideap3,Barbara,Roberts,4292 Pooh Bear Lane,Greer,SC,29650,MasterCard,5395074507868757,235,5/2017
Takent,EvanLElbert@pookmail.com,Ou8neiv5f,Evan,Elbert,1149 Edington Drive,Atlanta,GA,30318,Visa,4539201802976726,647,2/2017
Partese,JeanWFreeman@pookmail.com,Ecad7ieR7,Jean,Freeman,4074 Layman Avenue,Savannah,GA,31401,Visa,4716480782174263,857,6/2013
Fran1985,CharlesSCarter@spambob.com,xaiw7aiF6Ai,Charles,Carter,161 Riverwood Drive,Gazelle,CA,96034,MasterCard,5177591005508795,915,2/2014
Ourich,KarenVCollins@dodgit.com,Ush2phie7cie,Karen,Collins,1507 Flinderation Road,Schaumburg,IL,60173,MasterCard,5134403505786818,483,6/2016
Hatheince,BettyJVazquez@dodgit.com,ep2Iica9,Betty,Vazquez,4406 Doctors Drive,West Los Angeles,CA,90025,Visa,4929658610234234,179,1/2015
Henceall,MistyJSmith@dodgit.com,yie2ieHoh,Misty,Smith,1331 Doe Meadow Drive,Gaithersburg,MD,20877,Visa,4539560157895439,242,5/2015
Flarme,ThomasRLeatherman@pookmail.com,sie5eeZe0,Thomas,Leatherman,4751 Nickel Road,City Of Commerce,CA,90040,Visa,4485216002732871,673,11/2013
Brours,TerryMStahl@pookmail.com,cei0teiZeeC,Terry,Stahl,1274 Counts Lane,Paris,KY,40361,MasterCard,5161430051616954,344,4/2014
Feek1966,StevenCMcClure@mailinator.com,vah1shai4Bei,Steven,McClure,302 Broadway Avenue,Signal Mountain,TN,37377,MasterCard,5135483300464851,001,8/2015
Nornesiond,MelissaJWalthall@dodgit.com,yai2OXohph,Melissa,Walthall,2214 Arthur Avenue,Mcconnell,IL,61050,Visa,4929403915718007,771,1/2015
Tionat,JulieCCline@mailinator.com,We3yee1lah,Julie,Cline,4895 Timbercrest Road,Juneau,AK,99801,Visa,4539233398296854,585,5/2017
Alivink,RichardCWhite@dodgit.com,toa6ohGoh2,Richard,White,2283 Liberty Avenue,Santa Ana,CA,92705,MasterCard,5550357708171324,622,6/2016
Evell1940,TeresaMHigginbotham@trashymail.com,Ji2covooH5oh,Teresa,Higginbotham,2684 Conifer Drive,Seattle,WA,98109,Visa,4716212110386073,698,12/2017
Thdre1973,AnnRKee@trashymail.com,OoNgu6ahy1,Ann,Kee,1546 Lighthouse Drive,Branson,MO,65616,MasterCard,5496659844793854,717,5/2014
Lere1946,ScottRKnudtson@pookmail.com,lahC9shae,Scott,Knudtson,3220 Williams Mine Road,Port Moller,AK,99695,Visa,4556303643047408,628,9/2016
Nobehou,WendyBOneal@dodgit.com,Mieg8UThos,Wendy,Oneal,2270 Shady Pines Drive,Roanoke,VA,24011,MasterCard,5341956803949387,806,12/2015
Formight,JimBLapointe@dodgit.com,eu5zeghah0W,Jim,Lapointe,1069 D Street,Detroit,MI,48219,MasterCard,5526036595379585,258,10/2013
Feweed,RoyDBethea@spambob.com,Atah3ro7Rie,Roy,Bethea,370 Hill Haven Drive,Waco,TX,76706,Visa,4539136286401504,081,9/2013
Youtind,JesusEGray@pookmail.com,roo9Xeewaij,Jesus,Gray,4193 Bassel Street,New Orleans,LA,70171,MasterCard,5246317879966084,272,7/2013
Isfuld1963,BrendaKMullen@mailinator.com,AHaechae6e,Brenda,Mullen,4834 Poplar Lane,Miami,FL,33176,MasterCard,5535495078918880,804,12/2014
Himighar,ChristiGGonzalez@trashymail.com,Iech3giecai,Christi,Gonzalez,1300 Capitol Avenue,Kokomo,IN,46901,Visa,4539302546147580,128,7/2013
Wittentiou1943,DanielMWedgeworth@dodgit.com,quaara7Vi,Daniel,Wedgeworth,4910 Briarwood Drive,Laurel Springs,NJ,08021,Visa,4929918323214190,609,1/2015
Fulot1934,JudithABrant@spambob.com,Eiqu9see9Ai,Judith,Brant,1706 Glen Falls Road,Bensalem,PA,19020,MasterCard,5254169315271481,068,4/2016
Trok1938,AndreaFWygant@mailinator.com,aebu0gaeZ,Andrea,Wygant,2010 Highland Drive,Appleton,WI,54911,Visa,4485461718868219,816,8/2014
Thipper,VirginiaCSawyer@mailinator.com,doh3Ra9quo,Virginia,Sawyer,2929 Tibbs Avenue,Butte,MT,59701,MasterCard,5331468769319284,421,10/2014
Squalkinsaid58,AnnetteJCannon@spambob.com,eiPhee7lahD,Annette,Cannon,4973 Candlelight Drive,Tomball,TX,77337,MasterCard,5480117157576182,963,9/2014
Acquings,MargaretCJefferson@trashymail.com,JeiXa4Woof,Margaret,Jefferson,3540 Woodland Drive,Harlan,IA,51537,Visa,4556149246947662,212,5/2015
Ancend,KatherineTEllis@trashymail.com,eeSh6eeph,Katherine,Ellis,2505 Haul Road,Saint Paul,MN,55102,Visa,4532794307048758,078,11/2013
Cousk1950,TonyFLee@spambob.com,Ang5Maewah,Tony,Lee,4804 Thorn Street,Campbell County,WY,82716,Visa,4556886868632466,307,11/2013
Comeaught1979,LeeSStacy@spambob.com,AeQuang4ong,Lee,Stacy,3679 Goff Avenue,Kalamazoo,MI,49007,MasterCard,5193605005678703,290,4/2017
Parm1961,CalvinMMiller@trashymail.com,ieHee8fae,Calvin,Miller,2641 Berkley Street,Allentown,PA,18109,Visa,4916983373093626,795,8/2017
Eang1939,RichardMBrown@pookmail.com,Ve8aethieng,Richard,Brown,2978 Hill Haven Drive,Killeen,TX,76541,Visa,4539722453480700,019,5/2016
Worge1929,JimYDowner@pookmail.com,IeR1hauB6,Jim,Downer,4186 Stone Lane,Bensalem,PA,19020,MasterCard,5294620647808731,247,10/2017
Pressita1952,KeithJMiller@pookmail.com,joh5quaoGh,Keith,Miller,4735 Hill Haven Drive,Hewitt,TX,76643,MasterCard,5268854868119500,462,9/2016
Ondood,DavidYMatta@dodgit.com,loo9ieNoo,David,Matta,429 Irving Road,Columbus,OH,43215,Visa,4485416008136578,770,7/2014
Thadvice,SherriCJones@mailinator.com,eusiK1xoj,Sherri,Jones,1084 Scenicview Drive,Dallas,TX,75201,Visa,4539338138500927,010,2/2016
Abitnutim,AaronFStone@pookmail.com,aepo1Oonoo,Aaron,Stone,1665 Brooke Street,Houston,TX,77025,Visa,4485162710838313,147,12/2016
Theitheave,PaulaPBrown@mailinator.com,Uh7EeKier,Paula,Brown,3911 Godfrey Street,Salem,OR,97301,Visa,4929954790451742,269,2/2014
Conage,LorraineDFrenette@pookmail.com,yaeChai1ui,Lorraine,Frenette,1511 Sherman Street,Topeka,KS,66607,Visa,4916309330409426,632,10/2014
Thoulluse76,KarinaRMcMullen@dodgit.com,sooTh9IT5ch,Karina,McMullen,3966 Crestview Terrace,Devine,TX,78016,Visa,4539457102729658,586,8/2016
Sames1937,JamesAAdams@pookmail.com,HeNgi7itael,James,Adams,751 Lucky Duck Drive,Crafton,PA,15205,MasterCard,5379678568359702,873,11/2016
Plawnew,AllanSParmenter@trashymail.com,raiche3Toh8,Allan,Parmenter,2327 Lake Road,Camden,NJ,08102,MasterCard,5459540765854344,450,1/2013
Twongive63,AlfredEMora@pookmail.com,do0ozooXeing,Alfred,Mora,1159 Leisure Lane,Moorpark,CA,93021,Visa,4532042454353708,984,2/2013
Thrupost1947,JerryKMiles@trashymail.com,aegaCh0shai,Jerry,Miles,258 Gorby Lane,Hattiesburg,MS,39401,Visa,4485144624112985,848,1/2017
Bitherry1982,EricKWashington@pookmail.com,quuoJ0ua6ae,Eric,Washington,2060 Randolph Street,Needham,MA,02192,Visa,4929061298942055,008,12/2015
Oplaw1929,BobTHumphrey@spambob.com,ooPe2aim3C,Bob,Humphrey,1824 Ridenour Street,Miami,FL,33132,Visa,4485945287244331,480,7/2016
Agaricest,MarieMRogalski@trashymail.com,iePhei3joh,Marie,Rogalski,2125 Echo Lane,Benton Harbor,MI,49022,MasterCard,5456798287145715,292,12/2013
Henceall,MichaelAFleckenstein@pookmail.com,Eyohng4kei,Michael,Fleckenstein,4724 Armbrester Drive,San Pedro,CA,90731,MasterCard,5524513498269248,651,4/2017
Solloond,TraciAWright@dodgit.com,aingi2Aig,Traci,Wright,3617 Fannie Street,Hearne,TX,77859,MasterCard,5224220770676172,886,9/2015
Chle1945,CarolynJSalazar@spambob.com,fah0Icoh,Carolyn,Salazar,4055 Khale Street,Pritchardville,SC,29902,Visa,4929561992206707,860,10/2014
Butmayselche,SandyJChang@spambob.com,ur2Ai7Tie,Sandy,Chang,168 Mount Olive Road,Atlanta,GA,30305,MasterCard,5204866454079036,362,6/2016
Hish1971,MichaelADaigle@mailinator.com,max4eHie3,Michael,Daigle,4642 Goff Avenue,South Haven,MI,49090,MasterCard,5183076886203023,291,6/2017
Fring1979,MelvinaMGuzman@trashymail.com,Au4aev7aec,Melvina,Guzman,3083 Twin House Lane,Springfield,MO,65804,MasterCard,5307890336687077,387,9/2013
Butragreake,HaroldLArtman@pookmail.com,ie8ahf5Y,Harold,Artman,3232 Davis Avenue,Petaluma,CA,94952,Visa,4556803965968024,466,12/2016
Stime1929,MildredJJoyce@trashymail.com,uoVee3LeiPa,Mildred,Joyce,1762 Riverwood Drive,Redding,CA,96001,MasterCard,5204979056870445,553,3/2013
Intionct,StephenJSavoy@pookmail.com,BohthiJ5choh,Stephen,Savoy,829 Smith Road,Marietta,GA,30067,MasterCard,5154076044014572,124,11/2014
Liche1966,FrankRRoy@dodgit.com,uZau1peuf2,Frank,Roy,1000 Chandler Drive,Joplin,MO,64804,Visa,4916733334942233,590,7/2013
Dittleatized,LauraDMcNeal@mailinator.com,Aizo0ieghei,Laura,McNeal,244 Gerald L. Bates Drive,Boston,MA,02215,Visa,4716059040120449,828,8/2016
Mendid,HectorBTurner@pookmail.com,Ookoizei9A,Hector,Turner,4239 Briarwood Drive,Laurel Springs,NJ,08021,MasterCard,5442546060064893,117,8/2015
Upolliveng,GeorgeAOsborne@spambob.com,fo2lohChie,George,Osborne,3739 Clement Street,Atlanta,GA,30303,MasterCard,5370380298170678,122,3/2015
Unamornitand,AdeleSDouglas@dodgit.com,hee8weKee1,Adele,Douglas,437 Farm Meadow Drive,Flagstaff,AZ,86001,MasterCard,5419850110308154,431,3/2016
Froddly,CynthiaPKing@mailinator.com,Bohj5aer,Cynthia,King,3109 Briarwood Road,Marshfield,MO,65706,Visa,4539134017439836,709,1/2016
Bearance,LaverneMCole@trashymail.com,nah7Ahp9,Laverne,Cole,1636 Ethels Lane,Okeechobee,FL,33472,MasterCard,5559314921478581,854,1/2017
Wilvear,JamesANeeley@mailinator.com,beePei9ah,James,Neeley,705 Tree Top Lane,Philadelphia,PA,19108,Visa,4539206154962406,510,10/2014
Headen,DanielASanchez@spambob.com,iel7Rah2Boh,Daniel,Sanchez,1199 Confederate Drive,Lysander,NY,13027,Visa,4916843942075704,513,9/2015
Dessad,VioletDPlain@pookmail.com,kiZ5iphe,Violet,Plain,3449 Valley Drive,Philadelphia,PA,19108,MasterCard,5458811277959470,027,7/2016
Prearon32,RoxanneJScott@dodgit.com,iej6jeew6Tei,Roxanne,Scott,2658 Granville Lane,Newark,NJ,07102,MasterCard,5243927980532451,280,3/2014
Moste1948,OliveMConley@spambob.com,chei9AhS,Olive,Conley,1154 Maryland Avenue,Pinellas,FL,34624,MasterCard,5210151458448277,703,3/2013
Camesquill,JohnGHartley@trashymail.com,Eishohxoo0ae,John,Hartley,4890 Stockert Hollow Road,North Bend,WA,98045,Visa,4556823953341299,109,8/2015
Tray1967,JeffreyCJacobs@spambob.com,mooHoX3oom,Jeffrey,Jacobs,4508 Valley Drive,Philadelphia,PA,19108,MasterCard,5157365561934354,079,7/2014
Ousballeave,ReneaRDensmore@pookmail.com,zoo7Eijiawoo,Renea,Densmore,3593 Bedford Street,Melville,CT,11747,Visa,4556845182606895,668,3/2016
Pareiguent,MargaretLStone@spambob.com,iephahM8ieth,Margaret,Stone,3127 Anthony Avenue,Crews,TX,76901,Visa,4929211451862968,323,10/2017
Greld1928,JessicaMBlevins@trashymail.com,thiexoh3Eing,Jessica,Blevins,3454 Burton Avenue,Memphis,TN,38111,MasterCard,5360564285722243,399,8/2014
Ofteme,ChiSDespain@mailinator.com,hee3Chai3,Chi,Despain,956 Henery Street,Wichita,KS,67212,Visa,4556711761371642,579,8/2014
Menth1985,ChrisKHall@trashymail.com,peegh5Ja,Chris,Hall,2051 Tori Lane,Midvale,UT,84047,Visa,4485296067356212,397,11/2013
Honte1993,AlineRTalmadge@mailinator.com,liV1phoom,Aline,Talmadge,2073 Scheuvront Drive,Littleton,CO,80126,Visa,4539728131201475,641,5/2016
Frace1942,WilburnAParks@dodgit.com,Bie3caigie,Wilburn,Parks,2565 Counts Lane,Winchester,KY,40391,MasterCard,5500280290952508,854,12/2015
Woot1973,ChrisDBenninger@trashymail.com,goh0ohGhai,Chris,Benninger,3035 Olen Thomas Drive,Denton,TX,76201,MasterCard,5106748120621814,996,12/2015
Verchalsold,CarlosCConway@mailinator.com,Shesh7shu,Carlos,Conway,3275 Masonic Hill Road,North Little Rock,AR,72114,Visa,4716840985706098,763,2/2015
Wating,MaryTBurk@pookmail.com,Ka9air4ok,Mary,Burk,3468 Lynn Street,Boston,MA,02107,Visa,4716117766188048,491,1/2013
Whatedou1989,MaxineRDelgado@trashymail.com,Oocahxen1,Maxine,Delgado,4128 West Side Avenue,Rochelle Park,NJ,07662,MasterCard,5485541662316005,556,11/2016
Roak1980,GroverKDiamond@mailinator.com,me1xo1gieXoo,Grover,Diamond,4166 Charles Street,Plymouth,MI,48170,MasterCard,5473811936222345,209,5/2015
Hisking,SammyCYork@dodgit.com,In3eiDaek,Sammy,York,3093 Richison Drive,Missoula,MT,59802,MasterCard,5119014925857318,183,8/2016
Beffele1977,WilliamJWeatherby@pookmail.com,Elaephike0Ei,William,Weatherby,4738 Cottrill Lane,Stlouis,MO,63101,Visa,4929924034697244,435,5/2014
Harays78,EarlJSilva@pookmail.com,aipheiviZ7w,Earl,Silva,3506 Melm Street,Providence,RI,02908,Visa,4556745084868173,723,2/2015
Hinge1971,StaceyCNeary@pookmail.com,Eikah6Ef6x,Stacey,Neary,4803 Hornor Avenue,Tulsa,OK,74120,MasterCard,5554185169644398,959,3/2017
Asithavelf,ChristopherAPecor@pookmail.com,EekaeL6ung,Christopher,Pecor,1549 Victoria Court,Phippsburg,ME,04562,Visa,4929455043093893,871,9/2014
Therehe,KevinTMcCoy@mailinator.com,xat3iV3uoM,Kevin,McCoy,812 Biddie Lane,Richmond,VA,23224,Visa,4716634334551655,384,9/2015
Knewhervel86,CathyGVega@dodgit.com,zuZo0ku7ie,Cathy,Vega,1336 Apple Lane,Galesburg,IL,61401,Visa,4539787933851838,515,10/2015
Minged1937,CharlesNBartlett@pookmail.com,ii7eeF5shat,Charles,Bartlett,195 Maryland Avenue,Feather Sound,FL,34622,MasterCard,5305487857638886,209,1/2014
Cansid,AnitaEHeald@spambob.com,Jiawahbura4ai,Anita,Heald,3408 Fincham Road,La Mesa,CA,91941,Visa,4929701326390021,464,5/2015
Monsuldn,KimberlyKHudock@dodgit.com,Oon6aiz2wu,Kimberly,Hudock,584 Carriage Court,Twentynine Palms,CA,92277,Visa,4485730262763186,714,2/2013
Naal1939,AliceHSullivan@dodgit.com,usoehaiw9E,Alice,Sullivan,4442 Felosa Drive,San Angelo,TX,76903,Visa,4485740891736701,214,11/2014
Ciancel,JamesJHamilton@trashymail.com,ze9Ep4eezoo,James,Hamilton,2807 Virginia Street,Elk Grove Village,IL,60007,MasterCard,5369342528546344,168,10/2013
Noreopme,RobertMLilly@pookmail.com,ahf2Quaiquei,Robert,Lilly,757 Adamsville Road,Santa Rosa,TX,78593,MasterCard,5574066639648092,740,12/2015
Obect1959,JackieMMcGrath@trashymail.com,oZ3ho1oide,Jackie,McGrath,4696 Shinn Street,New York,NY,10021,Visa,4916842007025042,225,11/2017
Theirligh,RobinCDow@pookmail.com,Luu9eifu7ph,Robin,Dow,3815 Peck Court,San Clemente,CA,92672,Visa,4716174367604329,657,4/2016
Wiffistandes,RussellAMcGowan@trashymail.com,Ux4aiVei0i,Russell,McGowan,1792 Sunburst Drive,Fort Myers,FL,33912,Visa,4929083804991574,300,7/2014
Robjecia1975,JeffLWoodley@mailinator.com,ieXeid7Oo,Jeff,Woodley,1385 Lake Floyd Circle,Washington,MD,20011,MasterCard,5133678647471814,231,1/2016
Withenevoind,JohnBMartinez@dodgit.com,givahzu4uL,John,Martinez,446 Still Pastures Drive,Columbia,SC,29201,Visa,4716942748124252,846,11/2013
Difeentle44,JackMAlmeida@dodgit.com,cueth6Rohr6,Jack,Almeida,1524 Monroe Avenue,Tampa,FL,33634,MasterCard,5432046753938992,664,8/2016
Actly1930,ToddMMullins@pookmail.com,Phaevoh7ul,Todd,Mullins,3185 Red Dog Road,Charlotte,NC,28202,Visa,4716292115444366,398,12/2017
Thavey1941,CheryllEBrown@dodgit.com,bahTh5Oe5roh,Cheryll,Brown,259 Morningview Lane,New York,NY,10013,MasterCard,5347518543559951,601,5/2015
Beenting,YolandaRDrake@dodgit.com,EethewaGie6,Yolanda,Drake,1621 Farland Street,Brockton,MA,02401,MasterCard,5102515842830740,016,2/2016
Horged,StellaGThomas@spambob.com,iZuaria1,Stella,Thomas,647 Murry Street,Portsmouth,VA,23701,Visa,4539380269674758,501,3/2017
Thoulieve62,BryanHRivera@dodgit.com,jooH9sheiy2,Bryan,Rivera,315 Lakewood Drive,Jersey City,NJ,07306,Visa,4716580336693377,371,12/2017
Leting,WilliamEMoreno@trashymail.com,xaiBah3Quoo,William,Moreno,1123 Cecil Street,Chicago,IL,60605,Visa,4485642233066005,238,5/2017
Dortmationat,JuliaRKimble@mailinator.com,Vi0ahshai,Julia,Kimble,1121 Tibbs Avenue,Frannie,MT,82423,Visa,4556126898922698,913,7/2016
Dirld1984,BruceSFrench@trashymail.com,Airoosa2joh,Bruce,French,833 Sherwood Circle,Loreauville,LA,70552,Visa,4556324430754543,981,2/2015
Cloved,AshleyTLambert@spambob.com,foh9Aifa,Ashley,Lambert,1337 Conference Center Way,Mclean,VA,22101,MasterCard,5326345923484187,305,12/2013
Beentere,LorenzoPChavez@pookmail.com,ueJaxaeya3,Lorenzo,Chavez,2125 State Street,Saint Louis,MO,63141,MasterCard,5344671902859125,044,7/2015
Thresuall,FrancesERamos@mailinator.com,eet6ohC4eim,Frances,Ramos,4485 Brown Bear Drive,Edgemont,CA,92508,Visa,4916427987185238,285,10/2013
Bobee1962,WadeBBaldwin@spambob.com,AaHiec9ae,Wade,Baldwin,4500 Lang Avenue,Salt Lake City,UT,84111,MasterCard,5542913990524157,187,10/2015
Arelithrous,JohnJWright@mailinator.com,Laeviemi3,John,Wright,1277 Simons Hollow Road,Nuangola,PA,18637,Visa,4556106693803590,363,7/2017
Infur1964,VictorEBrock@dodgit.com,vowoNgei7em,Victor,Brock,1192 Colony Street,Wallingford,CT,06492,MasterCard,5101660888458690,027,3/2013
Torteropaid,MarySBaber@trashymail.com,yaiLuo4ie,Mary,Baber,732 Broadway Street,North Charleston,SC,29420,Visa,4539431059146521,262,2/2014
Prolker,PamelaDStephenson@spambob.com,Wai1geiwiet,Pamela,Stephenson,2442 Carolyns Circle,Dallas,TX,75202,MasterCard,5405356682567561,074,12/2016
Camed1947,LaurelCSmith@pookmail.com,sohvii5Raec,Laurel,Smith,1244 James Martin Circle,Westerville,OH,43081,Visa,4539948709919379,540,12/2015
Homfortiver,EddieICarbonell@pookmail.com,Oofoo7aiw6x,Eddie,Carbonell,4675 Gandy Street,Syracuse,NY,13224,Visa,4556284565586781,302,9/2013
Plece1968,MichaelGAlford@mailinator.com,raku9Sohqu,Michael,Alford,4439 Burton Avenue,Memphis,TN,38116,MasterCard,5311996377889599,146,1/2013
Statted,CurtisVShaffer@spambob.com,Achiif2ceez,Curtis,Shaffer,2514 Post Avenue,Rollag,MN,56549,MasterCard,5289661671402014,790,5/2017
Natchoughe,DerekJJacobson@dodgit.com,xee2Tae7m,Derek,Jacobson,2633 Post Farm Road,Omaha,NE,68154,Visa,4532227141324267,586,7/2013
Fiedill,KatrinaRMcDonough@mailinator.com,zaez0iSoh,Katrina,McDonough,2138 Eagles Nest Drive,Marysville,CA,95901,Visa,4929476478061320,258,12/2015
Scap1930,BrianKBainbridge@spambob.com,uK8thieYah9,Brian,Bainbridge,3086 Jarvisville Road,Hicksville,NY,11801,MasterCard,5147097903691698,361,3/2015
Cablecony,JeffreyPLe@spambob.com,Wahchuk1g,Jeffrey,Le,497 Timber Ridge Road,Sacramento,CA,95817,MasterCard,5518877167388656,254,1/2013
Refspot,KarenRJackson@pookmail.com,aiNgae4ch,Karen,Jackson,3020 Benedum Drive,New York,NY,10011,Visa,4485436622645291,609,1/2013
Aceeakell,BryantNReyes@mailinator.com,ohz1cuSh8oh,Bryant,Reyes,4704 Confederate Drive,Philadelphia,NY,13673,MasterCard,5569307550974597,801,5/2015
Ower1969,KimberleyMMata@trashymail.com,AP3shoo4Soo,Kimberley,Mata,1785 Earnhardt Drive,Louisville,KY,40299,Visa,4556819503214838,251,10/2017
Reast1929,ThomasEJohnson@mailinator.com,xiZ0bioqu,Thomas,Johnson,2740 Woodlawn Drive,New Berlin,WI,53151,Visa,4539809352734897,532,3/2013
Hourpre,AllisonJJohnson@spambob.com,Fahgh5eDait,Allison,Johnson,3029 Parkway Drive,Phoenix,AZ,85003,MasterCard,5415895897376456,321,9/2015
Heasuffee,ChrisKWilson@pookmail.com,Ooy8eidaid,Chris,Wilson,200 Thorn Street,Mountain View,WY,82939,MasterCard,5203015644039028,253,3/2013
Heady1935,CaseyJHarris@dodgit.com,uak9eiJae7g,Casey,Harris,1462 Elliott Street,Claremont,NH,03743,Visa,4716241646383726,802,12/2013
Yeacten,ScottGLevine@mailinator.com,meshoobeY7,Scott,Levine,258 Woodland Avenue,Bogalusa,LA,70427,MasterCard,5583096059460487,322,9/2013
Eill1939,CarlDWeeks@dodgit.com,zo9aiW0cheV,Carl,Weeks,334 Cherry Camp Road,Wood Dale,IL,60191,MasterCard,5138897120217339,783,4/2015
Hicharach46,LauraCBergman@mailinator.com,iuC9aighae,Laura,Bergman,2272 Honeysuckle Lane,Seattle,WA,98119,MasterCard,5276758430873421,595,3/2013
Nothearms,PamelaFScott@mailinator.com,GeezooJ1Eiqu,Pamela,Scott,2072 Locust Street,Leary,GA,31762,MasterCard,5150148558138867,230,3/2017
Trablis,MichaelMBowden@spambob.com,Fo7aequai,Michael,Bowden,180 Eden Drive,Richmond,VA,23222,Visa,4916935506484643,592,7/2014
Beftelf,BrianGCooper@spambob.com,vooqu9ieGh,Brian,Cooper,4062 Beech Street,San Ramon,CA,94583,Visa,4532834538040495,938,6/2016
Firetry,BenjaminJPolk@mailinator.com,ahloh2Ohbah,Benjamin,Polk,4517 Conference Center Way,Estella,PA,18616,Visa,4485734576579155,416,8/2014
Homelly,VincentRParker@spambob.com,ahha4Cooqu2Sh,Vincent,Parker,2368 Heather Sees Way,Grove,OK,74344,Visa,4539979943892833,140,5/2017
Beids1940,JeremyDCrain@dodgit.com,eeMieDaa5ohF,Jeremy,Crain,3738 Joanne Lane,Woburn,MA,01801,MasterCard,5342093915411723,467,5/2013
Fromp1928,SharonRLarsen@pookmail.com,ahQu8Shu3,Sharon,Larsen,4876 Quiet Valley Lane,Burbank,CA,91502,Visa,4532469462299252,250,1/2014
Aptably,RitaDBarry@pookmail.com,rah1Xai9ee,Rita,Barry,623 Hemlock Lane,West Marietta,TX,78040,MasterCard,5138533849278076,975,12/2017
Beeal1986,MarkLGuillory@trashymail.com,hohL1mi7,Mark,Guillory,4304 James Martin Circle,Columbus,OH,43219,Visa,4532869082732543,137,12/2014
Crepare,DarrenMCrawford@spambob.com,Gee4yahchich,Darren,Crawford,4871 Pearl Street,Sacramento,CA,95814,Visa,4716758307759639,317,9/2017
Buffe1984,JesusSKing@spambob.com,Ulo8teuninei,Jesus,King,74 Brown Street,Walnut Creek,CA,94596,MasterCard,5287957462400932,838,10/2016
Doony1936,PatrickMCoe@trashymail.com,kir8Imoo,Patrick,Coe,815 Whispering Pines Circle,Dallas,TX,75201,MasterCard,5487731050565234,570,6/2017
Waysainew1937,DeniseBCopeland@trashymail.com,eom6oNg6ah,Denise,Copeland,4815 Richland Avenue,Spring,TX,77386,Visa,4716783938989843,510,2/2016
Thadespecte,DeborahJGriffith@mailinator.com,baSh5ooTh,Deborah,Griffith,308 Losh Lane,Mckeesport,PA,15132,Visa,4532718226785075,382,11/2014
Possiounds1981,MoniqueDMcNinch@spambob.com,Peey2ovoo2oh,Monique,McNinch,4591 Chandler Drive,Branson,MO,65616,Visa,4556369003477527,468,1/2017
Younly,MichaelRGalloway@spambob.com,Eef1raeY6iL,Michael,Galloway,2629 Hamilton Drive,Texas City,TX,77591,MasterCard,5330872772755197,163,3/2017
Forgent,JoseCBrown@trashymail.com,ho2aethueTh,Jose,Brown,365 Glory Road,Monteagle,TN,37356,Visa,4929503333918855,393,6/2015
Mignan41,LindaHSmith@spambob.com,dee2Ahshoyae,Linda,Smith,4864 Spirit Drive,Port Orange,FL,32019,MasterCard,5305843692183761,011,8/2013
Inving,MarciaJBair@pookmail.com,is0jeexuZoh,Marcia,Bair,978 McDowell Street,Fayetteville,TN,37334,MasterCard,5201009565706212,081,11/2015
Coublence,WilliamABriggs@trashymail.com,ACier7sah,William,Briggs,1914 Park Avenue,Sacramento,CA,94260,Visa,4916585943109053,485,12/2016
Shoreal46,StanleyAFerguson@dodgit.com,si1paeh1eeL,Stanley,Ferguson,4577 Wilson Avenue,Richardson,TX,75081,MasterCard,5495989153416263,652,10/2017
Wailly,EmmaTBunnell@dodgit.com,pu6eijiTh,Emma,Bunnell,476 Pin Oak Drive,Davenport,IA,52801,MasterCard,5188043194943828,681,4/2015
Thereve,AdrianRGreen@dodgit.com,Uqu5eig9oo,Adrian,Green,3807 Amethyst Drive,East Lansing,MI,48823,Visa,4556439839139581,357,9/2017
Hountruch,MaryJLangston@pookmail.com,ooyeXeirie0,Mary,Langston,839 Fort Street,Greenville,NC,27834,Visa,4485109783429025,573,4/2016
Vearguat,MargorieCGallo@pookmail.com,Uk7fai4ja,Margorie,Gallo,2309 Pratt Avenue,South Prairie,WA,98385,Visa,4485059972306510,526,4/2013
Rialf1928,LanceLGavin@pookmail.com,iex9raeXoh,Lance,Gavin,4413 Twin House Lane,Springfield,MO,65806,Visa,4556432044080872,946,12/2015
Whas1982,WilmaHVo@spambob.com,Iawee4ah,Wilma,Vo,1136 Geneva Street,New York,NY,10016,Visa,4532284149332545,100,6/2017
Chemb1977,FelicitaMBonilla@pookmail.com,TaisaeHo6,Felicita,Bonilla,3767 Honeysuckle Lane,Vancouver,WA,98686,MasterCard,5427667538598756,514,3/2013
Senessobling,JohnCRuiz@spambob.com,chaHaNgoo6n,John,Ruiz,4679 Progress Way,Saint Cloud,MN,56303,MasterCard,5152749397821676,531,12/2016
Coliould,AlfredMNelson@trashymail.com,saedee3U,Alfred,Nelson,4677 Jadewood Drive,Crown Point,IN,46307,Visa,4532562046543904,809,4/2016
Andelibubled,DannyMAllen@trashymail.com,Eeth1voo3K,Danny,Allen,4079 Woodstock Drive,Alhambra,CA,91801,Visa,4916916161952124,536,12/2016
Pribue1980,BradICook@pookmail.com,UG4lohx4ah,Brad,Cook,2765 Cost Avenue,Rockville,MD,20852,MasterCard,5347534549135092,975,3/2016
Anks1944,AnthonyJWalker@dodgit.com,ieSoh4beix,Anthony,Walker,1797 Columbia Mine Road,Charleston,WV,25301,Visa,4929988655009914,209,9/2016
Extrejoind,VirginiaRFeldt@spambob.com,Otoo1aih8H,Virginia,Feldt,2571 Hillside Street,Phoenix,AZ,85034,Visa,4539947568096246,350,4/2013
Suponeved,RichardEKennemer@dodgit.com,mur6ohTaex,Richard,Kennemer,2296 Brookview Drive,San Jose,CA,95113,MasterCard,5170960993161932,697,12/2017
Coraven,DarinSBlair@pookmail.com,reque8Iga,Darin,Blair,1512 Centennial Farm Road,Nemaha,IA,50567,Visa,4539805892423140,577,5/2013
Plifispen,JenniferRHill@dodgit.com,Fichui8ooBah,Jennifer,Hill,2057 Neville Street,Louisville,IN,40202,Visa,4716016209463010,242,12/2015
Wilken,GaryVChandler@dodgit.com,HieCh0eim6v,Gary,Chandler,889 Cheshire Road,Norwalk,CT,06854,MasterCard,5573117776272518,728,3/2014
Hiculd30,KathleenFReed@spambob.com,naeth3Eingie,Kathleen,Reed,2585 Lake Floyd Circle,Gumboro,DE,19966,Visa,4716325896924022,575,10/2017
Kinary,WilliamKPendleton@mailinator.com,mahLa9ieCoo,William,Pendleton,4079 Ferguson Street,Osterville,MA,02655,Visa,4716758433369493,408,9/2013
Mink1979,AlvinKBritt@mailinator.com,eib2oX3ag,Alvin,Britt,4938 Harrison Street,San Francisco,CA,94103,MasterCard,5318783949711797,430,1/2015
Olneved1956,KathleenRGallegos@dodgit.com,eiR4Jiem,Kathleen,Gallegos,367 Irish Lane,Deerfield,WI,53531,Visa,4929861753333363,549,11/2015
Hinevis,RochelleLJones@spambob.com,roequ6Oonee,Rochelle,Jones,4658 Khale Street,Florence,SC,29501,MasterCard,5241483389776788,039,3/2015
Sament,VincentGChandler@dodgit.com,fachahX1oo,Vincent,Chandler,3699 Parkway Drive,Tucson,AZ,85706,MasterCard,5275347649993773,835,1/2013
Someacce,BrendaJStromain@spambob.com,Ougohy9huy,Brenda,Stromain,4296 Lynch Street,Walnut Creek,CA,94596,MasterCard,5478012697343876,910,10/2017
Maddeauttle,DebraBBruggeman@mailinator.com,ohch1Aesh,Debra,Bruggeman,4600 Philli Lane,Tulsa,OK,74116,Visa,4532064849393777,384,7/2017
Withad,AnitaWHamler@dodgit.com,Lae9eichae,Anita,Hamler,2303 Ryan Road,Yankton,SD,57078,MasterCard,5183514393540636,829,11/2014
Crect1986,CurtisTHarding@pookmail.com,ahJa2ta6L,Curtis,Harding,4530 Flynn Street,Cleveland,OH,44115,MasterCard,5278572015074695,990,9/2015
Foriney,JamesCStephens@pookmail.com,fuemuu1uShe,James,Stephens,2616 Pheasant Ridge Road,Philadelphia,PA,19107,MasterCard,5455000716622245,426,3/2017
Nothenly,PatriciaJSimpson@dodgit.com,queey2ooMoo5,Patricia,Simpson,4854 Henry Ford Avenue,Sapulpa,OK,74564,Visa,4929906630564118,680,11/2013
Feativill,AnnaAEdward@pookmail.com,Eiligh9taov,Anna,Edward,4064 Fairfield Road,Kenosha,WI,53142,Visa,4929870214419299,734,3/2013
Bart1988,WilliamLFannin@dodgit.com,Chaihahc7,William,Fannin,4251 Hurry Street,Fredericksburg,VA,22408,MasterCard,5103222390684491,014,11/2016
Lactur,VioletDKinder@trashymail.com,ooT2ule5f,Violet,Kinder,3063 Edgewood Road,Jonesboro,AR,72401,MasterCard,5253471828142550,073,9/2017
Judy1951,CharlesAKnudson@mailinator.com,mooz2Phah,Charles,Knudson,3902 Wexford Way,Columbia,SC,29210,MasterCard,5403663189885301,145,7/2017
Hatchowze,MichellePWalton@trashymail.com,igaeGee6,Michelle,Walton,417 Lost Creek Road,Phoenixville,PA,19460,Visa,4532146000291112,907,9/2013
Prizing43,JorgeJSingleton@spambob.com,Efaiw1ot,Jorge,Singleton,824 Everette Alley,Ft Lauderdale,FL,33311,Visa,4929135758629640,123,5/2015
Lumblut,IsabelBStonge@spambob.com,isheiv8eB,Isabel,Stonge,1418 Hanover Street,New York,NY,10007,MasterCard,5449895378911524,328,3/2015
Sligized,MikiAYee@trashymail.com,Quo9apoof,Miki,Yee,4242 Godfrey Street,Beaverton,OR,97005,Visa,4716504704399110,473,12/2017
Derignatim1967,PatriciaBParson@mailinator.com,GupheKee2o,Patricia,Parson,1788 Birch Street,West Newton,IN,46183,Visa,4916829274114161,860,8/2013
Larearme,BrendanFSeldon@spambob.com,giweo0aeH1k,Brendan,Seldon,1565 Steve Hunt Road,Ft Lauderdale,FL,33311,Visa,4556430848377437,847,11/2016
Rects1977,DouglasJDeyoung@spambob.com,pie7Ri9c,Douglas,Deyoung,3805 Watson Street,Pleasantville,NJ,08232,MasterCard,5586229687354197,873,1/2013
Saided,JewelCDavis@spambob.com,eiJaeng2K,Jewel,Davis,3849 Drainer Avenue,Pensacola,FL,32505,MasterCard,5283648607027086,097,12/2013
Thaut1940,LindaCCox@mailinator.com,Eeng3quee,Linda,Cox,443 Chardonnay Drive,Seattle,WA,98161,Visa,4532124857664483,636,9/2014
Camone,CarriDEndsley@dodgit.com,ior7ohCieh,Carri,Endsley,3555 Brown Street,Walnut Creek,CA,94596,Visa,4556747948144759,059,8/2016
Silexquill1979,JosephineGWinkfield@spambob.com,ashoCh2Nae,Josephine,Winkfield,4020 Hog Camp Road,Wheeling,IL,60090,Visa,4532713502498220,252,6/2017
Whil1971,PatrickJMonaco@spambob.com,mahp6vei9aiB,Patrick,Monaco,2325 Carriage Court,Carlsbad,CA,92008,Visa,4532083813294183,271,2/2016
Weepted1957,GregorySMatta@pookmail.com,ig4Gawai2Ie,Gregory,Matta,4055 Zappia Drive,Lexington,KY,40507,Visa,4539946313246510,377,10/2014
Rourts,SamLTeed@trashymail.com,hiengah3Ohg,Sam,Teed,3895 Snider Street,Hugo,CO,80821,Visa,4916719410769665,995,9/2015
Begany87,JosephMAlexander@pookmail.com,ouchei1Ei,Joseph,Alexander,4167 Sycamore Road,Lakeview,OR,97630,Visa,4539823104772212,968,10/2015
Lossing,DeborahRMcKee@pookmail.com,pohphus5Du3,Deborah,McKee,169 Willow Oaks Lane,Lafayette,LA,70501,MasterCard,5235404525898979,685,12/2015
Youtrace,ScottMWyckoff@trashymail.com,aek5oShi8ei,Scott,Wyckoff,1366 Ritter Street,Huntsville,AL,35811,MasterCard,5269103398453396,922,7/2016
Almomen,YoungMBeam@mailinator.com,EiW8jaeTh,Young,Beam,2022 Koontz Lane,Sherman Oaks,CA,91403,Visa,4916707926003620,149,2/2013
Pecassoo,HelenDSchroder@spambob.com,Tuoboo7oo,Helen,Schroder,1277 Cantebury Drive,Westbury,NY,11590,MasterCard,5257669204214259,661,3/2014
Boure1976,VinceMLane@mailinator.com,shoh0EFohGh,Vince,Lane,1237 Holly Street,Dalton,GA,30720,Visa,4532634779265367,173,3/2013
Thary1935,RichardLBrawner@mailinator.com,Xoo0ahphee,Richard,Brawner,4897 Berkshire Circle,Knoxville,TN,37921,Visa,4539352107775592,641,1/2014
Adeaske,DaisySDilbeck@dodgit.com,ahYouRoo2Uay,Daisy,Dilbeck,2409 Elk Street,Newport Beach,CA,92661,Visa,4716545968036153,557,6/2014
Adow1986,BettieVMartinez@dodgit.com,Eisho3ieng,Bettie,Martinez,2719 Charter Street,Kansas City,KS,66223,MasterCard,5144884851424880,610,11/2013
Givernevends33,LisaRBecerra@spambob.com,Uo6uogie,Lisa,Becerra,3112 Randall Drive,Moanalua,HI,96819,Visa,4532432961795667,208,9/2015
Dinar1937,HowardEPettit@spambob.com,Eebah2ooch,Howard,Pettit,2630 Laurel Lee,Maryville,MO,64468,Visa,4532607936238402,745,9/2017
Soperypear1980,JimmyTBrand@trashymail.com,eiHeiw5Quu,Jimmy,Brand,4761 Cinnamon Lane,San Antonio,TX,78258,Visa,4485422475554921,253,10/2017
Wituabled80,AdaSPassmore@mailinator.com,ex5Rohsh9ae,Ada,Passmore,3006 Hartland Avenue,Fond Du Lac,WI,54935,MasterCard,5239687873449264,898,9/2015
Giarturner,WandaRNye@dodgit.com,Phah0oKah,Wanda,Nye,3850 Burke Street,Revere,MA,02151,MasterCard,5210142835994521,214,2/2017
Beenting,JohnALiggett@dodgit.com,izaheDith0,John,Liggett,1810 Ashford Drive,Lorton,VA,22079,Visa,4916299101115551,916,2/2016
Vends1984,ThomasNBaptiste@trashymail.com,sah1Kei7ii,Thomas,Baptiste,4723 Irving Road,Westerville,OH,43081,Visa,4485273501160757,277,8/2016
Deabinder,JoshuaAPetty@dodgit.com,sip9Ot0Qu,Joshua,Petty,3913 Private Lane,Bainbridge,GA,31717,MasterCard,5346596860674968,779,6/2014
Hanceseles1933,SusanaNAllen@dodgit.com,fu4eeyeeNg,Susana,Allen,400 Lake Road,Pleasantville,NJ,08232,Visa,4539642174107277,317,3/2013
Traturness,JohnKEvatt@trashymail.com,Jaegoo5e,John,Evatt,4732 Patterson Road,Far Rockaway,NY,11691,MasterCard,5202197979024717,498,3/2013
Banke1962,RobertGWood@trashymail.com,eiK5ojah6ma,Robert,Wood,4877 Hornor Avenue,Tulsa,OK,74146,MasterCard,5512652816036899,338,6/2014
Alowely,AshleySPettie@trashymail.com,Zoti8Uc1,Ashley,Pettie,1156 University Street,Seattle,WA,98101,MasterCard,5219505543342954,267,1/2016
Outte1987,JenniferWPerdue@dodgit.com,ow1Aetei,Jennifer,Perdue,446 Progress Way,Dike,IA,50624,MasterCard,5546282932973757,910,4/2013
Lactly,KarenJLeach@spambob.com,Xooch7ahTh,Karen,Leach,1803 Wilmar Farm Road,Chantilly,MD,20151,Visa,4916299130647574,840,11/2014
Whigelp,BeckyNMyers@mailinator.com,aish9Ahc,Becky,Myers,3079 Rhode Island Avenue,Washington,DC,20005,Visa,4916059992279274,629,8/2015
Wead1988,KeciaWCovin@trashymail.com,jahRah8Iegee,Kecia,Covin,754 Patton Lane,Edna,OK,67342,Visa,4532185810324457,226,3/2014
Gary1985,JosePGaeta@trashymail.com,eiVieGh9,Jose,Gaeta,2653 Bagwell Avenue,Homosassa Springs,FL,34448,MasterCard,5236377122744425,345,10/2017
Enes1972,AnnaDRobert@mailinator.com,poo5Niuqu,Anna,Robert,424 Westwood Avenue,Farmingdale,NY,11735,Visa,4539169730126971,744,6/2014
Whiname,DavidCSmith@mailinator.com,uLoh6kaeth,David,Smith,598 Vesta Drive,Chicago,IL,60631,MasterCard,5242903831697398,664,10/2015
Crions1981,CatherineJSchaefer@pookmail.com,OiPhakain4R,Catherine,Schaefer,1269 Steele Street,Elmhurst,IL,60126,MasterCard,5553062436416515,876,9/2014
Fainterep,EvangelineTMorrison@trashymail.com,ooxaew2moPoh,Evangeline,Morrison,3174 Mayo Street,Cincinnati,KY,45214,Visa,4532629490673204,019,12/2016
Postrod1954,BettyNRutledge@pookmail.com,ohkooShi3,Betty,Rutledge,3001 Bolman Court,Springfield,IL,62701,Visa,4485242687942593,468,6/2014
Trodforner,LarryJGreen@spambob.com,shaaVoh0ei,Larry,Green,1469 Parrish Avenue,Salinas,CA,93901,MasterCard,5549106773676723,678,4/2014
Hicest1939,JamesANall@pookmail.com,riMuh7utaix9,James,Nall,89 Burwell Heights Road,Beaumont,TX,77701,Visa,4716729539931239,101,7/2015
Vicke1959,BobbySLofton@dodgit.com,ahg5ive9eiR,Bobby,Lofton,3598 George Avenue,Mobile,AL,36602,Visa,4916771880935664,282,4/2013
Faciabove,ThomasSPotter@mailinator.com,Chie0Xengie,Thomas,Potter,1000 West Side Avenue,Rochelle Park,NJ,07662,MasterCard,5245386254879478,483,6/2013
Wiffew,MarkEUsher@dodgit.com,vaiX5ahQu,Mark,Usher,3865 Brannon Street,Los Angeles,CA,90017,Visa,4485655227398739,524,4/2015
Whisonds,MargaretAMosley@pookmail.com,iSaameezi7Eigh,Margaret,Mosley,1909 Cambridge Place,Reisterstown,MD,21136,MasterCard,5323160884250318,632,1/2015
Lebothis,DavidFMcCants@pookmail.com,eiC8shie,David,McCants,670 Mapleview Drive,Greenfield,TN,38230,MasterCard,5214015912493086,394,10/2016
Railiciere,GeorgeMMcCaughey@trashymail.com,PaeVohcie8,George,McCaughey,3172 Williams Avenue,Bakersfield,CA,93307,Visa,4716275189544872,104,7/2015
Thosed1959,LisaRLogan@spambob.com,aeth2Iegee,Lisa,Logan,3602 Fincham Road,San Diego,CA,92121,MasterCard,5299286564941551,764,10/2016
Stoper,HopeECurran@pookmail.com,ao6ohGhoeY,Hope,Curran,3861 Mill Street,Greenville,SC,29605,Visa,4532780914441460,132,12/2016
Hine1993,ThomasJRichardson@dodgit.com,Ef0Veish,Thomas,Richardson,259 Doctors Drive,Los Angeles,CA,90017,Visa,4556481252694510,946,8/2017
Youngs1952,JackDPratt@spambob.com,uiQuae4gao3,Jack,Pratt,3964 Twin Willow Lane,Wilmington,NC,28405,MasterCard,5269230037918966,150,8/2014
Fiening,WendyDUng@spambob.com,Iem5Eo8yoo,Wendy,Ung,3050 Colonial Drive,Weimar,TX,78962,Visa,4539980921643859,737,2/2014
Falas1950,IanBWheeler@spambob.com,ooPh6ief2,Ian,Wheeler,4273 Blair Court,Maryville,MO,64468,Visa,4532652794435278,622,2/2017
Filtaked,StevenLShields@trashymail.com,yae2Yiex5,Steven,Shields,1201 Bond Street,Providence,RI,02908,MasterCard,5490558869964232,356,5/2015
Ments1980,RobertKRodriguez@mailinator.com,Ev9oa8eer,Robert,Rodriguez,4626 Tyler Avenue,Sunrise,FL,33323,MasterCard,5176943218041372,235,12/2013
Nethen,StuartCLozano@spambob.com,Ohz8ieNgaij,Stuart,Lozano,492 Trails End Road,Miami,FL,33179,MasterCard,5536633187222229,793,12/2017
Weentrat,JosephMLee@pookmail.com,aeQu4Nee,Joseph,Lee,231 Powder House Road,West Palm Beach,FL,33411,Visa,4716471167397165,878,6/2017
Yetion,GaryTHood@dodgit.com,phof7OF1,Gary,Hood,1784 New York Avenue,Anaheim,CA,92801,MasterCard,5304196887823779,744,11/2013
Mougge,TracyBPacheco@mailinator.com,thahf5aN9ie,Tracy,Pacheco,1143 Washburn Street,Baton Rouge,LA,70814,MasterCard,5152947412139187,116,7/2013
Wortally,MargaretJONeill@trashymail.com,igh8PhoG,Margaret,O'Neill,1098 Wilkinson Street,Nashville,TN,37214,MasterCard,5259686209659237,567,7/2017
Butillecting,JosePHoutz@mailinator.com,viu2peeQu,Jose,Houtz,1216 Lakewood Drive,Bayonne,NJ,07002,MasterCard,5132463110912201,479,2/2016
Andued,JoseANelson@dodgit.com,Thah7owohju,Jose,Nelson,3464 Willis Avenue,Palatka,FL,32077,Visa,4485235178056428,280,2/2017
Prilloomply,RichardKHyman@pookmail.com,nee9feeRai,Richard,Hyman,3365 Alpha Avenue,Jacksonville,FL,32202,MasterCard,5460664834541281,043,11/2013
Aust1972,StuartJGrubbs@pookmail.com,dufiuLae8,Stuart,Grubbs,4900 Dawson Drive,Little Rock,AR,72211,MasterCard,5154257225650430,218,6/2016
Ilthaddly,RayMHawkins@spambob.com,Chae8eequei,Ray,Hawkins,2214 Walkers Ridge Way,Downers Grove,IL,60515,MasterCard,5319900379094275,593,11/2015
Greedur68,KatrinaPJackson@spambob.com,nahg3Aip5cae,Katrina,Jackson,2195 Luke Lane,Healdton,OK,73438,MasterCard,5488636067473414,353,10/2014
Antiondeorus,JimmyJWitt@trashymail.com,oZ0quaec7ch,Jimmy,Witt,206 Wilkinson Court,Fort Myers,FL,33901,MasterCard,5564937071611552,671,1/2017
Eack1930,MikeALuna@spambob.com,kaiC1chae,Mike,Luna,555 Memory Lane,Rockford,IL,61101,Visa,4556679658877080,897,10/2013
Reirence,AmeliaGWatson@spambob.com,Aig6wee0,Amelia,Watson,1362 Payne Street,Fort Blackmore,VA,24250,MasterCard,5228456854331435,834,8/2015
Upostily40,DalePJacob@spambob.com,ohsa1Vei,Dale,Jacob,3021 Saint Marys Avenue,Syracuse,NY,13202,Visa,4716235133461284,402,6/2013
Shonswer,RichardCHughes@mailinator.com,ing3aeree8V,Richard,Hughes,2510 Olen Thomas Drive,Seymour,TX,76380,MasterCard,5583968748116805,263,3/2016
Faidle1982,GinaMWilson@trashymail.com,olo2chi7Noo,Gina,Wilson,4398 Brannon Street,Los Angeles,CA,90017,Visa,4539261657376034,581,11/2015
Spinckess,GroverKLiedtke@dodgit.com,Ochah9fae,Grover,Liedtke,2172 Barfield Lane,Indianapolis,IN,46218,Visa,4532879307606711,056,4/2016
Morromackly,ElizabethDTorres@pookmail.com,yooN5fu9X,Elizabeth,Torres,2275 Angie Drive,Westminster,CA,92683,MasterCard,5156647945032067,548,5/2016
Vance1972,JamesRGriggs@spambob.com,Vaiyeigh6Ie,James,Griggs,4916 Simpson Square,Cherokee,OK,73728,Visa,4916529475814870,414,4/2015
Therly,FernJKral@spambob.com,laing5oRee,Fern,Kral,4560 Chestnut Street,Winter Haven,FL,33830,MasterCard,5470900989460671,220,6/2014
Notee1927,PabloDWilson@trashymail.com,ichi2Eib,Pablo,Wilson,3767 Conaway Street,Columbus,IN,47201,MasterCard,5240472481310589,208,2/2016
Candepoccus,FrankEMedina@spambob.com,Lahv2paeNee7,Frank,Medina,3779 Green Gate Lane,Essex,MD,21221,Visa,4539318594981449,077,6/2014
Wittlaspis59,BarbaraMSohn@mailinator.com,Jiexoo1Oo,Barbara,Sohn,3621 Don Jackson Lane,Flint,MI,48502,MasterCard,5113389213742174,329,9/2015
Washound,EdnaBWashington@mailinator.com,hei7Aov0e,Edna,Washington,1096 Farm Meadow Drive,Brentwood,TN,37027,Visa,4539334838821234,194,12/2013
Tran1948,StephenJBarker@pookmail.com,Heiqueepee3,Stephen,Barker,1098 Simons Hollow Road,Susquehanna,PA,18847,Visa,4556661787982676,753,11/2014
Delize,JolandaASmith@trashymail.com,oo1Saa2eb,Jolanda,Smith,3917 Bryan Street,Greensboro,NC,27406,Visa,4532591611779551,588,10/2015
Loggeme,OdellJRoss@trashymail.com,eiyooMah2ei,Odell,Ross,4662 Lena Lane,Ridgeland,MS,39157,MasterCard,5485656014936548,634,1/2013
Wongeste,PamelaJSimon@pookmail.com,deGahchei3,Pamela,Simon,3446 Oakmound Road,Burr Ridge,IL,60527,Visa,4539711722487505,409,7/2017
Crichou,IvanNMcCaslin@mailinator.com,phei5boo0W,Ivan,McCaslin,2662 Pine Tree Lane,Silver Spring,MD,20904,MasterCard,5518038518872985,711,11/2014
Pladery,ChristaKTrivett@pookmail.com,IV1eepegai,Christa,Trivett,1719 Coleman Avenue,San Diego,CA,92111,MasterCard,5148348384384579,783,7/2017
Evat1937,RonCJurado@pookmail.com,ohp1Xo4fo7T,Ron,Jurado,825 Cityview Drive,Wayne,PA,19087,Visa,4485030759808143,033,10/2014
Fatabimpar,ScottKLambert@spambob.com,Iox2eatuung,Scott,Lambert,1012 Westfall Avenue,Albuquerque,NM,87102,MasterCard,5472482795572435,850,8/2015
Hentent,CarmelaGBranton@trashymail.com,loy8tas1G,Carmela,Branton,1433 Mesa Drive,Las Vegas,NV,89101,MasterCard,5283188740873740,056,5/2014
Whasuff1987,WarrenLDarnell@spambob.com,oCo5ohphi,Warren,Darnell,2306 Clarksburg Park Road,Phoenix,AZ,85008,MasterCard,5114381603134863,053,10/2017
Mand1960,MarshaEChang@mailinator.com,Thisawu1i,Marsha,Chang,813 Oakway Lane,City Of Commerce,CA,90040,MasterCard,5363549671330799,961,6/2015
Fighad,WilliamSJones@pookmail.com,Eenebohf3y,William,Jones,2077 Jail Drive,Peoria,IL,61602,MasterCard,5398407872422734,544,8/2016
Therhatim,StephenMRaymond@trashymail.com,keekoh9Ah,Stephen,Raymond,63 Goldie Lane,Cincinnati,OH,45202,Visa,4716351978926727,948,7/2016
Lefterim1943,BrandonVWhite@mailinator.com,chuTh0ie,Brandon,White,1587 Stanton Hollow Road,Worcester,MA,01610,Visa,4929688443212289,649,5/2013
Likentor,PaulaJPatel@pookmail.com,iL4aigo3pa,Paula,Patel,4816 Broadcast Drive,Charlotte,NC,28202,Visa,4485046537216367,134,3/2015
Raverect,PatrickJCohen@spambob.com,ohm1aeNgu,Patrick,Cohen,522 Midway Road,Centerville,AR,72834,Visa,4539289155695472,189,8/2016
Thaterninew1936,BrettCPetty@spambob.com,koh1PidooM,Brett,Petty,2563 Parrill Court,Chicago,IN,60601,MasterCard,5178571882776995,189,11/2014
Pantsks,ChristopherAHamilton@pookmail.com,roPu5cho3,Christopher,Hamilton,1135 Mattson Street,Portland,OR,97205,MasterCard,5587684941339682,242,10/2014
Hemand,JamesDLoftus@pookmail.com,oquooruNeeng6,James,Loftus,723 Stanton Hollow Road,Acton,MA,01720,Visa,4916364570184841,428,11/2015
Yousencented88,MarjorieVLanier@mailinator.com,Ahcet6uPh4e,Marjorie,Lanier,921 Hillcrest Lane,Irvine,CA,92714,Visa,4556674961502681,178,6/2014
Drem1986,RachaelFFlores@trashymail.com,Uvir9Dae3,Rachael,Flores,1024 Reppert Coal Road,Southfield,MI,48075,MasterCard,5129475031227803,069,5/2016
Somrat,MelindaRMusselwhite@mailinator.com,eeh2Oi1ph,Melinda,Musselwhite,30 Hardman Road,Colchester,VT,05446,Visa,4716713976095500,516,11/2015
Thomfor,MarianaCJeanbaptiste@mailinator.com,Uor3equee,Mariana,Jeanbaptiste,2243 Turkey Pen Lane,Alberta,AL,36720,MasterCard,5387509843441280,919,4/2014
Shrothem,LindaTEdwards@trashymail.com,iec9eeGh,Linda,Edwards,4573 Summit Street,Davenport,IA,52807,MasterCard,5469801973685302,200,9/2014
Littevers,JackieRRobison@spambob.com,bi9ojaeNg,Jackie,Robison,1636 Sharon Lane,South Bend,IN,46635,MasterCard,5441633824111334,602,11/2014
Rousameltood,RaymondLRamirez@pookmail.com,quieY1iz0Ie,Raymond,Ramirez,1236 Saint Francis Way,Philadelphia,PA,19103,Visa,4556494414887278,075,11/2017
Eashe1931,NormaJShackleford@mailinator.com,IecaiCh8phie,Norma,Shackleford,1882 Pratt Avenue,Tigard,WA,97223,MasterCard,5590549377946422,355,8/2015
Fousuccue,RoseJStraley@spambob.com,VieNee8Ae,Rose,Straley,2279 Redbud Drive,Whitestone,NY,11357,Visa,4532571701490798,859,10/2014
Auty1957,DanielCAnderson@dodgit.com,ThahNg7Ui,Daniel,Anderson,2837 Modoc Alley,Rupert,ID,83350,MasterCard,5422778566173449,147,10/2014
Coatseardeas,PatriciaTBrewer@spambob.com,Iujah3eshequ,Patricia,Brewer,2203 Worthington Drive,Plano,TX,75074,MasterCard,5155321680861608,276,8/2017
Foughurpite,WarrenLReese@spambob.com,Ohlae0eeNg,Warren,Reese,1162 Walnut Street,Hattiesburg,MS,39401,MasterCard,5562026642439941,579,2/2015
Lignouser,LucilleMLamb@pookmail.com,Sui8luiv7la,Lucille,Lamb,2159 Tenmile,Newport News,VA,23608,Visa,4556036084281355,720,8/2017
Untand,JudithGJames@mailinator.com,Ail1lee8eiBu,Judith,James,1129 Copperhead Road,Newington,CT,06111,MasterCard,5485554466233243,446,2/2016
Dieguest,KarolDTodd@pookmail.com,Aedajie9ah,Karol,Todd,2134 Railroad Street,Jacksonville,FL,32044,Visa,4556686438658631,033,11/2017
Pichaving,JamesSHyde@trashymail.com,UhauNgo7Ai,James,Hyde,1329 Swick Hill Street,Charlotte,NC,28202,Visa,4556837355985248,070,11/2015
Huse1977,LindseyRSmith@dodgit.com,eech3Raebee,Lindsey,Smith,4658 Hillcrest Avenue,Braintree,MA,02184,MasterCard,5499875649225796,058,2/2014
Wounducknow,JoyceVCook@trashymail.com,vohTou1B,Joyce,Cook,2350 Essex Court,Lancaster,VT,03584,MasterCard,5452525185501515,964,7/2013
Anocand1940,DerekBHartley@mailinator.com,iesh1aeTei,Derek,Hartley,1022 Pursglove Court,Fairborn,OH,45324,Visa,4556436431516562,280,4/2013
Agirdly,WilliamCWaterman@spambob.com,Elood8Yoht,William,Waterman,396 Lynch Street,Pleasanton,CA,94588,Visa,4485533293445579,594,1/2015
Herectioul,KendraJLopez@pookmail.com,Ey5wo0mai,Kendra,Lopez,1363 Nancy Street,Durham,NC,27713,Visa,4716966834454737,275,3/2015
Learrigh1933,DonnaRRose@dodgit.com,aequei6Useng,Donna,Rose,1857 Wexford Way,Newberry,SC,29108,MasterCard,5386816063789889,548,1/2013
Butragreake,SylviaLShimer@pookmail.com,leeS1ais2u,Sylvia,Shimer,342 Ferguson Street,Upton,MA,01568,MasterCard,5411273554174800,439,10/2014
Shem1958,JodyRWest@pookmail.com,ait7eeLieng,Jody,West,4547 Michigan Avenue,Hickory,PA,15340,Visa,4556702395903710,421,12/2013
Animad,BrandonJSmith@spambob.com,Eighea0b,Brandon,Smith,1437 Gateway Avenue,Anaheim,CA,92801,MasterCard,5426050897543278,451,7/2015
Perseent,MaryBCalhoun@dodgit.com,aic9Iec0,Mary,Calhoun,4332 Coal Street,Erie,PA,16505,MasterCard,5325879939297705,700,6/2017
Mothenise,JoseSDelacruz@spambob.com,eiTahL9oon,Jose,Delacruz,1188 Bates Brothers Road,Upper Arlington,OH,43221,Visa,4556626051719096,958,10/2017
Warot1964,LawrenceKSmith@pookmail.com,ooCh2pe0a,Lawrence,Smith,315 Echo Lane,Grand Rapids,MI,49503,Visa,4485255138060310,586,10/2014
Deery1929,WillieJGalloway@trashymail.com,haeQuo5daiCh,Willie,Galloway,2403 Beech Street,San Francisco,CA,94107,MasterCard,5241501653042445,094,6/2013
Mored1956,RobertCBush@pookmail.com,upeNg6Eipuu,Robert,Bush,1363 Virginia Street,Chicago,IL,60603,MasterCard,5593981720566754,790,9/2013
Whind1931,GeneFJackson@spambob.com,Xahzu5AhCh,Gene,Jackson,3321 Shady Pines Drive,Bowling Green,KY,42101,MasterCard,5290178358825646,381,1/2013
Aftecte,BrianDAugustine@spambob.com,eRaeV0Sah,Brian,Augustine,346 Bobcat Drive,Washington,MD,20005,MasterCard,5175326064271676,837,7/2014
Heauld,DenaJLoiselle@spambob.com,Aechaim3u,Dena,Loiselle,2109 Payne Street,Grundy,VA,24614,MasterCard,5405055799175009,073,9/2013
Facepow,CurtisBBaker@mailinator.com,EiC7AhPhie,Curtis,Baker,2410 Hanover Street,Corona,NY,11368,Visa,4539825528146220,652,7/2015
Therem,MarkJHamlin@spambob.com,OoVaefuv3ae,Mark,Hamlin,1955 Hart Street,Hartford,CT,06103,MasterCard,5314926795366489,408,10/2016
Therip,RonaldDLipps@mailinator.com,Eiquee5Sidee,Ronald,Lipps,1385 Oakwood Avenue,New York,NY,10016,Visa,4556429673822335,967,9/2014
Sonch1990,JamesGBiehl@mailinator.com,ia2iloo9Oh,James,Biehl,4414 Pin Oak Drive,Eldridge,IA,52748,MasterCard,5357163264383310,134,5/2013
Expregiat,AnnaSCrowe@spambob.com,kahKahl3Fah,Anna,Crowe,339 Elk City Road,Indianapolis,IN,46205,MasterCard,5159745802120897,637,8/2014
Theessale,RobertALang@trashymail.com,Eic8ienge,Robert,Lang,1565 Christie Way,Cambridge,MA,02142,MasterCard,5579525928192869,748,11/2016
Mamme1931,LauraBAdams@pookmail.com,aiS1eiph,Laura,Adams,782 Quincy Street,Philadelphia,PA,19108,MasterCard,5180757013276775,638,4/2016
Cande1945,LillianBMoore@dodgit.com,Chea4jothae,Lillian,Moore,4046 Lake Road,Pleasantville,NJ,08232,MasterCard,5386148764549945,809,11/2014
Oformetake,EvelynAJones@spambob.com,ooGu5Oi5Ath,Evelyn,Jones,4673 Khale Street,Turbeville,SC,29162,Visa,4556638064419523,421,6/2015
Scialicested,RobertoLFoss@mailinator.com,ohPho0toogo,Roberto,Foss,4002 Coventry Court,Gulfport,MS,39501,Visa,4916490520244482,301,6/2016
Syriarting,RobertEZellner@trashymail.com,aeviK1oowae8,Robert,Zellner,2261 Broad Street,Birmingham,AL,35244,Visa,4539462446226304,944,7/2014
Pentever1932,CarolRBlackledge@mailinator.com,wa0iNoo2ei,Carol,Blackledge,830 Elk Rd Little,Tucson,AZ,85701,MasterCard,5393772034600369,969,5/2017
Buter1931,JoseAPendergraft@spambob.com,Qua9Gabailo,Jose,Pendergraft,1303 Better Street,Overland Park,KS,66210,Visa,4556589560647572,243,7/2017
Whyall,RyanBDubose@mailinator.com,ohshohcahH0,Ryan,Dubose,276 Boring Lane,San Francisco,CA,94108,Visa,4929113871194925,953,1/2013
Lils1984,RobertBMaria@spambob.com,ko2ooYioy5,Robert,Maria,3497 Parkway Drive,Phoenix,AZ,85034,MasterCard,5528679850664635,380,12/2014
Peare1944,AlbertaJSmith@dodgit.com,eicheiL8Dah,Alberta,Smith,3168 Walnut Avenue,Hackensack,NJ,07601,MasterCard,5136719549134618,877,5/2013
Kinglace,PatriciaMMcNulty@pookmail.com,yoomee3oChah,Patricia,McNulty,605 Fancher Drive,Fort Worth,TX,76104,MasterCard,5274637972923756,267,10/2016
Shadvall,AshleyEPorter@trashymail.com,meeNgai4Ie,Ashley,Porter,3846 Ashmor Drive,Hibbing,MN,55746,Visa,4716374110907264,783,4/2013
Corsome,JohnJMcKay@dodgit.com,aet2eWe2th,John,McKay,366 Limer Street,Hogansville,GA,30230,Visa,4716180074831436,140,4/2015
Gise1956,AlanaWDavis@mailinator.com,ahShei3AhTai,Alana,Davis,361 Clarksburg Park Road,Phoenix,AZ,85008,MasterCard,5588889342276586,583,8/2013
Loppost,BrandonSHall@dodgit.com,juR9eiw5Ji,Brandon,Hall,4024 Margaret Street,Houston,TX,77032,Visa,4716084302133500,149,10/2015
Gired1974,WesleyMBrown@trashymail.com,aedie9Quo8,Wesley,Brown,4342 Ferguson Street,East Douglas,MA,01516,Visa,4556614045349840,760,8/2013
Bipturprou,ManualKSmith@mailinator.com,Eisheghos6,Manual,Smith,49 Lakewood Drive,Jersey City,NJ,07305,MasterCard,5360774987570564,227,1/2015
Stoud1976,PaulaDHein@dodgit.com,moh3jeWe2y,Paula,Hein,2206 Glendale Avenue,Northridge,CA,91324,MasterCard,5134493455359211,851,5/2017
Upitho,ElizabethDChapman@spambob.com,Wema0uihie,Elizabeth,Chapman,4963 Creekside Lane,Ventura,CA,93004,MasterCard,5228725002045166,833,6/2014
Abone1983,EdwardJVelez@dodgit.com,aih4aiG7ie,Edward,Velez,610 Elliot Avenue,Seattle,WA,98101,MasterCard,5336373570151683,302,10/2017
Youreaver,HaroldMOverton@trashymail.com,mievi4ohHah,Harold,Overton,704 Hartway Street,New Underwood,SD,57761,MasterCard,5443276277909958,188,9/2017
Fachereals,DianaFPendergrass@trashymail.com,iaph7Aeg6Te,Diana,Pendergrass,3314 Finwood Road,Newark,NJ,07102,Visa,4916951463906080,868,7/2013
Wastiong,EarlRChapman@trashymail.com,aesiiT7aijei,Earl,Chapman,2782 Geneva Street,New York,NY,10016,Visa,4716393570098380,591,2/2015
Hempring,CarlLArdito@mailinator.com,Ixei5Ohshu,Carl,Ardito,688 Hilltop Street,Springfield,MA,01103,MasterCard,5296094215656237,518,4/2014
Curtand,StevenEKing@trashymail.com,fai5aiQuee,Steven,King,4632 Steve Hunt Road,Miami,FL,33169,MasterCard,5595191318173579,110,12/2016
Andoon,SeanPWalker@pookmail.com,EL7xohkei,Sean,Walker,1 Dovetail Estates,Sharon,OK,73857,MasterCard,5542628683105789,931,8/2015
Wifted,IsaacKHann@dodgit.com,miasuvuR8,Isaac,Hann,4189 Ryder Avenue,Bellevue,WA,98007,Visa,4539066343305390,682,1/2015
Cantesind,RobertaTSquires@mailinator.com,Quie2Shieph,Roberta,Squires,864 Stratford Court,Oxford,NC,27565,MasterCard,5370904927275010,914,5/2015
Olew1993,KathyJDeberry@dodgit.com,soob1Riequ,Kathy,Deberry,3179 Powder House Road,West Palm Beach,FL,33417,MasterCard,5581578512519761,667,11/2013
Andem1944,GeorgeBUlrich@mailinator.com,airaePhee0,George,Ulrich,2040 Pinnickinnick Street,New Brunswick,NJ,08901,Visa,4556969046810848,857,9/2017
Splays,JerryPFletcher@pookmail.com,ohsh0Quaequ,Jerry,Fletcher,1713 Chicago Avenue,Madera,CA,93638,Visa,4485186820034786,656,12/2014
Jectieut,ToniKMilburn@mailinator.com,ua5gohfaeB,Toni,Milburn,474 Freshour Circle,Stockton,CA,95207,Visa,4916863012759797,746,1/2013
Scuman31,JuliaMStallard@pookmail.com,Jeotoh9ei,Julia,Stallard,1402 Terra Street,Anacortes,WA,98221,MasterCard,5425684875314798,904,8/2016
Etwithe45,TerryVWoods@pookmail.com,ieyah0Go,Terry,Woods,3715 Par Drive,Morro Bay,CA,93442,Visa,4539598269617259,673,8/2017
Therreck,RobertTDonaldson@trashymail.com,Go0thoo0n,Robert,Donaldson,1463 White Pine Lane,Ashburn,VA,20147,Visa,4916494274955863,372,2/2017
Soome1928,LindaWCopeland@trashymail.com,oog6eiSu7vu,Linda,Copeland,4162 Rardin Drive,Half Moon Bay,CA,94019,Visa,4929941468532457,946,10/2013
Igeend,HeidiJSides@trashymail.com,IeK3Ohfaaqu,Heidi,Sides,4130 Saint James Drive,Alfarata,PA,17044,Visa,4556412999243444,545,7/2017
Nowers,JermaineJRich@pookmail.com,Eew5ophee,Jermaine,Rich,2295 Hilltop Haven Drive,Teterboro,NJ,07608,MasterCard,5295709321747700,466,4/2013
Morove,AlisonPScott@trashymail.com,OhfiT2Aoki,Alison,Scott,4718 Modoc Alley,Challis,ID,83226,MasterCard,5303805133531462,973,6/2017
Lichent,DonaldAKim@spambob.com,ohJ3biPheen,Donald,Kim,2820 Heavner Court,Des Moines,IA,50315,MasterCard,5431346707194150,820,2/2014
Hurets,MatthewDOrman@pookmail.com,feeteepig4Ei,Matthew,Orman,764 Karen Lane,Lexington,KY,40505,MasterCard,5492103110052780,984,4/2016
