Username,EmailAddress,Password,GivenName,Surname,StreetAddress,City,State,ZipCode,CCType,CCNumber,CVV2,CCExpires
Thimmess,WillardAHumphrey@spambob.com,gi1faiReeph,Willard,Humphrey,2211 John Daniel Drive,Cape Girardeau,MO,63701,MasterCard,5513694617142202,198,7/2014
Forgerd,DonnaDMalone@trashymail.com,thie1Aepu5,Donna,Malone,1250 Forest Avenue,New York,NY,10004,Visa,4556341896991666,386,10/2013
Elich1931,HeleneNHenderson@mailinator.com,Ohp3wah5qu,Helene,Henderson,550 Beechwood Drive,Pittsburgh,PA,15222,MasterCard,5389837636323383,622,2/2015
Conto1949,EdwardAMeyer@mailinator.com,rua1me6Ug,Edward,Meyer,1405 Garfield Road,Peoria,IL,61602,Visa,4916887303917665,585,5/2014
Obst1985,MichaelJBear@spambob.com,fe8Doo7iGho,Michael,Bear,4323 Joyce Street,Mobile,AL,36602,Visa,4532162608274483,849,3/2014
Groply,GregoryAFutch@dodgit.com,uev4Shogh,Gregory,Futch,4901 Sunburst Drive,Golden Gate (Collier),FL,33999,Visa,4916188274765070,632,10/2015
Nong1975,AliceMParr@spambob.com,uar1Thiegh,Alice,Parr,4339 Orchard Street,Minneapolis,MN,55410,MasterCard,5159838560470024,182,7/2013
Camuctued28,ZacharyCBeam@trashymail.com,eoCieR0Ohy,Zachary,Beam,4593 Duff Avenue,Winooski,VT,05404,Visa,4539643702445544,396,10/2016
Exuld1942,StacyELewis@spambob.com,oopuoSh3,Stacy,Lewis,4168 Heritage Road,Fresno,CA,93721,MasterCard,5445500561155715,389,2/2013
Neshe1974,AlbertHSellers@mailinator.com,EuGei7ooy2,Albert,Sellers,3329 Cooks Mine Road,Gallup,NM,87301,Visa,4485493739878927,070,4/2013
Thesherph,GraceGMcKinney@trashymail.com,uz6Eeghee3,Grace,McKinney,4268 Bell Street,New York,NY,10013,MasterCard,5513979307316236,963,4/2015
Sholebabluch,MuoiWHose@trashymail.com,ShuHein9uo,Muoi,Hose,644 Woodland Terrace,Fair Oaks,CA,95628,Visa,4716421941054509,024,12/2017
Ountrumpas,AveryTWilliams@spambob.com,ceiF9ahvao,Avery,Williams,2749 Norma Avenue,Dayton,OH,45406,Visa,4556863986038090,479,3/2017
Muright,AnnaTLamay@trashymail.com,asue9phoo4E,Anna,Lamay,4389 Rollins Road,Loomis,NE,68958,Visa,4485555888835542,221,7/2013
Majects,TerryCRiley@mailinator.com,Uch3OM2ho1ei,Terry,Riley,1488 Bird Street,San Jon,NM,88434,Visa,4556010068341915,827,9/2016
Lifecyll,TammyEHenderson@dodgit.com,or0air3Ai,Tammy,Henderson,4165 Sarah Drive,Breaux Bridge,LA,70517,Visa,4485894339804611,101,2/2015
Haverstind,IreneRParker@pookmail.com,ooda3ieGo6ah,Irene,Parker,1946 Melville Street,Jackson,TN,38301,MasterCard,5527537212209203,695,2/2016
Sommill,AngeloDDaniels@spambob.com,cha6iePhah,Angelo,Daniels,2318 Loving Acres Road,Kansas City,MO,64106,MasterCard,5456551201093143,634,7/2016
Plecepeave,ColbyLAdams@trashymail.com,va2Baa3fuiSh,Colby,Adams,3555 New Creek Road,Anniston,AL,36203,Visa,4485693857888455,169,12/2015
Lagreand,DorianAStevens@mailinator.com,shegh5Aojai,Dorian,Stevens,4281 Settlers Lane,Huntington,NY,11743,MasterCard,5132089325190497,895,8/2017
Tere1936,BarbaraJMahler@mailinator.com,ohy0Cho2th,Barbara,Mahler,4699 Rainbow Road,Los Angeles,CA,90014,Visa,4556896690631131,589,10/2013
Ponver,PamelaJHughes@spambob.com,chohSh8ia,Pamela,Hughes,1976 Caldwell Road,Rochester,NY,14620,MasterCard,5445388040504517,737,11/2013
Kimmilloof,HeatherDByrne@spambob.com,ina4DooPoxi,Heather,Byrne,4816 Stratford Court,Goldsboro,NC,27530,Visa,4539278752619183,852,8/2016
Withers,CarolineJParker@spambob.com,oi7Moo6qu,Caroline,Parker,4448 Morris Street,New Braunfels,TX,78130,Visa,4556075718092010,165,11/2017
Bromek46,SandraHDye@mailinator.com,ro3quaeRi5,Sandra,Dye,574 Maple Avenue,Downey,ID,83234,MasterCard,5460921453325440,112,7/2016
Eforts1966,EllisASpiller@trashymail.com,Moopeewah2,Ellis,Spiller,1233 Hog Camp Road,Summit,IL,60501,Visa,4916488273064446,206,12/2015
Quarsion1993,MikeIGoodner@spambob.com,qui7Iibe2o,Mike,Goodner,3807 Tipple Road,Philadelphia,PA,19107,MasterCard,5144890906795521,704,12/2017
Ancticipse,KathyCArnold@trashymail.com,johshop9Eech,Kathy,Arnold,280 Southern Avenue,O Fallon,MO,63366,Visa,4929672398244943,818,8/2014
Grius1969,AngelMBennington@dodgit.com,Ia9ziew0esh,Angel,Bennington,1340 Davisson Street,Kokomo,IN,46901,MasterCard,5354419640828920,930,12/2017
Samersdou41,WalterMDonahue@mailinator.com,meuGh9eisei,Walter,Donahue,3946 Meadow Lane,San Francisco,CA,94104,MasterCard,5120813920860582,405,4/2013
Toop1980,YolandaEComstock@spambob.com,OoWieche3vu,Yolanda,Comstock,529 Old House Drive,Columbus,OH,43215,Visa,4556553047318769,454,10/2014
Wonstaid,RebeccaSBowman@trashymail.com,Sa1sahruojai,Rebecca,Bowman,3317 Cottrill Lane,Saint Louis,MO,63141,Visa,4532358470567919,370,12/2016
Thelf1963,AnnetteCSawyer@spambob.com,ahsooy2Ohng,Annette,Sawyer,4025 Canis Heights Drive,Los Angeles,CA,90013,MasterCard,5549755937056170,913,4/2014
Guie1952,VeraFGeorge@trashymail.com,wau5oeTue,Vera,George,4999 Oak Street,East Syracuse,NY,13057,Visa,4539765757958004,560,12/2014
Thoury,EldenMPeters@pookmail.com,chai5ohYie7,Elden,Peters,1133 Blane Street,Saint Louis,MO,63143,Visa,4929612181967680,457,6/2016
Therect,GabrielKEstell@spambob.com,Eisei5ahra0,Gabriel,Estell,1258 Harron Drive,Hanover,MD,21076,Visa,4916550228037858,445,2/2017
Suser1957,ChelseaECapps@spambob.com,ai1Eikei3j,Chelsea,Capps,3663 Goldleaf Lane,Rochelle Park,NJ,07662,Visa,4556254755757807,968,3/2016
Hationger1986,DonaldMGluck@trashymail.com,beGoo4ooxee,Donald,Gluck,4014 School House Road,Waynesboro,MS,39367,Visa,4556242196994675,367,1/2015
Plefulther,JoeJJohnson@spambob.com,iephohF5o,Joe,Johnson,2061 Stonepot Road,Newark,NJ,07102,Visa,4556346453425594,520,5/2017
Skine1941,StevenTConner@mailinator.com,reeth5cuoP9,Steven,Conner,2620 Clousson Road,Wallingford,IA,51365,Visa,4929095887181378,779,11/2015
Marom1970,SandraJMunguia@dodgit.com,eij7Quu5Kaep,Sandra,Munguia,4246 Peaceful Lane,Independence,OH,44131,Visa,4485064907110953,231,9/2014
Whournany,HattieABuckley@spambob.com,Aimai1voh,Hattie,Buckley,424 Turnpike Drive,Huntsville,AL,35811,MasterCard,5557617835307445,368,10/2013
Ider1959,PhoebeRSturm@spambob.com,bahn9aThee,Phoebe,Sturm,3907 Pearl Street,Sacramento,CA,95817,Visa,4916597819022385,527,6/2013
Momplary,GerardDKilby@pookmail.com,wohh3Ohngie,Gerard,Kilby,3525 Spirit Drive,Daytona Beach,FL,32114,Visa,4929867917859789,823,3/2014
Hooke1929,FredJRamirez@spambob.com,ieKahth8i,Fred,Ramirez,1846 Blackwell Street,King Salmon,AK,99613,Visa,4539636141198922,394,3/2013
Lauto1927,ShaunMMaloney@dodgit.com,Nij0ohy2Wai,Shaun,Maloney,2551 Eagles Nest Drive,Placerville,CA,95667,MasterCard,5418670163929297,733,8/2014
Therese,EdnaJDavis@spambob.com,Kuhaingee0,Edna,Davis,4702 Johnson Street,Raleigh,NC,27601,Visa,4929607587897879,376,7/2014
Eine1990,MariaRJohnson@pookmail.com,aishooB1tie,Maria,Johnson,1107 Pinchelone Street,Virginia Beach,VA,23464,MasterCard,5352622402446342,396,11/2017
Pophe1970,AngelaLMcNear@dodgit.com,Fieje9pahsh,Angela,McNear,2274 Poe Road,North Charleston,SC,29405,Visa,4916386046327308,443,12/2015
Ciect1932,MatthewRBaker@dodgit.com,Ahng1xeequ,Matthew,Baker,1748 Walnut Avenue,Pocatello,ID,83204,MasterCard,5277171245546670,326,7/2017
Hearring,JohnMMoore@dodgit.com,ohP5sahtoo,John,Moore,2887 James Avenue,Wichita,KS,67202,MasterCard,5129614361857025,556,10/2015
Thaverever1973,BethanyWHanson@spambob.com,faighee5eiRai,Bethany,Hanson,1044 Crestview Terrace,New Braunfels,TX,78130,Visa,4929097193411366,319,10/2016
Ringe1953,PaulBLaird@dodgit.com,em8gah2Ie,Paul,Laird,20 Scott Street,Monsey,NY,10952,MasterCard,5176689990762954,422,12/2013
Tweveseen,KaylaJOrourke@spambob.com,Pu4paer6Oh,Kayla,Orourke,2468 Colony Street,Southbury,CT,06488,Visa,4716631419908040,886,2/2014
Halied63,VictorFEsparza@spambob.com,fi8tho8Ei,Victor,Esparza,2026 Counts Lane,Winchester,KY,40391,Visa,4716698011004585,575,12/2014
Inty1991,SherrieJCervantes@spambob.com,yuf4Oigh,Sherrie,Cervantes,739 Jarvis Street,Buffalo,NY,14216,Visa,4532688775281190,767,7/2014
Hipild1990,ColetteDMoore@dodgit.com,Ool8ierap5qu,Colette,Moore,677 Dogwood Road,Phoenix,AZ,85012,MasterCard,5296706185213794,540,1/2016
Prign1957,JoseMThomas@spambob.com,aephi3veiB,Jose,Thomas,3017 Todds Lane,San Antonio,TX,78240,Visa,4916025976182255,010,2/2014
Brours,BrockMLynch@dodgit.com,eeQu4oPaeVah,Brock,Lynch,4546 Cedar Lane,Boston,MA,02199,Visa,4556463710924515,406,8/2016
Yalmled,SusanJMiller@pookmail.com,ingi7xeix3Ph,Susan,Miller,468 New York Avenue,City Of Commerce,CA,90040,MasterCard,5248877272738636,363,12/2015
Wasucence29,ZacharyAHart@mailinator.com,ceiThah5fee,Zachary,Hart,2971 Fulton Street,New Martinsville,WV,26155,MasterCard,5258168978475096,714,10/2013
Coss1928,WendyWSamples@dodgit.com,Aech7pie,Wendy,Samples,2749 Tennessee Avenue,Flint,MI,48548,MasterCard,5129585322851747,127,12/2017
Foreavieve,SandraRWeber@mailinator.com,ohG4tee0L,Sandra,Weber,1824 Arthur Avenue,Rockford,IL,61109,Visa,4929158690703265,751,6/2013
Suceire,JackieRCasey@trashymail.com,Yeinip3ee,Jackie,Casey,2640 Bernardo Street,Vincennes,IN,47591,Visa,4916675003698796,110,11/2016
Evout1978,YvonneBRamirez@dodgit.com,oo4Tuqu9OhF,Yvonne,Ramirez,976 Harper Street,Kevil,KY,42053,MasterCard,5273710441070755,361,12/2015
Corim1959,FrancesRRash@spambob.com,iCh1Yionee,Frances,Rash,3518 Emeral Dreams Drive,Rockford,IL,61109,Visa,4716167714724329,895,11/2017
Therappery,PhyllisRHicks@trashymail.com,OhVooqu4L,Phyllis,Hicks,1289 Wilkinson Street,Lyles,TN,37098,MasterCard,5402068552795502,936,5/2015
Thene1960,JenniferPCooper@pookmail.com,sieZeis2F,Jennifer,Cooper,3101 Pointe Lane,Hollywood,FL,33020,MasterCard,5343707747262520,245,5/2014
Nalove1961,SonyaJCole@dodgit.com,Aif7eitheem,Sonya,Cole,3350 Cherry Camp Road,Chicago,IL,60641,MasterCard,5567662994207307,623,12/2013
Dreans1992,JonathanJWagoner@pookmail.com,deif2Thah,Jonathan,Wagoner,3843 Elmwood Avenue,Gilbert,AZ,85233,Visa,4539773621476518,926,2/2017
Rousameltood,ElenaCWireman@pookmail.com,Eo6xeya9d,Elena,Wireman,2793 Elliot Avenue,Seattle,WA,98109,MasterCard,5506123481722062,538,5/2013
Litemat,GeorgeLStrong@spambob.com,du8yeeweiJei,George,Strong,969 Bastin Drive,Philadelphia,PA,19108,Visa,4532885953409037,059,7/2014
Brifyinutly1978,MarcelKAllison@dodgit.com,uN2ahmei3Oqu,Marcel,Allison,3786 Fieldcrest Road,Mastic,NY,11950,Visa,4539860531505237,586,4/2014
Thelver,HeatherPDavis@dodgit.com,ahBa2kuGoo,Heather,Davis,4220 Copperhead Road,Clinton,CT,06413,MasterCard,5404361315786571,779,9/2015
Suliterty,RitaJMetz@dodgit.com,shaiPh4ne1,Rita,Metz,478 Green Avenue,Oakland,CA,94607,MasterCard,5345539051526895,848,8/2016
Whintaked63,DonaRCody@pookmail.com,oFee3eeGh,Dona,Cody,3411 Fleming Street,Columbus,AL,31901,MasterCard,5538079508362369,669,5/2014
Hearess,MaryJStokley@trashymail.com,taizin9aZaa,Mary,Stokley,1675 Ross Street,Wood River,IL,62095,MasterCard,5517972892698221,054,10/2017
Fitiong,SusanELee@spambob.com,Ech2muvie,Susan,Lee,2243 Marshville Road,Orangeburg,NY,10962,Visa,4539960969653044,986,5/2016
Cament1954,HeatherHFletcher@pookmail.com,OoGhoogh5,Heather,Fletcher,3922 Fannie Street,Bay City,TX,77414,MasterCard,5523439533475437,749,10/2017
Abirloyst85,NenaJSmith@pookmail.com,taiM2Ohrei,Nena,Smith,2594 Canis Heights Drive,Los Angeles,CA,90071,Visa,4556334376849181,736,2/2013
Shave1946,AlfredoMRice@dodgit.com,bu4Eeroo,Alfredo,Rice,522 Juniper Drive,Shepherd,MI,48883,MasterCard,5380233696404371,126,8/2017
Geody1970,RichardVDiaz@mailinator.com,puowo1Wa5ae,Richard,Diaz,875 Wyatt Street,Boca Raton,FL,33432,Visa,4485453436998469,739,4/2014
Sainle,JessicaFMartinez@spambob.com,Choh2uchio,Jessica,Martinez,2055 Hardman Road,South Burlington,VT,05403,Visa,4916701794179133,719,11/2013
Tess1932,AlbertOHinton@dodgit.com,Ughise6oh,Albert,Hinton,1305 Carolina Avenue,Brownsville,TX,78520,Visa,4929640560728696,083,11/2014
Orproclen,RonaldALandrum@spambob.com,oosoN8feebi,Ronald,Landrum,2315 Scenicview Drive,Toyah,TX,79785,Visa,4485164322637455,981,4/2017
Whough,PatriciaCBrown@spambob.com,thaiVoh2gai,Patricia,Brown,4966 Quarry Drive,Newville,AL,36353,MasterCard,5305444183017483,284,2/2016
Imme1934,DebbieMMiller@pookmail.com,Eep3yohh2sh,Debbie,Miller,787 Despard Street,Atlanta,GA,30318,MasterCard,5275007258655440,002,12/2014
Oneverse,CarolynCBrooke@trashymail.com,Engohghi3ae,Carolyn,Brooke,708 Carriage Lane,Sugar Notch,PA,18706,MasterCard,5166211042935918,178,6/2014
Godidander93,ChristineSLoera@dodgit.com,ahjuSie2,Christine,Loera,125 Thunder Road,San Mateo,CA,94403,MasterCard,5342134963990794,461,3/2015
Splays,JulietteJTovar@pookmail.com,zeeng9eiZ,Juliette,Tovar,4308 Crowfield Road,Phoenix,AZ,85034,Visa,4539504704173791,201,10/2016
Pokinklant,DavidMPhillips@trashymail.com,xua2ohTeu,David,Phillips,4030 Cliffside Drive,Binghamton,NY,13901,MasterCard,5355501980318049,556,1/2015
Fial1974,BenjaminNCross@spambob.com,eeG0Iegh9ah,Benjamin,Cross,1463 Burning Memory Lane,Philadelphia,PA,19104,MasterCard,5512682134576516,212,11/2013
Andings,BeatriceETaylor@dodgit.com,laXaoLe9n,Beatrice,Taylor,574 Brookside Drive,Birmingham,AL,35222,MasterCard,5537152945843787,414,6/2013
Toons1963,MildredAOrtiz@trashymail.com,phohz2RiWie,Mildred,Ortiz,3220 Woodrow Way,Chireno,TX,75937,Visa,4539102303415638,279,7/2013
Frophe,JamesBBaker@trashymail.com,aiGaixa5,James,Baker,2708 McDonald Avenue,Orlando,FL,32809,Visa,4929453630597079,930,11/2015
Bearace32,TracyPAugust@pookmail.com,goh9uFeiMae,Tracy,August,2475 Hamilton Drive,Cockeysville,MD,21030,Visa,4539082520371881,972,10/2017
Poid1962,RebekahHAdams@pookmail.com,moor9ueW3,Rebekah,Adams,363 School Street,Reston,DC,20191,Visa,4929148008573567,861,4/2013
Swumily,LeonECausey@mailinator.com,iJoeYohw3,Leon,Causey,3776 Emeral Dreams Drive,Rockford,IL,61108,MasterCard,5424854452072678,720,6/2014
Boyal1987,EliasDWashington@spambob.com,EilaiFoo4,Elias,Washington,599 Lyon Avenue,Rehoboth,MA,02769,MasterCard,5485642393197282,069,1/2014
Worecaus,SergioEChristianson@pookmail.com,og0Eb1Rez4l,Sergio,Christianson,2931 Goldleaf Lane,Secaucus,NJ,07094,MasterCard,5163892265762569,921,12/2016
Hileace1971,WilliamMParkinson@dodgit.com,Thi2ceekai,William,Parkinson,3606 Hill Croft Farm Road,Hornbrook,CA,96044,MasterCard,5108513255633663,243,2/2015
Quody1954,SusanOCorry@spambob.com,Boh5aeveec5,Susan,Corry,4913 West Drive,Chicago,IL,60610,Visa,4485964029976522,353,4/2016
Nothat,EricaJHall@spambob.com,Eesaing5amoh,Erica,Hall,111 Emma Street,Lefors,TX,79054,Visa,4539174646518550,011,8/2017
Prong1972,KayDCotton@trashymail.com,aem2Looshee,Kay,Cotton,2373 River Road,Colorado Springs,CO,80903,MasterCard,5408028020170104,028,12/2013
Flized,ChristopherJLewis@trashymail.com,uBai3ael,Christopher,Lewis,4592 Armory Road,Wilmington,NC,28412,MasterCard,5413249870696179,609,2/2016
Whamen,LouisDShearin@mailinator.com,Diukei2oef,Louis,Shearin,1594 Pinewood Drive,Chicago,IL,60607,Visa,4556461109296578,673,10/2016
Dowentere,JohnRLucas@dodgit.com,vee4auHi6sus,John,Lucas,593 Petunia Way,Birmingham,AL,35222,Visa,4716759886895562,462,10/2015
Tuslies,CharlesLFoster@mailinator.com,oqu2Oonaet,Charles,Foster,3503 Hall Valley Drive,Fairmont,WV,26554,MasterCard,5180395026603725,277,6/2016
Dicagand69,MaryDRoundtree@dodgit.com,GoofahfaiB5,Mary,Roundtree,3581 Agriculture Lane,Charleston,WV,25301,MasterCard,5552595945987691,174,4/2015
Shaterecer,FlorenceRRowles@mailinator.com,erudah3Ah,Florence,Rowles,4331 Lyon Avenue,Framingham,MA,01701,MasterCard,5394518880946953,813,4/2016
Wherat,HenryVWoods@dodgit.com,ahPh9eeB2Zah,Henry,Woods,4333 Nelm Street,Mclean,VA,22102,MasterCard,5549743339862056,940,7/2013
Lifeare,WinstonVStanley@spambob.com,Mooyei4s,Winston,Stanley,2073 Lena Lane,Purvis,MS,39475,MasterCard,5198588367437220,473,10/2013
Camle1969,AleneWAlderson@spambob.com,iekieW2to,Alene,Alderson,1308 Leisure Lane,San Luis Obispo,CA,93401,MasterCard,5291421941468147,153,12/2017
Shert1947,NicoleJYoung@mailinator.com,Ithae2oos,Nicole,Young,3618 Elk Avenue,Lansing,MI,48933,Visa,4532041663316043,711,4/2014
Beeney,AddieGMoorhouse@trashymail.com,lieH2ooy0aem,Addie,Moorhouse,4343 Farland Street,Hickory Hills,IL,60457,MasterCard,5436604285701191,761,10/2013
Sorge1960,TimothyGBrown@dodgit.com,oLahz1Mu,Timothy,Brown,3057 Clifford Street,Oakland,CA,94621,MasterCard,5195117448402251,844,11/2016
Actursees,MichaelSDodson@pookmail.com,aru8rai6AB,Michael,Dodson,1065 Pearcy Avenue,Milwaukee,WI,53223,MasterCard,5548644047791580,935,12/2013
Qualown81,AlexandraLTerrell@dodgit.com,aiD9Uch8ae,Alexandra,Terrell,2418 Hilltop Street,Springfield,MA,01103,Visa,4532391924745534,491,7/2016
Agron1988,SuzanneABath@spambob.com,eiBuob5e,Suzanne,Bath,4962 Walnut Hill Drive,Cincinnati,OH,45230,Visa,4929718358536685,614,12/2014
Matureaus1933,SusannaPPearson@spambob.com,eeyai3ooW,Susanna,Pearson,64 Traction Street,Union,SC,29379,MasterCard,5201329517019674,701,8/2014
Youl1975,HildaAButts@spambob.com,da3Thoox7,Hilda,Butts,4057 Khale Street,Walterboro,SC,29488,Visa,4539752431793387,318,1/2014
Sheight,MelissaKVasquez@dodgit.com,Tah6emeiR,Melissa,Vasquez,4022 Clover Drive,Colorado Springs,CO,80907,MasterCard,5319632201645970,680,4/2017
Ainge1955,LisaKMiranda@pookmail.com,eBaezei4eet,Lisa,Miranda,912 Tenmile Road,Burlington,MA,01803,Visa,4716150871993440,272,4/2013
Topectepech,JosephZDwyer@mailinator.com,eeNie4zu,Joseph,Dwyer,2759 Science Center Drive,Mccall,ID,83638,Visa,4539918860797187,600,4/2014
Mardeen1937,MichelleRFrye@spambob.com,OohoZohb6o,Michelle,Frye,2335 Pringle Drive,Westchester,IL,60154,MasterCard,5431297736458886,955,12/2013
Sencing,RachelJBullock@pookmail.com,EiNga5qui,Rachel,Bullock,3682 Sheila Lane,Reno,NV,89501,MasterCard,5384267859154254,179,6/2015
Ouldou,BoydSMatlock@pookmail.com,ieth1Oa5sh,Boyd,Matlock,4240 Davis Avenue,Oakland,CA,94612,Visa,4532397254486920,848,2/2014
Mousitere,DelmaWRodriquez@pookmail.com,uav2Haid,Delma,Rodriquez,4928 Sherman Street,Salina,KS,67401,MasterCard,5426701819865021,673,8/2013
Poneely,CharlesSBeckner@pookmail.com,Aekeinga4,Charles,Beckner,230 Sardis Sta,Dallas,TX,75201,MasterCard,5497643795789995,988,9/2014
Herand,BernardMIversen@spambob.com,ahMai6aph2,Bernard,Iversen,4313 Melody Lane,Richmond,VA,23219,Visa,4485519158016357,932,12/2017
Famem1934,LeonPWay@spambob.com,ATuroo5ae,Leon,Way,3664 Jadewood Farms,Millburn,NJ,07041,MasterCard,5250624632105527,951,6/2016
Trused57,AlysonJStevens@spambob.com,ee9ahw0IPh,Alyson,Stevens,2141 Barnes Avenue,Cincinnati,OH,45214,Visa,4532640236081883,981,1/2013
Buirl1971,JohnKGarcia@trashymail.com,Ahbi5cahw,John,Garcia,4570 Trails End Road,Hollywood,FL,33024,Visa,4485420879670277,901,5/2013
Thateg1943,JesusKConley@trashymail.com,AiseeThohn4,Jesus,Conley,3639 Amethyst Drive,Lansing,MI,48933,Visa,4929626290610304,765,12/2013
Hardesing,RobertMSchriver@mailinator.com,reeWah6ae,Robert,Schriver,2720 Shinn Street,New York,NY,10017,Visa,4716617270412131,047,12/2017
Wandly,AiSGruber@trashymail.com,rePhaeng0ech,Ai,Gruber,3325 Seltice Way,Eagle,ID,83642,MasterCard,5539433930731601,131,12/2016
Countim,BettyRDowning@mailinator.com,eiZuiv6tei,Betty,Downing,987 Feathers Hooves Drive,Setauket,NY,11783,MasterCard,5481685666503680,305,7/2013
Roninfor,MollyRColeman@trashymail.com,napho5Oed,Molly,Coleman,2225 Rockwell Lane,Rocky Mount,NC,27801,MasterCard,5127924317656146,892,11/2014
Caude1941,EdwardMBeals@trashymail.com,ach5queuJoo,Edward,Beals,414 Neuport Lane,Dunwoody,GA,30338,MasterCard,5236174513382455,810,6/2013
Thencent,JuliaWCook@spambob.com,ooyaix0Ph,Julia,Cook,30 Goosetown Drive,Taylorsville,NC,28681,MasterCard,5349438781713632,928,11/2013
Wareatur,OscarGDecarlo@trashymail.com,eiHain2ash,Oscar,Decarlo,250 Earnhardt Drive,Louisville,KY,40242,Visa,4716071573225545,445,12/2017
Artilegive,DebraJJackson@mailinator.com,te4Yoo0xo,Debra,Jackson,1092 Middleville Road,City Of Commerce,CA,90040,MasterCard,5557067958096690,723,7/2013
Lithey,MildredDRoberts@dodgit.com,IexiiGh8,Mildred,Roberts,1281 Meadow View Drive,Cheshire,CT,06410,Visa,4716104270125831,545,11/2013
Spost1928,LisaJBirdsall@mailinator.com,zah3Oov2ae,Lisa,Birdsall,3000 West Fork Drive,Fort Lauderdale,FL,33301,Visa,4556093318925471,598,8/2017
Yeationat,KimberlyEHoller@spambob.com,Eich5oich,Kimberly,Holler,4434 Buck Drive,South Burlington,VT,05403,Visa,4929891514758863,203,10/2016
Lixed1942,AidaDMcCune@pookmail.com,leiroo6Y,Aida,McCune,3254 Marietta Street,San Francisco,CA,94108,MasterCard,5239996938423903,391,2/2013
Whissilther,PhilipGHer@trashymail.com,uch9eiFoo4ei,Philip,Her,760 Airplane Avenue,Middletown,CT,06457,MasterCard,5213137624715670,984,4/2014
Toloses,NettieTBarnes@dodgit.com,eek7Ia5Qu,Nettie,Barnes,406 Cheshire Road,Bridgeport,CT,06604,MasterCard,5534695693593528,985,12/2014
Thount1968,HeatherGBreeding@mailinator.com,Aesh5ot7je,Heather,Breeding,4540 Gateway Avenue,Palmdale,CA,93550,Visa,4929626841747548,029,12/2015
Pher1951,PamelaKDaigle@spambob.com,aehiaPie4r,Pamela,Daigle,1396 Upton Avenue,South China,ME,04358,Visa,4539926939011126,029,11/2017
Cothy1969,ShelbyMHartsell@trashymail.com,owou8dag5E,Shelby,Hartsell,269 Victoria Street,Chicago,IL,60631,MasterCard,5169860877091689,063,1/2017
Shouratied,ChristineWCole@dodgit.com,yeath9iuZah,Christine,Cole,4473 Roosevelt Street,San Rafael,CA,94909,Visa,4716812366399272,475,4/2014
Holecon,ZacharySSmith@pookmail.com,iMaiy9uph,Zachary,Smith,195 Koontz Lane,Los Angeles,CA,90017,Visa,4485964741635869,396,11/2015
Deeme1980,LindsaySJohnson@dodgit.com,ThaeP7wieNg,Lindsay,Johnson,198 Orchard Street,Bloomington,MN,55431,Visa,4929059475595126,980,11/2013
Hinthe,CharlesCPhelps@trashymail.com,iNg0ChiM,Charles,Phelps,3319 Pike Street,San Diego,CA,92121,MasterCard,5443276202831202,055,7/2016
Thetwor,MicheleSAbston@spambob.com,eyahvohH4oo,Michele,Abston,2838 Romano Street,Walpole,MA,02081,MasterCard,5219602786236280,610,11/2017
Swelf1952,StephanieJCarter@trashymail.com,reeTh7Hiek,Stephanie,Carter,2461 Maple Lane,Huntsville,AL,35801,MasterCard,5242250978803623,774,2/2016
Roadvine,VelmaITobin@trashymail.com,eez9ya9Ai,Velma,Tobin,2419 Blair Court,Spickard,MO,64679,Visa,4539693058583398,444,5/2013
Tharres,StephanieGSaunders@spambob.com,vot9oiK1oh,Stephanie,Saunders,3144 Bird Spring Lane,Kemah,TX,77565,MasterCard,5161176783004395,448,11/2013
Magand,RichardLLuna@dodgit.com,oShohzora0i,Richard,Luna,727 Delaware Avenue,San Francisco,CA,94107,Visa,4916658863935839,273,11/2014
Beeldrer,DorothyARooney@trashymail.com,uexab6Aehee,Dorothy,Rooney,3498 Robinson Court,Saint Helen,MI,48656,Visa,4916377200568233,032,8/2013
Haless1978,JavierAMcCormick@trashymail.com,eeTho5gi7,Javier,McCormick,2380 Tail Ends Road,Green Bay,WI,54301,Visa,4556158116533940,029,1/2013
Onnithashe,CharlesJHaven@trashymail.com,Iech4aifee,Charles,Haven,3348 C Street,Westborough,MA,01581,Visa,4539253383862247,780,8/2017
Anambegazzle,JamesPLarose@dodgit.com,Eing7haix,James,Larose,4286 Masonic Hill Road,Little Rock,AR,72212,Visa,4539525857883159,827,3/2016
Lospay85,LaurieJRiley@dodgit.com,ePheeg8aph,Laurie,Riley,4899 Walton Street,Salt Lake City,UT,84104,MasterCard,5399819541901428,896,6/2014
Clefoong,CeceliaLOgletree@mailinator.com,ahgeed8F,Cecelia,Ogletree,2992 Bingamon Road,Independence,OH,44131,MasterCard,5116514599688900,947,10/2016
Pong1940,WillLDecker@pookmail.com,eiX9woonu,Will,Decker,3647 Prospect Valley Road,Los Angeles,CA,90017,Visa,4556570557534916,618,7/2015
Anou1969,SusanJKauffman@mailinator.com,eeLeeth2,Susan,Kauffman,4864 Quarry Drive,Auburn,AL,36830,MasterCard,5412408651549558,074,3/2013
Frivillesid1946,AlbertJScott@trashymail.com,ooj7ki2oGh,Albert,Scott,1590 Sampson Street,Brighton,CO,80601,MasterCard,5248222640036761,758,10/2015
Whisped,AlvinDPetersen@mailinator.com,aeNaeCh6th,Alvin,Petersen,4261 Chipmunk Lane,Old Town,ME,04468,MasterCard,5226966366653151,463,12/2013
Allon1965,DanAYoung@dodgit.com,fophahPhe8x,Dan,Young,2131 Jessie Street,Saint Clairsville,OH,43950,Visa,4532509338373847,698,7/2016
Wharty,VanessaJRayford@spambob.com,Mae3ner5Ie,Vanessa,Rayford,4511 Turkey Pen Road,New York,NY,10013,Visa,4916626513172822,829,1/2017
Andoned,JonahAMiller@mailinator.com,Ahgh8heiGee,Jonah,Miller,3336 Fittro Street,Marianna,AR,72360,Visa,4929610104377789,943,3/2013
Prien1986,LisaRBecker@dodgit.com,jeiliCew1,Lisa,Becker,208 Melville Street,Stanton,TN,38069,Visa,4556307995253944,165,6/2013
Subt1928,JoseMMorin@mailinator.com,ea7ohGhoh,Jose,Morin,2459 Crim Lane,Gratis,OH,45330,MasterCard,5285736197218302,372,4/2015
Torandready,VincentEBirch@pookmail.com,oideis0Aef,Vincent,Birch,4206 Stutler Lane,Altoona,PA,16601,Visa,4929608282197649,940,10/2017
Mosee1985,JennyJJordan@trashymail.com,eThof8nah,Jenny,Jordan,3373 Hott Street,Oklahoma City,OK,73129,Visa,4716916224986665,702,3/2014
Bagat1937,ClaraGOlson@dodgit.com,wijaM2Tenge,Clara,Olson,2253 Andy Street,Belvidere,SD,57521,MasterCard,5580110836674568,893,1/2015
Ficamok,GeneBBynum@mailinator.com,Ukee4Woh,Gene,Bynum,1886 Radio Park Drive,Dillard,GA,30537,MasterCard,5512883609130603,552,6/2014
Woneek,JohnOBarker@dodgit.com,zeij4Quoocah,John,Barker,2283 Reeves Street,Waukesha,WI,53188,Visa,4532498798598459,078,10/2014
Weer1928,FrankIJackson@pookmail.com,shooPeNei7Ee,Frank,Jackson,3353 Carolina Avenue,Harlingen,TX,78550,MasterCard,5256354821722429,328,3/2016
Mislivend,JosephVGreen@pookmail.com,ahBi1aQuai,Joseph,Green,3803 Abia Martin Drive,Westbury,NY,11590,MasterCard,5486742931789365,342,5/2017
Surpery81,GenevieveBAsberry@mailinator.com,zeiNaLu5eeVo,Genevieve,Asberry,1757 Buena Vista Avenue,Eugene,OR,97408,Visa,4532299995993018,237,6/2016
Adysed1933,EarlAWillams@mailinator.com,Thae7ieh3,Earl,Willams,2043 Roosevelt Road,Wichita,KS,67202,Visa,4916195763904680,499,5/2017
Blad1964,ThomasAQuinones@mailinator.com,luu2aiXiekeiz,Thomas,Quinones,2710 Jadewood Drive,Lake Forest,IL,60045,Visa,4929870093376875,931,6/2013
Donammis,EstherOBaysinger@spambob.com,oqu7Nohphee,Esther,Baysinger,2318 Gambler Lane,Spring,TX,77386,MasterCard,5210892303267962,378,6/2016
Jects1990,RosePSwain@spambob.com,Thu4Ohzo8f,Rose,Swain,947 Science Center Drive,Rexburg,ID,83440,MasterCard,5257167439698057,205,9/2015
Humne1985,AmyTThomas@mailinator.com,OTheeph6Ei,Amy,Thomas,4669 Woodland Drive,Sioux City,IA,51101,MasterCard,5109327583562836,586,1/2014
Sirche39,JohnEJewett@mailinator.com,eiph4Uu8pah,John,Jewett,2182 Echo Lane,Benton Harbor,MI,49022,MasterCard,5546809540769159,363,10/2015
Hismon,GaryCBakken@mailinator.com,fahShee8ie,Gary,Bakken,4606 Charack Road,Sellersburg,IN,47172,MasterCard,5221697587547568,959,1/2016
Twerse,GregoryFHimes@pookmail.com,Oez7uiKiem7,Gregory,Himes,1872 Kidd Avenue,Atka,AK,99502,MasterCard,5101481974262874,861,4/2013
Brouthe,KellyJKilmer@pookmail.com,gi5tohB1ja,Kelly,Kilmer,4099 Juniper Drive,Saginaw,MI,48607,Visa,4716517340616168,254,3/2017
Anceen,JacobHSullivan@trashymail.com,Ahch3aehei,Jacob,Sullivan,4205 Black Oak Hollow Road,Oakland,CA,94612,MasterCard,5286758105241936,293,5/2015
Froughts1977,BarbaraRBurkett@spambob.com,APh0Raeng,Barbara,Burkett,1057 Elliott Street,Manchester,NH,03101,Visa,4485276178475804,073,6/2015
Laterfur,PeterLClark@dodgit.com,auSi0Ceibom,Peter,Clark,1911 Northwest Boulevard,Newark,NJ,07102,Visa,4556665243114972,101,1/2015
Pling1982,BarbaraDCrouse@mailinator.com,Chaelei8w,Barbara,Crouse,1060 Conifer Drive,Seattle,WA,98121,MasterCard,5179887763126970,629,8/2015
Lumblut60,GeorgeEBridgeman@trashymail.com,jo6Gaivoo9Sh,George,Bridgeman,3881 Pennsylvania Avenue,Freehold,NJ,07728,Visa,4916771539904228,897,8/2014
Coved1934,GeorgeVMosier@spambob.com,udiur0Eehai,George,Mosier,3768 Marshville Road,Spring Valley,NY,10977,Visa,4916973935364870,082,8/2016
Hows1956,LupeMRomero@mailinator.com,yeir4fou6Sa,Lupe,Romero,661 Collins Street,State College,PA,16801,Visa,4485252327448604,957,9/2014
Hars1987,TedSJohnson@spambob.com,aisauYo3y,Ted,Johnson,2066 Crestview Manor,Indianapolis,IN,46268,Visa,4539566190241994,515,6/2014
Theiry,DoloresJSchuster@pookmail.com,eo7Pah0aici,Dolores,Schuster,1918 Wyatt Street,West Palm Beach,FL,33417,Visa,4532927205669743,007,7/2017
Upied1972,CristinaJGuzman@dodgit.com,beiNexeh6Lae,Cristina,Guzman,3113 Edsel Road,Los Angeles,CA,90017,Visa,4485252370756978,986,7/2014
Ruence1959,KatherineBKing@trashymail.com,zooDaeVi6,Katherine,King,3813 Austin Secret Lane,Smithfield,UT,84335,MasterCard,5561462176319087,093,3/2013
Yould1952,PatriciaRDavis@dodgit.com,Wit4Haelah,Patricia,Davis,4929 Armory Road,Fayetteville,NC,28301,Visa,4716199968363942,193,2/2015
Anympalee,AntonJGerber@pookmail.com,vooqua3She9,Anton,Gerber,3738 Bruce Street,Saint Louis,MO,63109,Visa,4556053880662894,137,12/2017
Corted,ImogeneBCarlisle@mailinator.com,ze8uw2theL6,Imogene,Carlisle,4274 Commerce Boulevard,Omaha,NE,68102,MasterCard,5256747005148685,259,8/2014
Lemelow,BrianHKnight@pookmail.com,Ohsh5aes9Ah,Brian,Knight,597 McVaney Road,Asheville,NC,28801,Visa,4916918614573978,864,7/2016
Scerfumfor,JohnJShea@dodgit.com,waMahsae6ch,John,Shea,1324 Pooz Street,Newark,NJ,07102,Visa,4916479091043266,171,9/2014
Consmakey,JessieTPowell@trashymail.com,leiNau6ah,Jessie,Powell,955 Rollins Road,Wellfleet,NE,69170,MasterCard,5424535899034567,594,10/2017
Speould,ClaireRJames@dodgit.com,caeKae3no1ah,Claire,James,2053 Providence Lane,Los Angeles,CA,90017,Visa,4929856689279227,669,3/2017
Alefoulader,WayneFOberry@trashymail.com,cahG7ieng2a,Wayne,Oberry,3672 Romano Street,Worcester,MA,01608,MasterCard,5247498494526625,699,2/2013
Desichall,RoyceSAllen@mailinator.com,foo0Ahneev1,Royce,Allen,2717 Drainer Avenue,Tallahassee,FL,32304,Visa,4556735858628994,396,3/2017
Verid1978,ShirleyRSoto@mailinator.com,eeThu9Jeeng,Shirley,Soto,3597 Collins Street,Clarion,PA,16214,MasterCard,5357087777022224,952,4/2015
Soored,MaxineAHernandez@pookmail.com,beu2Oot3ne,Maxine,Hernandez,3536 Kuhl Avenue,Douglasville,GA,30134,Visa,4539346710707281,073,8/2017
Plancionsing1987,RonaldCRockwell@pookmail.com,ahs2rahThei,Ronald,Rockwell,4849 Shingleton Road,Kalamazoo,MI,49007,Visa,4532214784092476,450,11/2015
Blike1954,YvonneDKorman@pookmail.com,tha3caeThuo,Yvonne,Korman,2428 Buena Vista Avenue,Corvallis,OR,97330,Visa,4539137842523658,637,11/2014
Dinials,WayneCDawson@dodgit.com,aenie7Ie,Wayne,Dawson,3183 Glenview Drive,Corpus Christi,TX,78476,MasterCard,5139886626876986,190,7/2017
Theming,MichaelDSmith@pookmail.com,Aibu5Pooth0,Michael,Smith,1642 Green Hill Road,Little Rock,AR,72201,Visa,4916252054082070,560,11/2013
Hictishe1929,JamesRGonzales@spambob.com,eip4raequ8O,James,Gonzales,469 Reynolds Alley,Gardena,CA,90248,MasterCard,5282761411596252,123,3/2016
Rectur,HowardAFuller@mailinator.com,yaeL1hueth8,Howard,Fuller,552 Modoc Alley,Boise,ID,83702,MasterCard,5208390442267658,041,6/2015
Hatinefult,HoraceCFlores@trashymail.com,Eighae6b,Horace,Flores,2080 Drainer Avenue,Panama City,FL,32405,Visa,4485575406611381,721,10/2014
Astord,ElvaCSpurling@trashymail.com,iedahph8Ut,Elva,Spurling,1626 College View,Carbondale,IL,62901,Visa,4716424056323388,116,3/2016
Nand1928,StevenTWendel@mailinator.com,Iishuheim9Ei,Steven,Wendel,2813 Lodgeville Road,Minneapolis,MN,55402,MasterCard,5173789258427093,785,8/2015
Whemighthis,MiguelKRountree@dodgit.com,wahJies7OhX,Miguel,Rountree,4168 Radio Park Drive,Athens,GA,30606,Visa,4916773224578945,582,3/2015
Withromb1945,MarleneCWright@dodgit.com,Lei6eeNg8,Marlene,Wright,4316 Lincoln Drive,Hanover (York),PA,17332,Visa,4929322105430407,730,3/2016
Beinale1948,GeorgePGilbert@pookmail.com,eiThaemoo2oh,George,Gilbert,122 Briarwood Road,Springfield,MO,65804,Visa,4532975860068438,927,8/2016
Conem1941,HowardDJones@trashymail.com,aiHaja3uz,Howard,Jones,118 Parrish Avenue,Marion,TX,78124,Visa,4716672315794712,804,3/2015
Wintonsts,LawrenceSWilliams@dodgit.com,eem8eib7Roe2,Lawrence,Williams,803 Flint Street,Atlanta,GA,30303,Visa,4556949356045920,229,2/2013
Thisheis,KimberlyWCrunk@dodgit.com,Equuphua8,Kimberly,Crunk,3425 Moore Avenue,Dallas,TX,75207,Visa,4532476680027423,474,9/2015
Rommed1938,JocelynEBlackwell@mailinator.com,kauDai7Ohp,Jocelyn,Blackwell,1081 Paul Wayne Haggerty Road,New Orleans,LA,70087,MasterCard,5150401121543240,942,12/2016
Reepeemsess,RichardPGuidry@mailinator.com,yae7eeShue5,Richard,Guidry,937 August Lane,Shreveport,LA,71101,Visa,4716984116072911,890,11/2015
Wold1955,GoldieRKelly@dodgit.com,ua5Hah3xiebo,Goldie,Kelly,4038 Waterview Lane,Las Cruces,NM,88001,Visa,4929819502796462,357,8/2015
Fringlose,NeilLColes@spambob.com,eiy1uQueir,Neil,Coles,1394 Park Avenue,Sacramento,CA,95814,MasterCard,5264762960052863,220,9/2016
Chil1984,FelishaCSims@pookmail.com,lohn0Ah0ePh,Felisha,Sims,3916 Emma Street,Amarillo,TX,79101,MasterCard,5565072017943874,921,4/2016
Derapt,BeatriceASmith@spambob.com,aqu4Thaegh4oo,Beatrice,Smith,3121 Hillside Drive,Needham,MA,02192,Visa,4539580448475858,892,6/2015
Whommet,EstherNWebb@spambob.com,ahG0eiph,Esther,Webb,1237 Lodgeville Road,Minneapolis,MN,55402,MasterCard,5504325378647920,746,1/2015
Gones1954,JohnnyGLevy@spambob.com,wahh0Ahr,Johnny,Levy,3605 Cimmaron Road,Anaheim,CA,92801,Visa,4916404502499717,476,8/2014
Growit,TheresaWPrice@dodgit.com,eshahx3Thuqu,Theresa,Price,2119 Eva Pearl Street,Rougon,LA,70773,Visa,4539686280933498,744,9/2013
Hisgul,NicoleWKoenig@pookmail.com,Cie8koo9,Nicole,Koenig,3160 Bryan Avenue,Minneapolis,MN,55415,Visa,4556128101265907,107,6/2013
Imas1935,RobertCButcher@dodgit.com,hai6eghaiD,Robert,Butcher,4703 Windy Ridge Road,Fort Wayne,IN,46865,MasterCard,5104035044038776,161,6/2017
Dreatenty,JeanetteABaker@dodgit.com,avaiSh4aij,Jeanette,Baker,1326 Ruckman Road,Oklahoma City,OK,73102,MasterCard,5414248679338024,330,6/2013
Evestan,MeganJFaulkner@trashymail.com,Nu2queih6c,Megan,Faulkner,3646 Harry Place,Concord,NC,28025,Visa,4556428090807226,561,2/2013
Comebefor,PatriciaMTilton@spambob.com,ooTahP9ae,Patricia,Tilton,2353 Ridenour Street,Ft Lauderdale,FL,33311,MasterCard,5512865217009949,325,11/2013
Sawas1947,LeslieMGossett@trashymail.com,Ohtoh1coh,Leslie,Gossett,2942 Kincheloe Road,Portland,OR,97205,MasterCard,5571787571274182,692,8/2013
Reareento36,SallyHChason@spambob.com,zahFo1oiSh,Sally,Chason,3023 Hog Camp Road,Oak Brook,IL,60523,Visa,4485871994017572,998,4/2017
Thaddy,HughCChandler@mailinator.com,meiQuoh9qu,Hugh,Chandler,3316 Lyndon Street,Northampton,PA,18067,MasterCard,5550147531219428,414,5/2017
Ciect1929,ThomasMGaiser@pookmail.com,Thoo9pahroo,Thomas,Gaiser,4780 Williams Lane,Wichita,KS,67226,Visa,4556079373475684,749,6/2013
Antm1977,KelliSCarlson@pookmail.com,Iechiis3shul,Kelli,Carlson,4523 Emma Street,Lubbock,TX,79410,MasterCard,5544003094371743,267,7/2014
Sumessneve,GregMAnderson@pookmail.com,El2eiziu9Ai,Greg,Anderson,774 Broad Street,Tuscaloosa,AL,35401,Visa,4539836623563383,861,4/2017
Flemen71,AmyJEckert@dodgit.com,gaipaTh8,Amy,Eckert,564 Tenmile,Newport News,VA,23608,MasterCard,5106020927837617,723,6/2017
Inglacrievor,AnneCGenthner@dodgit.com,Aish9thee6ee,Anne,Genthner,1094 Red Hawk Road,Alexandria,MN,56308,Visa,4532963490730353,091,10/2013
Phintly39,CynthiaSKendall@trashymail.com,ou3ohpuloHai,Cynthia,Kendall,2244 Mandan Road,Delta,MO,63744,MasterCard,5598905457303086,055,9/2016
Bund1962,LyleJTurner@mailinator.com,FiM4wai6h,Lyle,Turner,4600 Asylum Avenue,Wallingford,CT,06492,Visa,4916655858072214,209,4/2016
Pria1933,HaroldAStetler@trashymail.com,fua0NahC7ie,Harold,Stetler,2827 McDowell Street,Nashville,TN,37204,Visa,4916997245560364,730,12/2015
Bithate,DavidMStevens@dodgit.com,uev5Quaij,David,Stevens,3242 Reynolds Alley,Long Beach,CA,90802,MasterCard,5481743362959688,412,12/2017
Terent,CharlesMLawrence@mailinator.com,eacham4Sh,Charles,Lawrence,1001 George Avenue,Mobile,AL,36638,MasterCard,5157223824669632,273,7/2017
Scrit1942,AdamFWallace@pookmail.com,EeGh6ahw0ei,Adam,Wallace,3540 Fantages Way,Steep Falls,ME,04085,MasterCard,5250173628355647,723,11/2014
Thattery86,RobertYTrejo@trashymail.com,Lahg9eZi2Oo,Robert,Trejo,453 Coffman Alley,Benton,KY,42025,Visa,4716902578093514,785,10/2015
Morgilizeed,OtisMEllis@pookmail.com,PhooChoh5k,Otis,Ellis,2102 Coburn Hollow Road,Germantown Hills,IL,61548,Visa,4532288520718115,963,7/2014
Eforneunt,AnnaRMassey@pookmail.com,quaDes0oh,Anna,Massey,1077 Hemlock Lane,Harlingen,TX,78550,MasterCard,5264735794017773,208,9/2015
Eattelf,RobertJKeith@pookmail.com,reezie0aK,Robert,Keith,1670 Mulberry Avenue,Little Rock,AR,72201,Visa,4716729192553155,298,4/2016
Affes1966,JamesABlankenship@pookmail.com,Eir7Eelahg,James,Blankenship,3335 Raver Croft Drive,Niota,TN,37826,MasterCard,5413252137297476,510,12/2015
Compromed,MarkJSteele@mailinator.com,iuMooj5aiy9w,Mark,Steele,2533 Dovetail Drive,Libertyville,IL,60048,Visa,4556904173340830,866,1/2017
Heare1942,ConnieRThomas@pookmail.com,Ophi6oth5,Connie,Thomas,2662 Rivendell Drive,Mineral City,OH,44656,Visa,4556205349077987,534,9/2013
Woread,JohnKCash@mailinator.com,eeChae6gud,John,Cash,2018 Koontz Lane,North Hollywood,CA,91601,MasterCard,5398162406533551,423,4/2016
Colowerve,AshleyRGamez@spambob.com,Ie1eich2aey,Ashley,Gamez,4222 Riverwood Drive,Chico,CA,95926,Visa,4929635245399467,670,10/2014
Robsits,JosephineRPotvin@pookmail.com,Ievu4Jie,Josephine,Potvin,3136 Mercer Street,Wausau,WI,54401,Visa,4532947734133359,525,7/2014
Therve,DeborahBTaylor@dodgit.com,quu6CeFiefee,Deborah,Taylor,4943 Khale Street,Florence,SC,29501,MasterCard,5405623046851498,806,1/2015
Gothered86,CatherinePBailey@mailinator.com,Quo2queeCh5,Catherine,Bailey,3425 Braxton Street,Franklin Grove,IL,61031,Visa,4929759701532138,433,11/2016
Poeth1940,DanielBCarson@dodgit.com,It6eo5eeD,Daniel,Carson,4549 Northwest Boulevard,Savage,DC,20763,Visa,4532721943325373,508,5/2015
Chen1955,BettyFAube@trashymail.com,Ounie9ro8ai,Betty,Aube,879 Ross Street,East Alton,IL,62024,MasterCard,5438682122213693,033,11/2015
Hatiorth,CharlesMDahl@pookmail.com,naefeew6Quoo,Charles,Dahl,1618 Swick Hill Street,Hammond,LA,70401,MasterCard,5467068232712416,487,11/2017
Cley1928,KevinBNations@trashymail.com,Du8aik2oow,Kevin,Nations,3770 Quincy Street,Newark,PA,19714,MasterCard,5552770645858084,445,2/2013
Andessaint,SarahJRimer@trashymail.com,ut3Yeidohnge,Sarah,Rimer,3985 Saint Francis Way,Milwaukee,WI,53203,MasterCard,5201453147118472,464,8/2017
Foelonemse,JackieDMoultry@trashymail.com,Ohneicha4a,Jackie,Moultry,1726 Andell Road,Nashville,TN,37201,Visa,4532124102251300,982,11/2016
Youcity41,DennisDHarrell@pookmail.com,We6phihae,Dennis,Harrell,4348 Ash Avenue,Fairview Heights,MO,62208,Visa,4539127019899411,728,1/2017
Hisper,GeraldineJDewitt@dodgit.com,Quahy1uu1,Geraldine,Dewitt,1175 Bottom Lane,Stedman,NY,14785,MasterCard,5101392335377584,443,5/2015
Sombled1985,BettyAPerez@pookmail.com,Iego3ihah,Betty,Perez,2997 Bedford Street,Birmingham,AL,35203,Visa,4716905812425525,334,5/2017
Diouse,JoRRichardson@spambob.com,aj2yoh4aeG,Jo,Richardson,1187 Metz Lane,West Roxbury,MA,02132,MasterCard,5436384213135313,471,3/2013
Losigiand,JohnBHill@pookmail.com,uheiX2koo9,John,Hill,3823 Rainbow Drive,Akron,OH,44311,MasterCard,5301252872829181,260,7/2014
Thust1950,BernardTGreen@mailinator.com,eiBohphe2ee,Bernard,Green,569 Coleman Avenue,Escondido,CA,92025,Visa,4716210297171581,113,2/2017
Flonight,DennisMClem@mailinator.com,eiJar8oo,Dennis,Clem,4978 Brown Street,San Jose,CA,95113,MasterCard,5232664285133320,365,8/2017
Allon1983,TomJRay@dodgit.com,theiTh2shii,Tom,Ray,4091 Cherry Camp Road,Lombard,IL,60148,MasterCard,5517913765448237,247,5/2016
Washer,CasandraDTiller@spambob.com,iPhohlauth5,Casandra,Tiller,1111 Straford Park,Jackson,KY,41339,MasterCard,5222268728176425,456,8/2014
Preve1951,ChristineHBarrett@spambob.com,Ohti1eem0Ie,Christine,Barrett,1061 Kenwood Place,Miami,FL,33169,Visa,4539075383733155,570,1/2013
Benoll,IrisWWilliams@spambob.com,esh3ueGh6Ah,Iris,Williams,2811 Single Street,Lynn,MA,01901,MasterCard,5107161933389869,343,3/2016
Siall1931,JamesHBrown@spambob.com,yohGah6iKieV,James,Brown,2722 Oral Lake Road,Farmington,MN,55024,Visa,4539446697250618,068,11/2015
Alives1981,BaileyKYoung@trashymail.com,xeiwi2ieKai8,Bailey,Young,4329 Big Indian,Metairie,LA,70001,MasterCard,5368422609926796,523,1/2016
Lighly,SheriGEvans@pookmail.com,Saeba3aiXah,Sheri,Evans,773 Lakeland Park Drive,Norcross,GA,30091,Visa,4929898555834081,686,3/2015
Miresslemes,RandyTMcDowell@mailinator.com,wa9oShieJe,Randy,McDowell,2986 Victoria Street,Huntley,IL,60142,MasterCard,5454265801328732,725,6/2016
Thathathe,TonyaJColeman@spambob.com,aeXook8aN8,Tonya,Coleman,3995 Diamond Cove,Providence,RI,02903,MasterCard,5408829554028786,604,12/2017
Huned1946,SalvatoreAJefferson@dodgit.com,Zengo0eiK,Salvatore,Jefferson,2184 Woodhill Avenue,Baltimore,MD,21201,Visa,4539484282242617,431,12/2016
Poll1980,MichaelKDaniels@trashymail.com,Ka1maish,Michael,Daniels,1759 Bassell Avenue,Wichita,AR,67202,MasterCard,5332211467309986,825,1/2015
Quentorn,FrankGBouknight@trashymail.com,of7UuKo5ee,Frank,Bouknight,3531 Edgewood Avenue,Fresno,CA,93704,Visa,4485251939191917,469,1/2013
Theyeary,DavidCRobinson@pookmail.com,phiez2Ahhie,David,Robinson,3703 Mahlon Street,Westland,MI,48185,MasterCard,5360589571275267,974,2/2017
Scoleney,VickyWHenderson@mailinator.com,Ahzopeej1,Vicky,Henderson,2613 Dye Street,Scottsdale,AZ,85251,Visa,4556253857719079,349,1/2015
Hemed1962,BarbaraRSims@mailinator.com,Ma2zaiz4Co,Barbara,Sims,2943 Summit Park Avenue,Farmington,MI,48336,MasterCard,5470492271488354,045,10/2015
Abdad1930,JosephKMurillo@mailinator.com,Eeth9vae6,Joseph,Murillo,4362 Douglas Dairy Road,Rocky Mount,VA,24151,MasterCard,5188782882880707,909,4/2017
Rusten66,RosemarieDMays@spambob.com,In5fiBohW,Rosemarie,Mays,740 Karen Lane,Lexington,KY,40505,Visa,4716147184328199,804,2/2015
Hompsed,NormaTDavis@pookmail.com,aboh3veeW,Norma,Davis,3527 Sugarfoot Lane,Lafayette,IN,47905,Visa,4485937462225516,534,5/2017
Houraples1983,KennethEHall@mailinator.com,Pei7zee8ooQu,Kenneth,Hall,1259 Sunburst Drive,Fort Myers,FL,33901,MasterCard,5265310756122802,942,12/2016
Libing,BrendaJPlunkett@dodgit.com,aSah2aech2,Brenda,Plunkett,143 Glory Road,Winchester,TN,37398,MasterCard,5384085531039275,864,11/2013
Almyconver,MelissaRMiller@spambob.com,Ii3que4poo,Melissa,Miller,4954 Shingleton Road,Grand Rapids,MI,49503,Visa,4916209820193813,337,8/2013
Ociple,EvaRWebster@mailinator.com,Gae5eph1ohx,Eva,Webster,2597 University Hill Road,Hillsboro,IL,62049,MasterCard,5384941310761333,520,7/2017
Anctoesend89,GlennJSharer@dodgit.com,kah0Wopai,Glenn,Sharer,4767 Froe Street,Charleston,WV,25301,Visa,4929233978844642,269,3/2014
Herfoust52,ToddSElizalde@trashymail.com,Thoog3Coh,Todd,Elizalde,2105 Jefferson Street,Accomack,VA,23510,Visa,4716258960654144,298,4/2015
Shis1973,CraigSMarsh@trashymail.com,Aam9ung2N,Craig,Marsh,1586 Buena Vista Avenue,Eugene,OR,97401,Visa,4532645952952282,031,5/2014
Godenigh,AlvinPSmith@spambob.com,johpicoo3Hie,Alvin,Smith,1545 Black Stallion Road,Covington,KY,41011,MasterCard,5267189230186528,361,4/2015
Hostall54,RyanPStubbs@trashymail.com,iaTh5kooPh,Ryan,Stubbs,1524 Pooz Street,Freehold,NJ,07728,MasterCard,5143378049917278,272,8/2013
Themplaboo1945,PeggyEPerkins@pookmail.com,eiJ2eeD8ai,Peggy,Perkins,4497 Poling Farm Road,Omaha,NE,68102,MasterCard,5545014119052902,338,8/2016
Leacee,CliftonKMoran@pookmail.com,ueng7Wae,Clifton,Moran,4887 Buffalo Creek Road,Nashville,TN,37210,Visa,4916640364871432,279,6/2014
Thoster,KatieIMoody@spambob.com,uuGhie1sh,Katie,Moody,1239 Cost Avenue,Emmitsburg,MD,21727,Visa,4916627334326845,673,4/2015
Cluch1938,VirginiaRRegner@spambob.com,Ahgh5oek,Virginia,Regner,1535 Renwick Drive,Fort Washington,PA,19034,MasterCard,5233899084178295,597,1/2013
Whouses,PaulaRGrant@pookmail.com,Chohgh5ee,Paula,Grant,4146 Front Street,Southfield,MI,48075,MasterCard,5470663097047471,533,7/2014
Someand,PaulineRFerreira@pookmail.com,uKeequ9ie,Pauline,Ferreira,3905 Walkers Ridge Way,Chicago,IL,60607,Visa,4556663149933066,117,2/2013
Subley,JoyJPowers@trashymail.com,hahnaeNg0ha,Joy,Powers,741 Filbert Street,Philadelphia,PA,19108,MasterCard,5374450748270828,741,10/2014
Ouring,PeterDBurger@dodgit.com,jiesh5Iajae1,Peter,Burger,186 Cunningham Court,Troy,MI,48084,MasterCard,5394153819934944,828,12/2015
Dingtheas,CharlesJUribe@trashymail.com,HaeLohNgu0,Charles,Uribe,526 Johnny Lane,New Berlin,WI,53151,MasterCard,5200790187289106,742,4/2014
Upre1931,VergieMPerez@trashymail.com,HaoSh0chaigh,Vergie,Perez,3951 North Street,Charlottesville,VA,22901,Visa,4556363910833609,239,7/2015
Strund,HenryDMitchell@pookmail.com,OhGhu4gie,Henry,Mitchell,3542 Hillcrest Avenue,South Boston,MA,02127,Visa,4485928984717585,675,4/2013
Woemorre,JuliaNLawrence@pookmail.com,udi7Ceedi,Julia,Lawrence,1354 Station Street,Hayward,CA,94545,Visa,4532937144253681,066,4/2017
Majeappre,FrancineRRenaud@spambob.com,EiMie9ro,Francine,Renaud,3987 Scenic Way,Champaign,IL,61820,MasterCard,5168582100543143,768,5/2013
Hickis1974,GwendolynRKnutson@dodgit.com,phahYukoo1X,Gwendolyn,Knutson,1016 West Side Avenue,Union City,NJ,07087,MasterCard,5270877757246023,314,3/2014
Obtly1987,BrittanyMMorgan@dodgit.com,cu5Eingee,Brittany,Morgan,3697 Gambler Lane,Deer Park,TX,77536,MasterCard,5435615140890756,648,7/2016
Phim1948,PeterCEvans@spambob.com,aisahki2eiC,Peter,Evans,91 Hornor Avenue,Skiatook,OK,74070,Visa,4485754385478811,260,8/2013
Mortan,PhilipRAlkire@mailinator.com,Ethueh3zoo,Philip,Alkire,184 Zimmerman Lane,Los Angeles,CA,90057,MasterCard,5454334916676334,001,12/2016
Hiced1928,HenryJClark@trashymail.com,vah8Ienga,Henry,Clark,3532 Burnside Court,Phoenix,AZ,85003,Visa,4556381584491462,034,12/2015
Geoplegatill,GregoryDCarney@mailinator.com,ohXup3chahw,Gregory,Carney,4554 Coal Road,Pittston,PA,18640,MasterCard,5347948641299871,499,6/2017
Fragend,VeronicaBCarrier@mailinator.com,phie1gieFi,Veronica,Carrier,100 Fleming Street,Selma,AL,36703,Visa,4539505970428611,444,2/2015
Melf1943,CarmenCVanwormer@mailinator.com,uH7beneo8ai,Carmen,Vanwormer,717 West Fork Drive,Hollywood,FL,33024,Visa,4485263081027195,019,6/2014
Wastane37,MargaretHHarris@pookmail.com,Ahvee1pee,Margaret,Harris,1112 Nickel Road,Los Angeles,CA,90017,MasterCard,5239282479162618,973,11/2015
Loverableate,MariaMPratt@trashymail.com,Thaer1shoh,Maria,Pratt,2015 Columbia Mine Road,Clarksburg,WV,26301,MasterCard,5313516495607414,038,12/2016
Arthed,CurtisSWhetzel@dodgit.com,Taithiexoh7,Curtis,Whetzel,2588 Tenmile,San Diego,CA,92121,MasterCard,5146393602224597,443,8/2013
Awalinis,JermaineLSmith@pookmail.com,Io8Teith6,Jermaine,Smith,3578 Carriage Lane,Toledo,OH,43615,MasterCard,5362477708445599,853,9/2014
Yourst,GayleMPrice@trashymail.com,chuTahku7v,Gayle,Price,1183 Concord Street,Charlotte,NC,28262,Visa,4916177252732434,144,7/2013
Cang1937,CliffordGWalter@spambob.com,eiw1Oiph1ch,Clifford,Walter,3297 Elkview Drive,Vero Beach,FL,32960,Visa,4929259411222443,212,6/2016
Chil1944,MarkJRozar@spambob.com,if8Ohrochei,Mark,Rozar,3431 Abia Martin Drive,Commack,NY,11725,Visa,4929445872315533,712,2/2014
Therpecan28,WilliamKAlvarado@trashymail.com,Waipei6aezo,William,Alvarado,242 Goldie Lane,Cincinnati,OH,45202,MasterCard,5283275616780487,894,9/2017
Majaus,RoseJBallard@spambob.com,ko1ahwu4Ch,Rose,Ballard,2450 Tail Ends Road,Oakfield,WI,53065,MasterCard,5338197625263633,363,3/2014
Priont,KarenDMurphy@dodgit.com,ooZ3yaofouph,Karen,Murphy,672 Quincy Street,Newark,PA,19714,Visa,4485173704335133,098,7/2014
Wassinger,MayraMMarkley@pookmail.com,oogae6eeGan,Mayra,Markley,1750 Cost Avenue,Rockville,MD,20852,MasterCard,5404713217518231,460,11/2015
Iletelaid1981,CharlesKLutz@pookmail.com,aiC1miew5th,Charles,Lutz,3267 Olive Street,Toledo,OH,43614,Visa,4485331636514478,774,6/2016
Pricetoody,JoJMills@dodgit.com,QuahvoT5ah,Jo,Mills,1741 Pickens Way,Longview,TX,75604,Visa,4916607050651527,320,10/2014
Foolity65,CharlesMMiller@spambob.com,Ge3nee7Vie7,Charles,Miller,3497 Hayhurst Lane,Southfield,MI,48235,Visa,4539815957252094,550,6/2015
Diand1934,NormanCBergman@pookmail.com,nugie9Tai,Norman,Bergman,1520 Ray Court,Clinton,NC,28328,MasterCard,5352756297054694,867,11/2013
Sagmes,EdwardMTerrazas@trashymail.com,Queip8Aec,Edward,Terrazas,3064 Del Dew Drive,Bethesda,MD,20892,MasterCard,5501833634603671,084,9/2013
Mition,CharlesISears@dodgit.com,eeneikah9Oo,Charles,Sears,4455 Rose Avenue,New Orleans,LA,70114,MasterCard,5128777156507229,303,12/2015
Reciere,CurtisEBlack@dodgit.com,ru7Wa7pohY,Curtis,Black,4928 Felosa Drive,Sweetwater,TX,79556,Visa,4532147337652570,735,11/2014
Theards,WalterAMoll@dodgit.com,oonoh9aijeK,Walter,Moll,4091 Sunny Day Drive,Santa Ana,CA,92704,MasterCard,5405487593415754,129,2/2013
Chicelf,MorrisDBarron@mailinator.com,ohD0teid9iT,Morris,Barron,659 Elsie Drive,Sioux Falls,SD,57102,Visa,4916037150950241,643,8/2015
Gaill1975,AidaGEllis@trashymail.com,ieY8VaiKoh1,Aida,Ellis,3218 Callison Lane,Bensalem,DE,19020,MasterCard,5246692921690225,252,12/2015
Thenim32,RooseveltEHolley@trashymail.com,Ohxeek9ee,Roosevelt,Holley,2022 Scenic Way,Terre Haute,IL,47807,Visa,4716490754360147,399,9/2013
Anin1955,FannyRSaavedra@mailinator.com,Axav7ookouD,Fanny,Saavedra,682 Hall Place,Carthage,TX,75633,MasterCard,5267449309030027,202,7/2013
Orythem,MarianKChestnut@pookmail.com,Cei1au9kame,Marian,Chestnut,2844 Bolman Court,Springfield,IL,62701,Visa,4532624600656637,919,4/2015
Rikeproseet1943,BrandonLBruno@dodgit.com,ooph3aeTh,Brandon,Bruno,4798 Bartlett Avenue,Southfield,MI,48034,MasterCard,5481591101670698,508,1/2014
Seatomint,JanetJCabrera@trashymail.com,aich0Thei8,Janet,Cabrera,3618 Roosevelt Street,Fremont,CA,94539,Visa,4532802227309323,302,7/2013
Tworivent,EugeneCColby@spambob.com,Noo8saib6ae,Eugene,Colby,4386 Arthur Avenue,Princeton,IL,61356,Visa,4929356942196391,654,7/2013
Excen1981,ChanaRGuest@trashymail.com,EGieJaep0ee,Chana,Guest,4958 Grant View Drive,New Berlin,WI,53151,Visa,4929368027377234,620,12/2016
Fest1965,GenevieveEHay@pookmail.com,Sai4suQuu6D,Genevieve,Hay,2100 Bluff Street,Bowie,MD,20720,Visa,4532047862355955,439,4/2014
Welver47,PearlineJClark@mailinator.com,chahxeeZ3oo,Pearline,Clark,431 Terry Lane,Melbourne,FL,32935,MasterCard,5415093210987502,729,12/2015
Giviled,CurtisRSaldana@dodgit.com,ish6Uu0k,Curtis,Saldana,4783 Juniper Drive,Saginaw,MI,48607,Visa,4916375917444714,655,7/2014
Theentind1954,DawnRMunk@spambob.com,cooJe3oht1,Dawn,Munk,1697 Lochmere Lane,Hartford,CT,06103,MasterCard,5119724638373060,456,4/2015
Ench1955,ArthurLAdamek@mailinator.com,pahQuolai7,Arthur,Adamek,1692 Barrington Court,Cherry Valley,AR,72324,Visa,4556122261847877,024,5/2016
Themply,WilliamSMurphy@mailinator.com,ki6ooYeeP,William,Murphy,1645 Hide A Way Road,San Jose,CA,95127,Visa,4916273287288201,786,10/2013
Briong,RobertoDBoone@trashymail.com,ug3Zei5Ee,Roberto,Boone,506 Despard Street,Atlanta,GA,30318,MasterCard,5342607600898983,235,5/2017
Horgy1993,DonPBergstrom@pookmail.com,gaXohsaic6ch,Don,Bergstrom,1396 Angie Drive,Orange,CA,92665,Visa,4539770592052443,517,7/2016
Grang1977,DavidCBellows@pookmail.com,aeHeedu3u,David,Bellows,4869 Elliot Avenue,Seattle,WA,98106,Visa,4485001846770612,726,2/2016
Spoem1942,CraigBMoore@mailinator.com,yuuJ1Xohf5,Craig,Moore,2473 Elliott Street,Londonderry,NH,03053,MasterCard,5343233645916505,828,3/2016
Fichan,JulieLMedina@pookmail.com,xeeFail8oh,Julie,Medina,3633 Martha Street,Phoenix,AZ,85034,MasterCard,5344101742240641,834,3/2014
Acen1937,ElizabethJEngebretson@spambob.com,cod7Rure,Elizabeth,Engebretson,1119 Green Avenue,Oakland,CA,94612,Visa,4929587393555947,122,10/2013
Priage,LuannBBenner@mailinator.com,va3aifaiK,Luann,Benner,2758 Rainbow Drive,Akron,OH,44311,Visa,4539070484078147,563,4/2017
Delly1960,RichardSCarpenter@mailinator.com,Co9aepaph4,Richard,Carpenter,4199 Jessie Street,Arabia,OH,45688,Visa,4485383626312843,122,11/2015
Furk1960,ShawanaCMalone@trashymail.com,Pohc3esh9O,Shawana,Malone,580 Alpaca Way,Irvine,CA,92664,MasterCard,5305648611606010,067,12/2014
Theryther,TimHSnyder@spambob.com,iem7weg1Aif,Tim,Snyder,4278 Radio Park Drive,Augusta,GA,30901,Visa,4929889387957620,640,8/2015
Nors1931,RichardMFoutch@mailinator.com,ahNgooXu6,Richard,Foutch,2964 County Line Road,Plant City,FL,33566,Visa,4539597175446332,919,3/2013
Denly1943,MamieRGray@dodgit.com,lief4Vahz,Mamie,Gray,3143 Davis Court,Centralia,IL,62801,Visa,4485659505763762,974,1/2015
Feand1961,IngeGGonzalez@spambob.com,ieTo2thiew,Inge,Gonzalez,2290 Sweetwood Drive,Denver,CO,80216,MasterCard,5445244428470278,372,1/2014
Causat,JulietteDCalhoun@pookmail.com,aeweec9Quei,Juliette,Calhoun,2198 Pyramid Valley Road,Waverly,IA,50677,MasterCard,5426396155869958,765,8/2016
Almyconver59,RobertMHoffer@mailinator.com,eithae3eeYae,Robert,Hoffer,559 Pick Street,Centennial,CO,80112,MasterCard,5343382547204641,785,10/2014
Eaus1971,RaymondDAmos@pookmail.com,Foh5thoh7,Raymond,Amos,4933 Victoria Street,Chicago,IL,60606,MasterCard,5138459622381681,184,5/2014
Yoully,HarryLLaurie@pookmail.com,feideM9a,Harry,Laurie,1507 Thomas Street,Wheeling,IL,60090,Visa,4916444090475877,192,10/2014
Pereplou,RayJWatts@spambob.com,aquouL8ugee,Ray,Watts,2069 Freshour Circle,Stockton,CA,95205,MasterCard,5243302715713711,665,12/2015
Theretion,MichaelSCronin@trashymail.com,phahWie0,Michael,Cronin,948 Murphy Court,Mira Loma,CA,91752,Visa,4532559649918525,644,3/2015
Invuld,WilliamSRowland@spambob.com,faC2eiphoh,William,Rowland,637 Happy Hollow Road,Wilmington,NC,28401,Visa,4485512592438014,866,5/2016
Nosem1960,MichaelJGuel@trashymail.com,bupubaba4Kah,Michael,Guel,2056 Roane Avenue,Annapolis,MD,21401,Visa,4929296404963070,991,8/2015
Difistrunde,AlbertSFreeman@spambob.com,Quai9hur,Albert,Freeman,1971 Green Hill Road,Huntsville,AR,72740,Visa,4556663322889812,942,11/2015
Genswer1961,KarenPGermany@spambob.com,Laefer2j,Karen,Germany,890 Charter Street,Mission,KS,66202,MasterCard,5554183099919022,907,6/2013
Himpok,IsabelleRJenkins@dodgit.com,ieT2maefei,Isabelle,Jenkins,237 Anthony Avenue,Big Lake,TX,76932,Visa,4716611728203085,470,6/2016
Ancom1937,JackMHatch@dodgit.com,ugoo2Othee,Jack,Hatch,4860 Quilly Lane,Columbus,OH,43215,MasterCard,5313892216853730,199,5/2015
Glind1970,ShirleyMBaker@spambob.com,aihohW1qu,Shirley,Baker,1667 Kerry Way,Los Angeles,CA,90017,MasterCard,5406654221057485,541,8/2015
Naing1955,BrianFCook@pookmail.com,eis1roh9Tae9,Brian,Cook,2985 Broad Street,Birmingham,AL,35222,MasterCard,5171341917952194,458,7/2014
Becampar,RobertMMerritt@mailinator.com,deeT0et8ei,Robert,Merritt,781 Wakefield Street,Philadelphia,PA,19145,Visa,4556461304734324,667,2/2015
Compter1927,MarjorieMFine@trashymail.com,eeCiu3oo,Marjorie,Fine,45 Blue Spruce Lane,Baltimore,MD,21202,Visa,4532254009776255,261,7/2014
Wassely,JoshuaABarton@spambob.com,ieGai5oong,Joshua,Barton,2231 County Line Road,Tampa,FL,33614,MasterCard,5508172634033578,682,11/2013
Wintelf,JamesMSparks@dodgit.com,wu2Eenga,James,Sparks,3435 Geneva Street,New York,NY,10016,MasterCard,5170648973022436,528,2/2016
Youturicus,MathewJCrowell@dodgit.com,ooRah7ool,Mathew,Crowell,1486 Winding Way,Providence,RI,02908,MasterCard,5126993922840685,720,10/2017
Pries1959,SherriMBarnes@trashymail.com,eiYe8Gufoo,Sherri,Barnes,1380 Heather Sees Way,Tulsa,OK,74105,MasterCard,5485498697929809,102,8/2015
Thatholl,DebraRDaniels@trashymail.com,eiwil5bahLo,Debra,Daniels,1572 Del Dew Drive,Hyattsville,MD,20781,MasterCard,5379745552411227,104,9/2013
Greped1949,FrancesTNewton@trashymail.com,ohWe7ohdux,Frances,Newton,4449 White Lane,Macon,GA,31210,MasterCard,5223179550772190,184,6/2014
Thativess,NatashaRLoyd@mailinator.com,zahsa4Sh,Natasha,Loyd,1104 Woodlawn Drive,Milwaukee,WI,53218,Visa,4716930225786941,836,10/2015
Betied1982,KarenJFox@trashymail.com,Quiesho9ech,Karen,Fox,2133 Briarwood Drive,Laurel Springs,NJ,08021,MasterCard,5230805334853325,999,5/2013
Rive1933,KarenHCornelius@dodgit.com,Cai2jipee,Karen,Cornelius,4963 Bluff Street,Greenbelt,MD,20770,Visa,4716547953244594,648,4/2016
Exhard,MaryVSmith@trashymail.com,Fu5Eiyoo,Mary,Smith,381 Hill Street,Defiance,OH,43512,MasterCard,5314791504237375,618,4/2015
Loctionly,StevenCEdwards@dodgit.com,souMe8NaeSh,Steven,Edwards,46 Eden Drive,Richmond,VA,23223,Visa,4716995062002462,865,4/2016
Kion1930,RichardSRios@trashymail.com,Fu2kuo6tie,Richard,Rios,3877 Woodbridge Lane,Southfield,MI,48034,MasterCard,5161065514197646,814,7/2017
Poncelf1971,RonaldMHowell@spambob.com,FoNgaeshu3,Ronald,Howell,3860 Henry Ford Avenue,Tulsa,OK,74145,MasterCard,5315568971836379,286,3/2016
Rearmem,LindaAConnor@trashymail.com,SieMieX0th,Linda,Connor,650 Cheshire Road,Stamford,CT,06901,Visa,4716305549864148,766,4/2017
Sors1950,BrianCWhitaker@mailinator.com,Geijool7,Brian,Whitaker,4755 Shingleton Road,Three Rivers,MI,49093,MasterCard,5561967375534278,048,4/2013
Adardly1946,MiguelSBlount@trashymail.com,Gaenaith5,Miguel,Blount,2777 Perine Street,Herndon,VA,20170,MasterCard,5449218045875057,386,3/2016
Bund1988,DianeENavarro@trashymail.com,og1phohPhe,Diane,Navarro,1400 Poplar Chase Lane,Pocatello,ID,83204,MasterCard,5468963130722039,441,5/2016
Thavence,CatherineNHolt@dodgit.com,mahCo8ahgh,Catherine,Holt,1189 Austin Secret Lane,Minersville,UT,84752,MasterCard,5165437131491650,025,6/2017
Sommainly,MarionSLewis@mailinator.com,Quu6eivai3ch,Marion,Lewis,3542 Orchard Street,Webster,MN,55088,MasterCard,5597878034407574,616,8/2014
Filese,RosePBerkman@dodgit.com,WooGas3uCek,Rose,Berkman,2815 Farm Meadow Drive,Nashville,TN,37210,Visa,4556811622007227,738,6/2014
Leme1964,GwendolynRBooth@mailinator.com,Aik0iu5ir5,Gwendolyn,Booth,3044 Sardis Sta,Weatherford,TX,76086,MasterCard,5502790917235887,888,1/2016
Farsitrand67,NancyAMartin@mailinator.com,roojeig2Ph,Nancy,Martin,2568 Rhapsody Street,Gainesville,FL,32601,MasterCard,5195232555788028,496,5/2016
Dingence1984,StephenWHerring@trashymail.com,PheeTh3gek8,Stephen,Herring,2997 Paul Wayne Haggerty Road,Kenner,LA,70065,MasterCard,5360068937025344,393,2/2016
Ding1968,MarionSSilverberg@trashymail.com,Daex2ro0,Marion,Silverberg,4998 Marshville Road,Purdys,NY,10578,MasterCard,5114171484277505,718,8/2014
Absom1948,ElanorDLehner@pookmail.com,Ukah1ieKai,Elanor,Lehner,3704 Driftwood Road,San Francisco,CA,94108,MasterCard,5125461800813027,312,9/2013
Heringre,DorisHFranklin@pookmail.com,iDo0Su2lai,Doris,Franklin,512 Benedum Drive,Saugerties,NY,12477,Visa,4556557958649245,804,8/2013
Littleth,JeffMAllison@mailinator.com,wunoh9Nu,Jeff,Allison,1044 Caldwell Road,Webster,NY,14580,MasterCard,5599371929847425,778,11/2013
Rhou1976,PatDWelke@trashymail.com,aitoh9aeHu,Pat,Welke,1361 Badger Pond Lane,Winter Haven,FL,33830,MasterCard,5313724352412122,065,4/2015
Flonight,BettieECorral@spambob.com,iuQuaixah8Ah,Bettie,Corral,3466 New Street,Medford,OR,97501,MasterCard,5511694828674862,221,6/2014
Equallown,JamieCParker@pookmail.com,haimie1Eseesh,Jamie,Parker,2016 Philli Lane,Gore,OK,74435,Visa,4539395670016985,177,7/2017
Wart1953,FosterAMeyer@pookmail.com,eixieThux0,Foster,Meyer,1213 Hilltop Street,Springfield,MA,01109,MasterCard,5510649132671328,842,6/2015
Freyed,VicenteBEckhardt@pookmail.com,ooDa9eehe0,Vicente,Eckhardt,4313 Holt Street,West Palm Beach,FL,33410,Visa,4485824863404504,632,11/2015
Gines1930,KatherineDDaniel@trashymail.com,Thee4eeS8e,Katherine,Daniel,1836 Fittro Street,Franklin,AR,72536,Visa,4532561702028044,353,4/2017
Youshe,PaulJSundquist@mailinator.com,choG6oiraequ,Paul,Sundquist,2078 May Street,Pineville,KY,40977,Visa,4485693387361809,632,1/2014
Kepon1973,WilliamIHarris@spambob.com,ohze4cae2Oo,William,Harris,859 C Street,Bedford,MA,01730,Visa,4916490775528639,118,2/2014
Marge1967,JaneKBell@mailinator.com,Lofohy9cahzah,Jane,Bell,2355 Bartlett Avenue,Royal Oak,MI,48067,MasterCard,5396345469109169,904,7/2017
Eredis,StewartSGonzalez@mailinator.com,gex7Fuze4,Stewart,Gonzalez,4292 Owagner Lane,Seattle,WA,98121,MasterCard,5324763229402756,949,3/2013
Pitions,LarryALeathers@mailinator.com,Pie0phe0,Larry,Leathers,2915 Old House Drive,Mc Connelsville,OH,43756,MasterCard,5271587504835775,782,2/2014
Thely1944,AmyJOrr@pookmail.com,yae9Haibe,Amy,Orr,2723 Gateway Avenue,Newhall,CA,91321,Visa,4485192176313121,220,4/2013
Abounfire,WillieFPutnam@spambob.com,viiXiel7w,Willie,Putnam,3093 Sycamore Circle,Dallas,TX,75207,MasterCard,5339756633764970,343,12/2016
Heak1934,IraNChacon@mailinator.com,naiz5thuTh,Ira,Chacon,2268 Sun Valley Road,Spokane,WA,99202,MasterCard,5467774488632238,728,12/2017
Deak1929,NancySSpears@dodgit.com,thee3CiuRie,Nancy,Spears,915 Harter Street,Dayton,OH,45407,Visa,4539754728996814,815,6/2016
Anothere,ArthurALynch@pookmail.com,OhH2thaa,Arthur,Lynch,3075 Lonely Oak Drive,Mobile,AL,36693,Visa,4716723827544721,517,3/2014
Spead1973,MilesBStewart@trashymail.com,Eeshokeiv8d,Miles,Stewart,1857 Queens Lane,South Hill,VA,23970,Visa,4539451824974163,446,6/2014
Beenessay,RuthanneTMcGhee@mailinator.com,zie8cha6Ae,Ruthanne,McGhee,2704 Center Avenue,Fresno,CA,93721,Visa,4556761894755294,604,10/2016
Hichatentir,MartiPLindstrom@dodgit.com,Ohrohc3zai9b,Marti,Lindstrom,4670 Simpson Avenue,Lewisberry,PA,17339,MasterCard,5402886761175129,594,7/2014
Prawn1948,KimberlyGCraddock@trashymail.com,eevahzaf4Qu,Kimberly,Craddock,2122 Hurry Street,Fredericksburg,VA,22401,MasterCard,5436191912433737,446,10/2016
Cumeartand,RonaldATsosie@dodgit.com,aPei9aequie,Ronald,Tsosie,3540 Clousson Road,Rosenberg,TX,77471,MasterCard,5580940705836769,903,3/2017
Lings1986,JasonRMcCurdy@pookmail.com,moc3ohDi,Jason,McCurdy,2108 Carolina Avenue,Mcallen,TX,78501,Visa,4929058101237228,891,10/2015
Artaidan,WilliamTJohnson@trashymail.com,aiQu4je5,William,Johnson,2563 Geneva Street,New York,NY,10033,MasterCard,5403279165328479,767,11/2014
Detuabove78,DerrickPRichards@mailinator.com,IJuYaeb5jiequ,Derrick,Richards,2835 Eastland Avenue,Hattiesburg,MS,39401,MasterCard,5160468222067880,906,4/2016
Backad,RoseannJRamirez@spambob.com,io0hooYae,Roseann,Ramirez,1452 Wood Street,Slidell,LA,70458,Visa,4485835417782021,224,3/2015
Nough1959,AliciaLPeterson@pookmail.com,leizohVat2r,Alicia,Peterson,2487 Valley Street,Collingswood,NJ,08108,Visa,4485668244653507,118,5/2016
Abouldercon,AndreaMNoble@spambob.com,ie7Jo6hei,Andrea,Noble,1914 Hamilton Drive,Oxford,MD,21654,Visa,4929734436868636,873,9/2016
Brieser,JeromeRWoods@trashymail.com,vaif4Oodae,Jerome,Woods,205 Rebecca Street,Waukegan,IL,60085,Visa,4539860982412107,305,8/2013
Worgalenly1971,JoseAJones@mailinator.com,thoNg6eiZ,Jose,Jones,2713 Roosevelt Road,Murdock,KS,67111,MasterCard,5380692087889526,977,7/2016
Deadelay,BernettaFHolder@pookmail.com,kuo7jieQu3Ee,Bernetta,Holder,455 Ruckman Road,Oklahoma City,OK,73102,Visa,4532361511786902,509,10/2014
Evendtond1946,RobertLMay@spambob.com,Phae1ohgum,Robert,May,835 My Drive,New York,NY,10011,Visa,4532005159057411,247,12/2013
Thersibley,JoseDWilliams@mailinator.com,bez5Iezo0,Jose,Williams,4629 Wilkinson Court,North Fort Myers,FL,33917,Visa,4532664457819888,460,5/2014
Overst,JohnEWilliams@pookmail.com,Oci0Chaed,John,Williams,2511 Woodridge Lane,Memphis,TN,38128,MasterCard,5590589242619689,805,1/2015
Strons,DanielGMassey@spambob.com,fa0aX8ahC8,Daniel,Massey,4170 Lords Way,Maury City,TN,38050,MasterCard,5142580938007647,043,8/2015
Sittand45,AnnieKMayfield@spambob.com,aiBaich6ae,Annie,Mayfield,3089 White River Way,Salt Lake City,UT,84106,Visa,4539817077771128,467,3/2017
Hommat,StephanieETate@mailinator.com,ooMooxeeR0,Stephanie,Tate,740 Smithfield Avenue,Lubbock,TX,79410,MasterCard,5365831465279616,974,8/2015
Promptiff,FranklinLSmiley@spambob.com,ohye9IeX8,Franklin,Smiley,4758 Dancing Dove Lane,New York,NY,10023,Visa,4556140711100580,704,6/2014
Meable1988,JayAEscobar@spambob.com,Ow4uHuo9ae,Jay,Escobar,3430 Still Street,Marion Township,OH,45840,MasterCard,5489711988080116,745,9/2016
Beardiesuch,RobertMMarvin@spambob.com,Mohwaesh7,Robert,Marvin,4521 Penn Street,Bowling Green,MO,63334,MasterCard,5590201322992669,227,10/2014
Thoung,ChrisMFrank@spambob.com,paeKai9oLah,Chris,Frank,4084 Capitol Avenue,Richmond,IN,47374,MasterCard,5539293704115781,546,2/2016
Flord1930,KatrinaAMotley@pookmail.com,chaPhahxah3,Katrina,Motley,4315 Pinchelone Street,Portsmouth,VA,23707,Visa,4929918395432431,229,12/2014
Butragreake,GalenEStocker@trashymail.com,Eequ4uphae1,Galen,Stocker,1227 Watson Street,Cape May Court House,NJ,08210,MasterCard,5406540079247593,920,10/2013
Bacen1984,RobertSJohnson@mailinator.com,ohf8lieGoh,Robert,Johnson,2404 Stiles Street,Pittsburgh,PA,15201,MasterCard,5536914863326397,376,7/2014
Brokinights,DanMRoberts@mailinator.com,liey4ahMugh,Dan,Roberts,89 Ralph Drive,La Grange,OH,12345,Visa,4556452975012496,674,6/2015
Incery,DonAScott@pookmail.com,taeCh3Veijei,Don,Scott,3440 Rosewood Court,Fairmont,MN,56031,Visa,4929246048142631,286,8/2016
Themphes,AmyAJones@trashymail.com,ahtohNegh5,Amy,Jones,3107 Eagle Lane,Duluth,MN,55802,MasterCard,5555713198165199,055,12/2013
Inizing85,JamesLBrackett@trashymail.com,VeaSo7ohb,James,Brackett,1582 Camden Street,Lovelock,NV,89419,Visa,4556349537890312,740,10/2015
Nuthat57,FosterMRuffner@pookmail.com,IePh9uod5Th,Foster,Ruffner,4776 Beechwood Drive,Columbia,MD,21044,MasterCard,5587879224112349,193,7/2017
Palonted83,DonaldNMabery@trashymail.com,shee0Siewah,Donald,Mabery,2064 Myra Street,Providence,RI,02908,Visa,4929965608700278,671,8/2013
Onswat76,ThomasLDunn@dodgit.com,Ooceiho1P,Thomas,Dunn,2486 Concord Street,Charlotte,NC,28134,Visa,4539476491553982,788,3/2015
Losetto,AnthonyMMcNair@pookmail.com,Nipui7aiyei,Anthony,McNair,1515 Eagles Nest Drive,Sacramento,CA,95814,MasterCard,5531393831415860,212,11/2015
Whord1939,JimmyOBrownell@pookmail.com,AoT1kaiza,Jimmy,Brownell,3448 Stoney Lonesome Road,Warren Center,PA,18851,MasterCard,5344702849293597,410,2/2014
Orge1972,SharonJKelly@trashymail.com,Piequauw1,Sharon,Kelly,4786 Rockford Road,Charlestown,MA,02129,MasterCard,5362298454085854,693,1/2013
Samplim,DeniceMElrod@spambob.com,Zei2buoz0,Denice,Elrod,2228 Tea Berry Lane,Barnes,WI,54873,Visa,4556476259228650,984,9/2017
Whimfoome,TeresaMSmith@pookmail.com,AChae1wai2,Teresa,Smith,537 Tanglewood Road,Moscow,MS,38057,Visa,4929688609065034,925,4/2016
Wifunds,RaulMNorthrop@trashymail.com,Zai9eufaeph,Raul,Northrop,962 Polk Street,Tucson,AZ,85706,MasterCard,5100779748101018,342,10/2013
Uniones45,ZacharyPMcClure@spambob.com,mi1poh7Rai,Zachary,McClure,386 Union Street,Seattle,WA,98121,MasterCard,5205951057440337,013,1/2014
Haudeare,WilliamMAshcraft@pookmail.com,eepi4ohHie,William,Ashcraft,313 Duncan Avenue,Scarsdale,NY,10583,MasterCard,5426625814825872,176,11/2013
Ahmetrigue1957,RaymondAKranz@dodgit.com,xeen1Aic,Raymond,Kranz,3602 North Avenue,Wayne,NE,68787,MasterCard,5560745973568695,408,6/2016
Fachereals,VanessaSPlatt@mailinator.com,jaegiGh7ph,Vanessa,Platt,1298 Southside Lane,El Monte,CA,91731,MasterCard,5513816926399757,379,12/2016
Tretat52,BarbaraMHyman@trashymail.com,zaCh9sheej,Barbara,Hyman,3025 O Conner Street,Biloxi,MS,39531,MasterCard,5360958959079213,801,7/2014
Affeard,RitaWRogers@trashymail.com,ReeF9ooh5ei,Rita,Rogers,3752 Nickel Road,Los Angeles,CA,90017,MasterCard,5441868276979115,338,11/2017
Thereves,AndrewBOwens@dodgit.com,Ibu2AiSa,Andrew,Owens,487 Chicago Avenue,Dinuba,CA,93618,MasterCard,5386052954744102,312,3/2014
Thakildis,PatrickMCorning@dodgit.com,lee6Pangai,Patrick,Corning,2096 Twin Oaks Drive,Bellaire,MI,49615,Visa,4532872773324349,750,8/2016
Dected,RogerMWhite@spambob.com,ohn1aeR5,Roger,White,3880 Midway Road,Booneville,AR,72927,Visa,4916432143760155,730,7/2016
Natte1956,ArthurSMunsey@trashymail.com,aekooH2ie,Arthur,Munsey,41 Oakmound Road,Chicago,IL,60657,Visa,4539605931824021,264,10/2013
Theings,PamelaCJarvis@pookmail.com,ainah1Owei,Pamela,Jarvis,178 Thompson Drive,Oakland,CA,94612,MasterCard,5125817338360171,825,6/2014
Wasseepard1977,HeatherTWilkinson@trashymail.com,vaik8yeeQu,Heather,Wilkinson,3294 Rainy Day Drive,Boston,MA,02114,MasterCard,5253263447432243,055,4/2017
Invuld,CatherineAWalker@trashymail.com,iwat6uoKeiph,Catherine,Walker,4977 Vine Street,Arlington Heights,IL,60005,MasterCard,5285402772477249,071,2/2014
Therfuriour,JamesCMiller@pookmail.com,Anguthai5ae,James,Miller,1759 Straford Park,Lexington,KY,40505,Visa,4716598814807756,419,2/2014
Essm1970,TeresaRToohey@mailinator.com,Shooh8tohY,Teresa,Toohey,4503 Dale Avenue,Seattle,WA,98109,Visa,4539634474180799,009,3/2014
Soms1962,RebecaNWilliams@spambob.com,Ait8tietheh,Rebeca,Williams,1030 Science Center Drive,Spokane,ID,99201,Visa,4485862620333913,190,6/2014
Tived1954,RobertSWoods@dodgit.com,Maa9FohQu3a,Robert,Woods,2520 Buck Drive,Kearns,UT,84118,Visa,4539707647974957,790,4/2013
Prourn,InellCParadis@dodgit.com,eth6Unah,Inell,Paradis,3796 Hayhurst Lane,Pontiac,MI,48342,Visa,4485753260449426,560,7/2016
Therret,JacquelineAWard@mailinator.com,fah2Uo1l,Jacqueline,Ward,1294 Highland View Drive,West Sacramento,CA,95691,MasterCard,5380167666607474,740,5/2016
Thistor,AnthonyDSoutherland@mailinator.com,ahZ9oe3Ho,Anthony,Southerland,1152 Ford Street,San Jose,CA,95113,Visa,4539054749789326,545,4/2014
Beill1932,RichardJTucker@trashymail.com,ohHahY9h,Richard,Tucker,3791 Elm Drive,New York,NY,10021,Visa,4929335212517098,381,11/2013
Heyese,JennyASawyers@trashymail.com,voitheeSe2,Jenny,Sawyers,2920 Echo Lane,Benton Harbor,MI,49022,MasterCard,5416042125783786,616,4/2015
Pulded40,RobertGLee@trashymail.com,ahBeemee8,Robert,Lee,2057 Beeghley Street,Gatesville,TX,76528,Visa,4532430094588363,288,5/2016
Takis1956,DavidLMorris@spambob.com,ohzu3Jie,David,Morris,1912 Bolman Court,Springfield,IL,62701,Visa,4485369711257936,938,1/2013
