Username,EmailAddress,Password,GivenName,Surname,StreetAddress,City,State,ZipCode,CCType,CCNumber,CVV2,CCExpires
Ligem1963,RamonLMossman@dodgit.com,aecooyie4Ah,Ramon,Mossman,955 Crestview Manor,Indianapolis,IN,46241,MasterCard,5497074404381919,367,10/2013
Dulthichuraw,LoraineFBoothe@dodgit.com,ood2Aesh,Loraine,Boothe,3010 Rainbow Road,Los Angeles,CA,90014,Visa,4929578537720406,673,1/2013
Suptiele,AliceFBedford@pookmail.com,aiHoosh7Ohx,Alice,Bedford,2093 Whaley Lane,New Berlin,WI,53151,Visa,4556241159618891,049,10/2013
Theman,DonaldTKeech@dodgit.com,eiM8ievee3,Donald,Keech,1318 Russell Street,Concord,MA,01742,MasterCard,5171108295595550,081,12/2017
Occonever,IrisMFarr@mailinator.com,Diphai3th,Iris,Farr,2497 Renwick Drive,Philadelphia,PA,19103,MasterCard,5203270188590494,859,9/2013
Linsom,ClydeMBurge@pookmail.com,Ohdei4eesh,Clyde,Burge,980 Callison Lane,Newark,DE,19711,Visa,4916475842240151,443,5/2015
Imsexprow,GlennMMichaud@mailinator.com,mouvoi2Ri,Glenn,Michaud,2046 Horner Street,Youngstown,OH,44503,Visa,4556525509896987,866,5/2014
Wagemsed,DonnaDSparling@pookmail.com,oop1aZ9ail0,Donna,Sparling,4728 Aspen Court,Boston,MA,02107,Visa,4916215668293177,579,7/2016
Thenothe52,BenjaminMBradford@pookmail.com,ooGhieg8v,Benjamin,Bradford,35 Short Street,Austin,TX,78723,MasterCard,5449591211653718,254,7/2015
Sathect,BenjaminCMcBee@mailinator.com,jeemooGei6,Benjamin,McBee,3565 Mount Street,Bay City,MI,48706,Visa,4532036682610293,439,9/2013
Fonumene,CynthiaCMiranda@spambob.com,ieYa7reiyu,Cynthia,Miranda,967 Khale Street,Chesterfield,SC,29709,Visa,4716248371644693,185,9/2016
Gazated,MatildaRGipson@trashymail.com,vu5Ien3ai,Matilda,Gipson,2812 Wood Duck Drive,Iron Mountain,MI,49801,Visa,4929514088282611,690,3/2015
Jume1959,RobertMVillanueva@mailinator.com,eeQu2che,Robert,Villanueva,4367 Skinner Hollow Road,Days Creek,OR,97429,Visa,4485678981986630,386,9/2016
Fropecter,EileenTFierro@dodgit.com,eix8iaSoo,Eileen,Fierro,1648 Clement Street,Atlanta,GA,30342,Visa,4929946814144022,317,4/2016
Gooffe,FredSBaker@mailinator.com,oiS6eeGh7,Fred,Baker,732 Brighton Circle Road,St Cloud,MN,56301,MasterCard,5407961645658122,649,8/2013
Butiournin,MatthewSBarcia@mailinator.com,za9ooMeih,Matthew,Barcia,334 Walt Nuzum Farm Road,Castile,NY,14427,Visa,4539795201990840,775,11/2013
Toordon,CalvinMTejada@dodgit.com,gualade4Xoo,Calvin,Tejada,1087 Oliver Street,Frisco,TX,75034,Visa,4929454641654800,414,1/2017
Wareat,MatthewCEngel@dodgit.com,tiu8Iequei,Matthew,Engel,2562 Ruckman Road,Oklahoma City,OK,73162,Visa,4556279599946407,655,1/2016
Froin1971,WandaNKimbrough@trashymail.com,DahC0Oon4ai,Wanda,Kimbrough,3415 Lakeland Terrace,Taylor,MI,48180,MasterCard,5390013606297455,534,4/2017
Thro1929,MildredVCabe@mailinator.com,dieh2Aigh,Mildred,Cabe,1737 Ruckman Road,Oklahoma City,OK,73113,Visa,4539553548038496,838,5/2017
Ortabow,DianeKLewis@trashymail.com,thoh5uoVaej,Diane,Lewis,2351 Apple Lane,Holdrege,NE,68949,Visa,4485120465323378,876,3/2015
Humbeas38,CharlesLCook@pookmail.com,AiXeegah6ee,Charles,Cook,638 Westwood Avenue,Hicksville,NY,11612,MasterCard,5466197406865642,222,4/2017
Hentle,ThomasSJones@trashymail.com,yi2ohNg8m,Thomas,Jones,823 Center Avenue,Fresno,CA,93721,Visa,4929874064174921,540,2/2017
Wens1936,RobertJAshcroft@pookmail.com,ausahK6ee,Robert,Ashcroft,4200 Red Hawk Road,Saint Cloud,MN,56301,Visa,4556517187570737,531,3/2015
Youltas,FrancesARobertson@spambob.com,vahjiV2Lie,Frances,Robertson,328 Woodridge Lane,Mason,TN,38049,MasterCard,5431488481121767,790,1/2014
Hustiles,RobertERucker@trashymail.com,aiv4Aiphuz,Robert,Rucker,1842 Willison Street,Wayzata,MN,55391,MasterCard,5305548512252536,994,4/2014
Thermly,SharlaRBarnes@pookmail.com,gaeNohd9eb,Sharla,Barnes,2347 Nickel Road,City Of Commerce,CA,90040,MasterCard,5450055729736676,596,12/2014
Brimmould,KristinSThompson@spambob.com,focoov0Oh,Kristin,Thompson,428 Rosebud Avenue,Viola,AR,72583,Visa,4916341371672422,905,12/2013
Residuchathe1970,NancySDias@pookmail.com,gaeW8eeloh,Nancy,Dias,4639 Emerson Road,Alexandria,LA,71302,MasterCard,5259445663336232,750,11/2014
Eflete,LesliePMcIntosh@mailinator.com,Os0uphaiki,Leslie,McIntosh,726 Pritchard Court,Worthington,MN,56187,MasterCard,5336661737037484,315,8/2013
Complew,BrianPHobbs@spambob.com,zeugee0S,Brian,Hobbs,3693 Sunny Day Drive,Santa Ana,CA,92705,MasterCard,5568146274636814,652,7/2014
Canuttle,RhondaDNecaise@mailinator.com,eSe8qua7ai,Rhonda,Necaise,4551 Jessie Street,Kingston,OH,45644,MasterCard,5402715813248644,361,7/2013
Maret1984,JesusMCraven@mailinator.com,aC8raey6Quie,Jesus,Craven,1227 Pin Oak Drive,Long Beach,CA,90815,Visa,4929076561390733,554,6/2017
Eank1941,HenryJKraemer@pookmail.com,IeRai5Aib4,Henry,Kraemer,2243 Winding Way,Providence,RI,02904,MasterCard,5161719711444587,681,5/2015
Facepow,JenniferFWickman@trashymail.com,xae5Aethai,Jennifer,Wickman,1028 Scott Street,Chester,NY,10918,Visa,4539601890166959,774,12/2015
Maject,AlbertTFernandez@spambob.com,Chook1ir7,Albert,Fernandez,609 Rhapsody Street,Chassahowitzka,FL,32647,Visa,4929296536976917,139,3/2016
Vaid1972,DanitaRSzabo@pookmail.com,Eiphoo3ae,Danita,Szabo,698 Fairfield Road,Kenosha,WI,53140,MasterCard,5168992542928648,426,8/2014
Mente1969,CharlesJJones@pookmail.com,ahSh8geeg0oo,Charles,Jones,2299 Lowes Alley,Columbus,OH,43215,MasterCard,5150432141321531,472,2/2015
Heyese1928,NedAWallace@trashymail.com,yeo9eeXai,Ned,Wallace,174 Still Pastures Drive,Columbia,SC,29201,Visa,4916940645319833,826,10/2014
Thewene,AlbertoJShockley@spambob.com,chi2ii1Aigh,Alberto,Shockley,2123 Tenmile Road,Waltham,MA,02154,Visa,4929005451200108,400,4/2013
Conflims,MichaelAJimenez@mailinator.com,heR0aequee,Michael,Jimenez,1811 John Daniel Drive,Manchester,MO,63011,MasterCard,5323504865871636,647,2/2013
Guitterotice,PatsyDBrunson@trashymail.com,ohgh1Phei,Patsy,Brunson,4596 Stoney Lane,Richardson,TX,75081,Visa,4539594784503173,775,11/2015
Wastat,DerrickCRice@dodgit.com,Ahhohlee1Wie,Derrick,Rice,439 Shinn Avenue,Crafton,PA,15205,Visa,4532132271878134,967,6/2013
Tromis,CarlEPriester@trashymail.com,xoogi8Oo,Carl,Priester,3638 Horseshoe Lane,Portland,PA,97205,MasterCard,5204572145742293,566,1/2017
Obse1982,JettieMMoss@dodgit.com,heichoh8AN,Jettie,Moss,2390 Bee Street,Grand Rapids,MI,49503,Visa,4532967258976629,707,10/2013
Huren1927,CharityHEstrada@dodgit.com,Aey7Eika,Charity,Estrada,2586 Kimberly Way,Grand Rapids,MI,49546,MasterCard,5342703482266934,312,11/2016
Hompsed,TeresaDLucas@mailinator.com,iy0He3Ye,Teresa,Lucas,337 Stark Hollow Road,Haxtun,CO,80731,Visa,4539517692537215,134,3/2015
Wifeeminly,JennyJStafford@dodgit.com,chaebeVe7Nah,Jenny,Stafford,1080 Twin House Lane,Noel,MO,64854,MasterCard,5590760156891198,027,5/2013
Withis1951,MatthewSCobbs@trashymail.com,Boo6Chah9,Matthew,Cobbs,4438 Hope Street,Tigard,OR,97223,Visa,4539216135869786,416,4/2015
Allontention,MollieFCamp@spambob.com,eaxuSh5choh,Mollie,Camp,2867 Hummingbird Way,Boston,MA,02110,Visa,4485840116956884,290,1/2016
Thentoa,ElizabethTMobley@trashymail.com,oNg3enga,Elizabeth,Mobley,3046 Shinn Street,New York,NY,10029,Visa,4716015631153975,738,1/2014
Abouldis,JosieVJensen@mailinator.com,Jae2Rahyam,Josie,Jensen,4721 Frank Avenue,Hatfield,MA,01038,Visa,4556493123802644,076,2/2014
Berighbour1981,StephanieWBarras@dodgit.com,Tae8OoFah,Stephanie,Barras,2739 Dark Hollow Road,Stoughton,WI,53589,Visa,4929021829620562,312,9/2015
Incion1942,LeolaNLe@pookmail.com,IeXei7ie,Leola,Le,4709 Lena Lane,Taylorsville,MS,39168,MasterCard,5435815643074946,326,9/2016
Congs1960,PaulineRMartz@pookmail.com,rei7wahT9,Pauline,Martz,2357 Laurel Lane,Sanderson,TX,79848,MasterCard,5235446463490673,797,2/2017
Uselp1993,GreggMRobison@mailinator.com,Aichogh2,Gregg,Robison,2995 Cessna Drive,Fort Wayne,IN,46802,MasterCard,5502321807165495,161,1/2015
Nathe1963,JohnKHatten@spambob.com,Phah2iMei,John,Hatten,2416 Sigley Road,Lawrence,KS,66044,MasterCard,5169333756062379,122,8/2015
Namintaid,EasterCBurns@pookmail.com,ooVa7chie,Easter,Burns,1940 Broadcast Drive,Reston,VA,22091,Visa,4716338125074162,117,11/2016
Gramptude,MelissaRTucker@trashymail.com,eib6The4pee,Melissa,Tucker,1178 Chapel Street,Sugar Land,TX,77487,Visa,4539561749109693,978,5/2014
Thout1972,MarvinKSweeny@pookmail.com,cae8xi1B,Marvin,Sweeny,3920 Asylum Avenue,Cheshire,CT,06410,MasterCard,5255164503895976,834,4/2015
Withestable,PatriciaJSellers@spambob.com,aiquiiB9Ie,Patricia,Sellers,1014 Woodridge Lane,Memphis,TN,38127,Visa,4716686575094886,892,2/2016
Anksembefuld1993,JanetDMartinez@spambob.com,xi2OhFai2ah,Janet,Martinez,4605 Christie Way,Danvers,MA,01923,Visa,4916247623604511,166,7/2014
Vesomply,JeanneDPruett@dodgit.com,bi4Ohlae8,Jeanne,Pruett,334 Collins Street,Tampa,FL,33614,Visa,4556138253020737,077,6/2016
Agoo1935,JasminSHill@trashymail.com,aiYai6Xe,Jasmin,Hill,3807 Rinehart Road,Miami,FL,33179,MasterCard,5169082412121554,678,3/2017
Exper1942,RonnieTBearce@dodgit.com,utheodooK3,Ronnie,Bearce,2547 Benson Park Drive,Oklahoma City,OK,73109,Visa,4556256277097323,144,4/2014
Trieste,BrittneyWWeber@dodgit.com,Ovef9uuGh,Brittney,Weber,4193 Mill Street,Greenville,SC,29601,Visa,4485562450254029,055,3/2013
Beld1963,ClaudiaMFitzgerald@dodgit.com,geirae8uGha,Claudia,Fitzgerald,1960 Milford Street,Chichester,NH,03263,Visa,4929153719635127,342,3/2017
Theyel,DavidGTucker@dodgit.com,eevuiXoo3ie,David,Tucker,4657 Big Elm,Overland Park,MO,64110,Visa,4916818809127194,543,12/2014
Prosis,StephenMGrubb@spambob.com,Ietae8iengo,Stephen,Grubb,585 Reel Avenue,Las Cruces,NM,88001,MasterCard,5220852458701288,161,4/2014
Shicke52,RichardNJones@trashymail.com,leePh3kee7,Richard,Jones,985 Allison Avenue,Norfolk,VA,23502,Visa,4485367547250034,025,9/2017
Ingeng,ShannonJPacheco@pookmail.com,Mai9Ohzae,Shannon,Pacheco,3928 Gandy Street,Auburn,NY,13021,Visa,4916515559242740,102,11/2016
Fixecition,JeremyBParker@dodgit.com,yohy9Le4iegh,Jeremy,Parker,4886 Wiseman Street,Gatlinburg,TN,37738,MasterCard,5325144925285796,882,2/2014
Eatigninge1945,JoannVHayes@trashymail.com,bohJ3Ushah2,Joann,Hayes,393 Hilltop Haven Drive,Passaic,NJ,07055,Visa,4916245218349534,992,11/2013
Histell,TheresaMMinter@mailinator.com,De7uifooNgie,Theresa,Minter,2820 Willison Street,Columbus,GA,31901,Visa,4929364916089493,344,4/2013
Exion1970,JamieDRose@spambob.com,li8Baimoh,Jamie,Rose,300 Long Street,Ocala,FL,34471,MasterCard,5233291582662196,279,2/2016
Mined1982,RubyLJohnson@mailinator.com,eiz6eShae,Ruby,Johnson,3282 Monroe Street,Houston,TX,77063,Visa,4485784188846013,376,1/2016
Satterign,CoreyPThompson@trashymail.com,ahnohBaoV7ch,Corey,Thompson,1607 South Street,Danville,VA,24540,MasterCard,5447913096570498,826,2/2016
Comand,GrahamJBrown@pookmail.com,teyoh0Fee,Graham,Brown,545 Rodney Street,O Fallon,MO,63366,MasterCard,5557555490385290,486,3/2014
Sairt1957,CalvinMMcLaughlin@spambob.com,Ohyea9Ax6A,Calvin,McLaughlin,311 Sundown Lane,Elgin,TX,78621,Visa,4929743667461292,176,6/2017
Humque,MaryDScott@trashymail.com,yieChoo8ei,Mary,Scott,4260 Hornor Avenue,Tulsa,OK,74120,Visa,4929771446368009,109,8/2016
Rosed1951,MikeOColeman@dodgit.com,chai0Ku0ug,Mike,Coleman,4349 Elkview Drive,Hialeah,FL,33012,Visa,4716826779624662,902,1/2017
Dayinceds,JohnKPittman@trashymail.com,Ohph6ohshee,John,Pittman,3050 Hood Avenue,San Diego,CA,92128,Visa,4556277801233267,063,8/2013
Aforessind,JudithRTrojanowski@spambob.com,eefae9Oh,Judith,Trojanowski,1721 Duke Lane,Piscataway,NJ,08854,MasterCard,5346520455691344,972,7/2014
Howboys,ConstanceRKaspar@pookmail.com,sieg8ho0Oh,Constance,Kaspar,1446 Roy Alley,Greenwood Village,CO,80111,MasterCard,5184518465329686,359,4/2014
Knowell,FlorenceHClark@dodgit.com,UoLei2Pha2v,Florence,Clark,3991 Olive Street,Fort Recovery,OH,45846,Visa,4539308475954078,911,9/2013
Thera1957,MichaelDStanley@pookmail.com,yahhiS3d,Michael,Stanley,358 Elk Street,Los Angeles,CA,90017,Visa,4929342143869648,790,10/2017
Hasexce,LyndaWArmstrong@pookmail.com,ooQu4meeCoh,Lynda,Armstrong,1497 Green Gate Lane,Baltimore,MD,21202,Visa,4539318166356251,418,6/2016
Beflue,LauraCHartman@spambob.com,leeZ8aefoch,Laura,Hartman,4118 Ferguson Street,Marlboro,MA,01752,Visa,4916623903714750,103,7/2017
Mearronsid1975,LisaKRoss@pookmail.com,toZ0choQuies,Lisa,Ross,297 High Meadow Lane,Olyphant,PA,18447,MasterCard,5556286567731197,326,6/2013
Trae1985,RichardPSmiley@trashymail.com,ooR1ieneephe,Richard,Smiley,3178 Fieldcrest Road,Huntington,NY,11743,Visa,4532969900860805,999,7/2013
Andming,AllegraBSmalls@pookmail.com,Achoo0eishoh,Allegra,Smalls,1758 Haul Road,Eagan,MN,55121,MasterCard,5229596788827005,490,7/2014
Hurpres,NigelCStetler@mailinator.com,AiPae2vuay4,Nigel,Stetler,260 Hartway Street,Aberdeen,SD,57401,MasterCard,5492618307903099,459,4/2016
Nobece,SteveMBaxter@trashymail.com,Aeroo2Ie,Steve,Baxter,33 Pinchelone Street,Virginia Beach,VA,23452,MasterCard,5307161171952962,167,10/2015
Youring,LizaABrown@dodgit.com,juGaelai4yah,Liza,Brown,4580 Post Farm Road,Duluth,GA,30097,Visa,4916553205290417,392,11/2015
Grops1944,RodgerCBennett@dodgit.com,ia7iYoh8Ah,Rodger,Bennett,181 Wright Court,Seattle,WA,98101,Visa,4485858538868495,760,3/2016
Hemen1939,PaulPWilliams@mailinator.com,Ti1aeyoh7,Paul,Williams,3990 Wyatt Street,West Palm Beach,FL,33411,MasterCard,5453200704634168,741,7/2016
Yoursider,CandaceEBehr@trashymail.com,Eujeeg2uuqu,Candace,Behr,1531 Rivendell Drive,Akron,OH,44312,Visa,4929527659115176,590,2/2014
Paver1966,VictoriaDPhillips@pookmail.com,faas7Omegh,Victoria,Phillips,775 Emma Street,Hale Center,TX,79041,MasterCard,5160390015327026,752,4/2016
Affe1959,JillRAlexander@pookmail.com,Aes7eing,Jill,Alexander,1288 Bombardier Way,Livonia,MI,48150,Visa,4485424966877431,415,5/2017
Janct1952,LenaLGoodwin@mailinator.com,cuaSo7elu3,Lena,Goodwin,4804 Lady Bug Drive,Bronx,NY,10459,MasterCard,5469013864899493,307,2/2017
Goiderink,CarolELawson@pookmail.com,iey6uuwaRae,Carol,Lawson,3140 Roosevelt Street,Oakland,CA,94612,MasterCard,5574280305069604,451,4/2016
Happely,JoanieJMcCoy@mailinator.com,eetieyee6W,Joanie,McCoy,3418 Hillside Drive,West Roxbury,MA,02132,Visa,4556634696839485,127,2/2015
Solkill,MichaelJWinstead@spambob.com,Oev1cigh1ae,Michael,Winstead,995 Elk Rd Little,Tucson,AZ,85701,Visa,4916857060194246,827,8/2015
Muscappend1961,LauraKDiaz@spambob.com,Meshu4Iig,Laura,Diaz,2110 Woodside Circle,Panama City,FL,32401,Visa,4539261605676832,600,9/2017
Hestake,PearlCBrandt@dodgit.com,pho4aiDaph,Pearl,Brandt,2171 Hillhaven Drive,Bellflower,CA,90706,Visa,4929958932080723,894,10/2013
Crimpting,CatherineWShafer@pookmail.com,ahy8aefaiCh,Catherine,Shafer,198 Cody Ridge Road,Lawton,OK,73501,MasterCard,5310691016593279,296,7/2015
Nestandmand,ChristinaDFair@mailinator.com,Le9eeh9sae,Christina,Fair,92 Walt Nuzum Farm Road,Batavia,NY,14020,Visa,4532081682609663,236,10/2016
Soome1968,WilfordJHaggerty@dodgit.com,eo0Meeg7z,Wilford,Haggerty,4258 Liberty Street,Dallas,TX,75247,MasterCard,5392538360405249,384,12/2017
Hing1932,LatashaJGiles@spambob.com,Eizaixohm7,Latasha,Giles,4686 Maxwell Street,Hartford,CT,06103,MasterCard,5571586062815861,976,3/2015
Reflonch,RobertJDuran@spambob.com,Coogh6Emo,Robert,Duran,4088 Tator Patch Road,Burr Ridge,IL,60527,Visa,4485687765431994,145,7/2013
Magery,IvanNChadwick@trashymail.com,thuZuuzee6If,Ivan,Chadwick,2534 Timber Ridge Road,Sacramento,CA,95814,Visa,4556963550483167,257,1/2017
Smonstake,FrankBCoppa@mailinator.com,ieJahpuek5ae,Frank,Coppa,440 Tree Top Lane,Plymouth Meeting,PA,19462,MasterCard,5483451424743706,228,8/2013
Licapeng,NanetteJSherman@spambob.com,Wai5phaL,Nanette,Sherman,880 Lodgeville Road,Minneapolis,MN,55402,MasterCard,5283923949343578,534,7/2014
Whisis,OliviaKFisher@mailinator.com,ieGamoobae9,Olivia,Fisher,977 American Drive,Haddonfield,NJ,08033,MasterCard,5425168683769484,034,5/2015
Golou1984,HaroldNYu@dodgit.com,uWaif6chiche,Harold,Yu,1434 Duncan Avenue,Huntington,NY,11743,MasterCard,5483105765290012,241,8/2016
Owlening,JamesHTsan@pookmail.com,aegohN3koo,James,Tsan,2016 Fidler Drive,San Antonio,TX,78229,Visa,4716523845379302,542,6/2014
Dayere,GlenTRife@pookmail.com,Egijoo7th,Glen,Rife,3229 Brentwood Drive,Liberty Hill,TX,78642,MasterCard,5442066563133053,640,11/2017
Wariuld,KathleenLRodriguez@dodgit.com,Hoh4coov9ai,Kathleen,Rodriguez,4304 Scenicview Drive,Tukwila,WA,98168,MasterCard,5502655605414807,921,2/2013
Witimpet,BradleyPWilson@trashymail.com,chah4vuz7Oe,Bradley,Wilson,512 Arthur Avenue,Freeport,IL,61032,MasterCard,5462534953397625,518,11/2016
Trin1986,RonaldDRaines@spambob.com,oilohtee1Ae,Ronald,Raines,2127 Summit Park Avenue,Southfield,MI,48075,MasterCard,5116725012554566,237,10/2016
Noblits,MillardNGragg@spambob.com,peiJee2Shi,Millard,Gragg,3076 Mount Street,Alma,MI,48801,MasterCard,5470189146448197,739,10/2015
Waystand,CarlosMBolinger@mailinator.com,RaiN5eeMee,Carlos,Bolinger,1505 Harrison Street,San Rafael,CA,94909,MasterCard,5292468356325691,829,10/2015
Youslovis,LewisJCanty@mailinator.com,Ahc4Ui1iew2,Lewis,Canty,3089 Oak Avenue,Vernon Hills,IL,60061,MasterCard,5594140206736030,109,8/2013
Ciss1965,BrandonKVolker@pookmail.com,ooyien2om6Ch,Brandon,Volker,2478 Morris Street,Fredericksburg,TX,78624,Visa,4556887387330970,159,4/2016
Obscou,LisaDMcCracken@mailinator.com,Eexoh7waph,Lisa,McCracken,1785 Clover Drive,Colorado Springs,CO,80903,Visa,4556189383253821,597,5/2013
Quan1930,DeloresMScott@mailinator.com,eig6sha9L,Delores,Scott,4637 Tully Street,Dearborn,MI,48124,MasterCard,5552615117157699,127,2/2013
Yead1932,PatDLangston@spambob.com,iBai3Dohw,Pat,Langston,472 Juniper Drive,Saginaw,MI,48607,Visa,4539448498618852,864,9/2015
Scollwas,TomKMcGhee@spambob.com,ohch9iTh9,Tom,McGhee,3571 Harter Street,Urbana,OH,43078,MasterCard,5564721708577034,464,7/2017
Coutered,NicoleFEscobar@spambob.com,tu5queiY8,Nicole,Escobar,2062 Five Points,Columbia,MD,21046,Visa,4916204522140014,323,11/2016
Litarly,ElizabethTHoch@mailinator.com,Aikaic3chu8ie,Elizabeth,Hoch,132 Saint Francis Way,Hartland,WI,53029,MasterCard,5417813217103185,432,7/2017
Prosevorce,KarenJDykema@pookmail.com,aeZuR3feev,Karen,Dykema,1897 Jarvisville Road,Adrian,MI,49221,Visa,4716201494942452,032,3/2014
Vally1954,DennisJNurse@trashymail.com,eiY4dei5soh,Dennis,Nurse,282 Hall Street,Las Vegas,NV,89108,MasterCard,5107306226428086,085,3/2014
Upast1983,GeorgeABoard@dodgit.com,ahqu3Ahdoo,George,Board,3366 Ingram Street,Dayton,OH,45402,Visa,4532640827012867,612,4/2017
Frouths,RobertaEPlatz@trashymail.com,ooYai2uch5Ei,Roberta,Platz,2706 Coplin Avenue,Phoenix,AZ,85034,Visa,4532192693593653,157,1/2017
Paracouls,TrevorHFields@dodgit.com,Nahn5eem8ie,Trevor,Fields,1346 Stockert Hollow Road,Lynnwood,WA,98036,Visa,4916253841823024,215,6/2015
Formselly,ElaneJRandolph@dodgit.com,bohl4Eiph,Elane,Randolph,2271 Bedford Street,Birmingham,AL,35203,Visa,4916684817962000,814,7/2013
Facconly,LynseyAMascarenas@trashymail.com,Ue3Eisiso,Lynsey,Mascarenas,3570 Broadway Avenue,Johnson City,TN,37601,Visa,4485916771512053,271,3/2014
Layme1990,BruceLSmith@dodgit.com,eiWee5Aiph,Bruce,Smith,2008 Briarwood Road,Monett,MO,65708,MasterCard,5278267805746426,183,1/2016
Forad1965,EnriqueEKuhns@dodgit.com,nohg7zaCie,Enrique,Kuhns,298 Hart Ridge Road,Grand Rapids,MI,49503,MasterCard,5252261141442881,235,6/2017
Theager92,JacquelineKSchild@mailinator.com,Bu6luwohj2,Jacqueline,Schild,2947 Lowes Alley,Columbus,OH,43215,Visa,4539185044072461,041,3/2017
Thithe1927,HollyJCastro@pookmail.com,pe6Quaege,Holly,Castro,3412 Harley Brook Lane,State College,PA,16803,Visa,4916959100971946,338,8/2017
Momp1955,AbeRFaust@dodgit.com,phoshong3feV,Abe,Faust,597 White Avenue,Corpus Christi,TX,78476,MasterCard,5224504365351733,926,6/2015
Gaver1943,TimothyVBrackett@trashymail.com,Leig6aet1d,Timothy,Brackett,1235 Richison Drive,Forsyth,MT,59327,Visa,4916808423165118,463,1/2016
Whousens,MarkCGabriel@dodgit.com,ePhex2xoo,Mark,Gabriel,1566 Turkey Pen Road,New York,NY,10016,MasterCard,5466075290772696,447,2/2017
Plaricany1936,FrancesDSmith@dodgit.com,Veb5uneep,Frances,Smith,3045 Corpening Drive,Pontiac,MI,48342,Visa,4532099041138307,507,6/2014
Sweld1933,KimberlyJLiddell@trashymail.com,johm8phe1Sh,Kimberly,Liddell,3737 Pleasant Hill Road,Los Angeles,CA,90017,MasterCard,5168872937465325,194,2/2015
Anderpried,VirgilJNance@mailinator.com,naepeeP5e,Virgil,Nance,1630 Lunetta Street,Siesta Key,FL,34242,Visa,4532537653134635,328,2/2017
Mycrally,MarionEPinero@dodgit.com,aeb0Ech0,Marion,Pinero,2899 Frum Street,Nashville,TN,37201,Visa,4539280538760067,558,10/2014
Frowleall,RhodaMHarris@spambob.com,eiya8yeeT,Rhoda,Harris,629 Owagner Lane,Seattle,WA,98119,Visa,4916358374299482,798,8/2015
Lationd67,CatherineCThomas@dodgit.com,Phep2siew,Catherine,Thomas,415 Commerce Boulevard,Lincoln,NE,68501,Visa,4556755716384192,852,3/2016
Hercerays,DaleSKugler@pookmail.com,Hahmiaqu5,Dale,Kugler,1692 Keyser Ridge Road,Greensboro,NC,27401,Visa,4929686951578745,261,9/2016
Thamen,KatiaACarlson@mailinator.com,Ohn6fae2ae,Katia,Carlson,2548 Hidden Meadow Drive,Edmore,ND,58330,Visa,4716161680339113,860,9/2017
Deversere88,BeverlyESoares@dodgit.com,goo1seeLu7a,Beverly,Soares,2854 Breezewood Court,Wichita,KS,67202,Visa,4539995148002960,475,3/2013
Thaus1956,JohnLWells@pookmail.com,oi5aiY6ai,John,Wells,1269 Clair Street,Morgan,TX,76671,Visa,4556075394037818,385,9/2017
Ideprosed,VanessaKParker@mailinator.com,aec6see0Woh,Vanessa,Parker,4673 Maxwell Street,Stamford,CT,06902,MasterCard,5566628436829694,563,2/2015
Undich,LauraJHamilton@pookmail.com,suseB6wa,Laura,Hamilton,235 Vineyard Drive,Elyria,OH,44035,Visa,4485493291031998,871,12/2013
Rether,MamieLEvans@pookmail.com,Woh2ohnahsh,Mamie,Evans,4004 Harley Vincent Drive,Cleveland,OH,44113,MasterCard,5253859741552022,090,5/2015
Makee1976,LisaLBaxter@dodgit.com,Le5ojeimae9,Lisa,Baxter,1331 Trails End Road,Hollywood,FL,33023,MasterCard,5175852661149205,463,11/2015
Thaddle,DemetriusDJones@trashymail.com,neir7bae1AC,Demetrius,Jones,4648 University Hill Road,Mattoon,IL,61938,MasterCard,5323639987324153,565,2/2015
Beint1936,TonyKLopez@trashymail.com,euTheeh3ae,Tony,Lopez,1047 Cecil Street,Chicago,IL,60605,Visa,4485611617010129,233,8/2015
Betteramer,StephanieKIkner@dodgit.com,cae8Tu2oht,Stephanie,Ikner,1145 Walton Street,Salt Lake City,UT,84104,Visa,4929551559514106,806,1/2014
Somematim,AlexMSpringer@trashymail.com,eiZoo4jii,Alex,Springer,4264 Clarence Court,Rancho Cucamonga,CA,91730,MasterCard,5553026726974004,751,9/2017
Beste1947,PatrickHBohner@mailinator.com,aiS0Feeph,Patrick,Bohner,3678 Amethyst Drive,Lansing,MI,48933,MasterCard,5368342134462192,139,10/2014
Tairse,CarolKHassinger@trashymail.com,eng0IVeoYai,Carol,Hassinger,4011 Romrog Way,Kearney,NE,68847,Visa,4539378126137530,475,2/2014
Grins1943,BrianSStewart@mailinator.com,yae6wahGh,Brian,Stewart,4476 White Lane,Fort Smith,AR,72901,MasterCard,5425319272065384,758,7/2016
Thatualle,VanessaALuna@pookmail.com,dah7ohXoo,Vanessa,Luna,1659 Pinnickinnick Street,Lavallette,NJ,08752,MasterCard,5219213705913163,118,3/2016
Hathead,FrankIEnglish@pookmail.com,aeFaeph1,Frank,English,1640 Moore Avenue,Dallas,TX,75247,MasterCard,5377134144837045,074,11/2016
Gonvegred,CourtneyWHenry@trashymail.com,Ao4Aechae,Courtney,Henry,3386 Turkey Pen Road,New York,NY,10016,MasterCard,5578454073861494,660,11/2014
Saidectered,DanielMGroom@spambob.com,Chae0eisie,Daniel,Groom,3291 Kovar Road,Worcester,MA,01608,Visa,4716938423212610,008,7/2017
Stoped,JoseBMitchell@dodgit.com,eiz8Eishaqu,Jose,Mitchell,327 Stout Street,Harrisburg,PA,17111,MasterCard,5598672386607934,802,7/2017
Thruck,TimCLowell@spambob.com,je8Ahneigo,Tim,Lowell,4815 Grasselli Street,Conway,NH,03818,MasterCard,5447403863729402,964,3/2015
Twoulonat,MargaretTCrosby@mailinator.com,mar8Eesoh,Margaret,Crosby,3950 Elm Drive,Garden City,NY,11530,MasterCard,5404584404718318,644,7/2017
Whisibee,ToryEBerry@trashymail.com,AiHaev8vae3,Tory,Berry,1338 Trouser Leg Road,Springfield,MA,01103,MasterCard,5263274972209391,530,11/2014
Witepheres49,GerryJMcNutt@trashymail.com,Aekoh9paech,Gerry,McNutt,2500 State Street,Detroit,MI,48226,MasterCard,5273082892954733,537,12/2013
Extralas56,MelanieNCervantes@mailinator.com,wobid8Tah,Melanie,Cervantes,1537 Hedge Street,Wayne,NJ,07477,MasterCard,5444519159626508,701,3/2014
Incturban36,CarolynGPhilpot@trashymail.com,Oub1ree0yie,Carolyn,Philpot,3136 Broadway Avenue,Jonesboro,TN,37659,MasterCard,5368689881399781,782,10/2013
Mattlely,CandaceJThomas@dodgit.com,bai1ibaiBie,Candace,Thomas,860 Hickory Ridge Drive,Las Vegas,NV,89109,Visa,4716812958250818,709,10/2013
Daustrally,MaryZShafer@trashymail.com,caeGhooch6D,Mary,Shafer,4227 Skinner Hollow Road,Gold Hill,OR,97525,MasterCard,5318717173039038,539,3/2013
Clould,MyraJLemoine@dodgit.com,gahBii4beej,Myra,Lemoine,1887 Shingleton Road,Portage,MI,49002,Visa,4485059106947098,607,11/2016
Accom1951,JoseASchanz@mailinator.com,Bei9aiPoo,Jose,Schanz,414 Summit Street,La Motte,IA,52054,Visa,4485034276342875,133,10/2015
Tentme,RyanLWilliams@trashymail.com,eezaiVi8o,Ryan,Williams,4578 Tea Berry Lane,Neopit,WI,54150,MasterCard,5298306249750614,935,2/2016
Parang61,GuillermoSHayes@trashymail.com,Nahn4ahsh,Guillermo,Hayes,3006 New Street,Coos Bay,OR,97420,Visa,4929475314846985,579,3/2014
Arlither,KelliWSamuel@spambob.com,ein1eeph1Ai,Kelli,Samuel,4716 Franklin Street,Montgomery,AL,36117,Visa,4716592332977068,211,2/2014
Nehopeemes1935,NellieSJohnson@dodgit.com,eeghai0vooL,Nellie,Johnson,3507 Williams Avenue,Edwards,CA,93523,Visa,4539714413929769,066,11/2013
Rotsmuck1972,JamesSFelts@trashymail.com,EGh2rul0Ael,James,Felts,907 Locust Street,Moultrie,GA,31768,MasterCard,5346220462791902,050,3/2013
Mrst1936,JoseAWalker@mailinator.com,ooGhuayi0ie,Jose,Walker,2638 Deans Lane,Monticello,NY,12701,Visa,4929480230906186,482,1/2014
Pries1936,MariaJHenderson@trashymail.com,eich7Odaith,Maria,Henderson,2738 Sweetwood Drive,Denver,CO,80202,Visa,4716617747196382,590,12/2015
Seaske,JoeBSterling@dodgit.com,chu4fohM7z,Joe,Sterling,1620 B Street,Taylors Falls,MN,55084,MasterCard,5333493787502453,984,12/2013
Esincer,StephanieHPecor@trashymail.com,bas8uoD7oob,Stephanie,Pecor,2606 Grove Street,Farmingdale,NY,11735,MasterCard,5158495306832248,419,4/2014
Thatme,KarenCRogers@mailinator.com,Shaquoph3bo,Karen,Rogers,824 Jadewood Farms,Netcong,NJ,07857,Visa,4929178504360615,361,6/2014
Beated,AnnaEDoctor@dodgit.com,Laegiequeif3,Anna,Doctor,2666 Robinson Court,Saginaw,MI,48607,MasterCard,5392736779362320,095,6/2015
Hatestaked,TabathaMSmith@spambob.com,AXeo2ooch,Tabatha,Smith,3528 Stratford Drive,Kona,HI,96740,MasterCard,5209349892283234,210,12/2017
Hiculoveirs,DavidRCody@trashymail.com,fuphuo3Be,David,Cody,4132 Cost Avenue,Gaithersburg,MD,20877,MasterCard,5479627818033723,997,12/2016
Yons1972,VickyJMosquera@mailinator.com,ahbofaeg1EC,Vicky,Mosquera,2669 White River Way,Salt Lake City,UT,84116,Visa,4929467452439426,034,7/2016
Lited1951,NedHMitchell@trashymail.com,QuiedeH3eiqu,Ned,Mitchell,1566 Sun Valley Road,Moses Lake,WA,98837,Visa,4916898281110363,406,1/2017
Gook1973,JessieRFerguson@trashymail.com,vae4fohS2,Jessie,Ferguson,90 Wilkinson Court,Fort Myers,FL,33901,Visa,4539426943361328,901,6/2016
Theins1968,KarolynDCastro@spambob.com,ohvui6Ec,Karolyn,Castro,2070 Pratt Avenue,Kirkland,WA,98034,MasterCard,5152476195993362,150,5/2013
Clor1989,KathleenAWilliams@trashymail.com,chie3Ma1iu,Kathleen,Williams,3697 Radio Park Drive,Augusta,GA,30901,Visa,4556955174516133,583,12/2013
Lethent63,IrmaDMorse@dodgit.com,ENgie3kath7,Irma,Morse,3501 Gore Street,Houston,TX,77026,MasterCard,5231075324463753,076,4/2017
Elialitem,MistyDHigginbotham@trashymail.com,cie7eir2M,Misty,Higginbotham,2331 West Side Avenue,River Edge,NJ,07649,Visa,4556624820974852,270,5/2015
Vicherely29,DanielLWoodard@dodgit.com,to8Hoo9ShiG,Daniel,Woodard,4176 Nuzum Court,Buffalo,NY,14214,MasterCard,5517085203339870,671,6/2014
Hiseliscrion,HelenMPerez@mailinator.com,yaiFore9phai,Helen,Perez,2451 Timber Ridge Road,Citrus Heights,CA,95610,Visa,4539744148354777,551,6/2013
Accee1941,NicholasRGrimes@spambob.com,Eixis9neeN,Nicholas,Grimes,3809 Freshour Circle,San Antonio,TX,78205,Visa,4532160771038859,711,1/2016
Winglersen,MelissaESmith@pookmail.com,rah3ahCh6,Melissa,Smith,860 Quiet Valley Lane,Pacoima,CA,91331,MasterCard,5484259763941263,517,7/2013
Wastive,KristenWTimms@dodgit.com,Cooha9phee,Kristen,Timms,2815 Pallet Street,Westbury,NY,11590,Visa,4539374584777651,796,9/2014
Bustell,EugeneVKelley@spambob.com,pooj6Ahn,Eugene,Kelley,226 Harter Street,Dayton,OH,45402,Visa,4532671787971214,452,12/2015
Exionnk,PaulFMcAllister@trashymail.com,ohngi8eeTe,Paul,McAllister,4889 Richison Drive,Amsterdam,MT,59741,MasterCard,5120743776890427,013,6/2013
Althiche,MarthaFBush@trashymail.com,cieTho8iuBo,Martha,Bush,3300 Orchard Street,Wayzata,MN,55391,Visa,4916315303935677,526,2/2013
Ponot1980,DorothyEWilson@dodgit.com,ieghoh2IeS,Dorothy,Wilson,3714 Flynn Street,Westlake,OH,44145,Visa,4916104545241817,402,4/2013
Opeat1976,EstherWBoyer@mailinator.com,gook7Phaedoh,Esther,Boyer,3442 Palmer Road,Worthington,OH,43085,Visa,4485344411111279,283,3/2015
Cinceres,WendyKCallier@mailinator.com,Ohj1aighe5ow,Wendy,Callier,3380 Duke Lane,Branchburg,NJ,08876,MasterCard,5221632755014703,996,9/2014
Sciusurturs,PatriciaDReyes@spambob.com,oosuu2oK1woh,Patricia,Reyes,503 Berkley Street,Chester Heights,PA,19017,Visa,4532081049833287,002,3/2013
Drompal,JoeJAguilar@spambob.com,iY3zo5ei,Joe,Aguilar,3542 Center Street,Albany,OR,97321,Visa,4556807390601076,812,7/2016
Saidectered,RyanAWilson@dodgit.com,hugh3cuTh,Ryan,Wilson,4347 Fairfield Road,Milwaukee,WI,53202,Visa,4539539996170196,882,3/2014
Veng1985,ElizabethDMcNeely@spambob.com,queiHoo1,Elizabeth,McNeely,1450 Crosswind Drive,Paducah,KY,42003,Visa,4532860652267572,771,8/2017
Rundis,SaraDSalas@spambob.com,Ap0xohkome,Sara,Salas,4905 Windy Ridge Road,Angola,IN,46703,MasterCard,5381295189531274,258,7/2013
Colize,DorothyMLakin@spambob.com,fookaiKaa1Y,Dorothy,Lakin,4670 Cinnamon Lane,San Antonio,TX,78258,MasterCard,5123001173427096,006,3/2015
Cerall,AmberRCarroll@mailinator.com,iiMain6Egh9,Amber,Carroll,4517 John Calvin Drive,Chicago,IL,60606,MasterCard,5378039047115648,461,9/2017
Caushe,MarieDHanna@mailinator.com,Fo1xe9sh,Marie,Hanna,3734 Dane Street,Charlestown,MA,02129,Visa,4532032770665455,427,11/2013
Dideenable,FrancesRCobbs@trashymail.com,chooMee7M,Frances,Cobbs,2617 Wright Court,Birmingham,AL,35209,Visa,4485131815195218,394,12/2016
Thince,JaimeKBaker@pookmail.com,kei2thaiBah,Jaime,Baker,459 Wilkinson Court,Fort Myers,FL,33905,Visa,4556967853090579,176,7/2015
Fortint1960,DorothyRPhillips@pookmail.com,tohdosh1Ah,Dorothy,Phillips,2828 Broadcast Drive,Charlotte,NC,28206,Visa,4485185332316699,558,6/2014
Hosess,TheresaJMoore@trashymail.com,za4Oopaizie,Theresa,Moore,1521 Sycamore Street,Santa Clara,CA,95050,Visa,4556223163302795,177,8/2014
Arallier,RobertMSheehan@dodgit.com,ooZoof5uC1oo,Robert,Sheehan,2918 Sarah Drive,Lafayette,LA,70501,Visa,4716419487081837,796,11/2013
Stagetheir,PaulBMcKnight@mailinator.com,XohY9gohn,Paul,McKnight,3814 Commerce Boulevard,Lincoln,NE,68501,MasterCard,5334824857623721,014,10/2013
Lemand32,HalliePRoach@spambob.com,oTh3diesei,Hallie,Roach,284 Chandler Drive,Rockaway Beach,MO,65740,MasterCard,5116733763204274,555,6/2015
Phou1979,ClarenceCGraig@trashymail.com,ahm3Igoo,Clarence,Graig,4922 Arthur Avenue,Princeton,IL,61356,MasterCard,5345279507812587,418,11/2016
Qualt1953,AshleyRArellano@spambob.com,shoh0ohJee,Ashley,Arellano,3964 Golden Street,Doral,FL,33178,Visa,4539549451989063,442,4/2016
Ocknothe,GoldieJJamison@trashymail.com,teeW7gaiwo2,Goldie,Jamison,25 Cardinal Lane,Mattoon,IL,61938,MasterCard,5337153375831195,999,7/2014
Olosis1958,ElaRWood@trashymail.com,Jia2oojapei,Ela,Wood,2419 Rollins Road,Grand Island,NE,68801,MasterCard,5148223573494200,397,7/2015
Conetund,EbonyPColeman@trashymail.com,IQuoh4ag2uchi,Ebony,Coleman,3909 Hornor Avenue,Mannford,OK,74044,MasterCard,5392595785893896,049,3/2016
Beardiesuch,JaniceTCox@dodgit.com,kooB7shae,Janice,Cox,1972 Breezewood Court,Goessel,KS,67053,Visa,4485633394189835,750,7/2016
Chied1990,MarthaFMarra@spambob.com,ThaiF1Ee,Martha,Marra,223 Cherry Tree Drive,Jacksonville,FL,32216,Visa,4916324951774024,629,11/2017
Ahmearallood,LeslieJMyers@trashymail.com,Iewe8eiYoov,Leslie,Myers,2165 Golden Ridge Road,Albany,NY,12210,MasterCard,5415158772476234,212,6/2013
Thantsking,GavinMCantrell@mailinator.com,ieTu8anea,Gavin,Cantrell,3631 Scenicview Drive,Seattle,WA,98101,Visa,4929527365740895,522,8/2016
Prolead36,AngieRCole@mailinator.com,ewu3Keit8,Angie,Cole,4811 Sunburst Drive,Fort Myers,FL,33901,MasterCard,5114314013176752,737,10/2017
Spery1960,LisaTNeal@mailinator.com,shodei2Oez,Lisa,Neal,2963 Star Trek Drive,Walnut Hill,FL,32568,MasterCard,5171240366494015,592,11/2013
Oling1952,DonaldMMoore@dodgit.com,aeF5ies4,Donald,Moore,4395 Pearlman Avenue,Framingham,MA,01702,MasterCard,5201309408973627,087,2/2017
Hourgen,AnnCPerez@trashymail.com,vohph4Zoo,Ann,Perez,4952 Vineyard Drive,Cleveland,OH,44115,Visa,4916361372791047,188,9/2013
Larearme73,KrystalSTinney@spambob.com,oo0aeGhah,Krystal,Tinney,4652 Indiana Avenue,Honolulu,HI,96813,Visa,4485491015970012,492,12/2013
Wenciondery,LoganPLucero@pookmail.com,kiHueGhah7,Logan,Lucero,1204 Wiseman Street,Lake City,TN,37769,MasterCard,5141923219657550,428,2/2014
Canch1972,JohnHDurham@trashymail.com,iemii2Caubae,John,Durham,4408 Timbercrest Road,Bettles Field,AK,99726,MasterCard,5520335043072479,507,1/2016
Achim1929,WilliamAGochenour@spambob.com,choatie2Cei,William,Gochenour,4167 Griffin Street,Phoenix,AZ,85003,Visa,4916146625555772,889,7/2017
Sled1975,KyleCTurman@trashymail.com,ooCh8xaisai,Kyle,Turman,832 Camden Street,Reno,NV,89501,Visa,4485959566146653,271,8/2013
Prals1988,LucieJMacdonald@dodgit.com,jueTh1airae,Lucie,Macdonald,1743 Smithfield Avenue,Lubbock,TX,79401,Visa,4539642419508008,420,1/2015
Stife1951,SarahHAhern@spambob.com,Aab8ahlee,Sarah,Ahern,3812 Fairfield Road,Palmyra,WI,53156,Visa,4929731056961253,036,5/2014
Illoot,JohnJHillis@spambob.com,deifu8aGhai,John,Hillis,2308 Trainer Avenue,Topeka,IL,61567,MasterCard,5537532339523402,588,12/2017
Cron1979,DanielRMullins@dodgit.com,eiGhei8moh,Daniel,Mullins,134 Church Street,Brooklyn,NY,11219,MasterCard,5528853545016622,459,8/2014
Lossing1927,RobertSPage@pookmail.com,Mah6ainga9B,Robert,Page,4321 Hanifan Lane,Roswell,GA,30076,MasterCard,5119839516744677,357,11/2017
Whone1931,RickyRMcGee@trashymail.com,eigaesh5iS,Ricky,McGee,4998 Crestview Manor,Indianapolis,IN,46268,Visa,4539473979642510,933,4/2015
Witest,PatriciaADowling@dodgit.com,eGeevai0ci,Patricia,Dowling,1381 Patton Lane,Raleigh,NC,27601,MasterCard,5511784163629231,508,6/2014
Moks1958,LindaGPruitt@mailinator.com,Chue0aefah1voh,Linda,Pruitt,3530 Crosswind Drive,Owensboro,KY,42301,MasterCard,5198846472557773,357,4/2015
Nout1991,GailEMastropietro@mailinator.com,eap8Zae6,Gail,Mastropietro,4107 Single Street,Waltham,MA,02154,MasterCard,5591560353598185,188,7/2014
Antletch1936,AlanSMoore@spambob.com,Eitu8iewee,Alan,Moore,3623 Crestview Terrace,New Braunfels,TX,78130,MasterCard,5507344510295453,716,5/2013
Prithey,JohnMSica@spambob.com,uiYu0xair,John,Sica,1141 Hiddenview Drive,Philadelphia,PA,19126,Visa,4532283774437652,736,12/2015
Scoged,EllisSStreet@trashymail.com,phahm0Sah,Ellis,Street,1037 Sweetwood Drive,Centennial,CO,80112,MasterCard,5244702415978101,822,5/2015
Fallsocring1951,PhillipPHull@pookmail.com,aeyeiB0Fieth,Phillip,Hull,1449 Barnes Avenue,Batavia,OH,45103,MasterCard,5237036339839175,091,4/2014
Lonty1976,JaniceJStearns@pookmail.com,RooCoh4ohZ,Janice,Stearns,472 Simpson Square,Bromide,OK,74530,Visa,4532705311209871,271,12/2013
Goomil1985,VirginiaGMcCurdy@spambob.com,ael8Jeesh2,Virginia,McCurdy,522 Green Acres Road,Rocky Mount,NC,27801,Visa,4485576171362366,536,8/2017
Sessinget82,AntoineMGray@pookmail.com,Ohjai8lee,Antoine,Gray,3810 Plainfield Avenue,Utica,NY,13502,Visa,4916210996619748,667,4/2014
Cortuld,MildredFOwens@pookmail.com,eitha2toiPh,Mildred,Owens,1278 Rainy Day Drive,Dorchester,MA,02122,Visa,4916562060662404,573,5/2016
Beir1943,WilliamLJones@spambob.com,eRaipo0uz9,William,Jones,644 Pringle Drive,Chicago,IL,60603,MasterCard,5167403835463062,286,11/2016
Fallsocring78,MargaretHRodriguez@spambob.com,fi2xeem0Lae,Margaret,Rodriguez,4741 Oakmound Road,Chicago,IL,60607,Visa,4716179635222572,077,2/2013
Owit1943,ShirleyJLash@dodgit.com,AhGh9iex8,Shirley,Lash,3848 Conference Center Way,Laporte,PA,18626,MasterCard,5585844590383785,194,7/2015
Shatepon,CandelariaMRoderick@dodgit.com,Weo4ahY6,Candelaria,Roderick,2402 Little Acres Lane,Duluth,MN,55802,Visa,4929048019615441,323,10/2016
Dawlerento1954,JeffreyRSera@dodgit.com,shee7thahZ,Jeffrey,Sera,4528 Kinney Street,Springfield,MA,01109,MasterCard,5175848523962819,392,2/2014
Fleve1982,WilliamRGreen@mailinator.com,Eiw2xoh9Ai,William,Green,3660 Ashcraft Court,La Mesa,CA,91941,MasterCard,5195640960143276,482,5/2017
Alwask,MariaVLarosa@pookmail.com,ahT7aefoo,Maria,Larosa,2860 Rebecca Street,Bensenville,IL,60106,MasterCard,5338145922097709,563,10/2016
Unnow1971,ConnieWElliott@trashymail.com,Xaikeich9Th,Connie,Elliott,4296 Wilmar Farm Road,Reston,MD,20191,MasterCard,5185808997637386,077,10/2016
Heivices,AlyssaFLouque@dodgit.com,eeyuDuu2f,Alyssa,Louque,936 Dark Hollow Road,Footville,WI,53537,Visa,4532676163021427,290,12/2014
Inquen56,TracyRYoung@mailinator.com,tie4EiNg3sh,Tracy,Young,3069 Finwood Road,Lyndhurst,NJ,07071,MasterCard,5391062570831905,524,10/2015
Proich,YoshikoEShew@mailinator.com,Iebai6ine,Yoshiko,Shew,4970 Marigold Lane,Perrine,FL,33157,Visa,4539343572303119,598,4/2017
Fationsuld,RitaDSpearman@dodgit.com,Ve5Wiz4vee,Rita,Spearman,1652 Kincheloe Road,Portland,OR,97205,Visa,4485071176934419,019,6/2017
Buyince,SamuelMGamble@spambob.com,Ohh9Ai3ae,Samuel,Gamble,4672 Walnut Drive,Nelvik,ND,58413,MasterCard,5385789654828880,493,12/2014
Oloony,RalphATorres@trashymail.com,jui7jeiSou4,Ralph,Torres,4062 Driftwood Road,San Francisco,CA,94107,Visa,4916749554590684,847,10/2017
Notle1945,ChristinaDMassey@trashymail.com,Awoh4diLe,Christina,Massey,1188 Conference Center Way,Avoca,PA,18641,MasterCard,5243182462263098,940,1/2015
Covere1944,SeanCFigueroa@dodgit.com,Chaivaju4,Sean,Figueroa,1334 Sweetwood Drive,Englewood,CO,80112,MasterCard,5544588908612613,937,10/2014
Haske1951,StevenLRiche@trashymail.com,Chae0Ugah,Steven,Riche,1899 Libby Street,Los Angeles,CA,90017,MasterCard,5301761873363669,854,1/2017
Eprint,ConnieJBoggs@spambob.com,Ige4toos,Connie,Boggs,2928 Tibbs Avenue,Ashland,MT,59003,MasterCard,5594678063888758,446,4/2014
Withentramor,DorothyJSpain@mailinator.com,jae7Jo7ioz3,Dorothy,Spain,3811 Hudson Street,Rochelle Park,NJ,07662,MasterCard,5543708400954674,503,7/2013
Stond1935,DarylPWhite@pookmail.com,Uech5due,Daryl,White,2767 Nixon Avenue,Oneida,TN,37841,Visa,4485900099251271,741,7/2016
Worther,GladysSPhillips@spambob.com,uawooF6s,Gladys,Phillips,1350 Goldie Lane,Sharonville,OH,45241,Visa,4716970634991435,616,12/2016
Chaused,HelenaMDale@pookmail.com,vooxie6paSh,Helena,Dale,2157 New Street,Eugene,OR,97401,Visa,4716298988858954,425,5/2017
Bookel,MichaelGDavis@spambob.com,SahW2vophu,Michael,Davis,1003 August Lane,Alexandria,LA,71301,Visa,4539192031571661,747,4/2013
Ungthe,MaryGWashington@mailinator.com,AeDooPh3quae,Mary,Washington,1444 Forest Avenue,New York,NY,10007,Visa,4532499172673264,528,11/2016
Sout1937,RobertBMoore@dodgit.com,ahgh9eeB0t,Robert,Moore,2450 Sheila Lane,Hadley,NV,89045,Visa,4539100141542027,156,11/2015
Wifte1947,AnnaGRebello@mailinator.com,Taiso2ud,Anna,Rebello,3904 Maxwell Farm Road,Blacksburg,VA,24060,MasterCard,5412533235363067,567,8/2016
Sured1964,JackCSanchez@trashymail.com,IeM6eenae,Jack,Sanchez,2930 Pheasant Ridge Road,Philadelphia,PA,19103,Visa,4485298044029763,370,2/2017
Itand1977,AnneATaylor@mailinator.com,eiRaht2oh,Anne,Taylor,215 North Avenue,Elkhorn,NE,68022,Visa,4485311784245448,544,7/2014
Mese1970,JohnHWilkinson@pookmail.com,uoNg7ereilee,John,Wilkinson,47 Collins Avenue,Canal Winchester,OH,43110,Visa,4916447985220084,921,8/2013
Patern,RhodaDMattern@spambob.com,bohfakee8Yie,Rhoda,Mattern,1357 White Avenue,Portland,TX,78374,MasterCard,5187406995688200,626,1/2016
Forridgen1933,BryanHBass@pookmail.com,uquoo5Sh,Bryan,Bass,109 Rowes Lane,Bowling Green,KY,42103,MasterCard,5315730458146173,596,2/2013
Wasky1930,ForrestRWarner@spambob.com,aaGoobaeT0,Forrest,Warner,4747 Clifford Street,Dublin,CA,94568,MasterCard,5482999033328617,602,2/2016
Raides,HermanSJackson@spambob.com,yeoPaex4r,Herman,Jackson,1309 Carriage Court,Carlsbad,CA,92008,Visa,4485713467410951,996,1/2014
Fromer,JohnJSantamaria@trashymail.com,foo1Eexai,John,Santamaria,3719 Yorkshire Circle,Weeksville,NC,27909,Visa,4556162646835643,399,9/2013
Dered1930,EvelynMMilner@mailinator.com,dueNae0ee,Evelyn,Milner,1735 Calico Drive,Colville,WA,99114,MasterCard,5594562707876744,608,5/2014
Fand1934,SarahDVeach@dodgit.com,Cai8yeechoo,Sarah,Veach,2181 Small Street,New York,NY,10025,MasterCard,5496584878161911,826,5/2014
Waskents,RodneyJPolly@trashymail.com,Waiy5Deer9,Rodney,Polly,4247 Raoul Wallenberg Place,Danbury,CT,06810,Visa,4532991302702575,297,10/2015
Printregarry,KellyMAlvarez@pookmail.com,theiC2ho5,Kelly,Alvarez,81 Tibbs Avenue,Brockton,MT,59213,Visa,4929202213237607,333,12/2015
Vies1931,JulieNJepson@dodgit.com,Ahzoo4oo,Julie,Jepson,1198 Crim Lane,Trotwood,OH,45426,MasterCard,5301042491927759,481,8/2013
Weeke1935,KarenCHerrera@trashymail.com,EathaShah6qu,Karen,Herrera,935 Hillhaven Drive,Los Angeles,CA,90029,MasterCard,5189302597062233,221,6/2013
Noul1957,WilliamJRocha@trashymail.com,mooxe7EiS4,William,Rocha,1455 Park Avenue,Sacramento,CA,95814,MasterCard,5476291466569992,222,6/2014
Nespokill,DianaRMeiners@trashymail.com,Xaikie8eNgei,Diana,Meiners,2657 Emily Drive,Hampton,SC,29924,MasterCard,5510849062468659,272,10/2015
Fento1945,LindaACarroll@spambob.com,ieShah6io2He,Linda,Carroll,3236 State Street,Detroit,MI,48226,Visa,4532959265961769,338,12/2015
Andosing,MckinleyMJoseph@pookmail.com,ub7ci8Waing,Mckinley,Joseph,1593 Prudence Street,Farmington Hills,MI,48335,Visa,4485634071016135,465,3/2014
Aliame,SergioDRice@mailinator.com,Uv8ieb9phie,Sergio,Rice,3854 Mulberry Street,Houston,TX,77006,MasterCard,5460018201289026,302,3/2013
Teuttlying,LindaPSeymore@trashymail.com,iuQuev8doow,Linda,Seymore,4922 Sharon Lane,Warsaw,IN,46580,Visa,4532480202641398,482,9/2013
Hunned,JohnACates@dodgit.com,kah1Aephobee,John,Cates,3356 Worthington Drive,Royce Cityt,TX,75089,Visa,4532921867950400,611,7/2016
Palaing,JuanPMcKenny@spambob.com,pooQu4Ma6Mie,Juan,McKenny,3457 Ashcraft Court,Alpine,CA,92001,Visa,4916857853021499,949,3/2016
Exced1982,KarenRWallace@trashymail.com,aefoo3heF8j,Karen,Wallace,4259 Park Street,San Jose,CA,95110,MasterCard,5138836287913777,224,1/2014
Histell,MichaelMGarcia@dodgit.com,Awiey7lee,Michael,Garcia,2142 Drummond Street,Piscataway,NJ,08854,MasterCard,5445124965189939,714,2/2017
Mayes1956,GlennTHood@dodgit.com,ahHaith7ie,Glenn,Hood,1360 Aspen Court,Boston,MA,02114,MasterCard,5346801722928507,276,5/2016
Comillonall,WilliamDThompson@spambob.com,ceeW6bo2kie,William,Thompson,1806 Grant View Drive,Hales Corners,WI,53130,Visa,4556306435618716,304,5/2013
Hamosy,KathleenTFlowers@spambob.com,aebaefi4ooP,Kathleen,Flowers,1950 Aviation Way,Los Angeles,CA,90071,MasterCard,5195950218629574,221,6/2013
Maddray1967,MarieSValenzuela@dodgit.com,eech5Eov,Marie,Valenzuela,4266 Armory Road,Wilmington,NC,28403,MasterCard,5557327968022189,832,2/2016
Incentens,ChrisJHughes@mailinator.com,aix5Sae7,Chris,Hughes,3154 High Meadow Lane,Hazleton,PA,18201,MasterCard,5399641889113964,245,1/2014
Shure1982,EdmundDStanley@mailinator.com,eeCiashei1d,Edmund,Stanley,835 Hanifan Lane,Atlanta,GA,30303,Visa,4532479983538393,193,5/2013
Wepid1962,ShawnLParsons@dodgit.com,Ep5vieg8oom,Shawn,Parsons,897 Ventura Drive,Oakland,CA,94612,Visa,4539277647060512,938,11/2014
Mins1972,WilliamLPitt@mailinator.com,xia3Yee4qu,William,Pitt,1403 Buckhannan Avenue,Syracuse,NY,13206,MasterCard,5357416044751465,262,12/2017
Famem1968,NormanITillson@pookmail.com,Axaed3Je4T,Norman,Tillson,100 Bruce Street,Stlouis,MO,63101,MasterCard,5411219451069072,272,4/2017
Mager1961,MarjorieEBeam@pookmail.com,iwiChep2Ie,Marjorie,Beam,4214 Ocello Street,San Diego,CA,92103,Visa,4929956846457177,790,1/2017
Agre1980,KeithMBallard@pookmail.com,EiXiem6Oqu,Keith,Ballard,212 New Street,Eugene,OR,97402,MasterCard,5240061442399961,761,10/2014
Henect1935,HelenLMaldonado@dodgit.com,So8Joj6eiqu,Helen,Maldonado,3243 Nutter Street,Overland Park,MO,64110,MasterCard,5291248900398688,547,3/2015
Parented,DomitilaCSollars@dodgit.com,meipiek6ioJe,Domitila,Sollars,3935 Briarhill Lane,Akron,OH,44304,Visa,4556521383870131,343,6/2016
Sioneve,DonCWilliamson@spambob.com,Voov0eange6,Don,Williamson,1608 Haul Road,Los Altos,CA,94022,MasterCard,5322480439793435,719,12/2013
Comfly1933,AlexanderHMesser@spambob.com,Quie3kiTh,Alexander,Messer,1203 Grasselli Street,Manchester,NH,03103,Visa,4716909596382100,018,2/2015
Moted1991,LeeMGarrett@pookmail.com,Xoo9ishaeQu,Lee,Garrett,1320 Goodwin Avenue,Pullman,WA,99163,MasterCard,5456203708892466,466,1/2014
Sully1990,MarthaMDeleon@mailinator.com,eiCai8oh,Martha,Deleon,899 Calico Drive,Wenatchee,WA,98801,MasterCard,5488882777875718,501,5/2013
Dedishe92,LindaPAllen@spambob.com,Oe4pieshi,Linda,Allen,195 School House Road,Fayette,MS,39069,MasterCard,5157662427607269,842,2/2015
Conquar,JamesSTreece@trashymail.com,Pi5Quaesh1Ie,James,Treece,4527 Beeghley Street,Waco,TX,76710,MasterCard,5583271187219713,043,12/2014
Woliftell,JoseESwanson@dodgit.com,OGahti6R,Jose,Swanson,2404 High Meadow Lane,Eagles Mere,PA,17731,MasterCard,5285269477941765,909,1/2017
Waskind,MargaretSJanke@pookmail.com,ohh5choChou,Margaret,Janke,1405 Cedar Lane,Boston,MA,02199,MasterCard,5533610321752181,314,4/2015
Eaut1958,JoyPYoung@dodgit.com,eiw8liFie,Joy,Young,4597 Red Dog Road,Charlotte,NC,28204,MasterCard,5136602392101787,741,7/2015
Formly,JuanaLLee@trashymail.com,Thaaxae4,Juana,Lee,2160 Kembery Drive,Oak Brook,IL,60523,Visa,4716372518110101,142,2/2014
Toncive,RosalindTMares@trashymail.com,ohaeH3ish,Rosalind,Mares,1764 Edgewood Avenue,Fresno,CA,93721,MasterCard,5368318427391462,450,3/2013
Whiseed,WesleyDBailey@trashymail.com,uiJoomohp3,Wesley,Bailey,4938 Worley Avenue,Lynchburg,VA,24501,Visa,4539389304651945,742,10/2017
Pothate,DavidLAnderson@dodgit.com,kah0Ki5Zooh,David,Anderson,3627 Edgewood Avenue,Fresno,CA,93721,MasterCard,5515561055160558,838,3/2015
Huselp,HaroldKMiller@mailinator.com,ya9je2NeeF,Harold,Miller,2324 Columbia Boulevard,Honga,MD,21634,MasterCard,5111745008664323,080,3/2013
Romard,AdrianeTHill@mailinator.com,no5fuaseDae,Adriane,Hill,4373 Friendship Lane,Salinas,CA,93901,MasterCard,5384216575618340,808,4/2013
Scat1957,DanielMMurphy@trashymail.com,jegh3ooFeew,Daniel,Murphy,4256 Point Street,Chicago,IL,60605,Visa,4532348882151709,174,8/2013
Theitheave,MichaelDMcGuire@trashymail.com,aish3SohSi1,Michael,McGuire,2423 Sunny Day Drive,Huntington Beach,CA,92647,Visa,4929998323782321,727,12/2015
Comineve,JoyBMartin@pookmail.com,OokoothiS8,Joy,Martin,1102 Overlook Drive,Winchester,IN,47394,Visa,4539219212890675,475,11/2015
Afte1983,MelanieECummings@spambob.com,uGhail7ae,Melanie,Cummings,3292 Abia Martin Drive,Commack,NY,11725,Visa,4916635514580081,620,11/2013
Bild1964,JaredDRomano@trashymail.com,Tei2vieshie,Jared,Romano,3226 Devils Hill Road,Jackson,MS,39211,Visa,4532398438135706,592,11/2016
Sposithier,IsabelleCBradwell@dodgit.com,so9ua2ieKoqu,Isabelle,Bradwell,3122 Limer Street,Eatonton,GA,31024,Visa,4539345491064086,115,12/2013
Maright,JulioMBailey@spambob.com,coophahR5ae,Julio,Bailey,4843 Pine Garden Lane,Alpharetta,GA,30201,Visa,4532067020750913,720,12/2015
Witerfes,JohannaJMitchell@pookmail.com,maejai6Ach,Johanna,Mitchell,3154 Oak Avenue,Wheeling,IL,60090,Visa,4716874312919033,394,3/2017
Ourhy1991,GregoryMBattle@pookmail.com,Iechooxec8,Gregory,Battle,2517 Hall Valley Drive,Charleston,WV,25301,Visa,4916332439983414,215,2/2016
Toletterese,CeciliaJMcClanahan@pookmail.com,aeb8Kohpei5l,Cecilia,McClanahan,352 Chardonnay Drive,Silverdale,WA,98383,MasterCard,5373022090566821,851,11/2016
Whemove1957,MyrtleWDoak@spambob.com,Jeeloh0ahph,Myrtle,Doak,1143 Prudence Street,Detroit,MI,48226,MasterCard,5101091999980879,971,2/2013
Mosen1958,WilliamLHess@mailinator.com,wai4di4jueH,William,Hess,303 Victoria Court,Pittsfield,ME,04967,MasterCard,5554588695370141,491,5/2016
Faceing1936,RalphDMcGehee@pookmail.com,aituojae5Oh,Ralph,McGehee,1150 Green Acres Road,Rocky Mount,NC,27801,Visa,4916433495067587,321,8/2014
Themen,SolomonDAnderson@trashymail.com,iekohCiec6,Solomon,Anderson,1410 Marigold Lane,Miami,FL,33136,Visa,4556564784291804,291,2/2015
Wiclactustob,BrianRYork@dodgit.com,Yoow1DooZ9,Brian,York,2791 Eagle Street,Saint Louis,IL,63146,MasterCard,5312693225844053,439,6/2015
Oneustred,LindaRVega@mailinator.com,Ahthaevu7oh,Linda,Vega,2678 Reppert Coal Road,Mount Clemens,MI,48045,Visa,4532025060684343,403,7/2017
Ourprome,IrmaSWeaver@spambob.com,Die5aey0n,Irma,Weaver,2818 Center Avenue,Fresno,CA,93704,Visa,4539575740048486,560,1/2016
Firew1989,JanSSheehan@spambob.com,ailieDa0,Jan,Sheehan,3567 Milford Street,Manchester,NH,03101,MasterCard,5435868919047112,334,8/2016
Weentemeare,RobertJDegree@dodgit.com,equoo9aiFae,Robert,Degree,622 South Street,Charlottesville,VA,22903,MasterCard,5257752975877890,635,1/2013
Cinceres,NancyMKnight@trashymail.com,Ooc4Eeje5ae,Nancy,Knight,1332 Counts Lane,Lexington,KY,40507,MasterCard,5442259847388656,289,7/2016
Heact1972,MarkKBourdeau@pookmail.com,ohZ2iiRieth,Mark,Bourdeau,3425 Vineyard Drive,Independence,OH,44131,MasterCard,5239973168761179,549,6/2013
Hadeard,JasonPReeves@mailinator.com,ohJ1tie7ah,Jason,Reeves,4148 Prudence Street,Taylor,MI,48180,MasterCard,5472631147158109,918,10/2014
Sition,SummerMRodriguez@trashymail.com,Oomi6fohceu,Summer,Rodriguez,830 Patton Lane,Raleigh,NC,27603,Visa,4539488107699059,066,2/2017
Residuchathe40,PeterKWilliams@spambob.com,Chouph9exoh,Peter,Williams,4087 Dog Hill Lane,Salina,KS,67401,Visa,4716816907749481,598,3/2014
Grately,DavidEPopa@spambob.com,cah0Fil4uNae,David,Popa,4479 Poplar Avenue,San Diego,CA,92101,Visa,4539253175778635,955,8/2013
Whest1963,KristalBWard@spambob.com,Duph0eNeeW1,Kristal,Ward,3345 Adams Avenue,Frederick,MD,21701,Visa,4539620532442990,213,8/2014
Thinficess,BrianMHolland@mailinator.com,adahth4Nai,Brian,Holland,32 Nickel Road,City Of Commerce,CA,90040,MasterCard,5513339822823317,851,7/2017
Peave1932,MatthewNHaas@mailinator.com,xahS9yoh7Ei,Matthew,Haas,1482 Cedarstone Drive,Toledo,OH,43613,Visa,4916699258654312,727,8/2015
Hateres,RobertBCleveland@mailinator.com,hiVa2mouji,Robert,Cleveland,4192 Ben Street,Albany,NY,12207,MasterCard,5274070546097321,363,8/2014
Slieventes,SusanLUrbina@spambob.com,Iefae5rith,Susan,Urbina,1217 Aaron Smith Drive,York,PA,17401,MasterCard,5253130682269822,598,5/2016
Suest1971,ManEWilson@dodgit.com,eik0eeng1Uv,Man,Wilson,1545 Andy Street,Redfield,SD,57469,Visa,4539170990953047,991,2/2016
Cituddly46,WilliamPCowles@dodgit.com,Ohbei8thae,William,Cowles,3844 Werninger Street,Houston,TX,77060,MasterCard,5297388521873786,814,7/2016
Themixer,LucyCMcCall@spambob.com,ooz5PiebohSh,Lucy,McCall,4487 Hardman Road,South Burlington,VT,05403,MasterCard,5502934087213916,683,3/2015
Splas1955,MatthewMLove@mailinator.com,paej7Yij,Matthew,Love,2922 Broadcast Drive,Reston,VA,20191,MasterCard,5310319024044214,096,9/2016
Sommill,PeterCHobson@pookmail.com,aiQu9ooWei,Peter,Hobson,1659 Milford Street,Barrington,NH,03825,Visa,4556044334019658,054,5/2016
Hicarrim,JuanGRich@spambob.com,Ieb1baigah,Juan,Rich,2755 Half and Half Drive,Fresno,CA,93711,MasterCard,5392528249772786,227,1/2014
Thass1941,MarkTNeiman@mailinator.com,aFah9thaeH,Mark,Neiman,2758 Progress Way,Saint Cloud,MN,56303,Visa,4916573470114357,237,8/2017
Thredy,EdwardSMilone@dodgit.com,hu3Oohood7g,Edward,Milone,4261 Kildeer Drive,Hampton,VA,23666,MasterCard,5197319649192545,499,4/2015
Beirt1971,FloraSButler@pookmail.com,Aeveenif0h,Flora,Butler,4044 Arlington Avenue,Batesville,AR,72501,Visa,4929182416964423,024,2/2015
Swill1943,BruceOPaxton@dodgit.com,wex3taipieL,Bruce,Paxton,1104 Wetzel Lane,Grand Rapids,MI,49503,Visa,4929136201585801,805,3/2015
Theated,DorisWWhitehead@dodgit.com,baNg7doo6Ie,Doris,Whitehead,2309 Burwell Heights Road,Beaumont,TX,77701,Visa,4716039314403507,791,11/2016
Serch1978,RichardJBaptiste@dodgit.com,bozuGhav7ae,Richard,Baptiste,4089 Hillview Street,Columbia,SC,29201,MasterCard,5115713607080826,500,8/2017
Wouldefory,SarahTHodges@dodgit.com,ahsho2ixojiTa,Sarah,Hodges,133 Bond Street,Warwick,RI,02887,Visa,4716464020869645,274,2/2015
Rosees,MaryAMuncy@mailinator.com,gooNgah1Aev2,Mary,Muncy,4024 Charack Road,Bloomington,IN,47404,Visa,4716360122212215,908,5/2014
Aetherins,TerryADavis@pookmail.com,Ee5aigaem1o,Terry,Davis,1225 Chestnut Street,Polk City,FL,33868,Visa,4556331059936194,298,12/2016
Ficust,GarlandAHawkins@mailinator.com,gohQueeb8,Garland,Hawkins,596 Woodland Drive,Burr Ridge,IL,61257,MasterCard,5109861999322138,004,3/2016
Copievere,BettyMOwens@pookmail.com,aereSh0KohM,Betty,Owens,271 Stratford Court,Grantham,NC,27530,MasterCard,5409026847548006,098,12/2013
Selmerry,DennisCLucas@mailinator.com,iehi7Iaphin,Dennis,Lucas,4767 Bird Spring Lane,Houston,TX,77077,Visa,4556614903022356,303,8/2017
Unth1971,PeterLNeace@dodgit.com,Mo2gahvah7,Peter,Neace,1515 Jim Rosa Lane,San Francisco,CA,94104,MasterCard,5484692306061704,008,6/2017
Olank1968,DianaALyons@dodgit.com,auYei2eir7o,Diana,Lyons,3285 Young Road,Boise,ID,83702,Visa,4556446451410711,312,7/2014
Artake,CarmenBBurke@spambob.com,ahFa1eeZ,Carmen,Burke,2435 Southside Lane,South Pasadena,CA,91030,MasterCard,5438894942397487,336,8/2013
Oughts,MarisAErickson@mailinator.com,eegoa0Ahsh1,Maris,Erickson,4631 Hamill Avenue,San Diego,CA,92105,MasterCard,5262435701988180,371,2/2014
Intood,RichardSFish@dodgit.com,thae2puo4Ah,Richard,Fish,3988 Griffin Street,Phoenix,AZ,85012,Visa,4916001623775163,834,11/2013
Tioublar,KathleenGPeterson@trashymail.com,Iephephae5ai,Kathleen,Peterson,1130 Graystone Lakes,Sandersville,GA,31082,Visa,4929562282675544,300,3/2014
Citaks,EleanorMSteil@trashymail.com,oogh6Phei0ie,Eleanor,Steil,2851 James Martin Circle,Columbus,OH,43212,Visa,4485550020539433,002,11/2014
Epre1956,CliffordSDotson@dodgit.com,Aex4thaeth,Clifford,Dotson,2531 Marion Street,South Burlington,VT,05403,Visa,4929160921084150,278,8/2013
Slown1942,MichaelPDuncan@spambob.com,Asohf3eequ,Michael,Duncan,4508 Chandler Drive,Springfield,MO,65806,Visa,4532763839034156,177,8/2015
Alsorombicks,AlanCHarmon@mailinator.com,kee2Eequ9,Alan,Harmon,4354 Kidd Avenue,Metlakatla,AK,99926,MasterCard,5294308654646505,051,5/2017
Surthe,FranciscoNEndo@dodgit.com,eiDeic5cie,Francisco,Endo,2759 Thomas Street,Lake Zurich,IL,60047,Visa,4556749773258886,861,9/2016
Wican1990,DanielBButler@trashymail.com,oPh7joiKeeng,Daniel,Butler,1502 Catherine Drive,Park River,ND,58270,Visa,4929613340936988,203,6/2014
Deally,JuliaMPace@spambob.com,Aipoxie0fu,Julia,Pace,2397 Margaret Street,Houston,TX,77587,Visa,4916136549600184,664,10/2017
Mosselight1959,LillieJKeller@dodgit.com,aiPhu0ic5ae,Lillie,Keller,1563 Glendale Avenue,Los Angeles,CA,90017,Visa,4916464469708104,623,4/2014
Spict1984,MaryJDowd@mailinator.com,Kai5ohveis,Mary,Dowd,1418 Carolina Avenue,Port Isabel,TX,78578,MasterCard,5422720655656595,653,1/2017
Sompores,TravisFSharp@trashymail.com,ieve2Aesh,Travis,Sharp,1498 Randolph Street,Buzzards Bay,MA,02532,MasterCard,5100042855063095,082,6/2017
Royague,FrankEThompson@trashymail.com,ur1aen9ooKie,Frank,Thompson,1547 Polk Street,Tucson,AZ,85716,MasterCard,5255897919181032,318,5/2013
Coving,CarmenRMartin@spambob.com,Cocohc8je,Carmen,Martin,2462 Hilltop Street,Springfield,MA,01103,Visa,4532832214017191,861,4/2017
Uness1934,MattieMHays@spambob.com,eiZeequ0wae,Mattie,Hays,568 Archwood Avenue,Mountain View,WY,82939,MasterCard,5197707809552021,228,10/2013
Rialf1940,DominickEHowell@trashymail.com,eiCae2aeV2ch,Dominick,Howell,1057 Jett Lane,Pomona,CA,91766,MasterCard,5101248028167007,898,3/2015
Mant1970,AnthonySLamb@spambob.com,meiThaBae9,Anthony,Lamb,1494 Grasselli Street,Madison,NH,03849,Visa,4532064434391525,615,2/2013
Unettle,CindyIRost@dodgit.com,eeh7Ao0es,Cindy,Rost,2781 Hilltop Haven Drive,Newark,NJ,07102,Visa,4929413403071488,425,4/2017
Exievess,WalterMWitherspoon@pookmail.com,phaeMao2Ohch,Walter,Witherspoon,3065 Rubaiyat Road,Grand Rapids,MI,49503,Visa,4916366451410476,191,11/2013
Carly1993,RuthJONeill@trashymail.com,nie7xaiL4,Ruth,O'Neill,2276 Nelm Street,Beltsville,VA,20705,Visa,4532887449397750,201,3/2013
Thosinglone,TommyAMartin@mailinator.com,Roog1Hah,Tommy,Martin,1106 Cecil Street,Chicago,IL,60610,MasterCard,5285036240279843,947,5/2017
Pomed1936,SandraDYork@mailinator.com,zeM4koemie,Sandra,York,424 Davisson Street,New Castle,IN,47362,MasterCard,5142831409150055,224,8/2017
Pandrear,MichaelLRucker@spambob.com,oe2oHa1ahth,Michael,Rucker,1779 Rosewood Court,Conger,MN,56020,MasterCard,5423016989304476,580,7/2014
Tront1984,HenrietteNEdwards@spambob.com,Gabaiw4hie,Henriette,Edwards,1425 Grand Avenue,Orlando,FL,32801,Visa,4716685292551194,957,7/2015
Anderpried,RobertJKasper@dodgit.com,Aesai5me9die,Robert,Kasper,3527 Hope Street,Portland,OR,97230,Visa,4556887848779468,468,3/2015
Degainge,MarioSMiller@dodgit.com,Nu6iulahKoh,Mario,Miller,1282 Huntz Lane,Bedford,MA,01730,MasterCard,5356047311651780,548,5/2015
Thervicarl,MableKKirkland@trashymail.com,ei2oV9xeoV,Mable,Kirkland,1498 Norma Lane,Shreveport,LA,71115,Visa,4556482710846957,599,8/2013
Lient1969,SamanthaTMcNamara@spambob.com,Se9Eum4eip3,Samantha,McNamara,1261 Rodney Street,Olivette,MO,63132,Visa,4929018298817190,368,8/2017
Coven1979,GregoryKJanssen@trashymail.com,MuKe0Osh0ung,Gregory,Janssen,3844 Sweetwood Drive,Denver,CO,80014,MasterCard,5135054575460930,044,5/2017
Bidermissele,BlancheWTeague@pookmail.com,Iviy1Aqu6ailu,Blanche,Teague,803 Keyser Ridge Road,Asheboro,NC,27203,Visa,4532553756711708,390,10/2017
Ostrailly,MarioCKrause@mailinator.com,uBi8weesoh,Mario,Krause,544 Tennessee Avenue,Pontiac,MI,48342,Visa,4485353900857086,302,11/2014
Poselver,DarrellJPage@dodgit.com,oofuvahV4D,Darrell,Page,641 Frosty Lane,Corning,NY,14830,MasterCard,5599037525014468,145,1/2014
Exprion,BrianMFox@trashymail.com,oaNg8foh,Brian,Fox,4541 Hampton Meadows,Charlestown,MA,02129,MasterCard,5599661863888660,275,1/2017
Outworight1982,MargaretFIkeda@mailinator.com,eiPhajar7ae,Margaret,Ikeda,1889 Crestview Terrace,Lytle,TX,78052,Visa,4929252268994867,838,9/2017
Haded1938,LouisVNelson@dodgit.com,eTooque8toy,Louis,Nelson,2901 Goldleaf Lane,Newark,NJ,07102,Visa,4485077239096930,458,3/2016
Gation,BrandonTPilcher@trashymail.com,pe3Uoleixie,Brandon,Pilcher,3637 Del Dew Drive,Greenbelt,MD,20770,Visa,4916256156551544,787,1/2015
Upoettly55,OwenGTucker@mailinator.com,aSha6uzier,Owen,Tucker,1021 Jefferson Street,Newport News,VA,23603,Visa,4485618994526528,595,10/2013
Xyling,KellyAMoses@pookmail.com,riefarai9Oo,Kelly,Moses,2294 Hillside Street,Phoenix,AZ,85012,MasterCard,5428497170024641,673,5/2015
Brev1952,GloriaLEaton@spambob.com,Oong4oowei,Gloria,Eaton,2540 Dye Street,Mesa,AZ,85201,MasterCard,5368968024869144,654,9/2015
Lookeed1952,HollyJBostic@pookmail.com,Baev8Phoo,Holly,Bostic,3537 Nicholas Street,Ottawa,KS,66067,Visa,4716468256307808,800,3/2013
Paped1939,MelissaRMorales@spambob.com,laeni9Yoh,Melissa,Morales,2813 Blane Street,Saint Louis,MO,63146,MasterCard,5517797844312294,372,5/2017
Residuchathe,JoelMMcCauley@mailinator.com,weiGahnei1v,Joel,McCauley,3150 Lincoln Street,Camden,NJ,08102,Visa,4556536389236269,838,1/2014
Tharste,SeanAClark@mailinator.com,ood5ahYoo,Sean,Clark,86 Goldie Lane,Dayton,OH,45407,Visa,4916805314672434,117,2/2014
Ketionce,JohnMRuiz@trashymail.com,Eesei2eil,John,Ruiz,309 Pearlman Avenue,Acton,MA,01720,Visa,4916870696468363,575,6/2014
Niedid1982,JosephTMaynor@pookmail.com,uNie7thieng,Joseph,Maynor,858 Big Indian,New Orleans,LA,70171,Visa,4916275992397086,880,4/2013
Veat1937,AdamPWilliams@mailinator.com,ahtoBa4ae,Adam,Williams,4709 Jacobs Street,Carnegie,PA,15106,MasterCard,5357622997737704,733,6/2015
Bobjection,BrandiJBurns@dodgit.com,VeGai1atoh,Brandi,Burns,4122 Warner Street,Casper,WY,82601,Visa,4532792068379859,127,6/2017
Flut1993,FranciscoKWashington@pookmail.com,aish6IePeu,Francisco,Washington,2837 John Daniel Drive,Columbia,MO,65202,Visa,4485494421361685,145,11/2016
Moafflurs,MikaFCarr@pookmail.com,Wai1eet7Ey,Mika,Carr,360 Hurry Street,Fredericksburg,VA,22401,Visa,4716688041958934,366,11/2015
Achis1964,PatriciaBBurnett@trashymail.com,Shaing3B,Patricia,Burnett,466 Kemper Lane,Salt Lake City,UT,84111,MasterCard,5565185532268989,400,12/2014
Anners,JanetJPatton@spambob.com,uquahTh5o,Janet,Patton,4811 Pine Street,Saxonsburg,PA,16056,MasterCard,5530358942399379,664,3/2013
Dawass28,JoshuaMMahaffey@dodgit.com,aeChei5due,Joshua,Mahaffey,1818 Earnhardt Drive,Louisville,KY,40202,MasterCard,5157031256893301,272,1/2013
Hastionly,CharlesVCourtright@trashymail.com,pooH3Aicoo9,Charles,Courtright,1920 Pike Street,San Diego,CA,92123,Visa,4532981307447995,979,9/2014
Wholubt,BillieASantos@spambob.com,eequ3Ooh1Wa,Billie,Santos,3813 Washington Street,Premont,TX,78375,Visa,4556333016783370,722,12/2015
Siould,DonaldJBlue@trashymail.com,aeph7YeoMo4I,Donald,Blue,3909 Simons Hollow Road,Mandata,PA,17830,Visa,4929538130383572,566,10/2014
Strathe,DeborahLHoward@pookmail.com,aib1EeR2ukoo,Deborah,Howard,3618 Davis Lane,Denver,CO,80239,Visa,4916808379818835,529,10/2015
Labitchisiol,RichardLDigennaro@mailinator.com,EeCap8ko3th,Richard,Digennaro,4076 Benedum Drive,Poughkeepsie,NY,12601,Visa,4929884985081006,695,7/2016
Ereun1957,DianeWGlass@trashymail.com,Neebeik5olee,Diane,Glass,152 Thompson Street,Long Beach,CA,90813,Visa,4532627491964366,492,1/2015
Stletter,FrancesHSchroeder@spambob.com,koFaSoh1ohl,Frances,Schroeder,2323 Lakeland Terrace,Wyandotte,MI,48192,Visa,4485607985641362,264,12/2016
Frousbarede,JeffreyTSmith@mailinator.com,jai3eGh7je,Jeffrey,Smith,2934 Lynn Street,Woburn,MA,01801,MasterCard,5395590320483367,559,5/2014
Oldideady,GladysTKidd@pookmail.com,Laing1mie,Gladys,Kidd,4530 Hott Street,Oklahoma City,OK,73107,Visa,4716879994931107,907,3/2016
Lifid1936,GenevaJMarkle@spambob.com,ev6Aedoo0cu,Geneva,Markle,1482 University Street,Seattle,WA,98155,Visa,4929840031395642,170,12/2015
Moratte,WilliamDTapper@spambob.com,Kee2ahjeu9,William,Tapper,285 Concord Street,Charlotte,NC,28212,MasterCard,5237985776941862,202,6/2016
Gaisteas,MichelleJAvery@dodgit.com,Ro6geotaey,Michelle,Avery,3226 Jail Drive,Rancho Dominguez,CA,90220,MasterCard,5451920819796139,370,2/2015
Wassilleyert,GeorgeBHinshaw@pookmail.com,gee4niePee,George,Hinshaw,495 Broad Street,Pell City,AL,35125,Visa,4929017699528281,802,7/2017
Scouned,EllaCLara@pookmail.com,Ausa1YaePh,Ella,Lara,3598 Harry Place,Charlotte,NC,28226,Visa,4716323055933637,551,5/2014
Capost,MarieJJones@trashymail.com,eire6veoLe,Marie,Jones,2366 Meadow View Drive,Hartford,CT,06103,Visa,4929996605801074,725,2/2015
Bele1953,GladysMOliver@mailinator.com,iGoh5kiaNgoh,Gladys,Oliver,4967 Harper Street,Burkesville,KY,42717,MasterCard,5371238469305573,762,12/2013
Behend,MichaelLKennedy@spambob.com,Ohz4ho4iyie,Michael,Kennedy,466 Irish Lane,La Crosse,WI,54601,Visa,4929695193574677,376,7/2013
Tileords,PrestonSJones@mailinator.com,zoteiFoh6Ie,Preston,Jones,3182 Mesa Drive,Las Vegas,NV,89128,Visa,4916186615276054,697,7/2016
Hism1934,EricBGuzman@spambob.com,puz3IDe6,Eric,Guzman,1329 University Street,Seattle,WA,98106,Visa,4539922085047105,062,11/2015
Samot1931,MaryMWeinstein@spambob.com,oedooboow9B,Mary,Weinstein,4536 Marshville Road,La Grange (Dutchess),NY,12540,Visa,4539662826056292,616,11/2016
Fortalwyneho63,StevenNLewis@spambob.com,reijeigh9Sh,Steven,Lewis,791 Broad Street,Birmingham,AL,35222,Visa,4716565487634205,035,4/2013
Gual1955,StephenKWhitlow@mailinator.com,chah3uZoo,Stephen,Whitlow,739 Lilac Lane,Savannah,GA,31401,Visa,4929221664719806,217,11/2017
Noust1978,StevenLHarvey@mailinator.com,Ceh0Que8ie,Steven,Harvey,4817 Bingamon Branch Road,Grayslake,IL,60030,MasterCard,5531080435320626,431,6/2013
Gramptude1980,GlendaDHicks@dodgit.com,Eexai6weec,Glenda,Hicks,1652 Pratt Avenue,Orchards,WA,98662,Visa,4556392744046823,469,10/2014
Sument,JesseFSmith@mailinator.com,ohngohRuj5,Jesse,Smith,799 Apple Lane,Cordova,IL,61242,Visa,4532705870741777,011,8/2013
Opecticess,KimberlyKHultgren@dodgit.com,Ahgh7eB1oo,Kimberly,Hultgren,112 Virginia Street,Chicago,IL,60653,MasterCard,5236586162169992,005,12/2015
Gedued,JulietGAnderson@mailinator.com,oj8uDuuDae6,Juliet,Anderson,516 Geneva Street,New York,NY,10016,MasterCard,5254182101529061,531,10/2016
Therequisels,KathleenBThurman@dodgit.com,Ohchoo6ee,Kathleen,Thurman,1109 Dola Mine Road,Raleigh,NC,27604,MasterCard,5480856161565877,733,5/2015
Loven1927,DahliaDBrown@dodgit.com,EePae5voo1,Dahlia,Brown,4787 Chandler Drive,Hartville,MO,65667,Visa,4916166651424578,463,9/2013
Goodst,StevenJScruggs@dodgit.com,iew1Ohpamae,Steven,Scruggs,2920 Franklee Lane,Philadelphia,PA,19108,Visa,4716405431858263,707,2/2017
Efte1951,LouiseWFowler@mailinator.com,uD9yeidailee,Louise,Fowler,1054 Doe Meadow Drive,Annapolis Junction,MD,20701,Visa,4556586662916822,979,7/2016
Inity1958,MarshaMAdams@mailinator.com,ImoGhaiCahh0,Marsha,Adams,1495 Meadow Lane,Oakland,CA,94612,MasterCard,5172915352036602,567,2/2017
Supolnester,RobertKWilson@spambob.com,OWah1ohd1f,Robert,Wilson,496 Broadcast Drive,Matthews,NC,28105,MasterCard,5314247260959686,973,6/2017
Offined,JeremyNSutton@spambob.com,ohnith9Th,Jeremy,Sutton,11 Stanley Avenue,Huntington,NY,11743,MasterCard,5430151220176820,124,11/2013
Coluch,RobertDBarrientez@mailinator.com,eF2Eib8oX,Robert,Barrientez,2024 Willis Avenue,Daytona Beach,FL,32114,MasterCard,5483619187874930,228,6/2013
Patife,WilliamGWright@dodgit.com,Ri1iphohnoo,William,Wright,1612 Wood Street,Pearl River,LA,70452,MasterCard,5466191509575448,665,5/2013
Anighbold,DonnaJDuncan@mailinator.com,nietohh3Aeth,Donna,Duncan,1402 Woodside Circle,Destin,FL,32541,Visa,4916375354132772,496,7/2015
Fringlose,LouiseANieves@trashymail.com,HohZoiNi4nae,Louise,Nieves,580 Settlers Lane,Huntington,NY,11743,Visa,4485739310101786,308,9/2014
Jamathand32,JoycelynRFlores@spambob.com,vea1Olae,Joycelyn,Flores,2286 Eastland Avenue,Jackson,MS,39206,Visa,4539162920395423,563,1/2017
Lumpose,JoeSBowen@spambob.com,teevee6ooG,Joe,Bowen,2585 Gordon Street,Los Angeles,CA,90017,MasterCard,5154467471872014,150,7/2014
Didan1980,ColbyRCook@pookmail.com,uVie1PiG,Colby,Cook,3583 Mount Street,Saginaw,MI,48607,Visa,4556773536070495,424,7/2014
Haoreas32,LisaJDunn@spambob.com,iNgiep6Eifo,Lisa,Dunn,1887 Passaic Street,Washington,DC,20036,MasterCard,5253019024394614,602,3/2014
Surpery,RichardNThomas@pookmail.com,eeCoo1Shang5,Richard,Thomas,1514 Geraldine Lane,New York,NY,10013,Visa,4929674406623597,506,10/2017
Wremn1987,DorothyTHendrickson@dodgit.com,xaet3eekae7Oh,Dorothy,Hendrickson,538 Byrd Lane,Albuquerque,NM,87111,Visa,4532646453844457,109,1/2014
Consy1959,FloydHPace@trashymail.com,air2chaiG6,Floyd,Pace,1139 Yorkshire Circle,Oriental,NC,28571,Visa,4929583325322159,550,6/2013
Dideas,AdrianaMSavage@trashymail.com,iemoThi7die,Adriana,Savage,1392 Pursglove Court,Dayton,OH,45402,MasterCard,5130426693268103,933,2/2013
Theadis,DouglasEThill@dodgit.com,ood8eKooy1,Douglas,Thill,4117 Poplar Lane,Ft Lauderdale,FL,33311,Visa,4929856910424220,543,1/2013
Withein,PatriciaJLuckey@dodgit.com,Kohz4aov,Patricia,Luckey,3621 Finwood Road,Fords,NJ,08863,Visa,4556638313065747,234,9/2016
Grindid,JulianaAKuhn@mailinator.com,EdoY2Ooh,Juliana,Kuhn,4407 Cedar Lane,Fort Washington,MA,19034,MasterCard,5141901577588252,624,9/2016
Menting,JoshuaPHill@dodgit.com,HaDu2au2ahx,Joshua,Hill,1478 Bluff Street,Landover,MD,20785,MasterCard,5366847005214979,369,5/2014
Neracked,GaryMVigil@mailinator.com,too2Ewuh,Gary,Vigil,3581 Small Street,New York,NY,10029,MasterCard,5498333358834854,833,8/2015
Comens,StanleyLTaylor@trashymail.com,Eiho2aiH,Stanley,Taylor,2600 Fraggle Drive,Wood Dale,IL,60191,Visa,4485821343460486,158,9/2017
Grele1953,JohnKLucky@mailinator.com,Eik9oori3,John,Lucky,2841 Ottis Street,Oklahoma City,OK,73102,MasterCard,5315874981323964,705,8/2015
Tritionver,XiomaraGWhatley@mailinator.com,Haey2Ooloo,Xiomara,Whatley,44 Tenmile Road,Cambridge,MA,02141,Visa,4716627394823865,576,5/2014
Preempory,DeloresOHolmes@spambob.com,ieGh3ekeeR,Delores,Holmes,4598 Fowler Avenue,Griffin,GA,30224,MasterCard,5345365882384001,788,12/2013
Slogummid,ElliotLCarter@pookmail.com,dishohr2Quie,Elliot,Carter,3850 Wildrose Lane,Detroit,MI,48207,Visa,4716134384551317,569,10/2015
Thicks1974,StevenJMcGarry@mailinator.com,ughi7OhGhae,Steven,McGarry,2086 Powder House Road,West Palm Beach,FL,33410,MasterCard,5408814446578701,784,8/2016
