Username,EmailAddress,Password,GivenName,Surname,StreetAddress,City,State,ZipCode,CCType,CCNumber,CVV2,CCExpires
Qually,DanielNMathews@dodgit.com,MoLee5zoh,Daniel,Mathews,1816 Travis Street,Vero Beach,FL,32960,MasterCard,5217208721526363,085,1/2014
Sponly,TerrieNClayton@dodgit.com,Goh2ootipei1,Terrie,Clayton,2913 Douglas Dairy Road,Bristol,VA,37620,Visa,4716762277077121,627,4/2014
Beravi,MinnieJMoreno@spambob.com,Thuw4Chei,Minnie,Moreno,1640 Thomas Street,Winnetka,IL,60093,Visa,4539920478062863,891,5/2013
Suppen67,ScottEWaddell@trashymail.com,eiG9Lees,Scott,Waddell,4212 Lindale Avenue,Oakland,CA,94612,Visa,4716543019261417,088,7/2016
Lowat1979,DonnaRStanfield@trashymail.com,phie8Noh2,Donna,Stanfield,1144 Horner Street,Pattersonville,OH,44657,MasterCard,5303111126540176,737,2/2017
Hood1993,AndrewBTurner@dodgit.com,xeph7EeCa,Andrew,Turner,3132 Mulberry Avenue,Little Rock,AR,72201,Visa,4485579624414776,333,4/2014
Haved1962,AnaGRobison@pookmail.com,AikeeRe1th,Ana,Robison,4061 Kelly Street,Charlotte,NC,28273,MasterCard,5320177593106568,122,7/2016
Sweir1956,SharonJSouliere@mailinator.com,eeQuaht7e,Sharon,Souliere,2370 McDowell Street,Nashville,TN,37204,Visa,4539552771155563,380,7/2014
Whostravion1977,JudiMThomas@spambob.com,Eepeir0ooPh,Judi,Thomas,3143 Birch Street,Westfield,IN,46060,MasterCard,5470501224761889,296,3/2016
Thansin,KarenTWinstead@mailinator.com,pho8Il8ieWie,Karen,Winstead,389 Metz Lane,Charlestown,MA,02129,MasterCard,5394266488473810,745,12/2014
Theon1949,FrancesKThomas@spambob.com,dohlaZe5,Frances,Thomas,1251 Owen Lane,Fort Myers,FL,33901,MasterCard,5278342847903259,089,9/2014
Gragairehe,SandyMArnold@spambob.com,utai0Hie8m,Sandy,Arnold,2530 Walnut Hill Drive,Cincinnati,OH,45251,MasterCard,5263663824863639,031,5/2017
Frim1948,PaulMWhite@trashymail.com,teeg7cieZ8oh,Paul,White,2147 Fidler Drive,San Antonio,TX,78212,Visa,4556059222814523,046,5/2016
Pappin,ScottieBMoore@dodgit.com,xeihuz3Tum,Scottie,Moore,1505 Front Street,Flint,MI,48548,MasterCard,5116226668011415,675,8/2017
Prembid61,DorothyJAlley@spambob.com,vaujo3hoQuu,Dorothy,Alley,646 Reeves Street,Sheboygan Falls,WI,53085,Visa,4929387250224723,527,3/2013
Gioncy1992,HazelLSchmitt@pookmail.com,ungie8Eip,Hazel,Schmitt,4486 James Martin Circle,Columbus,OH,43206,Visa,4532639599820648,593,10/2015
Yeterfer,RalphASchmidt@trashymail.com,iekoot3Jaug,Ralph,Schmidt,4955 Vineyard Drive,Warrensville Heights,OH,44128,MasterCard,5446855170518086,840,11/2013
Aily1968,ChristoperAConti@pookmail.com,eyaejoh6Isai,Christoper,Conti,3610 Viking Drive,Worthington,OH,43085,Visa,4539079032217289,999,3/2017
Hiscitifted,SharaSWildman@mailinator.com,saiK6queiNg,Shara,Wildman,2686 Central Avenue,New Brunswick,NJ,08901,MasterCard,5437968176639730,045,1/2014
Betheareast,AnnaCMills@spambob.com,ooHe3zii,Anna,Mills,2905 Masonic Hill Road,Little Rock,AR,72201,MasterCard,5168080079567086,615,5/2017
Thonegive,DavidKAppel@mailinator.com,eoxooPh6,David,Appel,801 Beechwood Avenue,Weehawken,NJ,07087,Visa,4929727955795164,272,8/2013
Bardes,JuliusCWalter@spambob.com,ahGooN8ahw2,Julius,Walter,3724 Sussex Court,Waco,TX,76701,Visa,4485893105064590,025,12/2015
Mrsexamme,LucyHLafontaine@dodgit.com,Ahh4eekai,Lucy,Lafontaine,4291 Benson Street,Clear Lake,WI,54005,Visa,4916520403609334,820,4/2016
Almou1971,JanYBranco@spambob.com,ieget9ahM,Jan,Branco,2634 Hamilton Drive,Baltimore,MD,21229,Visa,4929840268809760,824,4/2014
Abytheirst,GaryRBrown@mailinator.com,Ohph4puu,Gary,Brown,2779 Canis Heights Drive,Los Angeles,CA,90017,Visa,4539623914324117,108,2/2015
Nosty1977,ZaneEMcGinley@dodgit.com,EibiaD5Eej5,Zane,McGinley,4628 Bastin Drive,Norristown,PA,19403,MasterCard,5382836493441400,532,10/2014
Ambeek,ShannonJAinsworth@spambob.com,oom7Bohhahk,Shannon,Ainsworth,1535 Simons Hollow Road,Thompson,PA,18465,MasterCard,5478829947552703,174,11/2016
Nowelpleady,KeithMPhillips@spambob.com,iepoo3Pah,Keith,Phillips,1435 Reel Avenue,Cimarron,NM,87714,Visa,4539525046432181,804,9/2017
Thalow,ErnieLDawson@pookmail.com,Gai2oewohB,Ernie,Dawson,4108 Lewis Street,Chicago,IL,60605,Visa,4539924168848474,984,4/2013
Thoulder,JerryDMcWhorter@mailinator.com,ugei3PahJ,Jerry,McWhorter,3857 Benson Park Drive,Oklahoma City,OK,73111,Visa,4539490436764729,186,4/2014
Sown1986,MelodiRSchick@dodgit.com,diph3Iel4Ph,Melodi,Schick,3990 Oak Ridge Drive,Montgomery City,MO,63361,MasterCard,5192165430019180,958,11/2017
Husafter,HarrietCBosco@pookmail.com,ohLaeph7lahp2,Harriet,Bosco,4336 Adams Avenue,Laurel,MD,20707,Visa,4716596061656280,099,3/2016
Tionther,EverettWHall@dodgit.com,Pagi3Bai5ai,Everett,Hall,1813 Lady Bug Drive,Bronx,NY,10453,Visa,4532461985179830,966,4/2014
Allontention66,MeganPMoreland@dodgit.com,ooK4Miegh,Megan,Moreland,1132 Flinderation Road,Burr Ridge,IL,60527,Visa,4556378543846778,045,8/2016
Wandid,CarolineTWells@trashymail.com,ol4Ooyeishee,Caroline,Wells,39 Centennial Farm Road,Spencer,IA,51301,MasterCard,5270477072928346,219,6/2013
Tabstair,SalomeCTaylor@dodgit.com,thaiyeeJ9Ph,Salome,Taylor,3317 Benson Park Drive,Norman,OK,73069,Visa,4929044438393900,033,12/2013
Onessince,DavidCHall@spambob.com,ahcheiS9a,David,Hall,3195 Crowfield Road,Phoenix,AZ,85003,MasterCard,5596190012651426,016,8/2014
Litine,PattyASavage@mailinator.com,Shah3ii7be5e,Patty,Savage,689 Willis Avenue,Daytona Beach,FL,32114,Visa,4929900959405995,920,9/2016
Gappell,BrendaSCascio@trashymail.com,aKahfe2au,Brenda,Cascio,842 Sherwood Circle,High Point,NC,27260,Visa,4485634147333209,008,4/2014
Loye1953,LorriRPoli@spambob.com,Taicae1th,Lorri,Poli,264 Owagner Lane,Burien,WA,98168,MasterCard,5530969458052234,676,10/2013
Youturicus1960,GregoryCZuehlke@trashymail.com,KaiL2Ail7,Gregory,Zuehlke,1470 Hamill Avenue,San Diego,CA,92103,MasterCard,5110860700157079,091,2/2013
Prect1992,NicoleKBrown@mailinator.com,Bi9booGah,Nicole,Brown,3582 Jessie Street,Cumberland,OH,43732,Visa,4532893796718903,224,3/2015
Commothe,JenniferCMounts@trashymail.com,Asood5iej,Jennifer,Mounts,4972 Ryan Road,Sioux Falls,SD,57104,Visa,4532105114772805,982,3/2015
Werseemse,TerranceMKing@spambob.com,hie2aem5Ch,Terrance,King,2079 Cherry Tree Drive,Starke,FL,32091,Visa,4539227007120927,147,2/2017
Serot1968,RubyWSargent@trashymail.com,Sio3Ohn8,Ruby,Sargent,2338 Deer Ridge Drive,Nutley,NJ,07110,MasterCard,5454581014199672,218,9/2013
Coustruste1958,CaseyRClinkscales@mailinator.com,EePh4loo8,Casey,Clinkscales,2063 Wildrose Lane,Detroit,MI,48219,MasterCard,5178769105345065,867,5/2015
Saithe,MelissaEGallo@spambob.com,aiThoo2aich,Melissa,Gallo,383 Veltri Drive,Soldotna,AK,99669,MasterCard,5106472518726727,185,7/2015
Wituabled,LindaJLane@trashymail.com,Ee5shaBoofach,Linda,Lane,1708 Center Avenue,Fresno,CA,93721,Visa,4556280027412293,349,5/2013
Elvinew,AmparoBGeiser@pookmail.com,aiCh4peig,Amparo,Geiser,4976 Ralph Drive,Mentor On The Lake,OH,44060,MasterCard,5445564605281234,263,2/2013
Untowent,RonaldSWeese@trashymail.com,quaeNiPh0r,Ronald,Weese,4421 Hidden Meadow Drive,Williston,ND,58801,MasterCard,5255444168585363,704,6/2017
Werhat,RobertECurry@dodgit.com,neuboe2Jaim,Robert,Curry,2461 Seltice Way,Eagle,ID,83642,MasterCard,5403926865021396,451,5/2013
Whaturand,ShirleyMBilski@spambob.com,pe2Ahxuun,Shirley,Bilski,4893 Rose Avenue,Marrero,LA,70072,MasterCard,5384620400647400,918,11/2015
Mazed1952,DorothyRMatthews@mailinator.com,quei5shaePi,Dorothy,Matthews,3654 Elk Creek Road,Chamblee,GA,30341,Visa,4539235097131019,050,1/2017
Tabounce,DonnaGMcCloy@pookmail.com,Azi8ieBaiTh,Donna,McCloy,977 White Lane,Bentonville,AR,72712,Visa,4929300114287133,596,11/2013
Seeck1938,ElizabethEShaw@dodgit.com,eij3VaiKee,Elizabeth,Shaw,3056 Skinner Hollow Road,Myrtle Creek,OR,97457,MasterCard,5584614195092169,088,9/2015
Withapers,SusanJBrown@spambob.com,eet0eNu2ee,Susan,Brown,4744 Turkey Pen Lane,Eclectic,AL,36024,MasterCard,5218157491430521,430,3/2016
Ongdaince,ChristineWWilson@trashymail.com,shahk5Fieloo,Christine,Wilson,2501 Rodney Street,Maryland Heights,MO,63141,Visa,4916527671042098,366,1/2016
Vance1943,LolitaJGrace@trashymail.com,phohV2ahWoqu,Lolita,Grace,1987 Wakefield Street,King Of Prussia,PA,19406,Visa,4916375743554876,262,12/2015
Uppy1952,JudyRAcosta@pookmail.com,eighohm4R,Judy,Acosta,2816 Oxford Court,Columbus,MS,39701,Visa,4556998540435364,680,12/2015
Consten1976,MaryCCarbone@trashymail.com,Mai5pai5thi,Mary,Carbone,4011 Poe Lane,Overland Park,KS,64110,Visa,4929389337029968,400,1/2016
Wastp1968,FrankDWalker@spambob.com,TeiPoo7ie,Frank,Walker,2756 Flint Street,Winder,GA,30680,MasterCard,5356459544727032,598,6/2015
Tonæ32,ClaudetteLBowen@mailinator.com,ee5Ri1ocio,Claudette,Bowen,1086 Calico Drive,Wenatchee,WA,98801,MasterCard,5291625713108810,658,7/2014
Dickent1974,BrianneMWehrle@spambob.com,Iisah2iCae,Brianne,Wehrle,2795 Briarwood Drive,Pennsauken,NJ,08110,MasterCard,5389636278754719,022,4/2015
Miless,JohnMAmes@dodgit.com,queiXur3xei,John,Ames,1444 Pike Street,San Diego,CA,92123,Visa,4532506492347500,001,5/2014
Anistring83,JessieAHendrickson@pookmail.com,ieZafo1eiNg,Jessie,Hendrickson,1363 Bloomfield Way,Rockland,ME,04841,Visa,4716063550380831,268,7/2016
Therommover,JeffreyMFournier@dodgit.com,ba6ohbeiVoo,Jeffrey,Fournier,1926 University Hill Road,Mount Pulaski,IL,62548,MasterCard,5442725269213366,822,9/2015
Blema1950,JuanKPatterson@trashymail.com,Icaeph3Ai,Juan,Patterson,4933 Harvest Lane,Graham,MO,64455,Visa,4532374857629776,954,6/2015
Commarokel,AmandaRRimmer@trashymail.com,Aeng7Quoh,Amanda,Rimmer,1753 Desert Broom Court,Parsippany,NJ,07054,Visa,4539567940563091,836,6/2014
Subleent,MichaelJFulton@trashymail.com,ohku6Ahh6ch,Michael,Fulton,3597 Heavner Avenue,Atlanta,GA,30303,MasterCard,5195973005527108,612,12/2015
Yestoorse,MarivelHRomero@pookmail.com,Eoci5wohp,Marivel,Romero,3718 Cherry Camp Road,Wood Dale,IL,60191,MasterCard,5500185140540280,557,9/2014
Himseek39,JillJBean@pookmail.com,eeduox5eiQu,Jill,Bean,1498 Sugar Camp Road,Garretson,MN,57030,Visa,4556125607340507,659,1/2017
Lome1928,MargaritoEButler@trashymail.com,shah7Mahcu,Margarito,Butler,581 Elliott Street,Manchester,NH,03101,MasterCard,5430448277618344,648,8/2015
Haddery,CoreySRussell@mailinator.com,dooch6Nea2ae,Corey,Russell,163 Hill Croft Farm Road,Oroville,CA,95966,MasterCard,5132767431252521,091,1/2014
Awly1946,SeanEBrooks@trashymail.com,ees5lahjiaNg,Sean,Brooks,4968 Godfrey Street,Aloha,OR,97007,MasterCard,5144291417735504,613,5/2013
Hiceivien1986,SusanTLutz@mailinator.com,ahxoB5sh,Susan,Lutz,176 Northwest Boulevard,Washington,DC,20009,Visa,4532704811149778,803,7/2014
Satisce,ScottASykora@pookmail.com,ona8cheiNoh,Scott,Sykora,4959 Mudlick Road,Pasco,WA,99301,MasterCard,5107490396051041,435,12/2016
Puntore,ChristopherLPorter@pookmail.com,Coukoh1Ae,Christopher,Porter,322 Farm Meadow Drive,Nashville,TN,37209,Visa,4539428641503821,884,6/2014
Wayied,TimLBeaudry@dodgit.com,xohdoo7Ie,Tim,Beaudry,3024 Bel Meadow Drive,Colton,CA,92324,Visa,4716288530084738,304,9/2016
Beting33,JohnVPalmer@mailinator.com,koh6kaiZae,John,Palmer,4243 Fittro Street,Little Rock,AR,72210,MasterCard,5285432650284573,904,10/2016
Abight,StevenEWright@pookmail.com,hah8uZ7au,Steven,Wright,4265 Holt Street,West Palm Beach,FL,33401,MasterCard,5335812901279615,224,2/2013
Gree1983,EricSMichel@trashymail.com,vooD0ooy,Eric,Michel,4857 Palmer Road,Columbus,OH,43085,Visa,4485562161912279,094,10/2015
Makesch,CameronJMaddocks@dodgit.com,liicieXeig3ah,Cameron,Maddocks,3216 Glen Falls Road,Philadelphia,PA,19115,Visa,4916345103070219,266,11/2013
Soletur1938,MaryMDavis@mailinator.com,Ahz4phietu3,Mary,Davis,1675 Duck Creek Road,San Francisco,CA,94107,Visa,4556149007940971,682,10/2015
Ansetracten,ArmandoBPerry@trashymail.com,naiDul7aiph,Armando,Perry,3404 Spring Haven Trail,Montclair,NJ,07042,MasterCard,5583845640673028,320,8/2013
Sever1969,LoisPGunter@mailinator.com,ok9di9Ahjah,Lois,Gunter,689 Anthony Avenue,Roscoe,TX,79545,MasterCard,5157299813030523,540,9/2015
Milem1950,AntoineCMeadows@mailinator.com,Ei6eichae2,Antoine,Meadows,3266 Finwood Road,New Brunswick,NJ,08901,Visa,4916807729025331,486,5/2013
Hisimed1957,ElenaDRodriguez@pookmail.com,rie9noF0Mei,Elena,Rodriguez,1720 Jennifer Lane,Durham,NC,27713,Visa,4556754202202521,082,12/2013
Upond1970,FrankESchuller@mailinator.com,Waepohteh6c,Frank,Schuller,124 Blackwell Street,Anchorage,AK,99515,Visa,4539125235710115,328,7/2013
Wors1967,EricLBaum@pookmail.com,mu0oB7oov5,Eric,Baum,1467 Grim Avenue,La Mesa,CA,91941,Visa,4485599229787095,933,6/2013
Groffirl1958,LeoCRivera@mailinator.com,iebu4eiTee6,Leo,Rivera,4832 Angie Drive,Los Angeles,CA,90017,MasterCard,5565311222493469,840,9/2016
Anythat,MargaretNRicard@spambob.com,Ahhieng1sef4,Margaret,Ricard,1949 Isaacs Creek Road,Ashland,IL,62612,Visa,4556852135709404,361,11/2016
Tortere,WmDBooker@spambob.com,XoPaishai4c,Wm,Booker,1249 Williams Avenue,Bakersfield,CA,93307,MasterCard,5391772119169142,031,6/2013
Thentor,MarlaWWallace@dodgit.com,tie7aeToh,Marla,Wallace,3366 Hart Street,Watertown,CT,06795,Visa,4532559766620813,766,1/2015
Wornat,JessicaGHolguin@dodgit.com,ikoh8nic7Nei,Jessica,Holguin,974 Benedum Drive,New Paltz,NY,12561,Visa,4556916348871564,934,1/2013
Witheoper,FrankLWelke@trashymail.com,phohngee4Y,Frank,Welke,3919 Arron Smith Drive,Kaunakakai,HI,96748,MasterCard,5531563918681846,524,10/2017
Sommainly,ElsieJStaudt@trashymail.com,EiGayaip4Ph,Elsie,Staudt,2758 Harter Street,Georgetown,OH,45121,Visa,4485376267476570,284,1/2015
Inast1938,IvanRCisneros@pookmail.com,Chaengoo4Woo,Ivan,Cisneros,3232 Pointe Lane,Fort Lauderdale,FL,33308,MasterCard,5269121591412019,467,6/2013
Brion1966,TerranceSDaniel@pookmail.com,thae2huGh,Terrance,Daniel,4292 Blue Spruce Lane,Severna Park,MD,21146,MasterCard,5101529556616329,920,6/2015
Willogese,FernandoLMahmood@mailinator.com,Sahsh9sheeG,Fernando,Mahmood,2744 Hannah Street,Charlotte,NC,28273,MasterCard,5578253082527264,051,2/2013
Spental,JamesLKeltner@dodgit.com,eepahx7Ia,James,Keltner,4737 Chandler Hollow Road,Portland,PA,97205,MasterCard,5414471179630027,046,3/2013
Suche1959,JasonDWeaver@mailinator.com,beirae9UuYoo,Jason,Weaver,3166 Farland Street,Hickory Hills,IL,60457,Visa,4532735794152108,583,3/2013
Evered,ChesterIDent@mailinator.com,ahXah5Rei,Chester,Dent,3169 Buffalo Creek Road,Nashville,TN,37201,Visa,4556313366905773,867,9/2013
Distert,GeorgeSMcCallister@dodgit.com,uCh2eCoh7,George,McCallister,2557 Pretty View Lane,Elk,CA,95432,MasterCard,5475117306719730,450,3/2016
Mosters,ChristopherLHicks@pookmail.com,hooFa3azai,Christopher,Hicks,3673 Hott Street,Oklahoma City,OK,73109,Visa,4556840926124149,395,4/2014
Inviand,SandraEEvans@mailinator.com,eiGe2einarei,Sandra,Evans,1884 Short Street,Austin,TX,78741,Visa,4532133407676293,909,10/2015
Buttp1933,LisaALewis@dodgit.com,feg2dohHoh,Lisa,Lewis,1284 Franklee Lane,Philadelphia,PA,19108,Visa,4929556740986295,713,2/2014
Prabooks,AshleyDBelli@pookmail.com,eiy5Aib1,Ashley,Belli,567 Pennsylvania Avenue,Keyport,NJ,07735,Visa,4929439317050052,636,12/2013
Therned,MableZAnderson@spambob.com,Moo7ahdei,Mable,Anderson,1808 Caynor Circle,Jersey City,NJ,07307,MasterCard,5412306086631860,113,1/2015
Carise,DavidMCothran@mailinator.com,eew5ohGh6gie,David,Cothran,1114 Kuhl Avenue,Atlanta,GA,30345,Visa,4916121542725204,566,1/2015
Pubt1947,JoyKHans@pookmail.com,aethae3shahX,Joy,Hans,4620 Catherine Drive,Bismarck,ND,58501,MasterCard,5364299419520769,567,10/2015
Frothen,NathanPNorton@dodgit.com,ved4Nae8ahC,Nathan,Norton,4972 Patterson Road,Brooklyn,NY,11209,MasterCard,5457219003747477,667,7/2015
Kang1931,JennieSMorrison@spambob.com,ni6Giruugai,Jennie,Morrison,3104 Camden Place,Summerville,SC,29483,Visa,4716146625059553,302,3/2017
Derep1940,JohnESchillinger@mailinator.com,roo3ouyiNg,John,Schillinger,2711 Bruce Street,Saint Louis,MO,63108,Visa,4916497656660662,978,10/2013
Eareat,JerrieWSikes@pookmail.com,hieNg5jio,Jerrie,Sikes,4521 Benedum Drive,Middletown,NY,10940,Visa,4532978033895778,196,1/2016
Eivernesse,FelipeDWall@trashymail.com,kee5ohSa,Felipe,Wall,234 Prudence Street,Detroit,MI,48219,MasterCard,5401529463546715,730,7/2014
Gamention,MaryVTorres@mailinator.com,haepo5iShe,Mary,Torres,1035 Barnes Street,Orlando,FL,32810,MasterCard,5301373105280545,355,4/2015
Hiculd,OscarVJohnson@pookmail.com,wien7ay6Phai,Oscar,Johnson,4509 George Avenue,Mobile,AL,36602,MasterCard,5220156030067717,888,2/2017
Liser1981,MelonieRWasson@mailinator.com,jio8faeTh,Melonie,Wasson,1480 Fire Access Road,Oldtown,NC,27106,MasterCard,5581089669072554,056,6/2014
Uppre1963,RogerRLargent@trashymail.com,Fuja2wunae,Roger,Largent,4676 Layman Court,Atlanta,GA,30328,MasterCard,5517376672289674,030,10/2014
Anturtat61,ClarenceBRea@pookmail.com,aev3uvooH,Clarence,Rea,4999 Hillview Drive,Cusseta,GA,31805,Visa,4916784376403857,297,7/2014
Wirave1946,FrankJTrumbull@pookmail.com,ieCh8eodee,Frank,Trumbull,4347 Ryder Avenue,Everett,WA,98208,Visa,4716135162391842,052,2/2014
Unforsibut33,RodneyMGentry@dodgit.com,oojahR2iiPh,Rodney,Gentry,4001 Green Hill Road,Springdale,AR,72762,MasterCard,5239414869238266,927,8/2017
Nellootiout1976,PatriciaRBeal@trashymail.com,uuSai9li4in,Patricia,Beal,2184 Cambridge Drive,Glendale,AZ,85301,Visa,4916355894960221,019,8/2015
Doemse,JuneAStaton@pookmail.com,kienu1iiCi,June,Staton,2044 Thunder Road,Palo Alto,CA,94306,MasterCard,5403150493644988,337,8/2017
Lailled,CaryJDickerson@spambob.com,eeR8sheeya,Cary,Dickerson,3862 Parkway Drive,Tucson,AZ,85712,Visa,4916816530017189,442,6/2016
Elich1935,JimJBurbank@dodgit.com,ieko8aeS,Jim,Burbank,2769 Goldleaf Lane,Newark,NJ,07102,Visa,4532280168367990,054,8/2014
Brot1980,AlainaJNumbers@trashymail.com,Cee4ZeiVei,Alaina,Numbers,1147 Burnside Avenue,Cedar City,UT,84720,MasterCard,5414463077449394,592,1/2014
Untowent86,CharlesMHoward@pookmail.com,aeGadoh6,Charles,Howard,3232 Johnny Lane,Milwaukee,WI,53223,MasterCard,5430074055353738,010,5/2014
Thart1964,GrantJTooley@trashymail.com,Root9Lohsie,Grant,Tooley,2764 Radio Park Drive,Franklin,GA,30217,Visa,4532088023156445,265,4/2013
Faily1944,CharlotteBBrown@spambob.com,oongee7Iene,Charlotte,Brown,260 Brannon Street,City Of Commerce,CA,90040,MasterCard,5227017063174940,664,9/2016
Miletalos,WilmaJMiller@pookmail.com,eiR2oocee,Wilma,Miller,1647 Crummit Lane,Newport,RI,02840,Visa,4556229418037284,730,6/2013
Nobbland,MayaBStephenson@pookmail.com,aeGh7ubeet,Maya,Stephenson,4343 Hawks Nest Lane,Saint Louis,MO,63130,Visa,4539468465658723,148,4/2016
Hativeing51,AdrianTNelson@trashymail.com,yeeK3buFohRe,Adrian,Nelson,2422 Everette Alley,Fort Lauderdale,FL,33308,Visa,4716020312323566,158,11/2013
Litemat,JosephATrimble@dodgit.com,ovohd3Ech,Joseph,Trimble,2786 Benson Park Drive,Oklahoma City,OK,73008,Visa,4485069727958416,892,10/2017
Lievaight66,JulianAGamble@trashymail.com,coaN6oubee1,Julian,Gamble,3002 Kemper Lane,West Valley City,UT,84119,Visa,4556913992040901,498,5/2013
Suntly1990,BrianMBonenfant@trashymail.com,eeLood7d,Brian,Bonenfant,3230 Atha Drive,Bakersfield,CA,93311,MasterCard,5456304784419313,471,7/2017
Proccomped1964,PhilipKRoss@trashymail.com,meeFohwae0oo,Philip,Ross,1511 Boggess Street,Frisco,TX,75034,MasterCard,5317204859220209,883,6/2015
Humuch1980,JayneMTaylor@dodgit.com,baiJeiMu6vie,Jayne,Taylor,1255 Penn Street,Van Buren,MO,63965,Visa,4916153583394699,835,5/2015
Shaster70,DianeEVentura@pookmail.com,Im7SioShie5,Diane,Ventura,857 Kelly Drive,Charleston,WV,25301,Visa,4929007104695437,670,1/2017
Anscialtat,DominicDSmith@pookmail.com,Woh4zov2wae,Dominic,Smith,1409 Centennial Farm Road,Ashton,IA,51232,MasterCard,5119770408377062,801,11/2016
Thatme,VernaMSmith@dodgit.com,aeXohmah6,Verna,Smith,4392 Boone Crockett Lane,Portland,WA,97205,Visa,4916576828981781,695,6/2015
Examoster,AlexanderSMeehan@pookmail.com,ieshiSoh5k,Alexander,Meehan,1211 Elkview Drive,Lake Worth,FL,33463,MasterCard,5239309978493341,927,10/2017
Fittle,JamesRKnox@pookmail.com,is6gaey0aiN,James,Knox,2423 Margaret Street,Houston,TX,77002,Visa,4556320305846174,148,5/2017
Hateculd,MarionMScott@dodgit.com,johgiJ4r,Marion,Scott,4272 Losh Lane,Pittsburgh,PA,15222,Visa,4716799294876226,977,9/2016
Paingst,MaryMBarone@trashymail.com,lej4Thee,Mary,Barone,592 College Street,Decatur,GA,30030,MasterCard,5122253049477067,803,5/2016
Whow1932,MosesHPinckney@dodgit.com,Uitun4yei,Moses,Pinckney,4577 Poe Road,North Charleston,SC,29405,MasterCard,5198529225306256,882,10/2015
Sured1990,DonnaCNorton@trashymail.com,Shee3kaih8,Donna,Norton,3975 Lucy Lane,Evansville,IN,47708,MasterCard,5495592138116055,030,2/2017
Inge1951,DorseyDNam@spambob.com,ohkee6Sena,Dorsey,Nam,4994 Newton Street,Saint Cloud,MN,56303,MasterCard,5126512934517691,111,6/2016
Demings,MichaelSGuerra@spambob.com,jahmohY5o,Michael,Guerra,4072 Snider Street,Denver,CO,80205,Visa,4532651616113576,667,2/2013
Wharry,TraciHSandifer@dodgit.com,eng4weV1s,Traci,Sandifer,708 Oakmound Road,Chicago,IL,60605,MasterCard,5534283762189930,853,12/2015
Sacent,JanetRBraziel@trashymail.com,fahduvahGh4ie,Janet,Braziel,2300 Christie Way,Cambridge,MA,02141,Visa,4532660359672896,670,3/2016
Baccaustone1947,CarolDChin@dodgit.com,doh3nieB,Carol,Chin,1186 Bell Street,New York,NY,10016,Visa,4485577394048402,803,6/2016
Uted1943,JoshuaJNaples@pookmail.com,Han9PhahSh,Joshua,Naples,796 Turkey Pen Lane,Columbus,AL,31901,Visa,4485618108377453,590,1/2013
Hansuothe,MarshaRHenninger@spambob.com,auY4pa1Quusa,Marsha,Henninger,2772 Lost Creek Road,Minneapolis,MN,55404,Visa,4485193449671923,201,10/2015
Frooll,RachelHBernal@trashymail.com,eiF9fie1A,Rachel,Bernal,4341 Austin Avenue,Savannah,GA,31405,MasterCard,5437237337534671,190,11/2016
Lithen,FannieFKern@spambob.com,Go2yuLoo5,Fannie,Kern,3740 Lady Bug Drive,Colorado Springs,CO,80907,Visa,4716763845760339,479,4/2015
Vatimphady,LaurelRSchultz@mailinator.com,baTaep6uch,Laurel,Schultz,687 Colonial Drive,Houston,TX,77006,Visa,4929894449414891,749,5/2014
Somorfuld1949,GeorgeEFleming@trashymail.com,eis1ZeeG,George,Fleming,4468 Cottrill Lane,Stlouis,MO,63101,MasterCard,5176513088772057,641,6/2017
Tersibithe,AnthonyCHansen@mailinator.com,eghiYeid5oh,Anthony,Hansen,2121 Franklin Avenue,Corpus Christi,TX,78401,Visa,4716072534694944,887,5/2014
Syclee,DanKLopez@spambob.com,Meew7mooShoh,Dan,Lopez,4317 Tator Patch Road,Chicago,IL,60610,MasterCard,5598090508790266,277,5/2016
Himpt1993,JanetWEstrada@dodgit.com,kom9Zaw7,Janet,Estrada,2568 Nickel Road,Los Angeles,CA,90071,MasterCard,5221482806193480,635,4/2016
Squinged,CoyTHarper@pookmail.com,Vu3eu2saeph,Coy,Harper,1389 Baker Avenue,Fort Worth,TX,76111,Visa,4916105618645834,708,7/2017
Kinked,KennethLSims@mailinator.com,naeL2Ki8Oh,Kenneth,Sims,1471 Burning Memory Lane,Philadelphia,PA,19107,MasterCard,5379605770860359,864,10/2015
Yeand1941,BeckyJReed@pookmail.com,Noo4ak1So,Becky,Reed,505 Elk Avenue,Lansing,MI,48933,Visa,4556152229382550,678,4/2017
Hinagesphe,WilliamBDoyle@dodgit.com,wutaiPho7Ch,William,Doyle,4501 Freedom Lane,Stockton,CA,95204,Visa,4916252739400572,818,9/2013
Hinvallover,GeraldBMartin@trashymail.com,aer5ohwooJ8,Gerald,Martin,121 Todds Lane,San Antonio,TX,78258,Visa,4916910468969519,202,9/2013
Ablad1929,IrisJCeaser@pookmail.com,Aemoo8ee,Iris,Ceaser,4842 Argonne Street,Newark,DE,19714,MasterCard,5491893911104282,869,8/2015
Beeve1964,AnnetteOScott@pookmail.com,ir6liGh9S,Annette,Scott,959 Tori Lane,Salt Lake City,UT,84116,Visa,4716994426725272,269,6/2016
Theatione,PatriciaCFlores@spambob.com,Aes1phahrah,Patricia,Flores,422 Custer Street,Erie,PA,16510,MasterCard,5306980342671719,902,2/2013
Revey1948,JohnETrudell@pookmail.com,yooNg2ei,John,Trudell,559 Stout Street,Harrisburg,PA,17101,MasterCard,5109122602160757,094,7/2017
Jused1967,LeonorANance@pookmail.com,haequ8oheiN,Leonor,Nance,47 Fairmont Avenue,Kansas City,MO,64106,Visa,4539536059779707,228,8/2016
Ingents,BradLGibson@trashymail.com,shohB3ial,Brad,Gibson,288 Bolman Court,Champaign,IL,61820,MasterCard,5513157086558639,892,1/2015
Hals1936,AndrewSStanfill@mailinator.com,zoloo7Ae,Andrew,Stanfill,3687 Eagle Street,Stlouis,IL,63101,Visa,4539892504152101,617,5/2015
Aree1989,FernandoMPinkston@pookmail.com,Xohmacie3,Fernando,Pinkston,3599 Oakridge Farm Lane,Milwaukee,WI,53202,MasterCard,5136803119537622,120,10/2016
Lasight,RobertMLedoux@spambob.com,Ri5biehoo8,Robert,Ledoux,4646 Selah Way,Brattleboro,VT,05301,Visa,4485411895153588,626,3/2016
Supoilign1983,CarolRBoyce@pookmail.com,eiNiChair3X,Carol,Boyce,354 Sumner Street,Irvine,CA,92664,MasterCard,5449723846542020,721,9/2013
Realst,BradfordDGreen@mailinator.com,ahkieng0Ah,Bradford,Green,971 Sun Valley Road,Sunnyside,WA,98944,MasterCard,5373124053530644,530,8/2013
Thichimphed,TonyaRLemon@trashymail.com,EojahjaiP9e,Tonya,Lemon,4555 Stutler Lane,Fairview (Erie),PA,16415,Visa,4532667966035987,896,4/2017
Ancle1948,HelenJHolmquist@trashymail.com,pei3riGh,Helen,Holmquist,4753 Virginia Street,Lombard,IL,60148,Visa,4532350738138450,801,8/2017
Hencts,AdaEMorris@dodgit.com,au3aeGaex,Ada,Morris,179 Ford Street,San Francisco,CA,94108,MasterCard,5437166586107022,711,8/2014
Courry,AliceSNunez@pookmail.com,Ahm6rohDo6,Alice,Nunez,3505 Henry Ford Avenue,Brooklyn,NY,11211,Visa,4485971763902655,443,1/2014
Geortumpen,ClarenceMPrahl@dodgit.com,uamouW5xun,Clarence,Prahl,366 Melody Lane,Richmond,VA,23220,Visa,4532839223677790,538,1/2017
Whiseas1974,JohnMTomasini@spambob.com,aiDu7neiTh,John,Tomasini,1211 Rebecca Street,Lincolnshire,IL,60069,MasterCard,5388595124458977,757,10/2015
Torteropaid,ValerieDCadena@mailinator.com,KiuR1eiQu7,Valerie,Cadena,2114 Charla Lane,Richardson,TX,75081,MasterCard,5526377820364301,176,9/2016
Chied1938,TerryLStafford@pookmail.com,eChahN5of3ei,Terry,Stafford,3683 Skips Lane,Blue Ridge,AZ,86024,MasterCard,5102973299733570,458,8/2017
Ouromighave,StewartDFlynn@mailinator.com,OoY5xah3F,Stewart,Flynn,229 Thorn Street,Midwest,WY,82643,Visa,4916003498201705,804,12/2013
Swening,TobiPKimberly@trashymail.com,fe8qui3Wee,Tobi,Kimberly,2735 Flint Street,Atlanta,GA,30303,Visa,4929799338678821,630,11/2014
Musbad,JamesMHill@spambob.com,vo9IeKah9ief,James,Hill,836 Mount Street,Owosso,MI,48867,MasterCard,5267260133003126,525,10/2013
Eccoved,TimothyMStaley@mailinator.com,Uex8iezoghu,Timothy,Staley,4027 Formula Lane,Dallas,TX,75247,MasterCard,5169306486792143,567,3/2014
Leting,JohnSStrock@spambob.com,Quoo5Iex,John,Strock,2270 Atha Drive,Bakersfield,CA,93301,Visa,4929358193411800,274,12/2013
Thationeath,RichardWGarcia@spambob.com,Seedi5ugoo,Richard,Garcia,4677 Farnum Road,New York,NY,10022,Visa,4539545732957580,897,11/2015
Sterayincin,SherryCMesser@dodgit.com,eichoTh6J,Sherry,Messer,2165 Jefferson Street,Hampton,VA,23669,MasterCard,5433857557777629,944,9/2015
Dribithave1966,BrendaRFox@trashymail.com,aeR2KeiK3,Brenda,Fox,2540 Karen Lane,Lebanon Junction,KY,40150,Visa,4539581687138371,438,7/2016
Anceirs1945,FrankIEarhart@mailinator.com,aiPh5xah,Frank,Earhart,3756 Cunningham Court,Plymouth,MI,48170,Visa,4556741275908712,432,1/2013
Befte1951,CynthiaGLewis@mailinator.com,ceegaGiP2ee,Cynthia,Lewis,377 Harrison Street,San Francisco,CA,94124,MasterCard,5139062264450001,593,9/2016
Bellaing,MaryBSweitzer@pookmail.com,pah2Ohmi7v,Mary,Sweitzer,2673 Francis Mine,Susanville,CA,96130,Visa,4485784191389753,927,1/2013
Hoon1941,CarolynEDelp@trashymail.com,Riew9eepheje,Carolyn,Delp,2638 Oakwood Circle,Los Angeles,CA,90017,Visa,4539878268802700,090,3/2014
Dould1984,DianaFMilligan@pookmail.com,oph6cee7ooP,Diana,Milligan,1027 Wayback Lane,New York,NY,10005,MasterCard,5127488960049132,779,6/2015
Pight1927,PaulPFowler@spambob.com,cheenair8Ae,Paul,Fowler,29 Hickman Street,Downers Grove,IL,60515,Visa,4485562070339473,206,9/2015
Haustrand,HelenKPayne@trashymail.com,coowee5uaT6Oo,Helen,Payne,743 Maxwell Farm Road,Roanoke,VA,24019,Visa,4929735266408120,434,8/2015
Deak1983,CarrollCJackson@mailinator.com,Fie3Feet,Carroll,Jackson,4174 Hanover Street,Garden City,NY,11530,Visa,4716768092234870,065,7/2017
Thave1953,JamesBGomez@pookmail.com,Shei8vi2ai,James,Gomez,4261 Cottrill Lane,Stlouis,MO,63101,Visa,4485126629182550,717,7/2013
Abourth,JustinMKiefer@pookmail.com,pikaexui6U,Justin,Kiefer,1310 Matthews Street,Aurora,IL,60504,MasterCard,5237171969382921,491,10/2013
Nowest,DianaJMiller@spambob.com,uRoh9eiwie,Diana,Miller,2458 Mulberry Street,Nacogdoches,TX,75964,Visa,4485171906280263,869,9/2013
Fiew1930,KennethBAnderson@mailinator.com,jied1kohSha,Kenneth,Anderson,3106 Whispering Pines Circle,Dallas,TX,75225,Visa,4916798232798771,165,10/2017
Majess,RussellSVaughn@trashymail.com,Quigeixu4v,Russell,Vaughn,1155 Spring Street,Springfield,IL,62701,Visa,4929879433668982,162,3/2014
Plattlying,NathanaelERandall@pookmail.com,uo9Xeipugh8,Nathanael,Randall,4562 Southside Lane,Los Angeles,CA,90044,Visa,4556751426321194,508,9/2016
Andii1967,JoeSCasillas@mailinator.com,aQu4quahnge,Joe,Casillas,1819 Franklin Avenue,Corpus Christi,TX,78476,MasterCard,5364878095683015,642,3/2015
Canythould,FrankSMackey@mailinator.com,Oyaewep0k,Frank,Mackey,2568 Swick Hill Street,New Orleans,LA,70113,Visa,4485830021221268,788,1/2016
Nogicaught,JonathanCWilson@pookmail.com,ohFeeP0Eng,Jonathan,Wilson,2059 Sussex Court,Marlin,TX,76661,MasterCard,5385296965680364,002,12/2016
Arronly,MichaelCBrown@spambob.com,hoo1ash3O,Michael,Brown,4625 Corpening Drive,South Lyon,MI,48178,Visa,4556230732273845,858,8/2017
Lenct1936,GwendolynGWright@dodgit.com,voThicei0,Gwendolyn,Wright,2915 Camel Back Road,Oklahoma City,OK,73102,MasterCard,5307598081320329,438,1/2017
Anduch30,MelbaESpears@trashymail.com,quei8Bei2h,Melba,Spears,3272 Pine Street,Pittsburgh,PA,15219,MasterCard,5203431431300210,801,1/2014
Thervicarl60,BarbaraRStreet@pookmail.com,oong5Eequie,Barbara,Street,4314 Johnny Lane,Milwaukee,WI,53217,MasterCard,5505336401132185,288,8/2015
Arps1947,RalphDHilton@dodgit.com,Reir3le0Eif,Ralph,Hilton,28 Ritter Avenue,Roseville,MI,48066,MasterCard,5360879292377256,507,11/2014
Upostentae,BrunaJHolm@spambob.com,Phie9aip,Bruna,Holm,3312 Tibbs Avenue,Frazer,MT,59225,MasterCard,5311652933733462,950,10/2013
Anin1986,TyreeJSwing@pookmail.com,ahGh2eyae,Tyree,Swing,1875 Oakdale Avenue,Tampa,FL,33602,MasterCard,5401693303514786,847,6/2013
Lase1964,NormaRThibeault@trashymail.com,wee9Thain2m,Norma,Thibeault,3908 Jenna Lane,Cincinnati,OH,45241,MasterCard,5415608093121240,193,1/2014
Formthere,TamikaCLiner@dodgit.com,Seerei1Eej0,Tamika,Liner,4726 Moonlight Drive,Maple Shade,NJ,08052,MasterCard,5482892311018317,553,9/2015
Laughte,RandyJRuffin@mailinator.com,eiL9FailoV9,Randy,Ruffin,4301 Granville Lane,Paterson,NJ,07501,MasterCard,5583952246394395,504,9/2014
Brourcomis,RobertNBurris@pookmail.com,eHithe1ai,Robert,Burris,1886 Traders Alley,Independence,MO,64050,MasterCard,5590759928036991,003,12/2015
Legreasing,AshleyFHarris@pookmail.com,fue9looY4v,Ashley,Harris,2683 Clarence Court,Wilmington,NC,28405,MasterCard,5181480558495838,854,2/2013
Hopearabits,MargaretMYoung@spambob.com,nai0beibahW,Margaret,Young,2107 Ash Avenue,Saint Louis,MO,63130,MasterCard,5403621546839114,262,4/2016
Tiese1954,WandaDGallant@mailinator.com,kah1IaNgi,Wanda,Gallant,4970 Nixon Avenue,Rogersville,TN,37856,MasterCard,5410671238013115,317,11/2014
Nobroact,DonaRRatliff@trashymail.com,pah9aeCh3w,Dona,Ratliff,1131 McVaney Road,Asheville,NC,28801,Visa,4716815401774755,361,4/2015
Qualt1940,AnthonyEClark@spambob.com,weakahCiqu1,Anthony,Clark,2186 Bassel Street,Edgard,LA,70049,Visa,4485847903643187,372,11/2015
Modyette,GaryCGilley@dodgit.com,Xajiey6hien,Gary,Gilley,3348 Hillview Street,Lancaster,SC,29720,Visa,4916894278588752,565,12/2013
Whild1929,BernadetteJStraker@mailinator.com,ahfooG6eew,Bernadette,Straker,3886 Andy Street,Platte,SD,57369,MasterCard,5388497132278648,307,1/2017
Qual1946,MichaelMEuler@spambob.com,toh1EiYi,Michael,Euler,1612 Sarah Drive,Lake Charles,LA,70629,MasterCard,5593754509445486,890,2/2014
Heve1987,NellieJMaddocks@dodgit.com,zah0Ahth,Nellie,Maddocks,2943 Abner Road,Superior,WI,54880,MasterCard,5431717578193713,499,1/2014
Cutilleacted,MelindaRPatrick@spambob.com,Aec3Dade3,Melinda,Patrick,2219 Emerson Road,Alexandria,LA,71301,Visa,4539385472314886,736,4/2017
Obly1958,RickyNLeach@spambob.com,aX8Ji1ie,Ricky,Leach,1339 John Calvin Drive,Chicago,IL,60606,Visa,4556801891344872,454,8/2013
Theyear,InesASandberg@dodgit.com,oon3eiPho1Ai,Ines,Sandberg,2373 Conference Center Way,Springville,PA,18844,Visa,4532813531367600,387,9/2015
Finks1985,KennethABoucher@pookmail.com,baid7eeReiqu,Kenneth,Boucher,2783 Junkins Avenue,Moultrie,GA,31768,MasterCard,5576078959164863,882,4/2013
Procall,MarionCHurt@pookmail.com,siF6yahtiya,Marion,Hurt,3340 Marcus Street,Valley Head,AL,35989,MasterCard,5184664677601080,257,11/2014
Thut1967,DavidAMadden@pookmail.com,hae7eich3Ph,David,Madden,2510 Elk Avenue,Sand Creek,MI,49279,Visa,4716500850553559,733,3/2017
Tilems,MarthaWMontero@pookmail.com,iec7Aed0,Martha,Montero,1957 Simpson Square,Socaldwell,OK,67022,MasterCard,5486555940304160,871,10/2017
Seneiver,RoseDColeman@pookmail.com,aewoC8Oh,Rose,Coleman,942 Ingram Street,Galion,OH,44833,MasterCard,5524787577647603,172,1/2015
Mosselight1987,ElsieNMcDonald@pookmail.com,aS5sheoth,Elsie,McDonald,995 Buck Drive,South Burlington,VT,05403,Visa,4485566041055456,760,2/2013
Konears,TimothyAMason@mailinator.com,haechieC2v,Timothy,Mason,4424 Hall Valley Drive,Franklin,WV,26807,MasterCard,5559459437182035,225,8/2014
Beirate,DessieCRush@pookmail.com,Cai0ohCh,Dessie,Rush,3998 Viking Drive,Morristown,OH,43759,Visa,4485507049450497,360,6/2016
Beased,JoseAMcClure@mailinator.com,Pho9iuvo5Io,Jose,McClure,3903 Russell Street,Cambridge,MA,02141,MasterCard,5161851995025632,023,10/2013
Vaink1961,ElmerBHillenbrand@pookmail.com,Gaiquie8ue,Elmer,Hillenbrand,1363 Kessla Way,Charleston,SC,29401,MasterCard,5410511453022310,120,9/2016
Maseady1987,WayneTTipton@pookmail.com,Quaid3iu8doh,Wayne,Tipton,1577 Crowfield Road,Phoenix,AZ,85012,MasterCard,5559215514911724,877,1/2014
Colosea,RichardHSchneider@spambob.com,He0aig2yuaD,Richard,Schneider,1244 Holden Street,San Diego,CA,92103,MasterCard,5137458420200805,857,8/2017
Venind,RoseHEvans@dodgit.com,naeR1yeo,Rose,Evans,1544 Clover Drive,Colorado Springs,CO,80903,MasterCard,5576276566083258,262,6/2016
Shathe1972,LisaDMacdonald@trashymail.com,xaeyoipieX7s,Lisa,Macdonald,3161 Five Points,Baltimore,MD,21201,Visa,4916545732405112,918,7/2013
Mourrought,AngelaRHicks@pookmail.com,thie7Tho9,Angela,Hicks,2892 Jarvisville Road,Huntington,NY,11743,MasterCard,5382088942258908,555,8/2014
Clumpost,BettyVMorgan@trashymail.com,Oa3uce8Aebah,Betty,Morgan,3606 Waldeck Street,Arlington,TX,76010,Visa,4556558437970756,084,5/2014
Hedur1948,HaroldEPerez@spambob.com,xei5eThire,Harold,Perez,913 Ingram Street,Xenia,OH,45385,MasterCard,5310448316720593,698,6/2013
Strund,MatthewCBrowning@pookmail.com,bohFoo3oo,Matthew,Browning,4466 Khale Street,Florence,SC,29501,MasterCard,5302571122747631,762,12/2015
Ginstay,PaulaGMcClain@spambob.com,aey9IaNi,Paula,McClain,4884 Charack Road,Bloomington,IN,47408,MasterCard,5596322777420081,674,7/2014
Yemand,HarveyHGaskin@pookmail.com,feYieKa0,Harvey,Gaskin,1912 Barnes Avenue,Cincinnati,OH,45211,MasterCard,5236210559400973,819,9/2017
Ansion,RussellJKnutsen@spambob.com,moo5ohxe1Qu,Russell,Knutsen,4978 Dogwood Lane,Tucson,AZ,85711,MasterCard,5251179547850872,977,7/2014
Mider1949,CarolJTerry@trashymail.com,ahH8Eth7u,Carol,Terry,2630 Beech Street,San Jose,CA,95134,MasterCard,5394960151063441,676,12/2015
Obling,MariaAMcGuire@pookmail.com,Choo2ewa,Maria,McGuire,2386 Gorby Lane,Hattiesburg,MS,39402,MasterCard,5521673583666261,169,4/2017
Doety1985,JoshuaSKnudson@dodgit.com,aiCh8Au3ag,Joshua,Knudson,2590 Stanley Avenue,Lynbrook,NY,11563,Visa,4556633911997292,904,8/2013
Atuddrefould,GraceJKaler@mailinator.com,aXootoh1ahh,Grace,Kaler,3553 Eva Pearl Street,Baton Rouge,LA,70814,MasterCard,5307169314383573,666,9/2013
Comenis,RobertECarlson@pookmail.com,ahMahch8ph,Robert,Carlson,766 Oak Avenue,Chicago,IL,60606,Visa,4539241079898039,302,6/2016
Conew1951,RosemaryGChow@mailinator.com,IeVooya5ohn,Rosemary,Chow,2424 Happy Hollow Road,Garland,NC,28441,Visa,4485412965114146,670,3/2016
Occred1959,JustinLConley@pookmail.com,oucoi5Pah,Justin,Conley,1177 Bond Street,Providence,RI,02905,MasterCard,5484958022582939,529,11/2014
Houther60,DebraJBrennan@spambob.com,ohGhae0r,Debra,Brennan,3292 Stanton Hollow Road,Cambridge,MA,02141,Visa,4485792983355387,269,4/2013
Patc1979,VernieRMullen@pookmail.com,Xohheepeu9p,Vernie,Mullen,4303 Logan Lane,Lakewood,CO,80214,MasterCard,5302088938708616,790,2/2016
Yeagaing,MichaelPWagner@trashymail.com,Hoo6aingud4,Michael,Wagner,3230 Coffman Alley,Bowling Green,KY,42101,Visa,4929761060851711,551,12/2017
Woespen74,MariaEWright@pookmail.com,fei2Rahb4,Maria,Wright,279 Horner Street,Akron,OH,44307,Visa,4556051580114190,313,1/2014
Wriney,DagmarRLevine@mailinator.com,phai5aeW6O,Dagmar,Levine,3842 Carriage Court,Los Angeles,CA,90017,MasterCard,5188972291576489,509,4/2014
Pong1928,DonaldWAnderson@trashymail.com,iequ4Xieba,Donald,Anderson,4199 School House Road,Jackson,MS,39211,Visa,4929773412885982,273,5/2014
Showeeks,MarceloJNaylor@pookmail.com,quew8ooVei,Marcelo,Naylor,615 Skips Lane,Phoenix,AZ,85012,Visa,4916100912075366,960,1/2013
Siabourged,DavidJWilkins@dodgit.com,ohngah5U,David,Wilkins,3517 Carriage Court,La Mesa,CA,91941,MasterCard,5510479164235846,428,9/2013
Fratte,RobertoMAnderson@mailinator.com,sheec8saej6O,Roberto,Anderson,3329 Russell Street,Lawrence,MA,01840,MasterCard,5203531760809978,987,8/2017
Lareflot,JohnKHenson@pookmail.com,ATaeg3ph,John,Henson,3876 Frosty Lane,Binghamton,NY,13901,Visa,4556681990197920,011,12/2014
Andelf,JoeMBurchell@dodgit.com,ahthe4Sashi,Joe,Burchell,3156 Jacobs Street,Pittsburgh,PA,15205,MasterCard,5467117194444789,964,12/2017
Andithers,JaneRButler@dodgit.com,OoLahC9yaik,Jane,Butler,1088 Mudlick Road,Spokane,WA,99218,Visa,4916051125893782,911,4/2015
Bestudy,BarbaraTRamirez@spambob.com,vi2Chie3iz2,Barbara,Ramirez,4904 Queens Lane,Lynchburg,VA,24501,MasterCard,5509074740126248,446,9/2014
Reare1955,AndersonKCapetillo@dodgit.com,utheetha8Oh,Anderson,Capetillo,3901 Myra Street,Providence,RI,02903,Visa,4916076640993395,170,12/2015
Fortard,JohnPCampbell@spambob.com,eemuo2aitahR,John,Campbell,4443 Hide A Way Road,San Jose,CA,95134,Visa,4716530840053386,716,8/2016
Ancaspent,VincentJGrigg@trashymail.com,ooPh7iewo5sh,Vincent,Grigg,2460 West Street,Grand Rapids,MI,49503,MasterCard,5358277146600276,960,6/2013
Youltaithe1986,WilliamCLusk@trashymail.com,ahjaeDi1,William,Lusk,2795 Dancing Dove Lane,New York,NY,10013,Visa,4556261816747164,623,2/2013
Pord1958,LawrenceINorth@spambob.com,Ru2Me3oelie,Lawrence,North,85 Frederick Street,Sacramento,CA,95814,Visa,4539956401048694,543,10/2017
Rundis,CharleneJCastaneda@spambob.com,eiW5Soaya,Charlene,Castaneda,3346 Pointe Lane,Pompano Beach,FL,33060,Visa,4716407667594844,654,6/2016
Refor1983,WilliamBWescott@spambob.com,ohX6quo0ra,William,Wescott,2975 Hide A Way Road,Santa Clara,CA,95050,Visa,4716652645579736,330,11/2015
Therter1992,DouglasMReeves@pookmail.com,eeSh6iTu,Douglas,Reeves,1901 Goldleaf Lane,Rochelle Park,NJ,07662,MasterCard,5442223811790800,821,5/2013
Mrseach,DanielleRUriarte@pookmail.com,Eemadu9Ah,Danielle,Uriarte,4372 Leverton Cove Road,Springfield,MA,01103,Visa,4556081966654881,236,8/2017
Proseet,RowenaDBrown@mailinator.com,eiKa7ahb,Rowena,Brown,610 Powder House Road,Boca Raton,FL,33432,MasterCard,5187145907987108,524,6/2013
Hisherecur,YolondaRRolfe@pookmail.com,Airee4iTaeP,Yolonda,Rolfe,1588 Westfall Avenue,Owatonna,MN,55060,Visa,4539228336563878,034,1/2017
Smappood,JanetJHarper@dodgit.com,aeTa4oht,Janet,Harper,4723 Essex Court,Colchester,VT,05446,MasterCard,5211364293423434,829,1/2015
Spect1969,MorrisMGarcia@spambob.com,aeZoox9t,Morris,Garcia,2362 Kyle Street,Bertrand,NE,68927,MasterCard,5338303320886781,537,10/2015
Camain,JoeDLayton@spambob.com,ieteip9A,Joe,Layton,2327 Lincoln Drive,Harrisburg,PA,17101,Visa,4539882801311575,245,7/2017
Dearty,SaulMHargrove@trashymail.com,Noh6nia7bie,Saul,Hargrove,1788 Clement Street,Atlanta,GA,30303,MasterCard,5247393065613045,842,11/2017
Witattly,LouisaWSessoms@spambob.com,quooxaiY1Oo,Louisa,Sessoms,2775 Hillview Drive,Gainesville,GA,30501,Visa,4485857376757208,340,11/2013
Laing1954,JamesPCrane@dodgit.com,zaiY0ohp,James,Crane,2112 Hillcrest Avenue,Waltham,MA,02154,MasterCard,5527517147540690,429,11/2016
Morlithe,DennisVRobertson@mailinator.com,du5ThohX5t,Dennis,Robertson,421 Watson Lane,Charlotte,NC,28202,MasterCard,5325789855701111,731,7/2015
Meencessid1944,TrinidadLGaffney@trashymail.com,IeB4iaZ5eiquai,Trinidad,Gaffney,589 Ridenour Street,Homestead,FL,33030,MasterCard,5122897234011097,714,12/2015
Suldeaked,LynnHButler@mailinator.com,ziChoo7thai,Lynn,Butler,4753 Isaacs Creek Road,Fowler,IL,62338,MasterCard,5313804647966031,869,2/2016
Tholon,IvonneDThompson@pookmail.com,uehai9Io7th,Ivonne,Thompson,978 Wood Street,Saginaw,MI,48607,MasterCard,5465501069332959,185,9/2016
Himeaved80,DonaldEMcKernan@trashymail.com,zai3Aifayee,Donald,McKernan,4446 Tanglewood Road,Tupelo,MS,38801,MasterCard,5137894856298105,943,2/2014
Wittionfer,LeeJFrench@dodgit.com,thitaiM1ooth,Lee,French,1648 Williams Avenue,Lake Los Angeles,CA,93550,MasterCard,5248636686530777,224,1/2015
Wilapplen,CatherineDJohnson@trashymail.com,avahYe2Eu,Catherine,Johnson,2771 Maple Avenue,Stockton,CA,95202,MasterCard,5416314198310353,247,8/2014
Thamosigitat,MiltonCManus@trashymail.com,Ooquotoh7e,Milton,Manus,4422 Tail Ends Road,Milwaukee,WI,53225,MasterCard,5446050727571743,800,3/2013
Ispas1947,RobertBBusby@pookmail.com,inee2Cae,Robert,Busby,3279 Science Center Drive,Saint Anthony,ID,83445,MasterCard,5150292060370897,227,5/2014
Picarmention,LloydAFink@mailinator.com,Oocheix0ie,Lloyd,Fink,2216 Copperhead Road,Newington,CT,06111,Visa,4532200250116972,330,9/2017
Whosent,MaryAGreenberg@mailinator.com,ojuuT5am7oo,Mary,Greenberg,3957 Lynn Street,Brookline,MA,02146,MasterCard,5171508499250557,124,4/2014
Begavis,GrantSPecora@dodgit.com,duuPhieNg7sie,Grant,Pecora,2090 Gore Street,Houston,TX,77030,MasterCard,5524172965300133,632,10/2016
Rusess,LeeKTaylor@pookmail.com,yo3Zahngau4,Lee,Taylor,3090 Upton Avenue,Gorham,ME,04038,MasterCard,5524946653259499,702,8/2013
Pontme,JorgeJCostello@pookmail.com,Kowah4ees9l,Jorge,Costello,42 Windy Ridge Road,Fort Wayne,IN,46802,MasterCard,5446261410348790,916,6/2014
Riatecand,ScottKEnochs@dodgit.com,tieTaip7cu6,Scott,Enochs,3227 Linda Street,Philadelphia,PA,19108,Visa,4532370644845246,395,11/2014
Comys1964,LeslieHMills@trashymail.com,ePi4aip9lo,Leslie,Mills,2141 Wildwood Street,Millersburg,OH,44654,Visa,4916005844334494,683,10/2017
Lics1977,ClemenciaDCullen@dodgit.com,eiY3laiNoh,Clemencia,Cullen,1247 Spinnaker Lane,Oak Brook,IL,60523,MasterCard,5502374490164861,244,3/2015
Burem1984,ChristopherMSmith@pookmail.com,Oghooxah0ee,Christopher,Smith,2303 Pointe Lane,Fort Lauderdale,FL,33301,MasterCard,5378769941483466,017,1/2013
Maimad,JosephPWright@spambob.com,iidoh6DieSh,Joseph,Wright,2927 Emily Drive,Columbia,SC,29210,MasterCard,5345832866921868,428,11/2017
Hydre1992,TomasaGSpencer@trashymail.com,NahaYei2,Tomasa,Spencer,4938 Carolina Avenue,Denver,CO,80202,Visa,4916339488155356,157,3/2013
Aftearany,RheaJSutton@spambob.com,eizahZ3Ahth,Rhea,Sutton,4233 Briarwood Road,Springfield,MO,65804,Visa,4539492165224669,246,6/2014
Thentiff,GeorgeKDilorenzo@dodgit.com,Vuf4thu4Z,George,Dilorenzo,3872 Brooklyn Street,Corvallis,OR,97330,MasterCard,5228474980581427,632,11/2017
Oace1979,NancySMadera@dodgit.com,giel8oiNgu2,Nancy,Madera,4024 Edsel Road,Riverside,CA,92507,MasterCard,5215788518683651,838,7/2016
Noreed56,ChelseaTBonanno@pookmail.com,eeneeRo1nah,Chelsea,Bonanno,573 Ben Street,Southfield,MI,48075,Visa,4485414040350349,738,12/2016
Junter,MichelleBBorrego@mailinator.com,eeRahx2aefai,Michelle,Borrego,1401 Kildeer Drive,Norfolk,VA,23502,MasterCard,5462060864599075,320,2/2013
Wilts1959,AmyRHuang@dodgit.com,Eiphah7aeph,Amy,Huang,2287 Briarwood Drive,Laurel Springs,NJ,08021,Visa,4485873691757260,811,3/2015
Berne1932,NathanKMcGuire@spambob.com,aeR8oi9vai,Nathan,McGuire,1980 Marshville Road,New York,NY,10011,Visa,4485529197660404,344,7/2016
Annes1941,DamienCRamos@trashymail.com,Noo4aequ,Damien,Ramos,107 Sugar Camp Road,Owatonna,MN,55060,MasterCard,5532530901944969,945,10/2013
Samay1960,MariselaIHolmes@pookmail.com,VeitiKa9ie,Marisela,Holmes,1151 Oakway Lane,Los Angeles,CA,90017,MasterCard,5158225242515718,608,4/2016
Thime1960,FlorenceJKroll@pookmail.com,kaiXai2ph,Florence,Kroll,4631 Peck Court,Irvine,CA,92714,MasterCard,5470294698435855,788,3/2015
Getumer,RobertASellers@pookmail.com,lau4eet7Sh,Robert,Sellers,926 Summit Park Avenue,Southfield,MI,48075,Visa,4556403184985550,910,1/2015
Castand,StephenLBias@spambob.com,Ieyiew1Qu,Stephen,Bias,914 Bolman Court,Jacksonville,IL,62650,Visa,4532792851125881,456,8/2016
Waskedst,LeslieDDaniels@dodgit.com,ei3OhFijae,Leslie,Daniels,4525 Chandler Drive,Arma,MO,66712,MasterCard,5450761628008196,031,11/2014
Lenct1965,PhyllisRHowell@mailinator.com,TeephoPh5ji,Phyllis,Howell,619 Ocala Street,Kenansville,FL,34739,MasterCard,5430504532293479,075,7/2015
Gappell,KimberlyHLoughman@dodgit.com,eeS8Johoo,Kimberly,Loughman,1488 Seth Street,Brownwood,TX,76801,MasterCard,5148248983618189,857,5/2015
Manc1947,JamesRHendrix@mailinator.com,Ikoh9EDu4ae,James,Hendrix,4131 Chenoweth Drive,Mc Minnville,TN,37110,MasterCard,5403600095444104,609,2/2016
Stentor,RoxieHForgey@dodgit.com,uf0Fuayeex,Roxie,Forgey,337 Elmwood Avenue,Fort Mcdowell,AZ,85269,Visa,4556867940049978,459,6/2015
Whypeor,JuanVHernandez@pookmail.com,uZakeeng9oh,Juan,Hernandez,2891 Edington Drive,Atlanta,GA,30328,MasterCard,5152190418303008,296,4/2017
Thempass80,EleanorPEagan@pookmail.com,Iath7phoo,Eleanor,Eagan,2975 Deer Ridge Drive,Rochelle Park,NJ,07662,Visa,4556119444186280,302,8/2016
Hatin1972,JasonSFleming@mailinator.com,qui4Aigi,Jason,Fleming,139 Scenicview Drive,Tukwila,WA,98168,MasterCard,5454816733066210,494,7/2017
Hormake,DonaldJLucero@trashymail.com,eeKu0fuu7Ch,Donald,Lucero,1397 Thompson Street,Paramount,CA,90723,Visa,4716718187969955,720,5/2015
Purte1943,MarilynRKelly@mailinator.com,auM4shahS,Marilyn,Kelly,1094 Linden Avenue,Orlando,FL,32801,MasterCard,5176839592453862,814,8/2015
Donwo1987,HollyKCoke@mailinator.com,Chee8fei,Holly,Coke,53 Owagner Lane,Seattle,WA,98119,Visa,4716500188657940,884,1/2013
Gence1990,EuniceWMathew@trashymail.com,ohBoo2Phai,Eunice,Mathew,2531 Keyser Ridge Road,High Point,NC,27260,MasterCard,5369620690322507,841,10/2014
Yousintor,BettyMCharley@spambob.com,Ae5giucooph,Betty,Charley,3835 John Avenue,East Lansing,MI,48823,MasterCard,5278848511425171,078,9/2016
Shen1970,SeanNDiaz@mailinator.com,Wo4eeceed,Sean,Diaz,2269 Villa Drive,South Bend,IN,46625,Visa,4929869360626889,898,4/2014
Buturears,SamanthaHRoman@pookmail.com,aiPheezai5z,Samantha,Roman,1315 Willison Street,Minneapolis,MN,55406,MasterCard,5275151639565066,451,11/2016
Boutions,ThomasBKleiman@pookmail.com,uPhaew1eeth,Thomas,Kleiman,1335 Rardin Drive,Palo Alto,CA,94301,Visa,4532099235800043,470,1/2017
Trignis,PamelaANg@mailinator.com,atiboJ2Ahquae,Pamela,Ng,4880 Weekley Street,San Antonio,TX,78205,Visa,4716977000989083,921,11/2015
Armove,CarolynEGarcia@trashymail.com,aetu0Vohs2oh,Carolyn,Garcia,1148 Martha Ellen Drive,Reno,NV,89512,MasterCard,5404907978173703,682,8/2016
Lindowlsible,ThomasAMartin@mailinator.com,eezo7oZ5,Thomas,Martin,2613 Wood Duck Drive,Calumet,MI,49913,Visa,4539236419099140,515,10/2017
Seral1959,ShelbyCColeman@pookmail.com,Eh0Ahng1ai,Shelby,Coleman,3555 Tanglewood Road,Oxford,MS,38655,MasterCard,5498880641644078,804,2/2017
Fultal,HerminiaHLayden@trashymail.com,iPh3phiphaN,Herminia,Layden,3836 North Street,Charlottesville,VA,22903,Visa,4539070935159470,668,6/2016
Deforgand,CandaceWPfeffer@spambob.com,Eewoo7vailu,Candace,Pfeffer,1681 Pride Avenue,Bronx,NY,10461,MasterCard,5333570894987105,449,3/2013
Durn1935,ShirleyGHall@trashymail.com,ahT5Gaihiv8O,Shirley,Hall,1194 Everette Alley,Pompano Beach,FL,33062,Visa,4916522620187169,361,8/2013
Youlge,PhillipSReyes@spambob.com,eeJai6mei5,Phillip,Reyes,4704 Aviation Way,Los Angeles,CA,90017,Visa,4916893248977723,448,9/2014
Arecas,ElizabethJOrtiz@trashymail.com,Iesh9ohX,Elizabeth,Ortiz,3787 Chicago Avenue,Fresno,CA,93721,Visa,4556400100846171,673,10/2015
Trion1984,RoxanneRAllison@spambob.com,ko4Coocee1y,Roxanne,Allison,4144 Rhapsody Street,Ocala,FL,34471,Visa,4916771620679705,648,1/2015
Dionsiouseve60,BrianHCrane@mailinator.com,er7zohCh,Brian,Crane,2400 Memory Lane,Rockcut,IL,61103,MasterCard,5202456922450571,467,5/2017
Corthant,LisaGHarper@mailinator.com,Ohr6uF1keoX,Lisa,Harper,1419 Grim Avenue,Alpine,CA,92001,MasterCard,5160146209564604,992,7/2014
Wasitas,DerrickDGomez@mailinator.com,IoxiF6Koo0C,Derrick,Gomez,171 Orchard Street,Minneapolis,MN,55402,MasterCard,5339332026628998,285,5/2013
Upyrairow27,IreneRChevalier@pookmail.com,Jee9sheCh2Sh,Irene,Chevalier,2523 Sussex Court,Waco,TX,76706,MasterCard,5353894049453879,498,8/2013
Chor1989,RobinBCrawford@spambob.com,aew5Zi2ei,Robin,Crawford,144 Davis Lane,Denver,CO,80202,Visa,4929355483470777,508,12/2014
Upolliveng41,KatrinaRTorres@spambob.com,xahqueiW7v,Katrina,Torres,331 My Drive,Garden City,NY,11530,MasterCard,5267843435109335,447,2/2015
Efivishereme,MildredJLevine@pookmail.com,Ke2hai2aN7qu,Mildred,Levine,2504 Tetrick Road,Sebring,FL,33870,Visa,4485655035539789,244,7/2016
Weng1930,HollyTBiggins@mailinator.com,Aedeem7aph,Holly,Biggins,2261 Heavens Way,Sarasota,FL,34236,Visa,4485204693144689,072,9/2014
Siteve,CarmenWRosen@trashymail.com,hifeeg3Ohv,Carmen,Rosen,2880 Fort Street,Rocky Mount,NC,27801,Visa,4539942150590482,441,9/2016
Ourne1959,TomMBurns@dodgit.com,ij6kaeQuei,Tom,Burns,4837 Mcwhorter Road,Greenville,MS,38701,Visa,4556572588874436,650,10/2017
Binked82,HenryJKarcher@pookmail.com,ooGhu6Ix,Henry,Karcher,1226 Grove Street,Fishers Island,NY,11954,Visa,4532248098000726,325,5/2014
Wasuch,ElizabethJRoe@dodgit.com,poo8buGhoh,Elizabeth,Roe,3533 Rocket Drive,Minneapolis,MN,55418,MasterCard,5264072741865744,246,10/2015
Doomad1945,PaulaEDuvall@dodgit.com,eemohQu1sah,Paula,Duvall,453 Star Trek Drive,Pensacola,FL,32514,Visa,4929895813130401,681,7/2015
Coand1930,HaroldDJohnson@mailinator.com,Eeru6Zaez,Harold,Johnson,839 Marion Drive,Tampa,FL,33624,Visa,4556219176852826,068,6/2017
Weir1979,BerniceKBarksdale@spambob.com,eeciu6oGah,Bernice,Barksdale,3570 Harron Drive,Baltimore,MD,21201,Visa,4485422615439785,771,1/2013
Anis1936,LindaRVarnado@spambob.com,ioTh8ohCh6th,Linda,Varnado,3778 Trymore Road,Bigelow,MN,56117,Visa,4556288768673999,345,11/2017
Allat1929,DavidABernabe@dodgit.com,jahh6Thah,David,Bernabe,4201 Marigold Lane,Coral Gables,FL,33134,MasterCard,5531413032167571,118,11/2014
Twood1972,LavernDByrd@trashymail.com,OhNge8eeDe8,Lavern,Byrd,1490 Eagle Drive,Ann Arbor,MI,48104,Visa,4929070075704125,520,5/2015
Butiedis42,MaryMMarsh@dodgit.com,thoow7Die1,Mary,Marsh,906 Saints Alley,Tampa,FL,33602,Visa,4929981287546619,128,5/2017
Enced1981,JasonDSavage@dodgit.com,Cufohf5thoo,Jason,Savage,4722 Morningview Lane,New York,NY,10013,MasterCard,5165062789646155,216,3/2014
Cuposidere,DebbieRPerry@dodgit.com,foomaeRa2h,Debbie,Perry,3269 School Street,Washington,DC,20024,MasterCard,5247081514037870,509,11/2013
Truckly,DeanEPerez@mailinator.com,sumeanaaX0,Dean,Perez,1037 Church Street,Queens,NY,11413,Visa,4485610782375127,360,1/2013
Witinces,LauraTJohnson@dodgit.com,Lee0jooVaib,Laura,Johnson,2292 Echo Lane,Kalamazoo,MI,49007,MasterCard,5164301026505829,562,12/2014
Areirlse,JohnJThompson@pookmail.com,meeva0Ainee,John,Thompson,2157 Roosevelt Road,Moundridge,KS,67107,Visa,4916748779508984,443,3/2015
Millong1956,JeffKMoeller@dodgit.com,Aeso4Ying,Jeff,Moeller,1075 Blane Street,Manchester,MO,63011,MasterCard,5319191941109433,833,1/2016
Truing1943,DavidCFarmer@spambob.com,to0IR4ohshoo,David,Farmer,71 Braxton Street,Minooka,IL,60447,MasterCard,5562923789805514,975,6/2016
Brelf1950,ErwinFMejia@mailinator.com,jah7Faequ,Erwin,Mejia,1691 Lamberts Branch Road,Fort Lauderdale,FL,33311,MasterCard,5254197280937737,190,8/2016
Howestrin,NealKJohnson@pookmail.com,ooNg4apha1a,Neal,Johnson,69 Ripple Street,Oscoda,MI,48750,MasterCard,5278958615989962,725,2/2017
Sleaspold61,AdamPSantiago@mailinator.com,zahthoF5oo,Adam,Santiago,82 Late Avenue,Oklahoma City,OK,73102,Visa,4485913533249017,940,6/2017
Hungs1936,TimothyDLewis@dodgit.com,ein6quaN7su,Timothy,Lewis,1819 Boring Lane,San Francisco,CA,94143,MasterCard,5417001418285601,808,3/2017
Comageat,PaulCAdams@mailinator.com,aitho1Laekoh,Paul,Adams,3197 Fairway Drive,Concord,CA,94520,MasterCard,5590799571048836,306,1/2015
Estre1963,JoyceERoberts@mailinator.com,aepo2Ishi,Joyce,Roberts,343 Sampson Street,Boulder,CO,80302,MasterCard,5495209764671945,504,4/2014
Themp1975,SadieWVelez@spambob.com,aingi8Fe,Sadie,Velez,3432 Valley Lane,Austin,TX,78758,MasterCard,5152682400336004,535,2/2016
Arthe1963,CaitlinCReed@dodgit.com,kiexaile6B,Caitlin,Reed,4707 Wildrose Lane,Detroit,MI,48226,Visa,4556545319642678,197,7/2013
Pagesing,CharlotteSDuncan@pookmail.com,aaRikoo9me,Charlotte,Duncan,1716 Better Street,Savannah,GA,31401,Visa,4929721632526787,494,10/2014
Mantell,KennethAFromm@trashymail.com,chi6peiTh,Kenneth,Fromm,4505 Mount Olive Road,Gainesville,GA,30501,MasterCard,5545713996191507,845,4/2013
Ines1976,PrestonNNelson@pookmail.com,EiKah8Aej1b,Preston,Nelson,1471 Agriculture Lane,Homestead,FL,33030,MasterCard,5592136720216568,846,11/2014
Firelsom,EmmanuelESantiago@trashymail.com,ieheeQu5,Emmanuel,Santiago,360 Bluff Street,Frederick,MD,21701,MasterCard,5397835851804178,559,10/2016
Abless,DorothyDDutton@trashymail.com,ooV4Uo4M,Dorothy,Dutton,4965 Tecumsah Lane,Newhall,IA,52315,Visa,4556766219442593,591,11/2015
Furk1984,SusanAHardy@spambob.com,iziFoh5chai0,Susan,Hardy,291 Big Indian,New Orleans,LA,70112,Visa,4716132276108766,399,11/2013
Mothe1976,LenaJHunter@spambob.com,eidaif9Oo,Lena,Hunter,1256 Fulton Street,Wheeling,WV,26003,Visa,4485530646348294,139,8/2017
Fement,TimothySCamp@trashymail.com,eejauc4eP,Timothy,Camp,3267 Circle Drive,Houston,TX,77095,Visa,4716107240973768,955,9/2017
Yazzle35,CedricKRoss@dodgit.com,ohFuuk2mie,Cedric,Ross,2006 Saint Francis Way,West Allis,WI,53227,MasterCard,5463927181434120,553,3/2014
Rion1934,KathleenWGlasser@pookmail.com,aig8Ise1e,Kathleen,Glasser,718 Kennedy Court,Cambridge,MA,02141,Visa,4556277632612259,418,1/2013
Unis1935,BillyPMiller@trashymail.com,ThoZ4aevoo8,Billy,Miller,409 Passaic Street,Washington,DC,20036,Visa,4556733001765573,403,6/2016
Othont1974,MaxineCOverton@mailinator.com,Chithah8rae,Maxine,Overton,3389 Ersel Street,Dallas,TX,75247,Visa,4916458156329059,615,6/2013
Toohnse,RandyASzymanski@pookmail.com,Keeboo4be9,Randy,Szymanski,4761 Callison Lane,Ocean View,DE,19970,Visa,4916922811595834,398,9/2017
Thadshast1977,JohnnieTPierce@mailinator.com,UGh5irai2e,Johnnie,Pierce,3044 Simpson Street,Peoria,IL,61602,Visa,4929624587664787,358,4/2017
Beir1951,RoryKBaker@spambob.com,aeDee4aish,Rory,Baker,2692 Pinnickinnick Street,New Brunswick,NJ,08901,MasterCard,5179590889000364,707,3/2015
Withers,ElizabethGDiggs@dodgit.com,daX6mi2Eig,Elizabeth,Diggs,1884 Primrose Lane,Madison,WI,53704,MasterCard,5524261601563038,228,3/2015
Oweend,SerenaRRice@trashymail.com,xeibaiy5Wai,Serena,Rice,1162 Griffin Street,Phoenix,AZ,85016,MasterCard,5241950200459588,317,10/2013
Aceas1968,StevenKHarris@mailinator.com,Aif9eng3ue,Steven,Harris,1495 Maryland Avenue,Tampa,FL,33607,MasterCard,5270366637289551,919,6/2017
Wenteread1990,PeggyRAdams@trashymail.com,ze2ohLah8,Peggy,Adams,623 Baker Avenue,Fort Worth,TX,76147,MasterCard,5443782371589737,208,12/2017
Randing69,KathyMButler@mailinator.com,eesheb0eM7,Kathy,Butler,3719 Mayo Street,Glencoe,KY,41046,Visa,4539347439260552,139,8/2016
Upeopt,WilliamMHollis@trashymail.com,Aecheej5Gie,William,Hollis,4667 Smith Road,Monticello,GA,31064,Visa,4485336968260327,500,4/2014
Sley1951,RodneyLPace@pookmail.com,eing1ahNah,Rodney,Pace,3699 Cecil Street,Buffalo Grove,IL,60089,MasterCard,5467052669127074,549,4/2014
Andso1985,ElizabethJBrown@trashymail.com,Ih0doh0joo6,Elizabeth,Brown,2168 Copperhead Road,Newington,CT,06111,MasterCard,5585903004874902,795,2/2014
Hicte1930,MaryDFletcher@pookmail.com,yah3oopheZa,Mary,Fletcher,79 Chicago Avenue,Fresno,CA,93721,MasterCard,5571759937552775,632,11/2016
Quiented,AmyWCarpenter@mailinator.com,eeshah1Ae2oo,Amy,Carpenter,23 Adams Drive,Houston,TX,77006,MasterCard,5190365716200247,302,8/2015
Frailie,TillieHCochran@pookmail.com,zeW4tiuchie,Tillie,Cochran,323 Austin Avenue,Hinesville,GA,31313,MasterCard,5102628501476505,704,7/2017
Preple,DonaldAMaki@mailinator.com,uaN7eevae,Donald,Maki,86 Modoc Alley,Pocatello,ID,83202,MasterCard,5392992951529018,590,10/2013
Toonyal,KarlaOMoreno@pookmail.com,ahvieDap1sh,Karla,Moreno,742 Callison Lane,Harrington,DE,19952,Visa,4556225307052525,379,1/2016
Runt1960,LarryAFiore@pookmail.com,roo9HahShah,Larry,Fiore,1146 Lochmere Lane,Willimantic,CT,06226,Visa,4539656608545449,312,5/2016
Willond,EricMKline@trashymail.com,sieNg6rahx,Eric,Kline,2921 Late Avenue,Red Rock,OK,74651,Visa,4556211924287892,553,8/2015
Ackithe,SteveKCastellano@trashymail.com,Xogha9cee,Steve,Castellano,2904 Fairway Drive,Vacaville,CA,95688,MasterCard,5291913437054373,018,9/2014
Threcties,MarioMMendoza@dodgit.com,Kae5ohsi,Mario,Mendoza,4139 Wilson Street,Vista,CA,92083,MasterCard,5119150869557900,118,10/2013
Excied,JenniferKHyder@mailinator.com,reet1Aek2,Jennifer,Hyder,3054 Twin Oaks Drive,Grand Rapids,MI,49503,Visa,4916392462851912,323,7/2016
Explick1942,AmandaAPatao@dodgit.com,Usei0dah0,Amanda,Patao,2126 Margaret Street,Houston,TX,77026,Visa,4916683499489274,696,1/2014
Shenclace,BurlMCruz@trashymail.com,Pae0caCoh,Burl,Cruz,1559 Elkview Drive,Hialeah,FL,33012,Visa,4539437576240846,833,6/2015
Prembid,ChristopherMMills@spambob.com,Voo5yeeng,Christopher,Mills,657 Chipmunk Lane,Bangor,ME,04401,Visa,4556344495955116,365,3/2017
Theek1981,MichaelBBaker@pookmail.com,eiphiequ5D,Michael,Baker,3023 Lightning Point Drive,Memphis,TN,38110,MasterCard,5402279680749952,762,12/2014
Pultooper,RichardBTerwilliger@dodgit.com,aiYiewai7cee,Richard,Terwilliger,1596 Dale Avenue,Puyallup,WA,98371,Visa,4532727089791575,156,4/2013
Weeneire,RubenCJones@dodgit.com,paeJeigh9sh,Ruben,Jones,2078 Worley Avenue,Altavista,VA,24517,MasterCard,5195624036999911,440,11/2014
Onsted,BonnieMEllis@dodgit.com,Queiz3li,Bonnie,Ellis,3688 Byrd Lane,Clovis,NM,88101,MasterCard,5476657821387876,914,9/2016
Stichery69,EricDTurner@trashymail.com,lo2Eec4lae,Eric,Turner,4301 Pinewood Avenue,Mackinac Island,MI,49757,Visa,4929572378619314,550,1/2017
Berded,JodiJRuelas@trashymail.com,eef5sahWei,Jodi,Ruelas,2882 Parkview Drive,Anaheim,CA,92804,MasterCard,5415840765300352,432,9/2015
Alsorombicks,SusanSFleming@mailinator.com,Shoo3uow7Koh,Susan,Fleming,1073 Maple Lane,Huntsville,AL,35816,Visa,4556399827434479,708,5/2017
Oriese,RandolphRLavery@trashymail.com,Geemiy4voh,Randolph,Lavery,2493 Brannon Street,Los Angeles,CA,90013,Visa,4556916882660308,534,5/2016
Yousitel44,SylviaJBoyd@spambob.com,To2ohmizohf,Sylvia,Boyd,7 Wood Street,Saginaw,MI,48607,Visa,4556397109961797,928,12/2014
Thatintopen,HoraceACross@pookmail.com,thuoShie4f,Horace,Cross,550 Pick Street,Centennial,CO,80112,MasterCard,5321365517881478,081,6/2013
Rithand,SheliaJCarlson@dodgit.com,pheiF1gai,Shelia,Carlson,115 Patterson Fork Road,Chicago,IL,60605,MasterCard,5231022216035810,522,1/2015
Ausiout,LorraineRGeorge@mailinator.com,Ree9iegoh4,Lorraine,George,2179 Chicago Avenue,Hanford,CA,93230,MasterCard,5534062410807303,796,9/2015
Toger1927,AnthonyGCrites@pookmail.com,Hee7Eitie6ai,Anthony,Crites,4101 West Drive,Chicago,IL,60606,MasterCard,5468475692944810,288,4/2016
Arlift1957,ChristopherKMilligan@mailinator.com,ahNohj6yae,Christopher,Milligan,1851 Richards Avenue,Fresno,CA,93710,MasterCard,5134758615658433,406,10/2014
Vichimen,GradyCAllen@mailinator.com,Quipe3thahm,Grady,Allen,23 Zappia Drive,Lexington,KY,40507,Visa,4556717328816821,411,4/2014
Thessaw,TimothyMStephens@dodgit.com,ohP8eeke9uw,Timothy,Stephens,1126 Frosty Lane,Sherburne,NY,13460,Visa,4485543163327245,355,1/2014
Thiced,LaviniaGWalker@dodgit.com,Xoe3Feifoo,Lavinia,Walker,1919 Meadowbrook Mall Road,Torrance,CA,90505,MasterCard,5452474375910162,840,12/2017
Thur1985,ErikaJDavis@mailinator.com,ooTohm6eisie,Erika,Davis,2798 Pleasant Hill Road,Gardena,CA,90247,Visa,4539102342992993,299,2/2016
Evend1972,MaryEHodges@pookmail.com,au2quahHai,Mary,Hodges,1872 Circle Drive,Houston,TX,77032,MasterCard,5100962828321488,445,9/2013
Nizips,VictorAJones@dodgit.com,zied8eeheeG,Victor,Jones,751 Whitetail Lane,Cedar Hill,TX,75253,MasterCard,5104246886538175,940,11/2015
Essurn,LuisJTaylor@trashymail.com,EoL1Unohv,Luis,Taylor,3697 Stonepot Road,Newark,NJ,07102,MasterCard,5114019277877017,879,2/2013
Ingichis,KathrynBParkinson@pookmail.com,Oy5Ahphaope,Kathryn,Parkinson,3242 Shadowmar Drive,Metairie,LA,70001,MasterCard,5460029782274824,125,3/2013
Thinted,CarltonDJones@pookmail.com,Johwaifeel6,Carlton,Jones,1729 Beeghley Street,Eddy,TX,76524,Visa,4532442629144075,623,1/2017
Unettle1984,SherriHBagwell@spambob.com,uef7fat7Moh,Sherri,Bagwell,4555 Abia Martin Drive,Farmingdale,NY,11735,Visa,4716670267783691,440,9/2016
Pundsovers,KimberlyABarnett@mailinator.com,fie7pee1S,Kimberly,Barnett,2924 Stadium Drive,South Boston,MA,02127,Visa,4716073882820065,727,2/2013
Ivii1929,RoyBFlannery@spambob.com,vahBib8oob,Roy,Flannery,517 Hillhaven Drive,Irvine,CA,92614,MasterCard,5209409407605048,032,8/2017
Boody1960,SoniaBParnell@dodgit.com,cheeneY5fe,Sonia,Parnell,1036 Del Dew Drive,Clarksville,MD,21029,Visa,4916194643918903,262,8/2017
Uposened,ArthurABaker@spambob.com,aijidee9Jei,Arthur,Baker,3422 Steve Hunt Road,Miami,FL,33169,MasterCard,5378736445398235,121,1/2013
Voldall1952,KatherineDKirkpatrick@dodgit.com,ek8azie9ceN,Katherine,Kirkpatrick,3096 Orphan Road,Stevens Point,WI,54481,MasterCard,5474543315685862,679,10/2017
Murne1992,EarlSMontes@pookmail.com,gei1Yoong,Earl,Montes,1952 Fancher Drive,Dallas,TX,75207,MasterCard,5201325823015919,875,7/2014
Frove1986,HectorEVarley@pookmail.com,pi1Seu4r,Hector,Varley,4529 Prospect Valley Road,Anaheim,CA,92801,MasterCard,5153206086470959,977,5/2016
Sainere43,CarolDWarren@mailinator.com,eed4ov5Taiqu,Carol,Warren,695 Woodbridge Lane,Detroit,MI,48207,MasterCard,5306343838065955,086,5/2013
Spled1970,ScottCProvencher@pookmail.com,Gah7zah7eu,Scott,Provencher,114 Woodside Circle,Tallahassee,FL,32301,Visa,4539779598711647,580,5/2013
Lofter67,RonnieGBird@spambob.com,eeS9eShaTh6,Ronnie,Bird,2192 Paul Wayne Haggerty Road,Kenner,LA,70065,Visa,4485288235362214,503,3/2013
Donath,TrentLHunter@spambob.com,yul4Nae5hae,Trent,Hunter,3863 Lynn Street,Cambridge,MA,02141,MasterCard,5565887824950089,640,9/2014
Haddle,AllisonJLavender@pookmail.com,dai6Oi2nohs,Allison,Lavender,281 Eagle Drive,Southfield,MI,48075,MasterCard,5213926359559463,296,7/2013
Prodins,RuthTShell@dodgit.com,Gei4gae4xee,Ruth,Shell,3324 Godfrey Road,New York,NY,10022,MasterCard,5290426790098037,129,9/2015
Colad1977,RuthRGilbert@spambob.com,Iereubic1ae,Ruth,Gilbert,64 Lords Way,Ripley,TN,38063,Visa,4532580966980799,019,5/2016
Thavervist,PaulMGrundy@spambob.com,ahSh3eY3,Paul,Grundy,444 Bird Street,Albuquerque,NM,87112,Visa,4929938776634413,548,5/2014
Adate1971,MargieJHenry@mailinator.com,Cuji6cais6,Margie,Henry,2777 Coulter Lane,Providence Forge,VA,23140,MasterCard,5198278623182485,541,6/2016
Cognoy,StevenEDilley@trashymail.com,eigh0Shahf,Steven,Dilley,2472 Tavern Place,Wheeling,WV,26003,MasterCard,5456528357148145,587,2/2016
Boxylost64,MaryGMiller@spambob.com,ooT7xohgh,Mary,Miller,4941 Sweetwood Drive,Denver,CO,80239,MasterCard,5418682940437403,754,11/2014
Thabould,LindaOYoung@dodgit.com,IejaeC4shu,Linda,Young,4401 Lynn Avenue,Manitowish Waters,WI,54545,MasterCard,5415227164440577,786,5/2016
Wrove1967,JudyJDiaz@dodgit.com,aePhai1Oqu,Judy,Diaz,4459 Roy Alley,Boulder,CO,80302,Visa,4556343426280503,460,3/2017
Wonelf,JanaAMerritt@mailinator.com,NuPhie9EW3,Jana,Merritt,1491 Moonlight Drive,Mercerville,NJ,08619,MasterCard,5148634196040883,122,1/2015
Quilve,JohnDCrisman@mailinator.com,daaGho4RiMai,John,Crisman,3342 Jail Drive,Culver City,CA,90232,Visa,4485145597718583,567,3/2013
Quall1969,DavidBRaymer@pookmail.com,ieCh7ooph,David,Raymer,2486 Parkway Drive,Whitlow,AZ,85219,Visa,4929669404839690,022,3/2015
Wormily,VernonDRoca@pookmail.com,tahw8Boh,Vernon,Roca,1787 Whitetail Lane,Cedar Hill,TX,75253,MasterCard,5188306631950296,510,6/2013
Thertim,MichaelKOsborn@dodgit.com,caowoHah7f,Michael,Osborn,734 Sigley Road,Alta Vista,KS,66834,Visa,4532284297367574,858,8/2013
Notal1957,CarlaDCaton@dodgit.com,ieH8fah9,Carla,Caton,1729 Hershell Hollow Road,Seattle,WA,98109,Visa,4929395276755356,005,7/2016
Thithe,PaulEHays@spambob.com,Thaaroo6I,Paul,Hays,3890 Lucky Duck Drive,Monroeville,PA,15146,Visa,4916827069600196,165,2/2014
Hostred,StevenTWebb@dodgit.com,ahs2IxeCh,Steven,Webb,3841 Ella Street,Brisbane,CA,94005,MasterCard,5246568578021767,653,7/2015
Towle1966,ShaunRJones@mailinator.com,Joh1Aan1u,Shaun,Jones,3984 Charla Lane,Richardson,TX,75081,MasterCard,5289011280085919,369,5/2014
Thile1958,RickeyMRankin@pookmail.com,ChaeZu5Ei,Rickey,Rankin,834 Bedford Street,Birmingham,AL,35203,MasterCard,5102907807934577,424,2/2015
Berldn,SteveBHarden@trashymail.com,huaSieRai6,Steve,Harden,1102 Scheuvront Drive,Denver,CO,80202,Visa,4929967786982090,259,7/2013
Withoped,GertrudeMKing@trashymail.com,es5Ahko0tai,Gertrude,King,1823 Stoney Lonesome Road,Scranton,PA,18503,MasterCard,5409606141588640,366,11/2016
Mageting,EdwinGBarnes@trashymail.com,Ohudoh0aequ,Edwin,Barnes,2029 Golf Course Drive,Fairfax,VA,22032,Visa,4532791008261326,134,8/2016
Anction,LindaRLevy@trashymail.com,pauDud1roo,Linda,Levy,4531 Elk Creek Road,Dunwoody,GA,30338,Visa,4532174178324531,312,7/2016
Adind1949,IrishWKeane@trashymail.com,io4eeSai7ph,Irish,Keane,4587 Hilltop Drive,Arnett,TX,79408,Visa,4485245798448822,953,12/2016
Barom1967,JeanneASimmons@pookmail.com,eagh1Fohtie,Jeanne,Simmons,3408 Rose Avenue,New Orleans,LA,70127,MasterCard,5393725000249942,615,4/2016
Youghoss,AlbertMJohnson@pookmail.com,Ohph4ieneb,Albert,Johnson,4370 Drainer Avenue,Pensacola,FL,32507,MasterCard,5147329648690911,590,2/2016
Trud1988,JuniorNConway@pookmail.com,Wai1dui5c,Junior,Conway,3593 Viking Drive,Worthington,OH,43085,MasterCard,5489064372720982,106,12/2017
Therthe,RoseRCurry@spambob.com,ieNg9thaish,Rose,Curry,4196 Essex Court,Essex Junction,VT,05452,Visa,4556931378957605,783,7/2015
Glingraps,RobynCWashington@dodgit.com,nipheiLaim9,Robyn,Washington,2077 Saints Alley,Tampa,FL,33634,Visa,4539618524807709,312,12/2013
Oner1989,HerbertLCook@pookmail.com,Eo0iiyeipah,Herbert,Cook,563 Broaddus Avenue,Maceo,KY,42355,MasterCard,5471388046790851,380,8/2015
Thect1957,ChristinaJPatch@dodgit.com,buph0Ijee,Christina,Patch,531 Lena Lane,Jackson,MS,39201,Visa,4539852619179654,433,10/2013
Isce1933,GuadalupeDHughes@trashymail.com,Noofoo1eed9u,Guadalupe,Hughes,1117 Fulton Street,New Martinsville,WV,26155,Visa,4716906048139559,105,2/2015
Trepen,SusanZBogart@trashymail.com,beSh9roinoh,Susan,Bogart,1393 Richison Drive,Melstone,MT,59054,Visa,4485984153900437,031,1/2017
Pubjessere,RachelNTillman@pookmail.com,yoi1Yaeyie,Rachel,Tillman,1939 Jail Drive,Los Angeles,CA,90067,Visa,4485667227139823,906,8/2017
Anwave,MarielaTShepherd@mailinator.com,aez1Xei1ai,Mariela,Shepherd,1483 Diamond Cove,West Warwick,RI,02893,Visa,4916001990081021,092,7/2013
Witen1952,StevenKMcGuire@dodgit.com,toB1Ra9iexoo,Steven,McGuire,1184 Nancy Street,Garner,NC,27529,Visa,4556983778594637,186,3/2013
Welf1963,KellyMSilva@trashymail.com,Rie2do0wi,Kelly,Silva,3957 Mayo Street,Florence,KY,41042,MasterCard,5199867511340517,064,10/2015
Scatersoloss,JohnAGregory@spambob.com,guoZohRix5,John,Gregory,4670 Biddie Lane,Richmond,VA,23219,Visa,4929432411422525,918,1/2015
Coveregs,HarryKCarver@pookmail.com,ush2Ahfie,Harry,Carver,2007 Dye Street,Phoenix,AZ,85016,Visa,4929795860111256,175,9/2015
Braing,AndreaCHood@dodgit.com,ahlohzu9eiB,Andrea,Hood,3340 Virgil Street,Panama City,FL,32405,MasterCard,5529679519805701,451,12/2017
Leou1944,RobertCWilliams@mailinator.com,Oshae0oone8,Robert,Williams,4743 Hidden Valley Road,Buffalo,NY,14202,MasterCard,5239197807695503,417,7/2015
Burses,PatrickKFalls@dodgit.com,Suph8chai7ah,Patrick,Falls,4996 Marigold Lane,Miami,FL,33169,Visa,4532647392791049,931,1/2014
Ween1989,LucilleBPittman@trashymail.com,ooyai7Oo,Lucille,Pittman,4809 Nancy Street,Durham,NC,27703,MasterCard,5155491433170936,133,3/2014
Folearribled,DanRKenyon@pookmail.com,iet8Xoowe,Dan,Kenyon,3532 Freedom Lane,Stockton,CA,95204,Visa,4485467984384856,580,4/2017
Chims1946,DorothyJCalhoun@trashymail.com,Ahth8cie,Dorothy,Calhoun,2456 Lynn Street,Cambridge,MA,02141,Visa,4716904684747173,572,7/2014
Homyse,SamuelIMelton@pookmail.com,je5AeH2ch,Samuel,Melton,2439 Ashton Lane,Austin,TX,78746,MasterCard,5595784934746750,853,6/2016
