Username,EmailAddress,Password,GivenName,Surname,StreetAddress,City,State,ZipCode,CCType,CCNumber,CVV2,CCExpires
Perle1969,LoriMBlack@trashymail.com,AhV2aiTu3Uph,Lori,Black,4215 Reppert Coal Road,Warren,MI,48093,MasterCard,5421480862432972,467,9/2014
Twessight,CharlesLPerez@pookmail.com,ieCheo8ax,Charles,Perez,3597 Dola Mine Road,Raleigh,NC,27604,Visa,4539692205232404,662,9/2017
Majaus,FrancescaBDiehl@spambob.com,eshoraeR1,Francesca,Diehl,2754 Hood Avenue,San Diego,CA,92103,Visa,4532952363625584,239,11/2017
Blaccurity,SalvadorKWidner@mailinator.com,ooghie0kiD1,Salvador,Widner,2802 Horizon Circle,University Place,WA,98466,MasterCard,5478918369824862,275,4/2015
Gooks1972,AdanVZalewski@trashymail.com,deth6ohceQu,Adan,Zalewski,3490 Westwood Avenue,Huntington,NY,11743,Visa,4539564747087523,866,6/2013
Youled,EricaEHarp@pookmail.com,Uwoo0eejee,Erica,Harp,1894 Glen Falls Road,Philadelphia,PA,19128,Visa,4929864951340917,909,6/2017
Offor1939,CarolynCJohnson@spambob.com,uFe7ail5,Carolyn,Johnson,78 Center Street,Redmond,OR,97756,MasterCard,5399857428347356,582,12/2016
Pren1928,DorothyRInfante@pookmail.com,quie4eiSh6u,Dorothy,Infante,690 Cimmaron Road,Anaheim,CA,92801,MasterCard,5346808470920388,954,2/2016
Sirmend,AlexanderBAguilar@trashymail.com,fu1ahquahGh,Alexander,Aguilar,2348 Stratford Drive,Waipahu,HI,96797,MasterCard,5257514517110622,961,10/2016
Nismacre,FlorencePCarruthers@dodgit.com,aiZ0ohh2,Florence,Carruthers,3826 Hornor Avenue,Jenks,OK,74037,MasterCard,5335590298450102,143,4/2013
Hatelt,CarlosBLong@dodgit.com,Aakah3oeroh,Carlos,Long,1683 Cody Ridge Road,Leedey,OK,73654,Visa,4532732501479544,314,2/2017
Gagin1972,EdithBMotley@spambob.com,chuyai5eP,Edith,Motley,627 Stonepot Road,Newark,NJ,07102,Visa,4556713168022208,381,3/2014
Allis1954,RichardBBrowning@pookmail.com,Roox7eacai,Richard,Browning,3712 Stout Street,Harrisburg,PA,17112,MasterCard,5226207782291239,911,8/2017
Theateran,MildredRDashner@dodgit.com,aelu4ahY1qu,Mildred,Dashner,2008 Rafe Lane,Jackson,MS,39211,MasterCard,5364499810052434,559,9/2013
Acell1950,RodRMitchell@pookmail.com,pai4cohGhai,Rod,Mitchell,3461 Shearwood Forest Drive,Manchester,NH,03109,MasterCard,5532372383174934,974,5/2015
Appe1956,PatrickHWilliams@spambob.com,pah5Oi7iw1ch,Patrick,Williams,1595 Thompson Street,Los Angeles,CA,90017,Visa,4532930292155113,447,7/2014
Ponswed,ShavonneCWedge@mailinator.com,ahQu6aichah,Shavonne,Wedge,3779 Chapel Street,Houston,TX,77032,MasterCard,5539434399597087,046,8/2015
Beentherize1948,StanfordTStephens@spambob.com,udoo8Iefei,Stanford,Stephens,131 Pine Garden Lane,Atlanta,GA,30339,Visa,4916314628112898,450,3/2013
Himathat,WalterMBaldwin@trashymail.com,doWah6aiZ,Walter,Baldwin,4857 Reppert Coal Road,Southfield,MI,48034,MasterCard,5452166072744692,282,10/2017
Thourning,JoseHJoyce@spambob.com,ohSha1ilie2,Jose,Joyce,2537 Hillcrest Circle,Wayzata,MN,55391,Visa,4485484350837581,427,3/2015
Scombed,MelvinLFisher@spambob.com,roo0zaGe,Melvin,Fisher,1312 Camden Street,Reno,NV,89501,Visa,4532260632647144,811,9/2017
Thersen,BartLBolan@pookmail.com,quohw5Mi9,Bart,Bolan,3905 Saint Clair Street,Jackson,MS,39211,MasterCard,5342406281021431,167,7/2015
Rambeens,JamesNEdgin@dodgit.com,ahPu5eixoh,James,Edgin,3861 Valley Lane,Austin,TX,78744,MasterCard,5541858905143885,986,2/2016
Faturis,LeroyAPorter@trashymail.com,ooHa4Aiquai,Leroy,Porter,1289 Devils Hill Road,Jackson,MS,39201,Visa,4716514695767555,695,12/2013
Coursocied,HarrisonTSwanson@spambob.com,aiGhiqu2,Harrison,Swanson,4849 Hornor Avenue,Bixby,OK,74008,Visa,4716942560964637,561,4/2016
Hibive,JulietBWilliams@pookmail.com,iph0aiye2Eet,Juliet,Williams,1107 Dola Mine Road,Raleigh,NC,27603,Visa,4556030899881921,408,5/2014
Caliat66,MaryJMartin@spambob.com,ooxai7us1N,Mary,Martin,832 Green Gate Lane,Baltimore,MD,21201,Visa,4485199148820414,903,8/2017
Whisen,DennisJCooksey@dodgit.com,Ohv0jeNgiZ6,Dennis,Cooksey,239 Pyramid Valley Road,Cedar Rapids,IA,52486,Visa,4485704537863675,174,1/2014
Truck1961,MarcusCAdkins@mailinator.com,aeXee9yie,Marcus,Adkins,1757 Stuart Street,East Palestine,PA,44413,Visa,4485043000992210,289,6/2013
Therty1960,RaymondIHernandez@spambob.com,eex0ThooR,Raymond,Hernandez,2308 Pickens Way,Athens,TX,75751,MasterCard,5118796552917024,725,3/2016
Grous1956,CharlieLRoss@spambob.com,Ieb5Ahc6,Charlie,Ross,2150 Brooke Street,Houston,TX,77002,MasterCard,5108398249509900,356,2/2016
Deens1992,EddieJHamilton@spambob.com,Ahc5eHohgei,Eddie,Hamilton,1493 Franklee Lane,Philadelphia,PA,19108,MasterCard,5174108806071114,266,3/2014
Ween1936,RobertMChacon@spambob.com,vat1Tahwoo,Robert,Chacon,2506 Lyndon Street,Wayne,PA,19087,Visa,4716812955635011,205,2/2015
Neshe1963,CarmenBJohnson@pookmail.com,Ew5ahciephee,Carmen,Johnson,2597 Bedford Street,New Haven,CT,06510,MasterCard,5257088323000277,897,11/2013
Feeinesell,LouisBMeredith@trashymail.com,vai3tieShai,Louis,Meredith,1675 Bedford Street,Huntington,CT,06484,MasterCard,5481665596336625,377,6/2016
Gainnoo,DebraPFranco@pookmail.com,Ho8taetha3ai8,Debra,Franco,210 Archwood Avenue,Riverton,WY,82501,MasterCard,5170705563206587,580,11/2015
Threst,GeneRSelders@spambob.com,Rael7tha,Gene,Selders,1616 Willis Avenue,Daytona Beach,FL,32114,Visa,4539300361944941,545,3/2013
Docials,WilliamLBorst@pookmail.com,Ophi4Chaeg,William,Borst,4785 Stratford Court,Raleigh,NC,27601,MasterCard,5155047502302667,151,1/2017
Whime1941,JamesKFolsom@spambob.com,thie0eiPai,James,Folsom,1501 Timber Oak Drive,Tharp,TX,79009,Visa,4929542107174543,549,11/2015
Youtbreters,MelissaREdwin@trashymail.com,coofieRiay9,Melissa,Edwin,4174 Elliott Street,Wolfeboro,NH,03894,Visa,4539332224685247,074,8/2016
Diesims,KellyCMartin@trashymail.com,AipooT1jio,Kelly,Martin,599 Sheila Lane,Reno,NV,89501,Visa,4916058031475216,739,4/2016
Caplas,ChesterJRhodes@spambob.com,EiSheiv0,Chester,Rhodes,927 Scenic Way,Jacksonville,IL,62650,Visa,4929692169293713,121,5/2017
Cupped,JaySFuchs@spambob.com,Soat2oog,Jay,Fuchs,2614 Calvin Street,Baltimore,MD,21201,MasterCard,5332038000909042,664,10/2013
Ficholl1959,NathanielMRose@pookmail.com,sai4Hah2eg,Nathaniel,Rose,4799 Fraggle Drive,Arlington Heights,IL,60005,Visa,4539030360103385,725,5/2016
Whences69,RobertLJimenez@spambob.com,ue1Aesogh,Robert,Jimenez,2021 Angus Road,New York,NY,10004,MasterCard,5416094216811695,811,5/2016
Ofteemontly1993,AlvinRAnderson@trashymail.com,ohgahk7Pi,Alvin,Anderson,3181 School Street,Norwalk,CT,06851,Visa,4485958480661433,504,9/2013
Fainjusly1964,SidneyCGreen@dodgit.com,Quadie4Th,Sidney,Green,603 Trails End Road,Fort Lauderdale,FL,33301,MasterCard,5551202394764579,055,12/2014
Prieforprook57,RamonLGerman@spambob.com,Ohj7idibuuJ,Ramon,German,4387 Spring Haven Trail,Lyndhurst,NJ,07071,Visa,4532859043326246,389,6/2013
Whadven,ThomasBNoland@trashymail.com,EeShoh1eeNg,Thomas,Noland,4790 Hemlock Lane,Harlingen,TX,78550,MasterCard,5173678863016534,470,3/2015
Hinfore,NormanMTodd@pookmail.com,chai5Ohch5,Norman,Todd,3437 Broadway Street,Charleston,SC,29405,MasterCard,5367205665608254,293,1/2017
Therand,RalphDWard@trashymail.com,Giosav9Shei,Ralph,Ward,4820 Black Stallion Road,Lexington,KY,40507,Visa,4485113494116822,409,12/2016
Witold31,JenifferTBlythe@trashymail.com,aiQu4Ue2,Jeniffer,Blythe,3295 Berkshire Circle,Knoxville,TN,37920,MasterCard,5114237875124349,597,6/2013
Forgoin,MagdaPBivona@mailinator.com,aich7Shoh,Magda,Bivona,1566 Rainbow Road,Pasadena,CA,91101,Visa,4532593038999150,378,9/2013
Doself90,BessDPayne@trashymail.com,eCh9rah3anu,Bess,Payne,3488 Stoney Lonesome Road,Pittston,PA,18640,MasterCard,5419414408233697,373,4/2013
Alung1955,NorineARichter@spambob.com,Jei5Oengoo4,Norine,Richter,4662 Junior Avenue,Atlanta,GA,30328,Visa,4929260998256036,578,6/2014
Frompal,CoreyJThao@trashymail.com,pa3AiB4k,Corey,Thao,223 Alexander Drive,Dallas,TX,75207,Visa,4916279720936488,944,8/2014
Trummunded,MichaelKBallard@spambob.com,Wah1ojiaph0,Michael,Ballard,4786 Hamilton Drive,Texas City,TX,77591,MasterCard,5207705886935364,731,11/2016
Princeed,LisaJHunt@spambob.com,XeeSog7eeh8,Lisa,Hunt,3432 Rosewood Court,Westbrook,MN,56183,MasterCard,5443836512266256,914,9/2013
Swayse,ScottYNair@trashymail.com,shel9Ohcue,Scott,Nair,4285 Old House Drive,Londonderry,OH,45647,MasterCard,5363480209982705,090,3/2015
Muscappend,PamelaCAgin@pookmail.com,Ohzee2yoa2t,Pamela,Agin,2031 Monroe Street,Houston,TX,77006,Visa,4916775118098138,188,4/2015
Wholed,AnnLLewis@mailinator.com,Ighum3ai,Ann,Lewis,3358 Tibbs Avenue,Wisdom,MT,59761,Visa,4716470296584537,512,4/2016
Brimee,JohnFDavis@trashymail.com,vao6EeCh,John,Davis,2706 Payne Street,Houston,TX,77087,Visa,4916094933361592,967,11/2013
Whilks,JulieGRivera@mailinator.com,quoo1Ohwon1,Julie,Rivera,3410 Yorkshire Circle,Rocky Mount,NC,27801,Visa,4485611549709814,937,9/2016
Afelf1961,SandraDNoland@trashymail.com,Caephei6,Sandra,Noland,2823 Rollins Road,Grand Island,NE,68801,MasterCard,5317655093905550,008,11/2017
Alreend,VirginiaJMcCartney@dodgit.com,Yuvie7Oh,Virginia,McCartney,1905 Eagle Drive,Farmington Hills,MI,48335,Visa,4556300420717757,414,10/2017
Promese,RubyRBianco@mailinator.com,Xeis5yei2,Ruby,Bianco,931 Oak Avenue,Wheeling,IL,60090,Visa,4556589546777246,461,12/2017
Dirld1981,RonnieDZuniga@pookmail.com,eepaesh9Oh,Ronnie,Zuniga,4707 Camden Street,Gabbs,NV,89409,MasterCard,5579275411348764,244,8/2017
Thavies,JosephJGoff@mailinator.com,Sheebesh9ai,Joseph,Goff,4048 American Drive,Cantonment,FL,32533,Visa,4485700154481114,909,12/2015
Struntio,OscarSBoren@spambob.com,Zaetoh2die,Oscar,Boren,4609 Saint Francis Way,New Berlin,WI,53151,MasterCard,5512417477096677,135,9/2016
Saimanonest,CarlosBVaillancourt@dodgit.com,Meex7ieX,Carlos,Vaillancourt,171 Caldwell Road,Rochester,NY,14620,MasterCard,5132695755901615,041,5/2014
Reserefoot1969,JoycelynKRomero@trashymail.com,tahPajo0,Joycelyn,Romero,595 Providence Lane,La Puente,CA,91744,MasterCard,5118618666297699,472,1/2016
Somys1942,EricENixon@pookmail.com,aim7OhFie,Eric,Nixon,343 Braxton Street,Aurora,IL,60504,Visa,4485056972371460,434,2/2014
Ners1977,MichaelYGraham@trashymail.com,aiwie3Yoc4,Michael,Graham,2777 Jim Rosa Lane,San Francisco,CA,94107,Visa,4716344474830923,696,1/2017
Yountivell83,StanleyYMartinez@spambob.com,aiyif6Yoo,Stanley,Martinez,4183 Scheuvront Drive,Boulder,CO,80302,MasterCard,5439013497439144,414,6/2013
Cace1991,PeterMMeek@pookmail.com,OoZiadoo9e,Peter,Meek,315 Brentwood Drive,Austin,TX,78753,MasterCard,5467744282335742,184,1/2014
Fortainge,ChantelDStewart@mailinator.com,taeVaenee2,Chantel,Stewart,3043 Ward Road,El Paso,TX,79901,MasterCard,5156702741921482,168,5/2015
Glikeltas,CarolRHamblin@spambob.com,zei5koh0Uoch,Carol,Hamblin,3705 James Avenue,Wichita,KS,67202,MasterCard,5360122071515915,124,5/2013
Meneavell,BrendaRFeldman@mailinator.com,Xi4cok0u,Brenda,Feldman,1851 Logan Lane,Greenwood Village,CO,80111,Visa,4532901410108979,299,2/2014
Shose1947,RichardDThomas@trashymail.com,ae0lee0A,Richard,Thomas,1325 Crummit Lane,West Warwick,RI,02893,Visa,4556660423497297,330,3/2014
Mitersell,PatrickDClark@mailinator.com,ieNg8aiPhe,Patrick,Clark,4777 Davis Street,Augusta,GA,30901,Visa,4539657662336709,222,8/2016
Witues,CharlotteEHall@dodgit.com,zu6seeGh2Oo,Charlotte,Hall,2269 Roosevelt Street,Brisbane,CA,94005,Visa,4539898177712782,525,3/2014
Beept1927,RichardLFrazer@dodgit.com,Feir7zoo0,Richard,Frazer,237 Summit Park Avenue,Southfield,MI,48075,MasterCard,5418991688492987,040,12/2015
Poorely,HelenWMyers@trashymail.com,Eig1Fe5Ah,Helen,Myers,2801 Don Jackson Lane,Southfield,MI,48075,MasterCard,5277866184327798,848,7/2014
Aind1954,TeresaJGaskins@pookmail.com,ohyujahsh0Ee,Teresa,Gaskins,4046 Wilkinson Street,Nashville,TN,37211,MasterCard,5545018213906624,141,12/2013
Felsou,DanaLPark@pookmail.com,Oe7Juph7,Dana,Park,2326 Berkshire Circle,Knoxville,TN,37909,MasterCard,5471686476797126,464,12/2015
Zekere,BarbaraJJenkins@mailinator.com,Aigh8buFe4,Barbara,Jenkins,3232 Spirit Drive,Daytona Beach,FL,32114,Visa,4716234917566632,434,12/2017
Namery,JoanJEbling@dodgit.com,aepuuSuth2ae,Joan,Ebling,3166 Lowndes Hill Park Road,Anaheim,CA,92801,MasterCard,5577608365194143,285,3/2015
Wasibint,CharlesHDowney@dodgit.com,BaejahTh6u,Charles,Downey,2906 Clarence Court,Wilmington,NC,28412,MasterCard,5421737000045671,569,7/2014
Artheaduck,BessieCLee@spambob.com,Aiwohl8poh,Bessie,Lee,4707 Upton Avenue,Waterville,ME,04901,Visa,4539563163920712,249,1/2015
Hicarrece85,AndrewPHobbs@dodgit.com,Uvi5shiy,Andrew,Hobbs,2100 Dola Mine Road,Raleigh,NC,27608,Visa,4539069041302693,196,1/2013
Thrioned,RosaWLittle@trashymail.com,rovai9Zei,Rosa,Little,2655 Eastland Avenue,Jackson,MS,39212,Visa,4716547803487419,980,1/2017
Witterlass,RichardDBarns@mailinator.com,Ooy7Beip,Richard,Barns,1286 White Pine Lane,Roanoke,VA,24011,MasterCard,5435472056605749,229,6/2016
Froned,SandraJWalter@spambob.com,Ke5Doh3Sh,Sandra,Walter,2353 Illinois Avenue,Portland,OR,97205,MasterCard,5464351233641195,931,1/2016
Lausbance,TaraDWise@trashymail.com,oChetaib1mu,Tara,Wise,1571 Gore Street,Houston,TX,77002,Visa,4929672642999896,141,12/2014
Forcive,AnnaHPeterson@mailinator.com,gie3Ahb5Oh,Anna,Peterson,2152 Henery Street,Wichita,KS,67202,Visa,4539683375183345,067,10/2013
Lecrid,OlinCLane@dodgit.com,ucaiWai5qu,Olin,Lane,3 New York Avenue,Euless,TX,76039,Visa,4556214953877732,225,9/2017
Ofamidentam,MadonnaMRodriguez@trashymail.com,aTeeCh6oa6v,Madonna,Rodriguez,3772 Beechwood Avenue,Sayreville,NJ,08872,MasterCard,5542228422718404,361,7/2015
Weress1980,BrigitteMSchmeltzer@pookmail.com,diK4oe5dohp,Brigitte,Schmeltzer,2351 Granville Lane,West Orange,NJ,07052,Visa,4716357347278872,521,10/2013
Wasisange,AndreaRSchultz@trashymail.com,quaep9Thath,Andrea,Schultz,850 Flinderation Road,Wood Dale,IL,60191,MasterCard,5341374492108788,735,11/2015
Dins1991,BriceLTaylor@mailinator.com,hiuThe5ahoo,Brice,Taylor,4776 McDonald Avenue,Apopka,FL,32703,Visa,4485731527240077,495,8/2014
Thallusithe,LindaPMiddleton@pookmail.com,ooji3Iepaeph,Linda,Middleton,3848 Timber Ridge Road,Sacramento,CA,95814,MasterCard,5543213512297617,186,2/2013
Fooper,FaithCBurke@pookmail.com,TheX9quoh,Faith,Burke,4850 Crummit Lane,Cranston,RI,02910,Visa,4485634168850289,442,10/2015
Facoure,JenniferGFinley@trashymail.com,hoh9Ceuv,Jennifer,Finley,3372 Hurry Street,Mountain Grove,VA,24484,MasterCard,5185432840889670,313,5/2015
Buthent,SharonAGarner@pookmail.com,Uoph6aeghu,Sharon,Garner,28 Harrison Street,San Francisco,CA,94107,MasterCard,5589141443507785,298,4/2014
Blince1949,LynnLLilly@dodgit.com,aiM2fain,Lynn,Lilly,2097 Wexford Way,Columbia,SC,29210,MasterCard,5512132724614426,772,1/2015
Liket1947,EvelynRWhite@spambob.com,Izuquooh9Uu,Evelyn,White,3729 Coleman Avenue,Valley Center,CA,92082,Visa,4485567845645419,131,10/2014
Unry1947,JerryEElkins@trashymail.com,oocei4Aech8,Jerry,Elkins,3033 Oakdale Avenue,Tampa,FL,33634,Visa,4532786386771912,742,5/2014
Asher1993,TinaPTurner@mailinator.com,Hiqu4ethee,Tina,Turner,4099 Froe Street,Charleston,WV,25301,Visa,4539561650075685,595,5/2017
Rejure,GaryAJarnigan@pookmail.com,vo4ge1peeD0oh,Gary,Jarnigan,2948 Jewell Road,Eagan,MN,55121,Visa,4716339851784859,830,4/2016
Eity1946,MelissaRHarris@mailinator.com,ojixaeQuah4,Melissa,Harris,2694 Bicetown Road,New York,NY,10013,Visa,4916747323053687,875,6/2015
Othissitirs,JeanneABurdette@pookmail.com,fohChoog7,Jeanne,Burdette,938 Atha Drive,Cuyama,CA,93214,MasterCard,5402431110022647,817,6/2015
Onehou,PhilipDVenuti@pookmail.com,aNai4eedai,Philip,Venuti,4985 Boring Lane,San Francisco,CA,94108,Visa,4532647669360692,865,12/2017
Useen1978,ReneeTKirschner@spambob.com,oJ5xaeph8iL,Renee,Kirschner,3062 Rowes Lane,Paducah,KY,42003,Visa,4485527454231042,859,7/2013
Somad1953,AlbertACrook@mailinator.com,feigig2xi9Ch,Albert,Crook,169 Westfall Avenue,Albuquerque,NM,87109,Visa,4532622063460364,009,6/2015
Randly,MatthewISimpson@mailinator.com,ThahY1OZee,Matthew,Simpson,4858 Holden Street,San Diego,CA,92103,Visa,4916000154654409,413,8/2014
Vater1976,StevenJThompson@mailinator.com,haiGu3maiCh,Steven,Thompson,3283 Poe Road,Charleston,SC,29401,MasterCard,5374641197754771,993,5/2013
Lifulty,EarnestKDavis@trashymail.com,vaich2Mo,Earnest,Davis,3526 Bates Brothers Road,Columbus,OH,43212,MasterCard,5396142539923657,491,4/2017
Pround,PaulYWhited@spambob.com,oM2loo3ie,Paul,Whited,2508 Green Street,Nashville,TN,37209,MasterCard,5406320098688063,473,9/2014
Hinthe,MaryGThomas@mailinator.com,Ero2FiPhoo,Mary,Thomas,1569 Cherry Camp Road,Chicago,IL,60605,Visa,4916786092556231,287,12/2015
Laymor,MarvinCLucas@spambob.com,KohvaZ4u,Marvin,Lucas,4215 Oakwood Avenue,New York,NY,10003,MasterCard,5404072643269491,565,6/2013
Aidd1947,MaryJFernandez@dodgit.com,eixahL0Yij,Mary,Fernandez,4993 Hope Street,Salem,OR,97302,MasterCard,5366793329416595,206,11/2017
Sturry,GuadalupeRWilson@dodgit.com,AhKae9aeng,Guadalupe,Wilson,1569 Harper Street,Bowling Green,KY,42104,Visa,4485706831340011,407,5/2015
Commarokel,DianeDBarker@mailinator.com,vi7ieTho,Diane,Barker,2872 Peck Court,Newport Beach,CA,92661,Visa,4716591071378025,094,4/2013
Hounch39,LolaDPryor@pookmail.com,Aijoe1eiJi,Lola,Pryor,1761 Poplar Lane,Big Pine,FL,33043,MasterCard,5509555339412072,502,2/2013
Plualked,EleanorEJackson@pookmail.com,on2Uaxoo,Eleanor,Jackson,4487 Westfall Avenue,Albuquerque,NM,87109,Visa,4929906588413029,413,4/2016
Hamay1989,JudithGNorfleet@mailinator.com,loo8ohBah,Judith,Norfleet,3442 Heather Sees Way,Tulsa,OK,74120,Visa,4716921006255768,528,7/2014
Fromed,MarcAOakes@dodgit.com,IphiZah0,Marc,Oakes,3271 Formula Lane,Dallas,TX,75240,Visa,4532399558907619,205,1/2014
Equirt,BethanyAThurston@spambob.com,Cheif7TieGi,Bethany,Thurston,2116 Dye Street,Phoenix,AZ,85034,Visa,4916732628843479,230,1/2013
Pliteard,GeorgeABarnard@trashymail.com,KiPa2Voo2ech,George,Barnard,1711 Charles Street,Livonia,MI,48150,MasterCard,5551726396260434,525,3/2015
Youldn,JosephCTaylor@mailinator.com,Thi0goo6Bi,Joseph,Taylor,4711 Pearcy Avenue,Auburn,IN,46706,MasterCard,5294031197315772,823,6/2013
Quance,CynthiaRElizondo@spambob.com,Vahdaig0,Cynthia,Elizondo,4436 Lang Avenue,Salt Lake City,UT,84111,MasterCard,5362642850884883,604,6/2017
Mareceing,GeorgeJRyan@dodgit.com,eih1chiraiX,George,Ryan,458 Cerullo Road,Louisville,KY,40299,MasterCard,5187104800163663,483,6/2013
Trathem1980,ChristopherDWillis@trashymail.com,ceeP1Xai1,Christopher,Willis,2063 Leo Street,Denver,CO,80202,MasterCard,5543825943434012,552,9/2016
Crichou,DavidSMintz@trashymail.com,le0ud0Uupei,David,Mintz,4047 Gateway Road,Portland,OR,97220,MasterCard,5122872201573056,612,6/2017
Yousaity,LisaRBaldwin@trashymail.com,ahsoVedon0u,Lisa,Baldwin,925 Red Hawk Road,Cosmos,MN,56228,Visa,4916260469402668,775,9/2014
Amor1968,AnneSThomas@dodgit.com,eVoe9thevei,Anne,Thomas,1720 Forest Drive,Herndon,VA,22070,Visa,4532883709453532,687,4/2017
Onews1964,KimberlyDCross@dodgit.com,ceiDie3nequ,Kimberly,Cross,3681 Indiana Avenue,Waianae,HI,96792,MasterCard,5311075126575088,643,6/2013
Untrove,CodyPAndrews@trashymail.com,IehoFu6lai,Cody,Andrews,714 Jim Rosa Lane,Concord,CA,94520,MasterCard,5538976338961916,938,8/2016
Murge1964,ElodiaKWhite@mailinator.com,Neng6gi7u,Elodia,White,2214 Hide A Way Road,Orlando,FL,32811,MasterCard,5424894738338717,086,6/2013
Hored1990,ClaireFHolder@trashymail.com,Ohm2nee3l,Claire,Holder,3436 Collins Avenue,Columbus,OH,43215,Visa,4485899214746167,863,9/2017
Likentich1940,TanyaBScott@mailinator.com,bia1Iegh1,Tanya,Scott,1639 Cantebury Drive,New York,NY,10007,Visa,4716986057846476,053,7/2014
Whighletwor,TrentonBMartin@mailinator.com,ieFi6ahfoh,Trenton,Martin,2320 Reel Avenue,Weber City,NM,88101,Visa,4929312967962464,773,12/2016
Hadowary,LauraNMcDaniel@pookmail.com,iego9AiS,Laura,McDaniel,4412 Irving Place,Saint Louis,MO,63102,Visa,4556906036299095,626,3/2017
Colmilluke,VictoriaRReinhold@spambob.com,EishiPh7voo,Victoria,Reinhold,1727 Wood Street,Lacombe,LA,70445,Visa,4929166754571882,660,6/2013
Artiong,AlexOAvery@dodgit.com,eebaic5Z,Alex,Avery,3397 Gnatty Creek Road,Huntington,NY,11743,MasterCard,5544853816624005,629,4/2015
Conand,EmilyDBoucher@dodgit.com,Iu1ecaigh8,Emily,Boucher,3913 Orphan Road,Buffalo,NY,14214,Visa,4485259219493424,298,6/2014
Anown1944,TerryMCox@spambob.com,saishoov9Ei,Terry,Cox,2841 Werninger Street,Houston,TX,77099,MasterCard,5452629325467577,704,5/2015
Plabled,AlexMTrull@mailinator.com,AechahX6yae,Alex,Trull,1521 Single Street,Burlington,MA,01803,MasterCard,5511859480753763,187,1/2014
Meppyinks,FrancesRAlbright@trashymail.com,oosh7ooGh,Frances,Albright,3278 Meadowcrest Lane,Science Hill,KY,42553,MasterCard,5471944981673013,120,9/2015
Lifluke,EricLFrisby@spambob.com,Ueneiroh1,Eric,Frisby,4605 Timber Ridge Road,Rancho Cordova,CA,95742,MasterCard,5225852716239720,300,5/2014
Wholoney1954,PaulGReyes@mailinator.com,Epha6riet,Paul,Reyes,357 Monroe Avenue,Fort Myers,FL,33901,MasterCard,5378817231565698,634,12/2015
Sathereend1944,DavidBHatchett@trashymail.com,ahJoom9oh,David,Hatchett,3301 Flanigan Oaks Drive,Rockville,MD,20852,Visa,4929289897496435,624,10/2016
Deeks1930,EmilyCHarris@trashymail.com,do6Faequ,Emily,Harris,3396 Pheasant Ridge Road,Philadelphia,PA,19108,MasterCard,5225988794022024,324,4/2015
Othapprocy,CesarCWysocki@trashymail.com,Angadoh9Ing,Cesar,Wysocki,1165 Mount Olive Road,Atlanta,GA,30303,MasterCard,5305369688937887,123,8/2017
Uping1958,MichaelDElliott@dodgit.com,yoh9ESao0vei,Michael,Elliott,4417 Tyler Avenue,Ft Lauderdale,FL,33311,Visa,4539091116830143,899,7/2017
Youria,DorisBRodgers@trashymail.com,phea7pie6Oh,Doris,Rodgers,3877 Emerson Road,Shreveport,LA,71101,MasterCard,5312372679594023,224,11/2013
Menivint,RachelJGoldsmith@mailinator.com,xairiex7P,Rachel,Goldsmith,1976 Summit Park Avenue,Southfield,MI,48076,MasterCard,5204979157205988,265,9/2016
Testim,BeverlyGQuinones@dodgit.com,aeyoh1zoM3,Beverly,Quinones,3044 Petunia Way,Thorsby,AL,35171,Visa,4539277647468731,307,6/2015
Fild1967,DonaldBLyall@mailinator.com,AhZaid4Ae,Donald,Lyall,3556 Single Street,Woburn,MA,01801,MasterCard,5578413130899558,722,5/2014
Eaked1981,AdaSFrancis@trashymail.com,Eghai9Uop,Ada,Francis,140 Green Avenue,Oakland,CA,94612,Visa,4716843238355846,121,7/2016
Upen1929,IsaacAClewis@trashymail.com,eih1oaB5nais,Isaac,Clewis,1854 Oakmound Drive,Bridgeview,IL,60455,Visa,4539398484285697,219,1/2017
Minver,EricNMcGlothlin@mailinator.com,quieH0yuhie,Eric,McGlothlin,1598 Tennessee Avenue,Pontiac,MI,48342,Visa,4532558542819970,234,10/2016
Marelpt,GuadalupeLWalton@dodgit.com,AhW7jav7ie,Guadalupe,Walton,3922 Elliott Street,Dover,NH,03820,MasterCard,5239001683105647,004,4/2015
Havy1959,JuniorHCarter@trashymail.com,uQu1Baip,Junior,Carter,859 Elk Avenue,Lansing,MI,48933,Visa,4539967439438773,161,1/2016
Forgest,ElizabethRGentry@mailinator.com,shaeseeK8oh,Elizabeth,Gentry,774 North Avenue,Hickman,NE,68372,Visa,4716464149733789,156,9/2014
Weepatien,EmmaBSlaughter@pookmail.com,QuooZ8cah,Emma,Slaughter,4993 Cantebury Drive,West Nyack,NY,10994,Visa,4716165061896179,888,3/2016
Jusbut1944,RickieRSchutt@pookmail.com,Lohn5she,Rickie,Schutt,441 Penn Street,Morrison,MO,65061,Visa,4716236613301800,730,10/2017
Soms1956,LarrySRobinson@trashymail.com,Ap2Bu8Coo,Larry,Robinson,1395 North Street,Mountain View,UT,82939,Visa,4556682758597749,695,5/2015
Yestrion,SamuelMSnyder@dodgit.com,Wohph0ooy,Samuel,Snyder,97 Roosevelt Street,San Francisco,CA,94112,Visa,4716381611786089,651,7/2013
Wastrid,JosephSHerrin@pookmail.com,Eikoo2phae,Joseph,Herrin,3914 Shingleton Road,Grand Rapids,MI,49503,MasterCard,5299847683540275,763,2/2017
Afterendis77,JohnPMeeks@spambob.com,duxan7ohW8,John,Meeks,2837 Timberbrook Lane,Gypsum,CO,81637,Visa,4485618754952294,506,2/2014
Youry1943,ViolaPClem@trashymail.com,Zoo7EeMi,Viola,Clem,3549 Conference Center Way,Bloomsburg,PA,17815,MasterCard,5543702202606541,102,5/2013
Lethent,MichelleJBramlett@pookmail.com,iebooc7Ah,Michelle,Bramlett,1018 Fraggle Drive,Chicago,IL,60606,MasterCard,5441358985303179,967,2/2014
Apperned1931,RuthKAnderson@spambob.com,iGhei3uu,Ruth,Anderson,1133 Hilltop Street,Colrain,MA,01340,MasterCard,5257231687839118,200,5/2015
Toret1959,LisaRKuhn@spambob.com,Piaghoh4ie,Lisa,Kuhn,2037 Lewis Street,Chicago,IL,60601,Visa,4929081395581515,609,11/2014
Stabothe,LeslieJMarcum@spambob.com,eGeil2woo,Leslie,Marcum,3422 Melville Street,Memphis,TN,38118,MasterCard,5285220232836170,173,7/2013
Willand,ArnitaJBelford@spambob.com,Poongav3g,Arnita,Belford,1101 Haymond Rocks Road,Eugene,OR,97401,Visa,4556470659504265,995,9/2016
Thicand,JaneSHernandez@spambob.com,AhW3vee5boo,Jane,Hernandez,3222 Lighthouse Drive,Branson,MO,65616,Visa,4485444551858117,356,2/2015
Yournized,ThomasMSottile@trashymail.com,vahV6Nievoh,Thomas,Sottile,574 Roane Avenue,Beltsville,MD,20705,MasterCard,5482331929569353,641,4/2015
Forgon,VictoriaJGomez@dodgit.com,Apo0fahS,Victoria,Gomez,1082 Linda Street,Newtown,PA,18940,MasterCard,5370374523827392,883,7/2017
Dever1980,RaymondESeager@mailinator.com,ao3ji7Oh,Raymond,Seager,66 Cabell Avenue,Dale City,VA,22193,MasterCard,5555212710572990,204,5/2015
Whearding,RickySHollar@trashymail.com,ShahT5pie0,Ricky,Hollar,3016 Pooz Street,Edison,NJ,08817,MasterCard,5419356782808281,891,4/2014
Norst1975,BrandyAGarnett@trashymail.com,quihaeRie4b,Brandy,Garnett,192 Par Drive,Santa Barbara,CA,93101,Visa,4716268403014640,580,1/2017
Therip1973,VictorSPerez@mailinator.com,Eib7ceeVai9,Victor,Perez,1112 Pineview Drive,Owatonna,MN,55060,Visa,4539831266748813,790,11/2015
Bodly1955,JimmieCWilson@mailinator.com,ceeCaeriem8,Jimmie,Wilson,354 Jacobs Street,Pittsburgh,PA,15206,Visa,4916180116179040,215,8/2015
Lanny1992,KevinMOrem@pookmail.com,woev8Chai,Kevin,Orem,1128 Oakmound Drive,Chicago,IL,60647,MasterCard,5464522142243915,900,8/2017
Buttenot,AnnaIFranklin@spambob.com,phith5Shahr,Anna,Franklin,1602 Garrett Street,Philadelphia,PA,19108,MasterCard,5403901890886766,885,8/2016
Qualmst,NancyLWilliams@dodgit.com,iam5Oaj8,Nancy,Williams,3852 Grim Avenue,San Diego,CA,92117,MasterCard,5296232351757266,307,12/2013
Dehe1937,DeanaDMills@spambob.com,lai4mooJ3,Deana,Mills,986 Cambridge Place,Elkton,MD,21921,Visa,4532080682617387,274,3/2015
Wasped,JuanaMLuton@dodgit.com,eiLah6nua6,Juana,Luton,1711 Settlers Lane,New York,NY,10016,Visa,4539665218543553,732,8/2015
Witheat1978,StanleyVGrant@trashymail.com,Ve6shoh2u,Stanley,Grant,1115 Pick Street,Denver,CO,80203,MasterCard,5102376242073765,541,12/2017
Annessare,NicolasDHerman@mailinator.com,Yi0paen3ush,Nicolas,Herman,4305 Austin Avenue,Lumber City,GA,31549,Visa,4485807586803847,283,1/2014
Thip1938,JaniceJGentry@pookmail.com,va1shoD1rie,Janice,Gentry,3422 C Street,Westborough,MA,01581,MasterCard,5409035864818762,367,1/2016
Youble,SarahJMott@mailinator.com,aeG5Queneyoh,Sarah,Mott,1862 Ash Street,Dallas,TX,75244,MasterCard,5260008878568127,530,8/2016
Difter,RichardEVelasco@pookmail.com,Co9yie1eeSh,Richard,Velasco,3296 Holt Street,Boca Raton,FL,33432,MasterCard,5339281022860735,259,9/2016
Dictephe,ThomasRRobbins@dodgit.com,ieyov3Nu,Thomas,Robbins,1255 Brown Avenue,Greenville,SC,29615,Visa,4556469360189689,789,4/2015
Feroffaces,GeorgeMGuarino@pookmail.com,vaiWahz2kae,George,Guarino,1411 Franklee Lane,Scranton,PA,18503,Visa,4716419861080736,573,5/2017
Fearch,JanieNLong@pookmail.com,Ohd9PheiJah,Janie,Long,962 Vernon Street,California,CA,02110,Visa,4532003988414648,685,10/2013
Cloons64,BruceNHooper@dodgit.com,ieG1fooy3,Bruce,Hooper,3634 Point Street,Chicago,IL,60647,MasterCard,5337183689512421,495,6/2017
Buslow,RobertCJones@spambob.com,Utooshu4,Robert,Jones,3453 Rosebud Avenue,Berryville,AR,72616,Visa,4532274610949240,178,3/2017
Chaver,AngeloBYother@spambob.com,aiph0Eev6Ae,Angelo,Yother,1094 Glen Falls Road,Philadelphia,PA,19108,Visa,4556369035344398,284,3/2017
Agettold,LamarAEmerson@mailinator.com,Shau7coh8P,Lamar,Emerson,2748 Augusta Park,Charleston,WV,25313,MasterCard,5227335059027215,161,5/2015
Licarry,CarolynHBayer@spambob.com,esooCei0ee,Carolyn,Bayer,3649 Hiney Road,Las Vegas,NV,89119,MasterCard,5206866949242601,348,12/2016
Moverve33,ShirleyBGuyton@pookmail.com,quaeVi0gee5,Shirley,Guyton,2672 Benedum Drive,Narrowsburg,NY,12764,Visa,4929406711636174,849,3/2017
Facen1948,MariaJWest@pookmail.com,TeThahg4aj,Maria,West,2495 Cedar Lane,Boston,MA,02115,Visa,4916476669370774,842,6/2014
Camonwarld,HeatherSKifer@mailinator.com,Quah1eij3ie,Heather,Kifer,4727 Lake Floyd Circle,Gaithersburg,MD,20877,Visa,4556960261460237,879,12/2015
Tardwilis,AdeleDParnell@spambob.com,fae4ieBo8,Adele,Parnell,309 Blair Court,New Hampton,MO,64471,Visa,4556031910255012,448,1/2013
Clearders,DouglasKDiaz@trashymail.com,aeL8giir,Douglas,Diaz,23 Quiet Valley Lane,Irvine,CA,92614,MasterCard,5184673909864945,644,12/2016
Kinked,JackieJCox@dodgit.com,eYiob3seo,Jackie,Cox,4757 Parkway Drive,Tucson,AZ,85712,MasterCard,5155348844103577,220,5/2016
Quaints,AndreaBSims@trashymail.com,fah8Ohs6Too,Andrea,Sims,1729 Bryan Street,Winston Salem,NC,27101,MasterCard,5475256693837257,453,1/2015
Youce1959,MichaelSHershman@pookmail.com,EoZeech0mee,Michael,Hershman,2048 Alpha Avenue,Negley,TX,75436,Visa,4916850914612794,723,2/2015
Whinly1939,AmyHMcGhee@trashymail.com,aebaeNgug9,Amy,McGhee,3050 Poco Mas Drive,Frisco,TX,75034,Visa,4716983787907363,243,8/2015
Hishmithad1961,RaymondCKaiser@spambob.com,Oon5Caesai,Raymond,Kaiser,2163 Crestview Terrace,Waelder,TX,78959,Visa,4539626015684842,281,12/2015
Thathater,JohnathonEVega@trashymail.com,Aenah8Paij,Johnathon,Vega,4607 Woodside Circle,Fort Walton Beach,FL,32547,MasterCard,5589683102653327,088,7/2014
Wifiest,KennethCKarsten@dodgit.com,zoh4foa2Uz2,Kenneth,Karsten,4397 Science Center Drive,Warren,ID,83638,Visa,4532927219399204,592,12/2016
Chapted,FredDGreen@mailinator.com,AeDaedee8N,Fred,Green,2987 Bassel Street,New Orleans,LA,70113,MasterCard,5480061211883350,599,11/2013
Leaved,RichardSTurner@spambob.com,La7oMeeQuie,Richard,Turner,2246 McDowell Street,Chapel Hill,TN,37034,Visa,4556966704250374,721,5/2017
Glin1976,GeraldinePGreen@spambob.com,iekae0Azu9,Geraldine,Green,1358 Bedford Street,Norwalk,CT,06851,Visa,4916606153396451,334,5/2014
Hishadinin,LeslieRBriseno@mailinator.com,eeL7Ji0aeth,Leslie,Briseno,4757 Edgewood Avenue,Fresno,CA,93721,MasterCard,5472319690251717,575,10/2016
Weetold,DamienMHenry@dodgit.com,Uph3fichie,Damien,Henry,638 C Street,Needham,MA,02192,Visa,4716526136883528,666,1/2017
Haverse,RosaMHunt@dodgit.com,shoKou9Egh,Rosa,Hunt,2363 Mcwhorter Road,Jackson,MS,39201,Visa,4929312827845057,748,5/2015
Wartn1967,RalphAWilkin@spambob.com,edigh9Ee,Ralph,Wilkin,4028 Carriage Lane,Bloomsburg,PA,17815,Visa,4916886080878629,857,12/2013
Wilegire1949,DianaAGuido@dodgit.com,Kooch1thoh6,Diana,Guido,3869 Reynolds Alley,Cypress,CA,90630,MasterCard,5240971983476715,511,4/2014
Damendn65,JamesDHibbitts@pookmail.com,Tai3Niu5,James,Hibbitts,534 Sherman Street,Hope,KS,67451,Visa,4539510442239489,137,3/2017
Mayind,MaryannBAtkin@mailinator.com,meeK9diikee,Maryann,Atkin,1967 Kuhl Avenue,Atlanta,GA,30328,Visa,4916286810452789,014,9/2016
Armingthare,LauraGCharette@trashymail.com,ierahb7Doh,Laura,Charette,35 Tennessee Avenue,Detroit,MI,48219,Visa,4532996165940337,488,10/2016
Itis1954,BenjaminNEdwards@dodgit.com,osh9iDeun,Benjamin,Edwards,4091 Butternut Lane,Godfrey,IL,62035,MasterCard,5124504514151282,648,5/2017
Sime1933,KellieGSantacruz@trashymail.com,Oo0Ahy2oov,Kellie,Santacruz,112 Highland Drive,Green Bay,WI,54303,Visa,4485838451091838,808,12/2013
Shesho,PaulKWilliams@trashymail.com,Goh8Ohkou,Paul,Williams,1175 Airplane Avenue,Stamford,CT,06902,Visa,4485769477716860,912,6/2016
Ouromighave,CandaceBJudd@trashymail.com,raaHee7or,Candace,Judd,1833 Mount Tabor,New York,NY,10007,Visa,4556541475904267,830,9/2015
Fout1978,BeverlyMGreen@spambob.com,Xeis7pohng,Beverly,Green,3842 Bungalow Road,Lincoln,NE,68501,MasterCard,5405535378300458,011,5/2013
Fraidgetefe,GloriaLGoode@pookmail.com,rooVeez4aesh,Gloria,Goode,2795 Oak Avenue,Rolling Meadows,IL,60008,Visa,4929538803510121,652,4/2013
Noremorkes,TimothyKCrowder@pookmail.com,Xon2cieB,Timothy,Crowder,1005 Cambridge Court,Fort Smith,AR,72901,Visa,4532181399265757,056,11/2015
Cates1972,DorisRPorter@trashymail.com,ShoM3leD2ee,Doris,Porter,2076 Everette Alley,Miramar,FL,33025,Visa,4532122239976161,893,6/2016
Himard,TomLEwen@spambob.com,phee1ooK,Tom,Ewen,3761 White Oak Drive,Kansas City,MO,64151,MasterCard,5372812676409045,317,10/2017
Sheand,MathewCTriplett@trashymail.com,gi9oop3Eich,Mathew,Triplett,1627 Doctors Drive,Gardena,CA,90247,MasterCard,5162534554742396,387,10/2014
Lontoll,MariaMCamp@mailinator.com,mohGh6Aesae,Maria,Camp,50 Nutter Street,Saint Joseph,MO,64501,Visa,4539446996835184,891,7/2015
Wital1940,JamesWJohnson@trashymail.com,ahwe3Waetoo,James,Johnson,1727 Wyatt Street,Orlando,FL,32801,MasterCard,5381813392893719,777,6/2016
Alfulthe,SadieJSamson@trashymail.com,oi5pho7EePh,Sadie,Samson,3872 Lunetta Street,Siesta Key,FL,34242,Visa,4539379395531197,966,3/2014
Himese45,RogerMGonzalez@pookmail.com,vi7cai6Du1,Roger,Gonzalez,1879 Joyce Street,Elizabeth City,NC,27909,Visa,4716863091518447,457,9/2014
Vold1953,JamesHSolano@dodgit.com,za8chohxaeK,James,Solano,722 Briercliff Road,New York,NY,10017,MasterCard,5371935516682827,623,10/2016
Waskintionly,ClaytonRMcCusker@spambob.com,cho7ia4eiSh,Clayton,McCusker,4735 Cottrill Lane,Stlouis,MO,63101,MasterCard,5575210246192008,568,10/2015
Daven1961,CharlesSStillman@spambob.com,queic6aiTai,Charles,Stillman,4727 West Side Avenue,Jersey City,NJ,07304,Visa,4916671910738726,391,4/2013
Hestake,WilliamTRoberts@mailinator.com,kaiCiaB0gei,William,Roberts,4878 Kelley Road,Biloxi,MS,39531,MasterCard,5146272889343132,651,7/2016
Wasen1960,BlancaHIglesias@dodgit.com,Oox6ee1chic,Blanca,Iglesias,1202 Sunrise Road,Las Vegas,NV,89119,MasterCard,5378984141670602,259,12/2016
Eventer,JohnEDavis@trashymail.com,gee1bei7Gie,John,Davis,2298 Ford Street,San Francisco,CA,94108,Visa,4929218434751002,542,5/2014
Andled,WilliamLSweeney@spambob.com,eduequee0Io5,William,Sweeney,3278 Boggess Street,Hillsboro,OH,45133,MasterCard,5501588655417241,049,10/2017
Famooselly,ElinorKShields@trashymail.com,Tee9duj8,Elinor,Shields,1916 Snyder Avenue,Charlotte,NC,28263,Visa,4539244795001631,809,4/2016
Gail1963,WilliamSSolberg@pookmail.com,rohNoh7qu,William,Solberg,1405 Limer Street,Athens,GA,30601,MasterCard,5319611953908752,324,1/2015
Boused,TheoAThompson@pookmail.com,ue4chuav6Ai,Theo,Thompson,545 Still Street,Norwalk,OH,44857,MasterCard,5597387365578359,642,4/2016
Somer1930,HarrietLFishburn@pookmail.com,itaekee1Ba5,Harriet,Fishburn,1110 Brannon Street,City Of Commerce,CA,90040,Visa,4556958697293669,912,8/2015
Thiptin,MartinACallahan@pookmail.com,ahPakahmie9,Martin,Callahan,3294 Jacobs Street,Gibsonia,PA,15044,MasterCard,5466985697214896,042,4/2017
Sonterver43,DominicAZimmerman@mailinator.com,eik1ceMi,Dominic,Zimmerman,4472 Snider Street,Limon,CO,80828,Visa,4556089173447858,396,7/2014
Youcent,EdwardJTravis@pookmail.com,wee2xeeGuiF,Edward,Travis,3739 Jehovah Drive,Fredericksburg,VA,22408,Visa,4916096145631266,594,9/2016
Sumbeyouned,JimNSayles@spambob.com,cohquie2Ee,Jim,Sayles,3428 Fort Street,Seattle,WA,98109,Visa,4556685998204232,147,2/2013
Fuld1933,MaxineZDriver@trashymail.com,uTai6ia4o,Maxine,Driver,4464 Bagwell Avenue,Ocala,FL,34471,MasterCard,5264610717858910,638,7/2017
Gally1983,SolWMorales@mailinator.com,Chee6wailah,Sol,Morales,2159 Comfort Court,Madison,WI,53711,Visa,4539210475608490,106,10/2016
Onlyzen,NinaLFlannery@trashymail.com,IeBe7phieb,Nina,Flannery,4555 Kennedy Court,Bedford,MA,01730,Visa,4716083402267242,811,8/2015
Spoes1975,LucilleFCampbell@pookmail.com,eepee0eSoo,Lucille,Campbell,1701 College Avenue,Dayton,OH,45402,Visa,4916723717499398,696,1/2017
Siould,LucasNHamilton@spambob.com,Hiefaib6ier,Lucas,Hamilton,2744 Better Street,Kansas City,KS,64106,Visa,4916024415411284,104,6/2014
Hinvallover,AlbertTAdams@pookmail.com,nu4vitiG5ie,Albert,Adams,4832 Masonic Drive,Missoula,MT,59802,Visa,4485576010914153,898,1/2015
Promild50,MadelynWBailey@trashymail.com,ahB8Yie0buf,Madelyn,Bailey,4257 Wescam Court,Reno,NV,89501,Visa,4539743077047428,762,6/2014
Lecests,TerrenceSLyons@trashymail.com,Een7aacheeS,Terrence,Lyons,4066 Davisson Street,Boswell,IN,47921,MasterCard,5267145376927737,179,6/2016
Proodents,RubyJMcElhaney@spambob.com,Li4eec8oo,Ruby,McElhaney,500 Twin House Lane,Neosho,MO,64850,Visa,4929208353093221,620,12/2014
Patia1930,RaulGHairston@dodgit.com,quutha0Ie,Raul,Hairston,4614 Hillcrest Lane,Santa Ana,CA,92704,Visa,4716268007764038,680,8/2015
Judden,SteveTArter@dodgit.com,daiKahwo8chei,Steve,Arter,3938 Petunia Way,Birmingham,AL,35203,Visa,4556582485640806,686,4/2016
Repar1943,JorgeBAndrews@mailinator.com,ohch4aeCh,Jorge,Andrews,1101 Stonepot Road,Newark,NJ,07105,MasterCard,5444612135058191,118,4/2016
Addeat,RobertMAddison@mailinator.com,dienuyae0Ee,Robert,Addison,3125 Hinkle Deegan Lake Road,Ithaca,NY,14850,Visa,4716960079815496,588,4/2016
Willoved,DavidMBaxter@spambob.com,miwae2AeDa,David,Baxter,1375 West Fork Street,Billings,MT,59101,Visa,4485701310782742,271,2/2013
Sentogivents,TheresaEMorrissey@pookmail.com,eeKu5ibae,Theresa,Morrissey,3101 Spadafore Drive,Titusville,PA,16354,Visa,4532393660783786,645,3/2016
Thatiow,AnnaEMiller@pookmail.com,iu6jaiJee,Anna,Miller,2972 Creekside Lane,Goleta,CA,93117,Visa,4485181438366910,865,5/2014
Wored1986,DonaldFWard@trashymail.com,haich6oX7wai,Donald,Ward,848 Smithfield Avenue,Coldwater,TX,79022,MasterCard,5449361155867132,176,7/2016
Thfuldra,JulieJHarms@dodgit.com,Mei7ooquai4,Julie,Harms,115 Bingamon Branch Road,Elk Grove Village,IL,60007,MasterCard,5533083111464898,010,5/2016
Astord1939,DouglasRAmato@trashymail.com,vahlooH7aiY,Douglas,Amato,1860 Wiseman Street,Knoxville,TN,37929,Visa,4929507918833140,225,3/2016
Hentle,BrendaPHernandez@mailinator.com,Cohree3qu,Brenda,Hernandez,1118 Robinson Court,Saginaw,MI,48607,Visa,4716068054213487,923,9/2014
Vinter,ThelmaLThomas@trashymail.com,tahLe6pheece,Thelma,Thomas,3918 Dancing Dove Lane,Garden City,NY,11530,MasterCard,5354909556671082,185,4/2016
Rathany,DavidJMay@trashymail.com,Kod7ae2aikie,David,May,2652 Colony Street,Wallingford,CT,06492,Visa,4929591857483596,679,6/2017
Thaske,RobertEHaynes@pookmail.com,Luar2oox,Robert,Haynes,345 Stoney Lane,Piscataway,NJ,08854,Visa,4716594992642537,952,11/2013
Reackagots,KyokoJCargill@dodgit.com,gioyah0EiS,Kyoko,Cargill,1457 Modoc Alley,Meridian,ID,83642,MasterCard,5573025612924103,006,10/2014
Nedich,CeciliaJYoung@mailinator.com,Iogheixoo4i,Cecilia,Young,382 Bottom Lane,Stedman,NY,14785,Visa,4916036901267681,068,5/2013
Walut1982,MaryJBoettcher@trashymail.com,Sha1shuy7ae,Mary,Boettcher,244 Hannah Street,Statesville,NC,28677,Visa,4716878858027218,346,3/2017
Usle1989,DebraTMcKnight@dodgit.com,thow1Nijaer,Debra,McKnight,138 Bond Street,North Kingstown,RI,02852,Visa,4556226956360854,233,6/2017
Witterlass,MillicentMHogan@mailinator.com,Ohy4eigh9jee,Millicent,Hogan,1805 Cost Avenue,Silver Spring,MD,20904,MasterCard,5478774350161925,623,7/2016
Vispeord,DianeMBurlison@mailinator.com,tahCai9cohxoh,Diane,Burlison,1323 Alexander Avenue,Fremont,CA,94539,Visa,4916812442826668,491,4/2015
Hayees1927,DanielPYoshioka@trashymail.com,pior4iu7IH,Daniel,Yoshioka,2810 Godfrey Street,Beaverton,OR,97005,MasterCard,5419146631331332,180,10/2017
Kire1986,MatthewKRepass@trashymail.com,Chuw7UoTh,Matthew,Repass,2473 Randall Drive,Kihei,HI,96753,Visa,4532045889634659,393,4/2015
Goned1958,GarthHMarshall@spambob.com,fi0Oquie3,Garth,Marshall,3577 Jett Lane,Pomona,CA,91766,MasterCard,5186723484237195,278,3/2014
Fornight,EdwardACamargo@mailinator.com,ao5IeSh5Isei,Edward,Camargo,891 Chandler Drive,Joplin,MO,64801,MasterCard,5521997412889046,236,8/2015
Adaines,ScottAMiller@trashymail.com,ceiB7soo,Scott,Miller,4985 Argonne Street,New Castle,DE,19720,MasterCard,5315262694151668,321,10/2016
Oppestands,JenniferFKeen@mailinator.com,Io0Yus2Sh,Jennifer,Keen,1986 Pyramid Valley Road,North Liberty,IA,52317,MasterCard,5165866939075879,051,12/2017
Adve1938,ArnoldRSouza@spambob.com,Thah9oquee,Arnold,Souza,1790 Massachusetts Avenue,Washington,DC,20005,Visa,4929675429937492,336,4/2015
Youblicut74,ChristineWJohnson@dodgit.com,Eeph9hu9u,Christine,Johnson,3172 Irish Lane,Cross Plains,WI,53528,MasterCard,5441849779588470,841,3/2014
Disted,WayneDGray@trashymail.com,uz2YeiRei0,Wayne,Gray,494 Timberbrook Lane,Denver,CO,80203,Visa,4916801896534423,777,11/2015
Dina1927,ThomasBDial@mailinator.com,baa7rooLo,Thomas,Dial,2302 Woodlawn Drive,New Berlin,WI,53151,Visa,4556592034376216,680,4/2016
Ansere,JeffreyTJeter@trashymail.com,Hu9thoo2,Jeffrey,Jeter,330 Whispering Pines Circle,Dallas,TX,75240,MasterCard,5514651976304780,131,1/2015
Milt1941,RonaldKCollier@spambob.com,AewoteJee4,Ronald,Collier,4801 West Fork Drive,Miramar,FL,33025,Visa,4929453198766736,273,10/2014
Libing,ShannonPBaylor@pookmail.com,ino0Iequie,Shannon,Baylor,3045 Doctors Drive,Santa Monica,CA,90401,MasterCard,5369307227605931,128,9/2017
Bagith,ScottICook@trashymail.com,Shee0poh,Scott,Cook,3567 Rebecca Street,Schaumburg,IL,60173,Visa,4916175378463694,961,8/2014
Gerse1966,JamesMRichards@trashymail.com,Vae5joo0,James,Richards,4081 Mudlick Road,Yakima,WA,98902,MasterCard,5534957181669164,952,2/2015
Dient1946,LarryBChamberland@trashymail.com,Wie8xaey,Larry,Chamberland,1628 Hiney Road,Hecla,ND,57446,MasterCard,5294447203149817,652,1/2017
Befurely,ChristopherDWhite@pookmail.com,ol6Zai9aj,Christopher,White,991 Tenmile Road,Cambridge,MA,02142,MasterCard,5556992870948069,521,6/2016
Egrapinglies,WilliamCGregson@dodgit.com,AeGookiet1,William,Gregson,925 Private Lane,Valdosta,GA,31601,Visa,4556119238683922,355,3/2015
Mayind,VictoriaPYow@trashymail.com,Shugaey3Iev,Victoria,Yow,4495 Pin Oak Drive,Clinton,IA,52732,MasterCard,5210486065663193,057,10/2014
Sust1976,JohnDSanchez@trashymail.com,aFe9thie,John,Sanchez,3885 Aaron Smith Drive,Harrisburg,PA,17101,Visa,4716434328735251,305,6/2015
Notly1986,MichaelMRogers@pookmail.com,Eo1Mootae,Michael,Rogers,166 Valley Lane,Austin,TX,78704,MasterCard,5554552448545490,773,12/2017
Duchou,KendallJAlexander@trashymail.com,thed5Li3shee,Kendall,Alexander,3705 Clair Street,Waco,TX,76706,Visa,4485153336151264,630,4/2017
Repin1987,HenryKSmoot@trashymail.com,oha2iy5Oh,Henry,Smoot,4581 Wilson Street,Victorville,CA,92392,MasterCard,5260362126145794,114,4/2014
Cance1931,TheodoreSPierce@dodgit.com,Rii7ahD2ooQu,Theodore,Pierce,4646 Parrill Court,Merrillville,IN,46410,MasterCard,5514027111656352,975,12/2015
Caltin,KarenJJackson@mailinator.com,Bou3ahM3hev,Karen,Jackson,533 Lonely Oak Drive,Mobile,AL,36602,Visa,4556176998930919,329,1/2014
Thembeen,CharlesECrouse@spambob.com,joh9jouCa9c,Charles,Crouse,1534 Whispering Pines Circle,Richardson,TX,75081,Visa,4716037150082484,555,10/2015
Benife,JohnCSimmerman@spambob.com,Zei0yienohth,John,Simmerman,2391 Newton Street,Silver Lake,MN,55369,MasterCard,5543861487640532,071,11/2014
Resses,FrankMWallis@mailinator.com,no7ou2Aa,Frank,Wallis,1379 Christie Way,Boston,MA,02110,Visa,4916510722861450,888,2/2013
Thateled,JustinTMonroe@pookmail.com,ohNg2oothie,Justin,Monroe,4052 Blane Street,Saint Louis,MO,63108,MasterCard,5261621226595086,852,5/2017
Hushan,LeviSTague@mailinator.com,vah4aCeiy3ai,Levi,Tague,213 Wayside Lane,Oakland,CA,94612,MasterCard,5113421783074132,684,1/2017
Chemb1957,GladysJWicker@dodgit.com,Ahpedowee6,Gladys,Wicker,1181 Devils Hill Road,Brookhaven,MS,39601,Visa,4532843519518015,268,1/2013
Agnection44,KevinCPoole@spambob.com,jaoJ3fii7oh,Kevin,Poole,889 Hudson Street,Secaucus,NJ,07094,Visa,4539211331064696,540,8/2016
Baccupon,DanielleAHernandez@spambob.com,qui9Ohth4zah,Danielle,Hernandez,3832 Kimberly Way,Grand Rapids,MI,49503,MasterCard,5393152219998666,001,7/2013
Therat1970,ConnieSMeyer@dodgit.com,saoNo0UeTe,Connie,Meyer,4182 Stiles Street,Pittsburgh,PA,15219,MasterCard,5213852377164112,679,2/2016
Sisturionse,PaulaCBrooks@spambob.com,thohj3iev1Ee,Paula,Brooks,2179 Stout Street,Harrisburg,PA,17111,MasterCard,5595076803167402,180,7/2014
Annectruld,NicholasEWilliams@trashymail.com,AhRep0aithie,Nicholas,Williams,195 Laurel Lee,Eagan,MN,55121,MasterCard,5193790694925852,065,7/2017
Oblen1979,KarlaJWall@spambob.com,aah7phei2Sh,Karla,Wall,4405 Southern Avenue,Yale,IA,50277,MasterCard,5504429982035389,542,2/2013
Opmenow79,PeggyJTierney@pookmail.com,eiMue5Iushu,Peggy,Tierney,1358 Pin Oak Drive,Kansas City,IA,64106,MasterCard,5584514629535587,339,6/2015
Oneven,RachelLAkers@pookmail.com,ees9AeGei,Rachel,Akers,1135 Norma Avenue,Conroe,TX,77301,Visa,4539543133876558,210,4/2017
Hineseepthis,HellenDBates@spambob.com,xeepu0Shae4,Hellen,Bates,2154 Pennsylvania Avenue,Cedar Knolls,NJ,07927,MasterCard,5467125012744504,495,11/2015
Fropered,MarkTBonner@dodgit.com,IeSobolis9,Mark,Bonner,1215 Patterson Street,Houston,TX,77002,Visa,4929142798221123,613,7/2015
Scove1983,ManuelCPruett@dodgit.com,aquieM8Pu4b,Manuel,Pruett,785 Feathers Hooves Drive,Bethpage,NY,11714,MasterCard,5271314513594990,545,4/2016
Antur1992,JenniferMTyler@mailinator.com,Laivah2kahb,Jennifer,Tyler,3344 Grant Street,Arp,TX,75750,MasterCard,5276526491205209,758,11/2015
Suirsoofter,RobinKGray@spambob.com,gie6ooreiK0,Robin,Gray,4334 Roguski Road,Monroe,LA,71201,MasterCard,5179899605424539,878,3/2017
Winfievanded88,FrankEDelarosa@pookmail.com,Aozeitoo3,Frank,Delarosa,3125 Ella Street,Mountain View,CA,94041,MasterCard,5399101242076069,139,4/2016
Unfinamess,JosephEMoore@pookmail.com,UoGhek8si9,Joseph,Moore,4849 Liberty Street,Dallas,TX,75247,Visa,4929107718556304,955,4/2013
Qualking1932,JohnnySEverett@trashymail.com,ohp3Oor4thoh,Johnny,Everett,1374 Reel Avenue,Tatum,NM,88267,Visa,4539709778769966,637,2/2016
Abournat93,VincentCGuzzi@spambob.com,Ohr0eenoh,Vincent,Guzzi,3927 Frum Street,Nashville,TN,37212,Visa,4485850819472238,237,5/2015
Ouned1937,MarieJVaught@mailinator.com,phae7Eph2ie,Marie,Vaught,1242 Poplar Chase Lane,Emmett,ID,83617,MasterCard,5553990845284191,736,3/2016
Witilly,DonaldBSmith@trashymail.com,aethuoZai7n,Donald,Smith,2711 Platinum Drive,Belle Vernon,PA,15012,Visa,4532395407693947,782,4/2014
Tholonever,JoshuaAHancock@spambob.com,oengaC4eeth,Joshua,Hancock,3818 Bagwell Avenue,Ocala,FL,34471,MasterCard,5344396401340589,131,11/2017
Antly1956,StevenVPipkin@trashymail.com,ahgaa6Iot,Steven,Pipkin,2857 Hemlock Lane,Mcallen,TX,78501,Visa,4485879829896714,218,8/2017
Hareposto,DavidAHatcher@pookmail.com,iecu8taaSh,David,Hatcher,4783 Ethels Lane,Lakeland,FL,33813,MasterCard,5263793450637104,770,8/2015
Dereter,FredJMcMichael@trashymail.com,Naiy4ree0,Fred,McMichael,3929 Worley Avenue,Glen Allen,VA,23060,Visa,4556587271764504,514,10/2016
Parowde,MarciaTTaylor@dodgit.com,pahPiqu8eir,Marcia,Taylor,202 Black Stallion Road,Fort Thomas,KY,41075,Visa,4556599513614553,904,5/2015
Wentome,SharonDGarcia@spambob.com,Losiz1Osh,Sharon,Garcia,2782 Creekside Lane,Ventura,CA,93001,MasterCard,5279083919464254,854,3/2016
Procke,EmanuelPProm@spambob.com,Ooquie5Fi,Emanuel,Prom,4563 Pine Street,Pittsburgh,PA,15219,MasterCard,5182711375520906,379,2/2016
Nonon1957,RobertCGilkey@pookmail.com,iXais7Eih5J,Robert,Gilkey,124 Hillcrest Lane,Anaheim,CA,92801,MasterCard,5282374784606722,797,4/2017
Sainglow,BettyKDavidson@trashymail.com,Xa8Eu8ugheK7,Betty,Davidson,2131 Deer Ridge Drive,Newark,NJ,07102,Visa,4485898847137398,338,5/2015
Giviss,CleoLWilliams@spambob.com,xoorieF8Ch,Cleo,Williams,4772 Stratford Drive,Waipahu,HI,96797,Visa,4532469924775147,337,11/2014
Hishred,FreidaDWilson@pookmail.com,phee8aiM,Freida,Wilson,1573 Ingram Street,Rushsylvania,OH,43347,Visa,4539327905173968,188,10/2015
Fixied,StacyKStjean@spambob.com,nee2Ya9ee,Stacy,Stjean,4136 Gateway Road,Portland,OR,97230,MasterCard,5153883949171204,482,11/2016
Theyeacest,MaeWBurgan@dodgit.com,oPheizaem4n,Mae,Burgan,4984 Bottom Lane,Buffalo,NY,14202,Visa,4916825958542610,691,4/2017
Wassibly1985,RuthSWashington@pookmail.com,eeBae8wooXoh,Ruth,Washington,3046 Meadowbrook Mall Road,Irvine,CA,92614,Visa,4539363313912119,018,2/2013
Cattell,MargaretJMeunier@spambob.com,Thodo1tum,Margaret,Meunier,846 Bailey Drive,Dodgeville,IA,52650,Visa,4532389681195737,973,3/2014
Marder,PaulMClark@spambob.com,EeweiH8j,Paul,Clark,4868 Hillcrest Circle,Crystal,MN,55429,MasterCard,5391214199162796,746,4/2014
Upose1968,AmandaKLarkins@spambob.com,iev0Kaepa3z,Amanda,Larkins,3149 Scott Street,Maybrook,NY,12543,MasterCard,5418489854514395,433,6/2013
Thicks,ClarenceNFowler@dodgit.com,Deilaed2sh,Clarence,Fowler,3305 Eagle Lane,Grand Forks,MN,58203,Visa,4929987363253533,375,3/2013
Thopulares,RexSHatfield@dodgit.com,siw9QueiCoh,Rex,Hatfield,4943 Sumner Street,Riverside,CA,92507,Visa,4539092089999196,610,2/2017
Pabeggetur,AmandaVHolley@pookmail.com,acao6phieG9e,Amanda,Holley,4957 Trails End Road,Jupiter,FL,33478,Visa,4929773287868972,200,11/2017
Thusecomang,DouglasSPeterson@pookmail.com,feighoo8Oe,Douglas,Peterson,2140 Lightning Point Drive,Arlington,TN,38002,Visa,4539369379067151,920,9/2016
Bannionest,RonaldKPaulson@trashymail.com,ca7ENgoor3c,Ronald,Paulson,2664 Still Pastures Drive,Oakland,SC,29150,MasterCard,5437369763224525,464,9/2016
Prin1977,FrancisGWachter@spambob.com,diedeiH1m,Francis,Wachter,4636 Worley Avenue,Altavista,VA,24517,MasterCard,5514181716917204,043,1/2013
Labould,AdamAIsley@dodgit.com,koo3aleePaiB,Adam,Isley,926 Birch Street,Indianapolis,IN,46203,MasterCard,5206277760948435,823,5/2016
Heary1956,JoanSMcAdams@spambob.com,ahnae4Xoo,Joan,McAdams,249 Anthony Avenue,Abilene,TX,79602,MasterCard,5304161542405958,421,9/2015
Oursithe1976,CharlesKBunn@dodgit.com,EJoh5Aedei4,Charles,Bunn,4064 University Hill Road,Springfield,IL,62703,MasterCard,5335268056995283,194,4/2014
Troarat,NancyPBarlow@mailinator.com,la3xee4Ieph,Nancy,Barlow,4066 Traders Alley,Clarksdale,MO,64430,Visa,4556421945443057,243,11/2013
Privall,MaJStlouis@dodgit.com,gie2Iesae,Ma,Stlouis,1560 Wildwood Street,Doylestown,OH,44230,Visa,4556390623480964,804,6/2015
Therrown,SylviaDSmith@trashymail.com,iV5xeiv2O,Sylvia,Smith,4542 Denver Avenue,Moreno Valley,CA,92553,MasterCard,5492775933870389,987,12/2013
Whisip,AnnetteAMoreno@mailinator.com,ooK6ohsuf,Annette,Moreno,1431 Burwell Heights Road,Nederland,TX,77627,Visa,4556319096442276,318,9/2013
Glearand,MavisHVelasquez@mailinator.com,thuph7EeBoG,Mavis,Velasquez,705 Deer Ridge Drive,Livingston,NJ,07039,Visa,4532882413855891,693,2/2014
Younly,JamesGFountain@trashymail.com,aeth5hoobeC,James,Fountain,3891 Boggess Street,Dayton,OH,45402,MasterCard,5545594777889448,563,3/2017
Worach57,DonnaPSherwood@pookmail.com,AeZeotho4pai,Donna,Sherwood,3171 Clair Street,Cameron,TX,76520,MasterCard,5129767751733253,405,1/2014
Baboarelike,PaulYRoot@dodgit.com,Eech6aeM1uch,Paul,Root,4888 Oakwood Circle,Rancho Santa Margarita,CA,92688,MasterCard,5477754510977155,787,7/2014
Radept,AdrianJHubbard@pookmail.com,quei8eiNgao,Adrian,Hubbard,4636 Hill Croft Farm Road,Sacramento,CA,95814,MasterCard,5567860475206737,339,11/2017
Spaince,KelseyHJohnson@trashymail.com,Vei1Muya6oo,Kelsey,Johnson,1851 Alfred Drive,Brooklyn,NY,11219,Visa,4485264084709771,859,5/2013
Coth1977,RandallPGuillot@pookmail.com,Fie4do2eng,Randall,Guillot,2712 Ashton Lane,Austin,TX,78759,MasterCard,5299364892059634,399,10/2014
Butioncerhat,LarryJFlinchum@spambob.com,Wie2aegh6ei,Larry,Flinchum,1772 Bassell Avenue,Hot Springs,AR,71901,MasterCard,5396828769804282,921,7/2014
Rouregre,SuzanneRWard@trashymail.com,eer3AhyeiY,Suzanne,Ward,3921 Patton Lane,Raleigh,NC,27603,Visa,4716045436183992,376,10/2017
Sairch,EdnaJNieto@mailinator.com,Eigh6Iugoop,Edna,Nieto,1668 Edsel Road,San Fernando,CA,91340,MasterCard,5191286343914027,827,3/2014
Haptiotnohns61,MichaelWNeubauer@trashymail.com,BaNga4pasi4,Michael,Neubauer,4408 Centennial Farm Road,Sioux City,IA,51101,Visa,4539367098908325,541,11/2013
Yeassuileat,RichardKFields@pookmail.com,AJiquo9k,Richard,Fields,854 Berry Street,Colorado Springs,CO,80920,MasterCard,5170678188487751,077,7/2013
Wujustrair,SommerSFine@mailinator.com,aifaeY4OoDu,Sommer,Fine,3733 Little Acres Lane,Mattoon,IL,61938,Visa,4539912861171989,870,12/2016
Fighou,LoisFOlson@dodgit.com,ye7Ooquum6,Lois,Olson,2701 Melm Street,North Providence,RI,02911,MasterCard,5462413799833384,833,5/2016
Brose1946,RaymondRGarcia@spambob.com,voh6neeGh,Raymond,Garcia,4024 Hanifan Lane,Duluth,GA,30097,Visa,4539338826413235,206,5/2013
Yetlenownew,TyroneMKirby@mailinator.com,oof9shaiTh,Tyrone,Kirby,29 Thompson Street,Los Angeles,CA,90017,Visa,4716813680129999,015,11/2014
Theallove,JamieSSmith@dodgit.com,Feif8ahc9Uch,Jamie,Smith,3485 Elk City Road,Shreveport,LA,71101,Visa,4556671363522119,607,7/2016
Genesplevess,JodiMGanley@mailinator.com,ahCh7Gaht1,Jodi,Ganley,3264 Mayo Street,Winchester,KY,40391,MasterCard,5222827562419173,355,6/2015
Heaked,GeorgeEKing@mailinator.com,aiG1Jeech,George,King,3683 Beechwood Drive,Glen Burnie,MD,21061,MasterCard,5453187883663524,824,11/2016
Thoon1968,EllisAHitchcock@mailinator.com,caiB6aew,Ellis,Hitchcock,2127 Cost Avenue,Allentown,MD,20222,MasterCard,5366131308127851,685,7/2015
Deforgand,EliasJHartzell@trashymail.com,gaNg6eph,Elias,Hartzell,4361 Hornor Avenue,Claremore,OK,74017,Visa,4929306300967693,260,3/2017
Bral1950,RessieBNiles@pookmail.com,tiech5Bae9,Ressie,Niles,4179 Skips Lane,Camp Verde,AZ,86322,MasterCard,5535692793927234,300,2/2013
Tagathe,VictoriaRDominguez@trashymail.com,yei0aeQu7,Victoria,Dominguez,4625 Thompson Street,Irvine,CA,92614,Visa,4716682184048744,284,8/2013
Embefors,EfrainMHankins@mailinator.com,Ceik8coKu7th,Efrain,Hankins,1540 Edsel Road,Burbank,CA,91502,MasterCard,5531754054764922,672,1/2017
Eaveng,ArlenePWooley@dodgit.com,toh7eequ3Oh,Arlene,Wooley,1470 Bedford Street,Stamford,CT,06901,MasterCard,5502716430924632,701,10/2016
Juste1991,KimHSchneider@dodgit.com,Ish2jaigh2s,Kim,Schneider,74 Willow Oaks Lane,Lafayette,LA,70501,Visa,4556504551879928,240,10/2016
Forrincell,AnnaBCarter@pookmail.com,FiS1ohcee,Anna,Carter,3243 Collins Street,Elkland,PA,16920,MasterCard,5172596948323520,768,6/2013
Walbra,MyronBEaker@trashymail.com,mooxiefei4Ai,Myron,Eaker,2498 Aaron Smith Drive,York,PA,17403,Visa,4716945773991768,467,6/2017
Warts1990,MaryJStoneman@dodgit.com,re1Quahdie,Mary,Stoneman,3803 Holly Street,Charlotte,NC,28262,Visa,4485765626264422,395,3/2013
Fulaid,EdwardSKennedy@dodgit.com,eiPooZ3Up,Edward,Kennedy,2094 Bottom Lane,Clarence Center,NY,14032,MasterCard,5208496050806149,349,2/2015
Nowerever1936,JenniferTRivas@spambob.com,eileebie9Oo,Jennifer,Rivas,2613 Columbia Road,Wilmington,DE,19801,MasterCard,5346844384502574,371,9/2013
Fadonsuded,NathanielSPowell@mailinator.com,uiw5Yai9,Nathaniel,Powell,2157 West Virginia Avenue,Tribes Hill,NY,12177,Visa,4532124496267755,843,10/2015
Dentaire87,MarkJSilva@dodgit.com,aJei1FeiQu,Mark,Silva,281 Horizon Circle,Tacoma,WA,98408,Visa,4485216308657061,050,11/2015
Upotter,TimothyASmith@dodgit.com,ohf7phe9Sh,Timothy,Smith,322 Walton Street,Provo,UT,84606,MasterCard,5104358010150130,196,3/2014
Wint1976,MelissaKReyes@pookmail.com,Ai5Upengoh,Melissa,Reyes,1618 Center Street,Jersey City,NJ,07304,MasterCard,5372945259491798,623,11/2017
Mempity67,MichaelVMontgomery@dodgit.com,Iv0quiweimah,Michael,Montgomery,3845 Fleming Way,Bethia,VA,23113,Visa,4532384798831720,103,10/2013
Ouncoung,FreddieBLorenz@spambob.com,gahhee1OoSh,Freddie,Lorenz,982 Hog Camp Road,Bellwood,IL,60104,MasterCard,5597015959988920,708,10/2017
Nowee1980,LawrenceVHansen@mailinator.com,Zei3poesh,Lawrence,Hansen,2782 Jefferson Street,Accomack,VA,23510,MasterCard,5117588582822527,426,11/2017
Onexped,AnnetteTGriggs@pookmail.com,Yog4Aiz8roo,Annette,Griggs,3820 Harrison Street,San Francisco,CA,94122,Visa,4539937902923874,114,1/2015
Feuppied1982,ChristinaMYoung@pookmail.com,Aesh7eedied,Christina,Young,4539 Duff Avenue,South Burlington,VT,05403,MasterCard,5291396711141472,503,6/2016
Equirt,EdithDHenderson@mailinator.com,Jaiquo5oo,Edith,Henderson,2505 Coburn Hollow Road,Peoria,IL,61615,Visa,4532695164790996,046,8/2017
Abut1978,JoeJMoore@mailinator.com,ahYa7ahr,Joe,Moore,1785 Barrington Court,Little Rock,AR,72201,Visa,4929074352791532,164,10/2015
Brumore33,CarolBRhoads@spambob.com,ca4uNgohrah,Carol,Rhoads,4348 Wright Court,Birmingham,AL,35244,Visa,4916762048948806,737,9/2015
Grahme,RogerPRowland@dodgit.com,rahzie9ooTh,Roger,Rowland,4015 Deer Haven Drive,Greenville,SC,29601,Visa,4716601589562190,745,6/2016
Efuldrew,MelissaTEvans@spambob.com,Aegheihoh4o,Melissa,Evans,4671 Oak Lane,Davis City,MO,50065,Visa,4532692995764811,029,3/2016
Exture,RonnieMSiegel@trashymail.com,ahgooY5op7eif,Ronnie,Siegel,2541 Roy Alley,Denver,CO,80202,MasterCard,5281725814969151,954,4/2013
Havine64,LillianMPotter@trashymail.com,Echee2ah,Lillian,Potter,4523 Buckhannan Avenue,Liverpool,NY,13088,MasterCard,5233161322181882,279,10/2016
Oned1989,ThomasALucas@trashymail.com,ahsieh4Mai,Thomas,Lucas,4645 Collins Street,State College,PA,16801,Visa,4539329934772976,938,2/2016
Ancentim,MariaJBolton@spambob.com,aab7faJ7,Maria,Bolton,4255 Alexander Drive,Farmers Branch,TX,75244,Visa,4532833049884060,585,4/2017
Saistopen,BlancheWMcNeil@mailinator.com,choowei9Dohl8,Blanche,McNeil,1574 James Avenue,Syracuse,NY,13202,MasterCard,5558552347260577,861,11/2013
Arse1981,FrankCBolick@spambob.com,OoGh9cei8l,Frank,Bolick,4923 Chenoweth Drive,Granville,TN,38564,Visa,4716539537639183,330,5/2017
Himend,EarlDLamoureux@pookmail.com,ieTh9deiz7od,Earl,Lamoureux,2563 Long Street,Gainesville,FL,32653,Visa,4929331418605142,620,9/2013
Chrea1974,GlenJMcConville@trashymail.com,AFai4ovu,Glen,McConville,2836 Prospect Valley Road,West Los Angeles,CA,90025,Visa,4485937058785550,542,10/2014
Babodisce,RobertMMcCubbin@dodgit.com,bo6Lai4aeng,Robert,McCubbin,4578 Gordon Street,Ontario,CA,91762,MasterCard,5371459844215572,237,3/2016
Buthimild,AndrewMScaggs@mailinator.com,Nae5Ohph,Andrew,Scaggs,1596 Edsel Road,La Canada,CA,91011,Visa,4539500360900865,332,6/2017
Thentor,ThomasACaldwell@trashymail.com,eitheiH1Mae,Thomas,Caldwell,1004 Tennessee Avenue,Westland,MI,48185,MasterCard,5256592993690029,227,8/2013
Nockill,WeldonPBurroughs@mailinator.com,bu2eeZ0i,Weldon,Burroughs,1313 Ralph Drive,North Royalton,OH,44133,Visa,4916623667280733,850,6/2016
Exaled1933,VickiLBrown@dodgit.com,phah9wei1Em,Vicki,Brown,4573 Clement Street,Atlanta,GA,30303,MasterCard,5500601430513316,511,11/2014
Ster1988,WilliamBSmith@pookmail.com,cooX2jey,William,Smith,1636 Lewis Street,Chicago,IL,60631,Visa,4716187831481694,899,9/2015
Scome1951,MaryLAbbott@spambob.com,cheuN6ieSh6,Mary,Abbott,3628 Barfield Lane,Indianapolis,IN,46250,MasterCard,5333264904325080,849,4/2013
Waskind,PeterSBennett@spambob.com,lahC1loonie,Peter,Bennett,3971 Melrose Street,Millwood,WA,99212,MasterCard,5275021788859042,526,3/2016
Selmerry,ChristopherKLemos@dodgit.com,oophaeChee5,Christopher,Lemos,2210 Wayside Lane,San Francisco,CA,94108,MasterCard,5273916360559799,023,1/2014
Butes1958,HazelLParker@dodgit.com,ieSee1zae5,Hazel,Parker,4329 Blane Street,Hazelwood,MO,63042,Visa,4556859666134084,257,11/2016
Sebtat,RussellCCowan@spambob.com,riiphe5Noo,Russell,Cowan,1739 Goff Avenue,Plainwell,MI,49080,Visa,4556344419905346,896,2/2013
Ancell,GeraldineDRidley@dodgit.com,lea8IZa9iu,Geraldine,Ridley,2912 Douglas Dairy Road,Ceres,VA,24315,Visa,4539835565834455,011,10/2015
Whaper,JarvisEDecamp@spambob.com,Yeo9aiph2ei,Jarvis,Decamp,2536 Pretty View Lane,Oakland,CA,94612,MasterCard,5211554603326158,100,1/2014
Theive,AnnieLShadle@pookmail.com,On9gohes,Annie,Shadle,357 Lewis Street,Roselle,IL,60172,Visa,4539721211413144,782,5/2016
Sugg1949,JosephAColeman@pookmail.com,eewai5cho3Ei,Joseph,Coleman,1360 Brown Street,Phoenix,AZ,85034,MasterCard,5521301748739001,464,12/2013
Whisn1943,MarcellaDBrace@dodgit.com,aeChaib4,Marcella,Brace,2938 Delaware Avenue,San Francisco,CA,94107,MasterCard,5346136604190888,234,10/2016
Cales1983,JacobMClay@dodgit.com,oozei4Coh,Jacob,Clay,2205 Owagner Lane,Tukwila,WA,98168,MasterCard,5246690629094799,612,8/2014
Tweranneirs,LeonMZinn@trashymail.com,Ohhea4ah,Leon,Zinn,4609 River Road,Air Force Academy,CO,80840,Visa,4716213837914239,283,9/2017
Beciond1983,GaryNBodie@spambob.com,baec7aijooYae,Gary,Bodie,2504 McDonald Avenue,Kissimmee,FL,34741,MasterCard,5521127685722332,765,9/2015
Weact1952,AntonioCWalter@pookmail.com,GaeTeek8iC,Antonio,Walter,3044 Hiddenview Drive,Philadelphia,PA,19103,Visa,4929557285636469,834,10/2013
Tumpal,LawrenceECarlson@spambob.com,iengai4uGh,Lawrence,Carlson,683 Saint Francis Way,Wind Lake,WI,53185,Visa,4532636286319645,697,4/2015
Themandiones1934,CarolynDLlanas@pookmail.com,UjeeT9aa6,Carolyn,Llanas,1801 Pickens Way,Athens,TX,75751,MasterCard,5467950826566235,125,11/2016
Thaddens,JulieSRector@pookmail.com,Ec0eiY9quae,Julie,Rector,3735 Hillside Drive,Bedford,MA,01730,Visa,4716885559245692,395,5/2013
Dayin1973,RichardBLisenby@dodgit.com,chi7aiTho,Richard,Lisenby,4646 Bel Meadow Drive,San Dimas,CA,91773,Visa,4916665197537553,265,11/2015
Deord1946,SilvanaRSantos@trashymail.com,ci5ouPhe,Silvana,Santos,3620 Roosevelt Wilson Lane,Fullerton,CA,93632,Visa,4532345329884728,380,5/2013
Boartmed,GloriaJMoore@dodgit.com,Jeec8mee0,Gloria,Moore,163 Browning Lane,Corning,NY,14830,Visa,4929825247155880,344,4/2017
Witicher1983,LeoneLMaurice@pookmail.com,Euj5aiY5eixu,Leone,Maurice,3756 Snowbird Lane,Omaha,NE,68102,Visa,4539040737289676,663,2/2015
Reupok,JoanCGeller@dodgit.com,aK2uchoh,Joan,Geller,785 Tenmile,Newport News,VA,23607,MasterCard,5233454755396642,689,9/2015
Everthen83,MiaCBlanchard@pookmail.com,eJu3ku8J,Mia,Blanchard,4754 White Pine Lane,Burnt Chimney,VA,24184,MasterCard,5360367878974738,306,11/2017
Aboth1992,VincentRBonney@trashymail.com,aiz2ahGh,Vincent,Bonney,1214 Vernon Street,Palm Springs,CA,92262,Visa,4929013603119119,376,12/2017
Sheaverve,ElizabethFCates@pookmail.com,Ahf2reevoo,Elizabeth,Cates,135 Freedom Lane,Stockton,CA,95202,Visa,4539085036028192,503,5/2017
Ablent,MargaretSBerry@mailinator.com,fova8gaeQu,Margaret,Berry,3696 Valley Street,Riverside Burlington,NJ,08075,Visa,4716214421078696,110,11/2013
Tookents,SonyaRBrand@spambob.com,OhhahPh9gu,Sonya,Brand,2552 Daylene Drive,Farmington Hills,MI,48335,Visa,4485485012717129,732,1/2016
Monts1950,ElizabethDUnger@trashymail.com,ohGu9imoo,Elizabeth,Unger,972 Trouser Leg Road,Milwaukee,WI,53202,MasterCard,5365339534040704,641,10/2016
Clot1935,VernonJBrown@pookmail.com,goo6ahH4ai,Vernon,Brown,2790 Alpaca Way,Los Angeles,CA,90017,Visa,4916903671342582,325,4/2016
Beet1981,BryanBSalgado@pookmail.com,Sheefi0u,Bryan,Salgado,3555 Cody Ridge Road,Altus,OK,73521,Visa,4929737639206249,473,10/2015
Justral1985,WilliamJBurnside@mailinator.com,Oothaeh6vu,William,Burnside,2061 Heavner Avenue,Smyrna,GA,30080,MasterCard,5114110339364308,435,3/2014
Seleady,HelenKHermann@dodgit.com,Ohb7lav7Ugh,Helen,Hermann,2784 Twin House Lane,Marshfield,MO,65706,Visa,4485182489140501,335,2/2014
Hishich86,DonaldACox@spambob.com,iev8jaiPh,Donald,Cox,2080 Wescam Court,Reno,NV,89501,MasterCard,5449227601360636,710,1/2014
Necanat,MohammedEMcCarthy@trashymail.com,ree3EiChie,Mohammed,McCarthy,1370 Winifred Way,Frankfort,IN,46041,Visa,4716584576256721,556,9/2016
Fivereclums,JerryJHarper@spambob.com,Quae5AiNieta,Jerry,Harper,2455 Kenwood Place,Pompano Beach,FL,33064,Visa,4532917507786014,024,5/2013
Orden1988,SherriJBond@dodgit.com,Thaayooj0,Sherri,Bond,2611 Lynch Street,Milwaukee,WI,53210,MasterCard,5521834548183392,246,3/2015
Cersecove,TommieCLewis@mailinator.com,dee7huPoh1,Tommie,Lewis,2574 Kildeer Drive,Plantation,FL,33324,Visa,4532875261726693,748,8/2016
Safectsely,StevenLClay@spambob.com,Aepho7eeTh,Steven,Clay,3607 Monroe Street,Houston,TX,77002,MasterCard,5498005074566396,456,6/2014
Fradenurry,JaredEGray@mailinator.com,noec7Oarie,Jared,Gray,3155 Barnes Avenue,Cincinnati,OH,45240,MasterCard,5507968431156541,349,1/2013
Stinst,JasonMMarone@mailinator.com,ri9Aeb5ei,Jason,Marone,4423 Pooh Bear Lane,Greenville,SC,29601,Visa,4485905043953286,542,4/2013
Mothim78,LoniJRexford@spambob.com,yei3ou2Sh,Loni,Rexford,3159 Scenic Way,Seymour,IL,61875,Visa,4556320547171522,879,11/2015
Woulter,AlanRMoody@pookmail.com,le7Ahpier,Alan,Moody,297 Butternut Lane,Carbondale,IL,62901,MasterCard,5270403185066980,888,5/2013
Porser86,AngieFMoline@spambob.com,eiy9eiLohh,Angie,Moline,2264 Worley Avenue,Lynchburg,VA,24504,Visa,4532904835055429,766,2/2013
Thenthe83,MaryPCroft@mailinator.com,bie6ooYo,Mary,Croft,145 Oakdale Avenue,Arcadia,FL,33821,MasterCard,5497974100698435,941,10/2015
Fortantimme68,ChristopherAKutz@trashymail.com,Fuch2av9thu,Christopher,Kutz,3404 Sycamore Street,San Jose,CA,95113,Visa,4916884390934547,118,10/2013
Raine1974,JaredECheeseman@trashymail.com,sahB1keihoh,Jared,Cheeseman,2075 Shady Pines Drive,Radcliff,KY,40160,Visa,4556808106556489,446,10/2013
Irint1955,GeorgeFMcVeigh@pookmail.com,Iey8Eidu6Tah,George,McVeigh,2081 Benson Street,Lake Tomahawk,WI,54539,MasterCard,5218739303343594,876,1/2013
Wanion,VickyLNelson@pookmail.com,doemuNaet0z,Vicky,Nelson,650 Forest Drive,Reston,VA,22070,Visa,4532537155607328,036,11/2017
Carmand1971,TroyERobinson@mailinator.com,Veisooy6iex,Troy,Robinson,1514 Grim Avenue,San Diego,CA,92121,MasterCard,5588991133947514,841,8/2014
Badmight,RitaJGriffin@trashymail.com,Gai3ieseiL,Rita,Griffin,608 Summit Street,Davenport,IA,52806,MasterCard,5152492145326488,607,5/2016
Rintuffight,JohnSHankins@mailinator.com,Hahhae0ie,John,Hankins,2564 Pinchelone Street,Surry,VA,23883,Visa,4916756068898941,145,7/2016
Bants1941,RandallJTijerina@mailinator.com,Uiziqu3awi,Randall,Tijerina,1569 Woodstock Drive,Los Angeles,CA,90017,Visa,4485467392334600,672,11/2016
Grandise,EdithBGarcia@mailinator.com,ooxaiCah8oh,Edith,Garcia,4066 Little Street,Akron,OH,44307,Visa,4532180768994856,878,5/2013
Chousion,YenHMartin@pookmail.com,aewui6uX7lei,Yen,Martin,257 Rocket Drive,Minneapolis,MN,55409,Visa,4485612843253970,375,9/2014
Wastain1947,TimothyPWestlake@trashymail.com,jaekaebe9Oox,Timothy,Westlake,3375 Parkway Drive,Nogales,AZ,85621,Visa,4929605298093572,103,9/2014
Soce1941,DwightMWilliams@pookmail.com,ooZaiH4sai7,Dwight,Williams,189 Brownton Road,Jackson,MS,39211,MasterCard,5300326070009175,184,1/2016
Andand,KathyRHavens@trashymail.com,eiHoo8eiphah,Kathy,Havens,99 Parkway Street,Palm Springs,CA,92262,MasterCard,5488776484695296,601,2/2014
Stals1947,BettyMRich@trashymail.com,ueRaechota2,Betty,Rich,3378 Massachusetts Avenue,Washington,DC,20024,MasterCard,5160987601667358,386,11/2014
Witund,DerekMMiller@dodgit.com,ulee0iT8,Derek,Miller,2377 Poplar Chase Lane,Raft River,ID,83311,MasterCard,5433582341887977,823,9/2017
Withatte,SylviaSEdwards@spambob.com,eey9eiTie,Sylvia,Edwards,4816 Brighton Circle Road,Lake Lillian,MN,56253,Visa,4539745505987232,517,4/2016
Conat1974,ThomasCMartinez@dodgit.com,Aighie7u,Thomas,Martinez,1220 Travis Street,Riviera Beach,FL,33407,MasterCard,5269901563787518,854,5/2014
Grencir,AliceJJackson@mailinator.com,Boa0ooxeph,Alice,Jackson,962 Felosa Drive,Los Angeles,CA,90017,Visa,4929873994723294,206,12/2015
Himince,JeremyAVanallen@trashymail.com,ea6aiGeeng,Jeremy,Vanallen,2630 Flint Street,Atlanta,GA,30303,Visa,4716891691516792,104,9/2014
Nord1982,HiltonCGibbs@spambob.com,aiNai2up3ah,Hilton,Gibbs,597 New York Avenue,Pomona,CA,91766,Visa,4916432142960467,176,5/2013
Haideatel,RobertMJohnson@spambob.com,De5heXaeko,Robert,Johnson,420 Cliffside Drive,Wayne,NY,14893,Visa,4532323278362335,314,9/2016
Eirchey,MelissaRAndrews@pookmail.com,iePha1thigh,Melissa,Andrews,113 Clifford Street,Oakland,CA,94612,MasterCard,5385014596896907,181,12/2015
Uposs1990,EmanuelMRichard@spambob.com,fei4PheeS,Emanuel,Richard,3857 Roosevelt Road,Moundridge,KS,67107,Visa,4539860607800355,575,8/2015
Squethe,ErnestKMorris@dodgit.com,eKee2chee,Ernest,Morris,4765 Hampton Meadows,Lawrence,MA,01840,MasterCard,5385639980223878,323,9/2013
Ferseelle1946,UnaDMullins@dodgit.com,keiMae6be,Una,Mullins,3902 Timbercrest Road,Anchorage,AK,99501,MasterCard,5397396090051147,936,6/2016
Rected,EdwinLCrawford@spambob.com,AQu1UpaChae,Edwin,Crawford,2725 Viking Drive,Bergholz,OH,43908,Visa,4716731027396297,474,10/2016
Twoubbeck,PeggyGSinger@trashymail.com,Oog5lui7oh,Peggy,Singer,4180 Flinderation Road,Orland Park,IL,60462,Visa,4485922383955524,001,7/2015
Heres1951,EnidTWilliams@dodgit.com,Ahdaish1,Enid,Williams,1429 Nutters Barn Lane,Urbandale,IA,50322,Visa,4716413758239075,081,12/2015
Orthe1942,MathewMLayton@dodgit.com,denoh4Eo,Mathew,Layton,4707 Green Avenue,San Francisco,CA,94108,Visa,4556871628939443,610,5/2016
Surch1951,AnnetteWLund@spambob.com,quoh4ae9aL,Annette,Lund,3412 Buck Drive,Salt Lake City,UT,84119,Visa,4532255966288838,934,4/2014
Spesily,AmyJLove@dodgit.com,eev2Pohqu,Amy,Love,635 University Drive,Burr Ridge,IL,61257,MasterCard,5569056823727494,756,10/2013
Musitch,JosephCComer@dodgit.com,bax4beiJiuch,Joseph,Comer,1876 Columbia Mine Road,Charleston,WV,25314,MasterCard,5358936032745236,198,8/2014
Wonst1960,ShirleyAHope@trashymail.com,eebe5Ishie,Shirley,Hope,1590 Lunetta Street,Myakka City,FL,34251,MasterCard,5533544282170226,503,6/2017
