Username,EmailAddress,Password,GivenName,Surname,StreetAddress,City,State,ZipCode,CCType,CCNumber,CVV2,CCExpires
Froddly,BettyMToney@spambob.com,tohR6ona,Betty,Toney,1674 Tavern Place,Martinsburg,WV,25401,Visa,4556404612572325,049,1/2013
Quan1940,CalvinLDavis@dodgit.com,Auyie5Eer2,Calvin,Davis,1934 Oliverio Drive,Wichita,KS,67202,MasterCard,5485390070291487,042,11/2015
Canuttle,PatrickAGoodman@trashymail.com,Lo3gujuree,Patrick,Goodman,4047 Corpening Drive,Northville,MI,48167,Visa,4916497446905526,738,9/2017
Hadergoorm,KarenRParker@pookmail.com,co6shiWiem,Karen,Parker,2913 Walnut Avenue,Coeur D Alene,ID,83814,Visa,4539736015412753,191,11/2017
Therappery1936,MelbaGSegrest@trashymail.com,us6ahh4uoDu,Melba,Segrest,3330 Bingamon Road,Cleveland,OH,44103,MasterCard,5418485607349824,739,2/2015
Shrephy1993,AprilJRidgley@spambob.com,eNiep3vi6k,April,Ridgley,3028 Froe Street,Huntington,WV,25701,MasterCard,5551698655427998,537,1/2016
Strans,MaryTDavis@dodgit.com,ipa6kie5Hi,Mary,Davis,3113 Copperhead Road,Hartford,CT,06103,MasterCard,5552911813252045,325,8/2014
Mothip,BrandonLAnderson@spambob.com,uxah8Gaipei,Brandon,Anderson,31 Kemper Lane,Salt Lake City,UT,84111,MasterCard,5527322507912815,218,11/2016
Earinea,RobertCWittig@spambob.com,iVahz3Jei,Robert,Wittig,4410 Cliffside Drive,Roxbury,NY,12474,Visa,4532457978404342,403,1/2016
Whatumbigh,YvonneKMiller@mailinator.com,nes5Cahzieth,Yvonne,Miller,3219 Vine Street,Bensenville,IL,60106,MasterCard,5394312554928251,959,5/2016
Jast1968,HelenaCRogers@mailinator.com,IeJe0aeDeu,Helena,Rogers,1088 Abia Martin Drive,New York,NY,10011,MasterCard,5351160727194371,214,9/2014
Wastionews,DanSBird@dodgit.com,jai0Ohh2oD,Dan,Bird,642 Whispering Pines Circle,Frisco,TX,75034,Visa,4556310523502170,509,2/2016
Bely1964,DwayneDLong@mailinator.com,ca0eefohWa,Dwayne,Long,4324 Sycamore Street,San Jose,CA,95113,Visa,4916405168076913,008,8/2014
Cales1965,SylviaJRomero@pookmail.com,awaiThu1,Sylvia,Romero,689 Southside Lane,Los Angeles,CA,90029,MasterCard,5448979914002591,414,1/2016
Clearders,ThomasJGarcia@mailinator.com,HoNgie7Uj,Thomas,Garcia,3978 Whiteman Street,Egg Harbor City,NJ,08215,Visa,4716268917551590,487,7/2015
Theremings,CherylBGuyton@trashymail.com,ip4Zioli9bae,Cheryl,Guyton,4829 Yorkie Lane,South Guyton,GA,31312,Visa,4485189212091687,009,8/2017
Thicitch,RosaJWillis@dodgit.com,hieH2aetohv,Rosa,Willis,3134 Ward Road,Tuckahoe,NY,10707,MasterCard,5103360401384733,814,11/2013
Counarm,OmarCFrancis@dodgit.com,oim3Roh4iu,Omar,Francis,34 Longview Avenue,Bronx,NY,10461,Visa,4716767400472685,352,6/2014
Pronegrot,FrancesRDixon@dodgit.com,tae5enaeNei,Frances,Dixon,2791 Ryder Avenue,Everett,WA,98208,Visa,4556559598304058,128,12/2014
Ranyth,BobbyAHostetter@mailinator.com,eiD2aeYiG1w,Bobby,Hostetter,4635 Hall Valley Drive,Beckley,WV,25801,Visa,4929279646594945,018,8/2014
Agaricest,AmyRScott@trashymail.com,Shohnaiz7Oh,Amy,Scott,3525 Don Jackson Lane,Flint,MI,48506,MasterCard,5332037041677493,484,5/2017
Beephe,JoyceWRudder@spambob.com,Ahxoogh6,Joyce,Rudder,3713 Hidden Pond Road,Nashville,TN,37201,Visa,4485447769328633,622,9/2017
Bearly,FranklinLLopez@trashymail.com,viegh4Oo,Franklin,Lopez,1892 Young Road,Nampa,ID,83651,Visa,4556173462521639,759,1/2014
Bagall,VickiJFranklin@dodgit.com,ya0azohw7Hi,Vicki,Franklin,2325 Vine Street,Chicago,IL,60605,Visa,4929602193370551,160,9/2013
Lesse1975,BrendaRLewis@trashymail.com,Ahdoh1fe1oo,Brenda,Lewis,2988 Roosevelt Road,Rush Center,KS,67575,MasterCard,5482037989676729,132,7/2017
Difend,SheliaWGrady@dodgit.com,Aeneigeec0oh,Shelia,Grady,2274 Sun Valley Road,Cle Elum,WA,98922,Visa,4929417350201949,960,4/2017
Thenton,YvetteMChacon@pookmail.com,Ciiv4aiqu,Yvette,Chacon,209 Forest Drive,Beltsville,VA,20705,Visa,4485291111885555,200,3/2017
Clan1934,EdwardGBarnes@spambob.com,EeGien1ohw0,Edward,Barnes,2772 Losh Lane,Pittsburgh,PA,15222,MasterCard,5423301239387848,291,3/2014
Comenclater,BarryMMcSwain@mailinator.com,Kei5eim5,Barry,McSwain,665 Church Street,Hicksville,NY,11612,MasterCard,5599971719589176,907,2/2016
Miseen,KristiKJones@spambob.com,ahMoogei4nah,Kristi,Jones,3984 Khale Street,North Charleston,SC,29420,Visa,4716779574595456,500,7/2015
Beflue,JeffAMabery@pookmail.com,Fee1thei,Jeff,Mabery,2291 Strother Street,Birmingham,AL,35222,Visa,4929595061279245,222,1/2017
Forto1966,RoyJStone@spambob.com,ohT0Ab7n,Roy,Stone,1896 Pallet Street,West Nyack,NY,10994,MasterCard,5545704666138266,355,12/2013
Asher1959,AlyssaMArsenault@dodgit.com,ohg2UoN5iph,Alyssa,Arsenault,1641 Irving Place,Manchester,MO,63011,MasterCard,5452439322847262,666,12/2014
Froma1962,BettyJTwedt@spambob.com,ouNgei7me0koh,Betty,Twedt,4129 Coffman Alley,Madisonville,KY,42431,Visa,4485014450361917,136,11/2016
Andareat1983,WilliamDOsmond@pookmail.com,ohKoo2mahph,William,Osmond,1962 Daffodil Lane,Reston,VA,22090,Visa,4532275665603210,739,11/2013
Ander1947,ShelbaJArnold@spambob.com,ieLae3ooCa6,Shelba,Arnold,561 Reynolds Alley,Los Angeles,CA,90017,Visa,4916340436676519,554,11/2013
Trustur,GlennJMinor@spambob.com,Saehiu9uiz,Glenn,Minor,4473 College Avenue,Bowersville,OH,45307,MasterCard,5198152810522896,864,9/2016
Fromens,SeanSGaither@mailinator.com,qui8daef4S,Sean,Gaither,3278 Oakwood Avenue,Manhattan,NY,10016,Visa,4716013019125616,072,12/2013
Reanday,DianaPPike@spambob.com,Zohk3eesh,Diana,Pike,2146 Pine Tree Lane,Reston,MD,20191,MasterCard,5172293542661196,013,12/2017
Alibut,MichelleMAyers@trashymail.com,vohPh2ahah,Michelle,Ayers,3537 Oakwood Circle,Los Angeles,CA,90017,Visa,4929041325661563,066,10/2014
Ansuchan,DerrickMEdney@trashymail.com,phi4Weethoh,Derrick,Edney,2717 Godfrey Street,Tigard,OR,97223,MasterCard,5278239020718258,719,7/2017
Shrod1957,TraceyJGoode@trashymail.com,ae5Phohr,Tracey,Goode,4370 Stark Hollow Road,New Castle,CO,81647,MasterCard,5466175549600084,784,12/2013
Aved1973,HopeGWilkey@mailinator.com,MiKohG4chai,Hope,Wilkey,3782 Howard Street,Hudsonville,MI,49426,Visa,4916333193939436,907,4/2013
Cerecrever,AlbertSGarcia@dodgit.com,eepie2Oovou,Albert,Garcia,30 Garfield Road,Bartonville,IL,61607,Visa,4532038335931142,123,10/2013
Haverdessis,RalphMKwon@pookmail.com,Iwibohc2bai,Ralph,Kwon,196 Libby Street,Culver City,CA,90232,MasterCard,5252714995142593,117,1/2016
Iling1937,MaryVRobbins@pookmail.com,zaer8FeKaiz,Mary,Robbins,4602 Hemlock Lane,Edinburg,TX,78539,Visa,4929219207981909,748,4/2014
Brisarme,JenniferRHoward@dodgit.com,caLa7oobu,Jennifer,Howard,3818 Pinnickinick Street,Chehalis,WA,98532,Visa,4485381594004426,520,8/2014
Threecul,MarianPCausby@spambob.com,voo1eedohPh,Marian,Causby,1997 Rockwell Lane,Rocky Mount,NC,27801,Visa,4556507362518080,192,9/2015
Sonk1940,RyanNScott@mailinator.com,aeThoor1toozei,Ryan,Scott,3711 Patterson Street,Houston,TX,77002,MasterCard,5223673216909030,794,3/2013
Appid1970,DavidLLee@trashymail.com,aed6ook6Oht,David,Lee,2763 University Hill Road,Decatur,IL,62522,Visa,4929841946069868,395,10/2014
Kinet1982,AnnTPorter@mailinator.com,Shee6Ughoa,Ann,Porter,4949 Jewell Road,Minneapolis,MN,55404,MasterCard,5245245391460271,306,3/2015
Calt1942,AndreFRodriguez@mailinator.com,Uu3aom4agha,Andre,Rodriguez,2168 Lightning Point Drive,Memphis,TN,38110,MasterCard,5422045153400845,700,7/2014
Bardid1939,EverettKCorrigan@spambob.com,Nai6caeP,Everett,Corrigan,2247 Oak Ridge Drive,Benton,MO,63736,Visa,4539599002778150,050,8/2015
Fricul,MarkBOgletree@trashymail.com,Yaichie5v,Mark,Ogletree,1869 Vine Street,Grayslake,IL,60030,MasterCard,5473487379806991,594,3/2016
Whortere,JoanWBroadnax@mailinator.com,VohN5ovei,Joan,Broadnax,4140 Tanglewood Road,Moscow,MS,38057,MasterCard,5257945527676154,906,3/2014
Amentem,LindaETomlinson@pookmail.com,gahyez1Koov,Linda,Tomlinson,3497 Turnpike Drive,Decatur,AL,35601,Visa,4929241158289942,393,5/2014
Firligned1975,OliverLCantor@pookmail.com,fee1quauG6,Oliver,Cantor,4827 Ash Street,Dallas,TX,75244,Visa,4716301455221092,836,5/2015
Butfor,JuneTStanton@dodgit.com,roh0Chaib,June,Stanton,4933 Shadowmar Drive,New Orleans,LA,70125,Visa,4532349474493830,070,6/2017
Hathapasse,SaraDBoone@trashymail.com,Shaeyohy8,Sara,Boone,1363 Trainer Avenue,Peoria,IL,61602,Visa,4929943918268989,869,10/2016
Coughter1929,EvelynSFrancis@trashymail.com,Aih2Ahtol0iek,Evelyn,Francis,3713 Florence Street,Denison,TX,75020,MasterCard,5374719665177152,268,10/2014
Ligaidaid,RichardSThomas@spambob.com,oong7Eel5tah,Richard,Thomas,2768 Farm Meadow Drive,St Michaels,AZ,86511,MasterCard,5233629653899595,633,3/2013
Bobyth,RichardTDarden@mailinator.com,eichaiVae4ae,Richard,Darden,4844 Gnatty Creek Road,Bohemia,NY,11716,MasterCard,5291536683764195,439,3/2017
Suppord,DarleneJGraham@spambob.com,ukae4Quunao,Darlene,Graham,4056 Wood Street,New Orleans,LA,70112,MasterCard,5186624105590493,228,9/2015
Forearephe,LisaGFisher@spambob.com,ahv1leeFoe,Lisa,Fisher,1104 Fleming Street,Montgomery,AL,36104,MasterCard,5343988775849004,106,6/2016
Eize1954,GreggAHubbard@spambob.com,Aewoh4baegh,Gregg,Hubbard,3618 Werninger Street,Houston,TX,77056,Visa,4532232862605217,549,10/2016
Twithe,JanRGray@pookmail.com,Xae4heej8ee,Jan,Gray,3752 Willow Greene Drive,Montgomery,AL,36014,Visa,4716094338692189,245,12/2014
Aborted88,OliviaMDunn@dodgit.com,so7Hahquoh,Olivia,Dunn,949 Farm Meadow Drive,Phoenix,AZ,85034,MasterCard,5505171417531843,107,8/2013
Uposend,EdwardECrow@trashymail.com,EoKeeGhaev7t,Edward,Crow,3296 Summit Park Avenue,Detroit,MI,48226,Visa,4916130003044500,191,3/2015
Rect1991,DavisKDunn@pookmail.com,Isho0en8ooSh,Davis,Dunn,3439 Nutters Barn Lane,Fort Dodge,IA,50501,MasterCard,5536035649953690,016,11/2015
Almas1983,BillJMcMurray@dodgit.com,kiY5zee0noch,Bill,McMurray,322 Williams Mine Road,Bernardsville,NJ,07924,MasterCard,5560907667668369,306,9/2013
Dedge1938,BettyGJohnson@spambob.com,Eicux5Aich,Betty,Johnson,1624 Shinn Street,New York,NY,10036,MasterCard,5333115305706007,547,8/2014
Andreas28,PamPStott@dodgit.com,ooDe8oolaef9yoh,Pam,Stott,3469 Wexford Way,Columbia,SC,29201,Visa,4532833764789684,620,1/2013
Fooster,PatriciaHRamirez@dodgit.com,gahxaGai6,Patricia,Ramirez,2847 Pallet Street,White Plains,NY,10601,MasterCard,5417568008592620,073,6/2013
Atimenswo,JorgeMJones@pookmail.com,UaweVaa8aew,Jorge,Jones,4765 Marshville Road,Florida,NY,10921,Visa,4556156487629479,184,10/2016
Tairse,SonyaLChavez@pookmail.com,he6OaHuh7shae,Sonya,Chavez,1989 South Street,Midland,TX,79701,Visa,4916079547705797,124,12/2014
Parowde,MoniqueDEmery@spambob.com,AineeZ1otoh,Monique,Emery,643 High Meadow Lane,Lakewood,PA,18214,Visa,4716045360440715,289,11/2016
Crithimard,MarcellaGOwen@pookmail.com,Kiech0oph0i,Marcella,Owen,967 Coleman Avenue,Palm Springs,CA,92262,Visa,4532445080007020,996,8/2016
Thimilit,JohnSPeach@pookmail.com,tahchah0Ie6,John,Peach,1324 Fire Access Road,Charlotte,NC,28202,Visa,4929864147910185,371,5/2017
Sughbound,ChristopherHRamirez@trashymail.com,aiHohp0rohm,Christopher,Ramirez,1466 Kimberly Way,Grand Haven,MI,49417,Visa,4532941388296927,056,9/2013
Anderem,EdwardKShatley@spambob.com,ooch7queR,Edward,Shatley,4646 Lightning Point Drive,Memphis,TN,38111,Visa,4916552243272304,056,7/2014
Cloneintle52,MarianneJPieper@mailinator.com,eeXae2zath,Marianne,Pieper,2843 Winifred Way,Anderson,IN,46016,Visa,4556113427984738,299,5/2015
Wasonniert1928,JohnnyPConnor@trashymail.com,Giighaep2tee,Johnny,Connor,4628 Agriculture Lane,Miami,FL,33144,MasterCard,5564770817772192,639,11/2013
Gres1936,JudyJHolder@pookmail.com,boo7Ohyaj3,Judy,Holder,721 Fannie Street,San Angelo,TX,76903,Visa,4556242144312509,988,1/2015
Sherack,CassieJPaul@spambob.com,tied1Eng9Ie,Cassie,Paul,1487 Small Street,New York,NY,10021,Visa,4916223304998746,859,1/2015
Anatuother,HubertHRegan@trashymail.com,zaiChe6po,Hubert,Regan,181 Alexander Avenue,Concord,CA,94520,Visa,4916380471421264,663,7/2014
Aphie1934,BrendanTFreeman@trashymail.com,So3jaZeesh,Brendan,Freeman,3468 Frosty Lane,Binghamton,NY,13904,Visa,4532120414770284,323,1/2016
Trame1942,MichaelABjork@pookmail.com,EiVuNga0,Michael,Bjork,4563 Oakway Lane,Reseda,CA,91335,Visa,4485944080589224,978,9/2014
Notend42,MichaelNDouglas@dodgit.com,dieh6Shiy7S,Michael,Douglas,2220 Glen Falls Road,Philadelphia,PA,19146,MasterCard,5412893860814051,016,3/2016
Hembill,RolandDPalomares@spambob.com,Eiwu7ahr,Roland,Palomares,535 Roosevelt Street,San Francisco,CA,94108,Visa,4716481179597462,101,2/2013
Pursho,MichaelDSelvidge@pookmail.com,WeiC2li4nie,Michael,Selvidge,2127 Selah Way,Lyndonville,VT,05851,MasterCard,5139123380666332,374,7/2015
Robef1971,RobertJMoses@trashymail.com,gai3AhGhui,Robert,Moses,3256 Marshall Street,Essex,MD,21221,Visa,4929678661865603,510,10/2013
Sagifen,MaureenCHaggard@dodgit.com,Ko7hoo1yi,Maureen,Haggard,99 Lake Forest Drive,Kansas City,KS,64106,MasterCard,5391307060645533,667,5/2014
Carror,NormanDTierney@dodgit.com,aePaefai7,Norman,Tierney,4844 Pine Garden Lane,Marietta,GA,30067,Visa,4556152979223053,941,5/2016
Mothough1986,RobinDPotts@dodgit.com,AY9aiDie,Robin,Potts,16 Chatham Way,Washington,MD,20200,MasterCard,5245906072184064,686,3/2014
Pountoon,MargaretTHernandez@spambob.com,aeNguih5ohgh,Margaret,Hernandez,1960 Bridge Street,Tulsa,OK,74115,MasterCard,5494039075924209,829,8/2017
Aftefuld,AdeleEMassey@dodgit.com,je2Osipoo,Adele,Massey,2729 Frum Street,Nashville,TN,37218,MasterCard,5544960444622549,869,8/2015
Mothesseze,FernJBoudreaux@dodgit.com,zai6Iew4oeNg,Fern,Boudreaux,4966 Hoffman Avenue,Manhattan,NY,10016,MasterCard,5467519843735279,471,2/2016
Haterand,LaurenMHandy@mailinator.com,aiX6ahsoozie,Lauren,Handy,4188 Bryan Avenue,Eagan,MN,55121,MasterCard,5537136496279293,585,9/2017
Halseara,RaymondSJenkins@mailinator.com,quoh2Is0ooBe,Raymond,Jenkins,4247 Red Hawk Road,Orlando,FL,32801,MasterCard,5525065283071809,413,12/2016
Becater,RandallCMollett@mailinator.com,thoh7Jeip,Randall,Mollett,4799 College Avenue,York Center,OH,43063,Visa,4716550076338244,053,7/2017
Ughtmed,NilaDGiron@dodgit.com,upaith2Ae,Nila,Giron,1127 Rhode Island Avenue,Washington,DC,20200,Visa,4556864863524400,363,3/2016
Ponnowelin,DavidMWarwick@mailinator.com,aing7yoLujoo,David,Warwick,2114 Quilly Lane,Columbus,OH,43215,Visa,4532567760958741,704,3/2014
Hion1948,SallyRAlley@pookmail.com,ahlie5Yee,Sally,Alley,1430 Peaceful Lane,Cleveland,OH,44114,Visa,4916789154446887,179,2/2014
Bestione53,MaryDJohnson@mailinator.com,ueNaeGoi5yoh,Mary,Johnson,1465 Golf Course Drive,Arlington,VA,22201,Visa,4532737488437589,892,1/2016
Lestout,MaggieJDanner@spambob.com,woW2leeth,Maggie,Danner,3070 Bailey Drive,Cedar Rapids,IA,52486,Visa,4539698643351342,061,11/2013
Pood1931,DavidSReed@spambob.com,oongutie4Vah,David,Reed,1937 Scenicview Drive,Midland,TX,79701,MasterCard,5257241385178727,519,1/2016
Duritat75,EricSWatkins@mailinator.com,ohghasu5Oaw,Eric,Watkins,3622 Pritchard Court,Austin,MN,55912,MasterCard,5279253724550437,908,4/2014
Chousion34,MargaritaJCampbell@spambob.com,ohV7iorie,Margarita,Campbell,1508 Tree Frog Lane,Henrietta,MO,64036,MasterCard,5215432402446483,991,6/2015
Flualinte56,RichBSwearengin@trashymail.com,dah6QuaPhoh,Rich,Swearengin,1310 Stiles Street,Pittsburgh,PA,15219,MasterCard,5530431959829990,718,6/2016
Inviand,MaryRBosworth@spambob.com,uShee5aith,Mary,Bosworth,4402 Travis Street,Vero Beach,FL,32960,MasterCard,5576055565150346,268,11/2013
Uporly,JamesJMcLean@pookmail.com,cohP7eesh,James,McLean,3642 George Street,Gainesville,FL,32601,Visa,4485135986504306,693,1/2017
Uport1959,BonnieDSchmidt@dodgit.com,see9dei1R,Bonnie,Schmidt,4792 Duff Avenue,South Burlington,VT,05403,MasterCard,5137347877956870,046,6/2017
Kingstrus,WilliamRAllison@pookmail.com,oaPhai6Ob,William,Allison,4922 Hewes Avenue,Hanover,MD,21076,MasterCard,5512353403972907,290,4/2014
Comenat,MarkNCummings@pookmail.com,ait6woo6O,Mark,Cummings,3648 Radio Park Drive,Washington,GA,30673,Visa,4929669682199601,587,5/2014
Whaption,SheilaWBush@spambob.com,Cheefie3hae,Sheila,Bush,952 Private Lane,Buena Vista,GA,31803,Visa,4929603940617914,399,8/2013
Beroplike1973,VirginiaDNegron@mailinator.com,ief3Chieph,Virginia,Negron,1874 Granville Lane,Newark,NJ,07104,Visa,4556076869170423,874,12/2015
Whouselp,GregoryJBaker@trashymail.com,reQu4toeyee,Gregory,Baker,688 Badger Pond Lane,Tampa,FL,33602,MasterCard,5386924510998754,421,3/2017
Theyour1975,LeonBSmall@trashymail.com,Cei1Ai1uquie,Leon,Small,3070 Cabell Avenue,Alexandria,VA,22301,MasterCard,5533947487935709,781,6/2015
Calown1993,RuthJAverill@spambob.com,fai9huY0ochee,Ruth,Averill,4049 Turkey Pen Lane,Alberta,AL,36720,Visa,4485306438070085,598,9/2014
Mrsoled,BryanCRushing@pookmail.com,sheuy0Je,Bryan,Rushing,106 Cemetery Street,Marina,CA,93933,Visa,4539061233415482,257,11/2015
Pitand,DanielEBurgess@trashymail.com,bohc7xai7Ch,Daniel,Burgess,925 Andell Road,Worthington,OH,43085,Visa,4539012650228791,064,10/2017
Pripene,KathyDThomas@dodgit.com,edie6ou9W,Kathy,Thomas,4267 Rebecca Street,Waukegan,IL,60085,MasterCard,5279836110565868,692,2/2017
Sincy1979,CarolGSchulz@spambob.com,Di5iem4uu,Carol,Schulz,886 Lilac Lane,Macon,GA,31201,MasterCard,5506429472625911,850,11/2016
Eving1934,EileenFTamayo@mailinator.com,Ahcei8ohr,Eileen,Tamayo,4686 Five Points,Baltimore,MD,21201,MasterCard,5435793661365944,283,10/2015
Borceir,PatriciaCHunt@trashymail.com,Thahw0woh,Patricia,Hunt,3889 Davis Street,Jefferson,GA,30549,MasterCard,5574660896154578,778,10/2016
Carringe,LorieLEtheridge@spambob.com,ohtohPha9,Lorie,Etheridge,4108 Biddie Lane,Richmond,VA,23219,MasterCard,5228757415283258,749,5/2014
Wiffluelly,EdwardMGreer@mailinator.com,Hasub1mooyi,Edward,Greer,54 Jewell Road,Golden Valley,MN,55427,Visa,4556818723863549,063,3/2017
Theakision,HenryKRoberts@trashymail.com,koh9EoVie,Henry,Roberts,1147 Cedarstone Drive,Bloomdale,OH,44817,MasterCard,5308542846167293,339,2/2013
Hiscired1972,DanielleRBlue@mailinator.com,Bee3cheiz8h,Danielle,Blue,2326 Fraggle Drive,Bensenville,IL,60106,Visa,4539648293521975,742,10/2016
Hile1993,ArdenBRemick@pookmail.com,Cei6Reechoph,Arden,Remick,2536 Southern Avenue,Holstein,MO,63357,MasterCard,5202435467820455,943,8/2014
Younde,KarinJHawk@pookmail.com,Thoh3Leo0nei,Karin,Hawk,4699 White Oak Drive,Kansas City,MO,64106,Visa,4556694349929257,022,8/2015
Witoomards76,StefanieLMartinez@trashymail.com,Oox8Ao7Aequ,Stefanie,Martinez,4958 George Street,Ocala,FL,34471,Visa,4929102832768950,758,10/2016
Beets1957,FloydKMoe@trashymail.com,Iyee9bi5,Floyd,Moe,4473 Hartland Avenue,Green Bay,WI,54301,MasterCard,5369607067624698,742,6/2016
Roldatt,PaulLChang@dodgit.com,eeJaege2,Paul,Chang,3530 Lake Road,Pleasantville,NJ,08232,Visa,4929244904094137,688,9/2017
Sylawass,SamuelFFlagg@spambob.com,ied3dahF6oe,Samuel,Flagg,1917 Harrison Street,San Francisco,CA,94143,Visa,4916475774287584,131,8/2017
Depalase,DonnaICostin@pookmail.com,aiBeiGhe4nei,Donna,Costin,1135 Star Trek Drive,Tallahassee,FL,32303,MasterCard,5558605572908235,966,9/2015
Anyinct50,JamesSEpps@mailinator.com,tho5zooNahw,James,Epps,3369 Ashcraft Court,San Diego,CA,92111,Visa,4556397673057220,329,2/2013
Efivishereme,TheronLChapman@dodgit.com,pheexuD3k,Theron,Chapman,2359 Ashton Lane,Austin,TX,78759,MasterCard,5114929553381213,060,11/2013
Extuality,RachaelPLawrence@trashymail.com,zohwie8Ae,Rachael,Lawrence,1855 Rockford Road,Charlestown,MA,02129,MasterCard,5165926865432906,428,11/2016
Bobeil,JanetJRodgers@trashymail.com,xee5eiB6wae,Janet,Rodgers,158 Jones Avenue,Yanceyville,NC,27379,MasterCard,5449319674713773,170,4/2016
Waaced1987,TonyaACade@spambob.com,aequ7Shoh,Tonya,Cade,1960 Nutter Street,Holt,MO,64048,Visa,4716815763085584,702,4/2016
Hatudid,SandyAHinojosa@pookmail.com,Xu6ceitaiv,Sandy,Hinojosa,3924 Lake Forest Drive,Overland Park,KS,64110,MasterCard,5553865575139437,101,4/2014
Finy1977,TimothyDJohnson@mailinator.com,wooR7uod8Gei,Timothy,Johnson,4896 Shinn Avenue,New Castle,PA,16101,Visa,4716770435334607,135,4/2013
Sheophy,TonyJBarnard@trashymail.com,tuNeeWei8t,Tony,Barnard,4181 Five Points,Baltimore,MD,21202,MasterCard,5586964188651473,253,7/2016
Lifehout,AngelaHHolman@trashymail.com,AeT3Phaqu,Angela,Holman,4793 Scheuvront Drive,Denver,CO,80202,Visa,4716862330522186,562,7/2013
Ourich,CliffJWoodard@trashymail.com,aT6thaephoh,Cliff,Woodard,3299 Oak Lane,Warrensburg,MO,64093,Visa,4539769191947169,133,9/2013
Theyearect,MarandaRJackson@pookmail.com,wohGh4va1A,Maranda,Jackson,72 Glen Falls Road,Philadelphia,PA,19103,Visa,4556585339409070,053,5/2015
Eack1991,RickyLAyala@pookmail.com,Ceec9ooghah,Ricky,Ayala,3607 Science Center Drive,Coeur D Alene,ID,83814,MasterCard,5151816849595918,562,4/2014
Witheitay,MarcelinoDSavage@spambob.com,ceix1je9Ei,Marcelino,Savage,1592 Shinn Street,New York,NY,10003,MasterCard,5178536122489543,913,3/2017
Oulaings,MikeBBoettcher@spambob.com,TheaNg8ah,Mike,Boettcher,3825 Big Elm,Kansas City,MO,64108,MasterCard,5359436279895967,240,12/2017
Engstiong,KurtMHughes@mailinator.com,thooWohgh0C,Kurt,Hughes,4433 Kelly Street,Charlotte,NC,28202,Visa,4916181845488207,588,6/2015
Toge1929,ScottMTurner@mailinator.com,ieth6Oothae,Scott,Turner,2060 Sigley Road,Salina,KS,67401,MasterCard,5434606159273076,695,2/2013
Wifecing1946,JaneCMusson@pookmail.com,Eum1aid1suok,Jane,Musson,4412 Keyser Ridge Road,Burlington,NC,27215,Visa,4485655492617219,976,8/2016
Sunpapire,DanBWallace@mailinator.com,Gov1vahae,Dan,Wallace,4807 Arlington Avenue,Knoxville,TN,37921,MasterCard,5292790572473876,258,4/2015
Whistand1943,JoseDStockton@spambob.com,koo8EexaeD,Jose,Stockton,3252 Burke Street,Revere,MA,02151,Visa,4929491129969185,585,6/2014
Imation,JamesLPhillips@dodgit.com,sa2Ahpee1foo,James,Phillips,4826 Bobcat Drive,Washington,MD,20008,Visa,4716890260095576,118,9/2016
Puntrialmoor,DorothyJBarrera@trashymail.com,Ho7yiThoo,Dorothy,Barrera,4636 Junior Avenue,Atlanta,GA,30303,Visa,4716376791848089,164,8/2015
Agpich,DonEWilson@mailinator.com,Ki1aquoo0Ai,Don,Wilson,4924 Shingleton Road,Constantine,MI,49042,MasterCard,5116440000043503,820,12/2015
Sevours,GeorgeSWilliams@mailinator.com,Aegh6ooM,George,Williams,4924 Rhode Island Avenue,Washington,DC,20005,MasterCard,5467977824647113,780,9/2017
Thibustor,DesireeMSherrard@mailinator.com,Afae6phaech,Desiree,Sherrard,792 Bailey Drive,Cedar Rapids,IA,52402,MasterCard,5204081222606116,636,10/2013
Houghte,MichaelMMayes@mailinator.com,ach7Ooba9,Michael,Mayes,310 Walnut Street,Jackson,MS,39201,MasterCard,5512485306730212,980,4/2013
Repia1970,ClaudiaDReyes@spambob.com,ahquupe4Nee,Claudia,Reyes,1188 Gandy Street,Syracuse,NY,13202,Visa,4916360021705416,358,7/2014
Mored1970,GloriaTCline@pookmail.com,Vogei6sush8,Gloria,Cline,672 Oak Avenue,Vernon Hills,IL,60061,MasterCard,5365581001671574,103,8/2014
Letyle,RachelLBorders@mailinator.com,oG4uh8Ch,Rachel,Borders,389 Fancher Drive,Dallas,TX,75201,MasterCard,5471833285511096,571,10/2016
Trame1949,JamesKHolman@spambob.com,aTeeB0shee,James,Holman,954 Tanglewood Road,Louise,MS,39097,Visa,4716766987670687,372,5/2015
Nothaveld,PaulineJJacks@mailinator.com,ahYaiCh3,Pauline,Jacks,4369 Simpson Street,Chicago,IL,60606,MasterCard,5298424569117213,677,10/2013
Reocken,JohnAHaberman@mailinator.com,ahsheisa8Ph,John,Haberman,4958 Kooter Lane,Charlotte,NC,28202,MasterCard,5261874707726999,221,12/2017
Ling1985,PaulSBlack@spambob.com,fooquiesh8N,Paul,Black,3197 Simpson Avenue,York,PA,17403,MasterCard,5447637105713159,202,7/2016
Ansoless,GeorgeBBeltran@dodgit.com,eethoopeiF5,George,Beltran,1778 Caynor Circle,Wayne,NJ,07477,MasterCard,5272765854323738,853,7/2017
Whimse,KennethNSpencer@pookmail.com,die4Iepie,Kenneth,Spencer,3215 Lake Forest Drive,Mount Kisco,NY,10549,Visa,4532811655688009,746,9/2014
Donsher,RandallAStainbrook@dodgit.com,pu0el6Hoo3aek,Randall,Stainbrook,1648 Copperhead Road,New Haven,CT,06511,Visa,4556506018073037,582,5/2015
Layme1949,CliftonLSmith@mailinator.com,Zoh3queekie,Clifton,Smith,2645 Raccoon Run,Seattle,WA,98109,MasterCard,5257613593373755,012,1/2017
Hatere,EddiePGarcia@trashymail.com,mahbi7Moh,Eddie,Garcia,3556 Reel Avenue,Farmington,NM,87401,Visa,4539755559656153,692,5/2013
Lanxim1952,AudreyMBoucher@dodgit.com,Ozoh4ahta,Audrey,Boucher,2894 Drummond Street,Rochelle Park,NJ,07662,MasterCard,5302750535169779,171,3/2013
Beatems43,BrianARoberts@mailinator.com,jui9gauQu,Brian,Roberts,4583 Camden Street,Reno,NV,89503,MasterCard,5169256435330596,756,2/2014
Quakfank,MarylynLBecerra@trashymail.com,ze6uiw4Oh,Marylyn,Becerra,414 Karen Lane,Louisville,KY,40202,MasterCard,5123068079888614,270,11/2017
Himbeyer,BeatriceSLugo@dodgit.com,ieZ4aisiequ,Beatrice,Lugo,4633 Five Points,Linthicum Heights,MD,21090,Visa,4929182598659072,469,8/2015
Beesse1931,GraceKFloyd@trashymail.com,Eeni4Ooc,Grace,Floyd,4538 Lowland Drive,Vernon Hills,IL,60061,Visa,4485066371756856,526,10/2016
Wassittelly1941,ThomasFHouse@trashymail.com,peip5Aiz1ae,Thomas,House,3486 Owen Lane,Grand Rapids,MI,49503,MasterCard,5131399822532724,854,12/2017
Thavill,DeniseRJuan@spambob.com,bo8Riegh,Denise,Juan,2179 Boone Street,Corpus Christi,TX,78476,MasterCard,5373499668221932,584,10/2017
Extat1957,WilliamSThomas@pookmail.com,Thee4Ahphah,William,Thomas,346 Randall Drive,Hilo,HI,96720,Visa,4556216250361682,182,9/2017
Alrombse,TeresaBGutierrez@dodgit.com,ogh1Gu1einae,Teresa,Gutierrez,3410 Frank Avenue,Brimfield,MA,01010,MasterCard,5551128320477558,488,10/2016
Pospot,PeggyRHawkins@mailinator.com,pe6ahNgooqu,Peggy,Hawkins,3448 Broaddus Avenue,Radcliff,KY,40160,MasterCard,5212504456907488,688,5/2013
Sionquitty,JaredVRhodes@trashymail.com,zohK5Oroo0ied,Jared,Rhodes,2383 Lake Floyd Circle,Gaithersburg,MD,20877,Visa,4539379585372709,912,1/2014
Havarmstence,ElmaWCox@trashymail.com,hae2UaF5choo,Elma,Cox,244 Bolman Court,Springfield,IL,62701,Visa,4556091389507830,556,3/2014
Thorm1988,LupeACanter@trashymail.com,boom8ieD6,Lupe,Canter,1959 Levy Court,S Boston,MA,02127,MasterCard,5582780543094199,344,3/2017
Dwrity,JamesCDavis@trashymail.com,kauyaceeR9oo,James,Davis,1250 Big Elm,Kansas City,MO,64106,Visa,4929918231312722,073,12/2016
Scor1927,DeanSDillon@trashymail.com,aeDee9enae,Dean,Dillon,1916 Glendale Avenue,Los Angeles,CA,90017,Visa,4485503081665787,008,2/2015
Thiche,RosaWPresley@pookmail.com,eequeeD2ooB,Rosa,Presley,4689 Fairway Drive,San Francisco,CA,94124,Visa,4485824487274267,214,9/2014
Olud1935,PaulKHarbin@dodgit.com,raiY0oop,Paul,Harbin,4002 Overlook Drive,Muncie,IN,47305,Visa,4929966364794596,740,12/2016
Earbaccupose1932,LenaBPruitt@trashymail.com,kohcaV0ae,Lena,Pruitt,765 Francis Mine,Lake Almanor,CA,96137,Visa,4539480886779681,628,6/2013
Haductincer,MarieTWilliams@pookmail.com,oopaz7Ei,Marie,Williams,3620 Coleman Avenue,San Marcos,CA,92069,MasterCard,5102785809138920,778,8/2014
Quilve,JenniferJGarcia@trashymail.com,Uuv5iwimai,Jennifer,Garcia,3677 Ethels Lane,Fort Myers,FL,33901,Visa,4485276807026192,144,10/2013
Socidered,SarahVHaire@pookmail.com,Ekae1naizah,Sarah,Haire,2740 Pursglove Court,Kettering,OH,45429,MasterCard,5397326954991377,211,5/2013
Forem1953,MichaelKSwitzer@mailinator.com,igiqueV8,Michael,Switzer,3705 Liberty Street,Dallas,TX,75248,Visa,4929591740252539,925,6/2016
Pereadesen,JoseKCole@spambob.com,aihai3Cein,Jose,Cole,2071 Birch Street,Indianapolis,IN,46225,MasterCard,5237597443713457,430,1/2013
Defter,RicardoCRonquillo@mailinator.com,tahpe7shoh1yoN,Ricardo,Ronquillo,2097 Jerry Toth Drive,Kodiak,AK,99615,Visa,4716518747256046,786,1/2013
Ancery,PerrySDunning@spambob.com,chooP4gahd,Perry,Dunning,2034 Limer Street,Athens,GA,30601,Visa,4539186267828217,205,9/2013
Triessir,RaymondRByrd@pookmail.com,Leirie9ah,Raymond,Byrd,4635 Hershell Hollow Road,Everett,WA,98203,Visa,4532493196377390,061,5/2013
Pelvery,BrianPScott@pookmail.com,Zea8Ohhai,Brian,Scott,4684 Ridenour Street,Sunrise,FL,33323,MasterCard,5541142753798649,016,3/2017
Courst73,DamienARichardson@spambob.com,YahMaeTee4Sh,Damien,Richardson,3909 Walnut Hill Drive,Cincinnati,OH,45214,MasterCard,5237364063718575,879,10/2017
Wavemayed,LatoyaWWolff@dodgit.com,Eechooyai7e,Latoya,Wolff,1991 Whiteman Street,Camden,NJ,08102,MasterCard,5306010164000449,065,12/2016
Uncin1951,DorothyJTucker@mailinator.com,iaH2ish6ai,Dorothy,Tucker,1097 Mandan Road,Columbia,MO,65207,Visa,4916850607590174,025,5/2016
Flifirthere,EllenGBlake@dodgit.com,atiCh8eeNg,Ellen,Blake,3417 Lords Way,Memphis,TN,38118,Visa,4539736346803829,458,9/2016
Terer1936,RichardHGaither@spambob.com,Noogh6eigee,Richard,Gaither,3114 Tenmile,Fredericksburg,VA,22401,MasterCard,5272519547898402,604,4/2016
Oversted,AnthonyBBeesley@dodgit.com,paGiegh6Oo,Anthony,Beesley,4066 Winifred Way,Greencastle,IN,46135,MasterCard,5104266525139581,884,7/2013
Rearts,KennethMBruno@dodgit.com,ejieT9ook,Kenneth,Bruno,3888 Ethels Lane,Polk City,FL,33868,MasterCard,5100393994280151,102,1/2015
Sucke1975,RodolfoDKlimek@dodgit.com,Era6oovoo8z,Rodolfo,Klimek,475 Locust Court,Gardena,CA,90247,MasterCard,5546418567770783,520,6/2014
Dishoursenot,JamesBLange@mailinator.com,ier3Oomaih,James,Lange,2228 Nutters Barn Lane,Kanawha,IA,50447,MasterCard,5452600774793029,835,12/2017
Wareturs,MarthaRNellis@spambob.com,uitoo3maZoh,Martha,Nellis,4148 Ritter Street,Anniston,AL,36201,Visa,4929776530618243,841,5/2014
Sholexpeetry,WilliamMLash@pookmail.com,Ijah8oot3uo,William,Lash,4219 Progress Way,Springville,IA,52336,Visa,4929470223217980,623,3/2014
Brumore,LeonMHancock@pookmail.com,kie8aN8Boh6ae,Leon,Hancock,577 Nancy Street,Durham,NC,27704,Visa,4556110769331528,427,11/2013
Vothe1952,MargaretBVickers@spambob.com,YahYai1ieng,Margaret,Vickers,3495 Heavner Avenue,Smyrna,GA,30080,Visa,4485731541193294,431,7/2015
Yousses76,EvelynCRuiz@spambob.com,phel5atai2N,Evelyn,Ruiz,2416 Neville Street,Hope,IN,47246,Visa,4532974731576042,522,8/2013
Adve1946,LoriSMotta@spambob.com,Cheeshae5,Lori,Motta,381 Trails End Road,Coral Springs,FL,33065,MasterCard,5408274061501803,239,6/2016
Hativeneit,JoelHPurdy@dodgit.com,caeF0Aem,Joel,Purdy,3777 Nash Street,Dearborn,MI,48126,Visa,4556196854352941,386,6/2017
Millas1957,MarySBertram@pookmail.com,Meaza7kah,Mary,Bertram,3476 Christie Way,Cambridge,MA,02141,MasterCard,5599636081772425,623,10/2016
Fass1935,ChristinaWKrantz@mailinator.com,ahNgaechahW1,Christina,Krantz,1178 Boone Crockett Lane,Lacey,WA,98503,MasterCard,5441997966672563,152,11/2013
Beenst,KristiJRedmond@mailinator.com,Riek0uiQu,Kristi,Redmond,2561 Pride Avenue,South Ozone Park,NY,11420,Visa,4485544686091987,629,7/2013
Thrusled,BrittaneyJWoodall@trashymail.com,taev5chuGh,Brittaney,Woodall,3771 Dye Street,Mesa,AZ,85225,MasterCard,5177720150186343,746,10/2013
Embefors1987,WarrenTEvans@dodgit.com,oov0Aj6ohwe,Warren,Evans,2393 Lords Way,Selmer,TN,38375,MasterCard,5134379118868500,787,2/2015
Doself,KathleenDCrandall@trashymail.com,luch7Uph,Kathleen,Crandall,3684 Clarence Court,Wilmington,NC,28412,MasterCard,5522469645638292,786,10/2017
Cocestrable,DavidHBrown@pookmail.com,Aiwii7eeph,David,Brown,3287 Clinton Street,Little Rock,AR,72212,Visa,4539668010264311,184,10/2013
Cabol1944,MarthaMJordan@pookmail.com,jeeZai6Oo,Martha,Jordan,357 Joes Road,North Greenbush,NY,12144,Visa,4539635234745995,890,6/2017
Turper,LukeKAdkins@pookmail.com,Phoh1sho6ook,Luke,Adkins,3509 Whispering Pines Circle,Irving,TX,75039,Visa,4916311557548811,850,1/2017
Prect1964,GinaJPolo@trashymail.com,chieF5ewae,Gina,Polo,1342 Seltice Way,Lewiston,ID,83501,Visa,4485809149884074,052,11/2013
Trunever,CharlesJKelso@mailinator.com,Hoh9vooyea,Charles,Kelso,2424 Perry Street,Westland,MI,48185,Visa,4929079263565792,398,3/2013
Ultay1989,ChrisNHargreaves@trashymail.com,iePa9et0to,Chris,Hargreaves,950 College Avenue,Dayton,OH,45402,MasterCard,5176457625913149,410,3/2013
Flot1951,SamanthaRLemon@spambob.com,phoi4ni9Sh,Samantha,Lemon,2314 Drummond Street,Newark,NJ,07105,MasterCard,5511181576357320,842,2/2014
Andenderew,DavidDBlue@trashymail.com,ti0efeeLeo,David,Blue,4912 Sherman Street,Topeka,KS,66608,MasterCard,5112350388103551,729,3/2016
Waisenly,MatthewKAmes@pookmail.com,ahng5Eem0oh,Matthew,Ames,2003 Quarry Drive,Montgomery,AL,36104,MasterCard,5467088636071458,055,9/2013
Thertandet,LucilleTBlake@dodgit.com,HaivaLah9ei,Lucille,Blake,599 Coffman Alley,Hopkinsville,KY,42240,Visa,4716178759393748,310,9/2017
Namintaid,KennethMVazquez@mailinator.com,keoleiG8,Kenneth,Vazquez,590 Post Avenue,Wadena,MN,56482,MasterCard,5172340415230193,469,8/2014
Feence,MaryAYi@dodgit.com,loajieTu8ei,Mary,Yi,4693 Prospect Valley Road,Redondo Beach,CA,90278,Visa,4556891219741685,535,9/2015
Subley,RomanMWalker@mailinator.com,quei9uNae9Oo,Roman,Walker,1837 Sunburst Drive,Cypress Lake,FL,33907,MasterCard,5522765542416405,967,8/2014
Thendre,MichaelKGoldman@spambob.com,HoRei5fiqu,Michael,Goldman,4451 Monroe Street,Houston,TX,77002,MasterCard,5333429243225297,443,2/2014
Lever1974,KathrynRCruz@mailinator.com,Ij4gek8go1,Kathryn,Cruz,1328 Steve Hunt Road,Fort Lauderdale,FL,33311,Visa,4716329549072882,474,12/2016
Vely1949,WilmaSMcLendon@mailinator.com,Ait2Eey0thi,Wilma,McLendon,2066 Lynn Ogden Lane,Vidor,TX,77662,MasterCard,5458562088472308,195,11/2013
Inare1934,MartinHWilliams@trashymail.com,eipai9pa4Yi,Martin,Williams,1643 Redbud Drive,New York,NY,10011,Visa,4929803762265186,519,11/2016
Hicely,CynthiaCBlanchard@mailinator.com,Biejaop4,Cynthia,Blanchard,4828 Sunburst Drive,Fort Myers,FL,33901,MasterCard,5384872518848186,790,8/2016
Ablued,RebeccaJBozeman@pookmail.com,ookeeYu4Oo,Rebecca,Bozeman,2196 Murphy Court,Riverside,CA,92501,Visa,4916272290744838,537,4/2015
Ench1984,JohnJMcCauley@pookmail.com,Eul1ewein,John,McCauley,3670 Stonecoal Road,Toledo,OH,43604,Visa,4539318961955661,720,7/2017
Nothey,BillyCWidener@spambob.com,Do9quaePahhai,Billy,Widener,4454 Jody Road,Northampton,PA,18067,Visa,4716938010451100,446,8/2016
Faturaved,AlSMullins@pookmail.com,pei8oiT8eng,Al,Mullins,3188 Cross Street,Saginaw,MI,48601,MasterCard,5238880119498325,926,2/2015
Eftio1983,JamesSHenriquez@mailinator.com,RaeNg4iZei,James,Henriquez,4375 Hidden Pond Road,Nashville,TN,37201,Visa,4716817717532372,348,5/2017
Hattellifun92,MarieTHayes@pookmail.com,quooraiCa1ku1,Marie,Hayes,498 Pointe Lane,Miami,FL,33132,MasterCard,5335294222809695,017,6/2015
Arre1954,DanielLHancock@trashymail.com,veuchai2S,Daniel,Hancock,2020 Stewart Street,Indianapolis,IN,46204,Visa,4916231415854989,720,2/2013
Livendede,ErnestRGriffin@pookmail.com,Ieyai7aith,Ernest,Griffin,588 George Avenue,Mobile,AL,36602,Visa,4716462311489198,501,10/2016
Aniend,NelleSNance@pookmail.com,us6ieFohsh,Nelle,Nance,4006 Maple Street,Westminster,CA,92683,Visa,4916148013951639,609,7/2014
Drone1955,MariaRLewis@spambob.com,ohgheL2She,Maria,Lewis,631 James Martin Circle,Westerville,OH,43081,MasterCard,5190811448966308,004,4/2013
Vize1944,PearlDSmith@pookmail.com,Ogae4ijah,Pearl,Smith,791 Neville Street,Evansville,IN,47715,Visa,4485638943975139,092,9/2016
Teme1928,ChristinaRMoran@dodgit.com,paesub2Oos,Christina,Moran,3771 University Hill Road,Jacksonville,IL,62650,MasterCard,5508766640200616,150,5/2016
Colore,LindaSFrost@dodgit.com,Aikahgoosh8,Linda,Frost,2185 Norma Avenue,Dayton,OH,45402,MasterCard,5384432529626848,611,1/2017
Samelver,MelanieLEspinoza@pookmail.com,OZaox0hohl4,Melanie,Espinoza,4381 Stockert Hollow Road,Seattle,WA,98101,MasterCard,5403418865447722,528,1/2014
Whasuff,BrianaMLloyd@spambob.com,Iepi9hiach,Briana,Lloyd,1418 Bird Street,Lordsburg,NM,88045,MasterCard,5106679485684487,566,10/2017
Suponlorhou,AgnesRThompson@spambob.com,co7JeeQueich,Agnes,Thompson,2382 Godfrey Road,New York,NY,10022,Visa,4716614303348739,309,8/2016
Welice,BruceBMurray@spambob.com,thae6Gugh7,Bruce,Murray,1459 Park Avenue,Rancho Cordova,CA,95742,Visa,4929312056735722,933,5/2013
Flefted1960,DeanKCuddy@pookmail.com,iu0Aewi5,Dean,Cuddy,4901 Goodwin Avenue,Spokane,WA,99201,Visa,4916003204170624,939,12/2016
Tins1953,JillDMiller@pookmail.com,aeChaem4ai,Jill,Miller,1401 Boring Lane,San Francisco,CA,94107,MasterCard,5207568189936012,308,6/2014
Whande,RandyRSmith@trashymail.com,aiW9Sahninee,Randy,Smith,2543 Delaware Avenue,San Francisco,CA,94107,Visa,4539537722901470,848,7/2014
Himpat,MollyGJohnson@dodgit.com,Cei2Eez0ei,Molly,Johnson,4556 Hudson Street,Erskine Lakes,NJ,07456,MasterCard,5582981218232110,633,5/2013
Dinge1945,PhillipIPadron@trashymail.com,yaeCo9eeng,Phillip,Padron,3027 Rose Street,Hickory Hills,IL,60457,Visa,4916573363367922,836,6/2015
Smadvow,BrianMVelasquez@spambob.com,ODah8op1ah,Brian,Velasquez,1016 Golden Ridge Road,Schenectady,NY,12303,MasterCard,5315708957336859,192,5/2015
Bethen,AlvinLWallace@spambob.com,pha9xooleeR,Alvin,Wallace,1088 Hilltop Street,Chicopee,MA,01013,Visa,4485057770029177,136,6/2013
Abight,PatriciaPMills@mailinator.com,Oothai6vie,Patricia,Mills,4283 Lady Bug Drive,Staten Island,NY,10306,MasterCard,5161101050471614,102,11/2017
Carturent,AngelKVoyles@mailinator.com,zoh3cac6Sh,Angel,Voyles,3061 Broad Street,Birmingham,AL,35291,Visa,4556248089226075,950,3/2017
Extob1947,LynnBPrescott@pookmail.com,Aich6heiNgei,Lynn,Prescott,3811 Juniper Drive,Saginaw,MI,48607,Visa,4539156135580084,539,4/2016
Lefor1951,TerryMRinggold@pookmail.com,Ahr6auj5Iqu,Terry,Ringgold,1014 Kincheloe Road,Portland,OR,97205,Visa,4929571211029103,413,4/2014
Bowerelea,MargaretJPerkins@trashymail.com,EeR4maL0m,Margaret,Perkins,1652 Jerome Avenue,Mcallen,TX,78501,MasterCard,5220980082954732,891,4/2014
Heatery1965,VelmaJButts@spambob.com,Loh3Tu3ahz,Velma,Butts,135 Veltri Drive,Anchorage,AK,99501,Visa,4716594673295118,162,4/2013
Natchoughe,AdrianETalley@trashymail.com,eiR6eeree,Adrian,Talley,3632 Rose Street,Oak Brook,IL,60523,Visa,4929481546972359,621,12/2013
Formthere,DanielKPhillips@dodgit.com,Kaa4Chaich,Daniel,Phillips,3537 Horizon Circle,University Place,WA,98466,MasterCard,5215629312209733,886,3/2013
Araved1971,KennethCRosales@pookmail.com,aeXayael0ai,Kenneth,Rosales,3124 Hershell Hollow Road,Johnson City,TN,37615,MasterCard,5227624880040467,167,7/2013
Eveyear,CarltonTSaez@mailinator.com,ceeL7iesh,Carlton,Saez,4511 Walnut Street,Jackson,MS,39201,Visa,4532620234228405,225,7/2015
Abled1942,AllenAChau@spambob.com,Iepheeh8,Allen,Chau,3689 Highland Drive,Sturgeon Bay,WI,54235,MasterCard,5489577828113510,921,12/2015
Woult1946,MaryJMartin@trashymail.com,ail1poong4C,Mary,Martin,1291 Oak Street,Rome,NY,13440,Visa,4485935770414137,987,10/2015
Occes1944,AdamBSpencer@spambob.com,rahN0yooPoh,Adam,Spencer,2783 Clousson Road,Houston,TX,77063,Visa,4929553976305761,897,1/2015
Cloneintle,JanuaryBDupre@spambob.com,eiPhied7gie,January,Dupre,4671 Union Street,Seattle,WA,98107,Visa,4716250564528543,866,1/2013
Hatilight,ToddSLopez@trashymail.com,kah3maJee,Todd,Lopez,2046 Bombardier Way,Farmington Hills,MI,48335,Visa,4556987195054422,239,12/2013
Pergersuse,AnnCThompson@spambob.com,ohch0Oonuaw,Ann,Thompson,4210 Grove Avenue,Stringtown,OK,74569,MasterCard,5378651782592235,092,5/2015
Whollé,MartinLMyers@pookmail.com,iBei0oopai,Martin,Myers,4094 Yorkshire Circle,Elizabeth City,NC,27909,MasterCard,5155232935134909,363,7/2013
Boung1931,NicoleJSeal@trashymail.com,aiCaem4Ae,Nicole,Seal,4511 Eagle Drive,New Boston,MI,48164,Visa,4916007377225776,614,2/2016
Wellourgerd,LoisDThompson@trashymail.com,Sie5too8f,Lois,Thompson,4127 Ridenour Street,Miami,FL,33128,MasterCard,5291253864591906,029,10/2016
Valinarts,JillTGibson@pookmail.com,Rak9etaeh9B,Jill,Gibson,4699 Leo Street,Louisville,CO,80027,MasterCard,5531825058601219,795,7/2015
Looris,CarolePMetz@trashymail.com,yo4eiLeeLue,Carole,Metz,460 Elk Rd Little,Tucson,AZ,85714,Visa,4716472736077130,807,4/2013
Sirent,KathrynSMeis@mailinator.com,Eephiexif6v,Kathryn,Meis,1291 Diamond Street,Hickory,NC,28601,MasterCard,5210347955555701,200,4/2013
Dervants,JorgeDBoren@pookmail.com,Xoox8eihu,Jorge,Boren,3566 Eden Drive,West Point,VA,23181,MasterCard,5322253946370967,346,3/2015
Ineul1992,RalphLLloyd@mailinator.com,ooPh7aSaeto,Ralph,Lloyd,146 Chapmans Lane,Albuquerque,NM,87106,Visa,4485500468418004,621,12/2015
Cank1946,JeffreyMKilgore@mailinator.com,hok3AeSh8qu,Jeffrey,Kilgore,3874 Tully Street,Detroit,MI,48219,MasterCard,5466725946644745,127,1/2017
Froper,JacquelineMRobinson@spambob.com,CuF6Eedoo,Jacqueline,Robinson,1099 Deercove Drive,Philadelphia,PA,19108,Visa,4916002841718241,740,2/2015
Nourst,JohnMBirdwell@trashymail.com,Anies5Aegh,John,Birdwell,2009 Valley Lane,Austin,TX,78749,MasterCard,5518481883601623,808,4/2014
Beepard,StevenTSailor@mailinator.com,laiGoo7jus,Steven,Sailor,4243 Marshall Street,Edgewood,MD,21040,Visa,4485866878142041,190,1/2013
Wariuld,JasonKSmith@mailinator.com,Aim2obushah,Jason,Smith,2437 Reeves Street,Waukesha,WI,53188,Visa,4532429064290752,601,9/2017
Pothumlect,EricBDobbs@dodgit.com,aNgieza6the,Eric,Dobbs,4539 Myra Street,East Providence,RI,02914,Visa,4716584391583937,528,1/2017
Sharther80,PhyllisKBolton@mailinator.com,Iey7beeyoog,Phyllis,Bolton,91 Lowndes Hill Park Road,Bakersfield,CA,93301,MasterCard,5518266345977608,353,9/2014
Histrely,DinaJNorman@pookmail.com,Ahquo1tei,Dina,Norman,4494 Franklee Lane,Philadelphia,PA,19108,MasterCard,5290649262797824,324,5/2016
Lunarned,IrisAEspinal@mailinator.com,eey1ielahZ2,Iris,Espinal,67 Water Street,San Francisco,CA,94107,MasterCard,5394350117719429,101,2/2016
Chal1984,EdwardBCooper@mailinator.com,oudee3Ooye,Edward,Cooper,2540 Lynn Street,West Roxbury,MA,02132,Visa,4532897403210527,163,3/2016
Hancerper,WayneSCorona@pookmail.com,shoe0AiCoo9,Wayne,Corona,2897 Everette Alley,Fort Lauderdale,FL,33301,MasterCard,5394643938731585,855,4/2013
Morme1966,SarahCMantz@dodgit.com,ahth3ohY3ah,Sarah,Mantz,1551 Blackwell Street,Fairbanks,AK,99701,Visa,4532295350472499,537,11/2014
Liter1947,TimothyLWoodard@dodgit.com,iveichee1Wu,Timothy,Woodard,3810 Locust View Drive,San Francisco,CA,94143,MasterCard,5320208337044193,245,4/2014
Youpirse,KenABroadnax@mailinator.com,rief6iuPie2,Ken,Broadnax,4146 May Street,Somerset,KY,42501,Visa,4916002095418258,809,1/2013
Tholuthe,FlorenceJMoody@dodgit.com,Foe8yee3ae,Florence,Moody,4321 Maple Avenue,Manteca,CA,95336,MasterCard,5326943891588540,342,10/2014
Sainigh,AnthonyJStubblefield@pookmail.com,eiNieh6n,Anthony,Stubblefield,3314 Hampton Meadows,Chelmsford,MA,01824,Visa,4916365989207370,685,5/2016
Derair,AlonzoCEmbree@pookmail.com,poh1KohmahSh,Alonzo,Embree,1626 Trainer Avenue,Talbott,IL,61546,MasterCard,5288330354013198,663,10/2017
Rotsmuck,RobertCBien@mailinator.com,eh7rijooFaM1,Robert,Bien,4168 Del Dew Drive,Mount Airy,MD,21771,Visa,4532904985593484,953,5/2016
Dras1954,JudyRMiner@pookmail.com,AeK9eelei,Judy,Miner,2930 Whaley Lane,New Berlin,WI,53151,MasterCard,5204852539191806,347,7/2015
Ancell,MartinHHarmon@dodgit.com,Wizetal8iCh,Martin,Harmon,1603 Sharon Lane,South Bend,IN,46618,Visa,4916114031892635,220,8/2016
Ling1992,DonnaTHunter@pookmail.com,udoiGahfah8,Donna,Hunter,4669 Benson Park Drive,Arcadia,OK,73007,Visa,4539177938315577,343,1/2016
Roudidlen,PatriciaJMiller@mailinator.com,Pai9Ciwoo,Patricia,Miller,3547 Gordon Street,Mira Loma,CA,91752,Visa,4532262328736165,236,9/2016
Wouter,BerryRFolkes@pookmail.com,ieph5quieN,Berry,Folkes,4993 Poplar Street,Hickory Hills,IL,60457,MasterCard,5581462010964086,369,1/2014
Burem1939,JohnNGuse@spambob.com,izeeG8eed6r,John,Guse,1051 Hott Street,Oklahoma City,OK,73119,Visa,4532731365735785,658,7/2015
Pask1938,RyanNBrennan@spambob.com,Ou3hupo2oo,Ryan,Brennan,56 Southern Street,Garden City,NY,11530,Visa,4929623016905647,002,5/2014
Crishere,TammyARaulston@dodgit.com,Yo9yaiPei,Tammy,Raulston,1617 Swick Hill Street,Angleton,TX,77515,MasterCard,5208731269158209,660,5/2016
Youled1945,TraceyNPhillips@spambob.com,ahbe9Aizei,Tracey,Phillips,1404 Ritter Street,Anniston,AL,36207,MasterCard,5226366571382946,736,2/2015
Awly1944,BeatriceWNaber@dodgit.com,deiNoov9choo,Beatrice,Naber,1434 Cliffside Drive,Binghamton,NY,13901,Visa,4716357044428804,632,5/2014
Comenis43,CathyDBohn@spambob.com,Aja9fee9,Cathy,Bohn,4549 Archwood Avenue,Mountain View,WY,82939,MasterCard,5236526662357028,752,10/2016
Smay1966,GaylordAWilliams@trashymail.com,oGheatoo7qu,Gaylord,Williams,2393 Buena Vista Avenue,Springfield,OR,97477,MasterCard,5172236613212829,292,7/2014
Sureed,ConnieTPortugal@spambob.com,Ahsaiqu7hai,Connie,Portugal,1503 Meadowcrest Lane,Frenchburg,KY,40322,MasterCard,5545838176405441,353,6/2015
Drined,DavidMCrum@trashymail.com,ithohs8ziiGh,David,Crum,3414 Rockwell Lane,Kinston,NC,28501,Visa,4916439918428579,786,9/2013
Paut1947,AlbertKMcClure@pookmail.com,xoonaiWaad9,Albert,McClure,2248 Hickory Lane,Washington,DC,20005,MasterCard,5228064137541752,475,4/2016
Coultoy,SarahRMilliken@trashymail.com,ohkoo0Iec,Sarah,Milliken,3587 Cedar Lane,Cambridge,MA,02141,MasterCard,5504068433764047,189,12/2015
Intond,AnaJVillanueva@trashymail.com,AhWanie9,Ana,Villanueva,4833 Eastland Avenue,Jackson,MS,39212,MasterCard,5532839538290302,712,7/2014
Ofue1987,CharlesSLosada@trashymail.com,eexaPhir9g,Charles,Losada,1866 Rivendell Drive,Youngstown,OH,44509,MasterCard,5368689472130264,730,9/2014
Saity1979,MarthaPGross@spambob.com,Pai1Lie4Ve9,Martha,Gross,4923 Haul Road,Daly City,CA,94015,Visa,4485942027647022,536,12/2013
Wereemild,PatriciaJCruz@trashymail.com,ieT4ealoogh,Patricia,Cruz,1034 Eagle Drive,Detroit,MI,48226,Visa,4532045321225132,214,11/2014
Wadboy1987,LauraBNoah@mailinator.com,faesh6Nioph,Laura,Noah,2198 Sugar Camp Road,Tracy,MN,56175,Visa,4716287869267732,477,7/2015
Haviculd,KathrynJJordan@spambob.com,Dae6awohl,Kathryn,Jordan,2291 Forest Drive,Alexandria,VA,22312,MasterCard,5532985665427124,439,10/2016
Sout1929,LatishaCMcCracken@dodgit.com,qui3eT7lahv,Latisha,McCracken,592 Walton Street,Provo,UT,84606,MasterCard,5428988631427647,752,11/2014
Twithering,AndrewJCochran@trashymail.com,noch3Diel1C,Andrew,Cochran,2065 Hawks Nest Lane,Stlouis,MO,63101,MasterCard,5246224989203830,744,9/2017
Bours1983,JamesMSchacher@trashymail.com,ook4Eichahph,James,Schacher,2273 Wayback Lane,Hicksville,NY,11612,Visa,4539781256301638,356,1/2016
Olithad1974,MarkMCohen@spambob.com,qua1waiPh7,Mark,Cohen,3852 McKinley Avenue,Denver,CO,80218,MasterCard,5195178452392739,400,12/2013
Oultiventy,EdwardLPettiford@dodgit.com,Ood0Iiroh4,Edward,Pettiford,4322 Lindale Avenue,Berkeley,CA,94707,MasterCard,5504977345959356,474,5/2016
Susher,ClaraLYoung@pookmail.com,fooTohb9n,Clara,Young,2416 Dovetail Estates,Sayre,OK,73662,Visa,4539155311927465,659,1/2015
Reptit,AshleyRHardage@pookmail.com,ocai0Ahnahth,Ashley,Hardage,1583 Shadowmar Drive,New Orleans,LA,70118,Visa,4716384143264104,460,11/2015
Viturts,BrendaRChmura@dodgit.com,quei6ieK,Brenda,Chmura,1368 Leisure Lane,Thousand Oaks,CA,91360,MasterCard,5276297640604847,100,3/2017
Thadmories,ChristopherJRogers@trashymail.com,AhshaeMi8L,Christopher,Rogers,1933 Seth Street,Abilene,TX,79602,MasterCard,5596943346308505,310,10/2014
Abouldis,ZaidaTWagner@mailinator.com,Phiyoh7uu,Zaida,Wagner,4272 Hill Haven Drive,Coper Cove,TX,76566,MasterCard,5388116687852348,879,12/2013
Everoseet,LeonardoEReed@mailinator.com,ohcie2Ai,Leonardo,Reed,4898 Hood Avenue,Carlsbad,CA,92009,Visa,4485529077654402,090,10/2017
Camvintat,RigobertoMOrr@spambob.com,Aishae0oogh,Rigoberto,Orr,2280 Davisson Street,Muncie,IN,47303,Visa,4716563919641955,553,2/2017
Acrew1948,CyrusSTilford@trashymail.com,faw7etaehiN,Cyrus,Tilford,240 Losh Lane,Bridgeville,PA,15017,Visa,4539134880602973,493,8/2017
Parmak39,IsiahCOsborne@dodgit.com,bi3AipeCu,Isiah,Osborne,1940 Glen Street,Radcliff,KY,40160,Visa,4485384404055331,200,11/2013
Nedify,StephenMHernandez@dodgit.com,sei9Ahd7aix,Stephen,Hernandez,946 Brown Avenue,Gray Court,SC,29645,Visa,4716266046133074,088,12/2015
Thesed,MatthewRRubio@pookmail.com,eegheeh5Gi3,Matthew,Rubio,1486 Finwood Road,Lakehurst,NJ,08733,MasterCard,5500802899950276,423,9/2016
Thess1966,WilliamSChamp@mailinator.com,ze4Upoh2Je,William,Champ,2516 Fairfield Road,Sullivan,WI,53178,MasterCard,5507188417048766,974,1/2015
Morningard,ChristopherARoller@dodgit.com,iuNgo2nop,Christopher,Roller,2180 Willow Oaks Lane,Lafayette,LA,70501,Visa,4916570239500736,405,3/2013
Decten84,CharlesSAlston@mailinator.com,koKai2sa,Charles,Alston,3868 Garfield Road,Bartonville,IL,61607,Visa,4539159239799154,333,10/2017
Carnall,MargaretJCaldwell@mailinator.com,mae9oJei6aj,Margaret,Caldwell,468 Clifford Street,Oakland,CA,94612,Visa,4539947668703501,037,3/2017
Donch1978,MargaritaMHuhn@mailinator.com,tie6Chooro9,Margarita,Huhn,1207 Randolph Street,South Boston,MA,02127,MasterCard,5423589701680233,760,11/2013
Anct1968,PaulDBall@dodgit.com,Chei4eimee,Paul,Ball,3420 Angus Road,New York,NY,10003,Visa,4539547489699506,199,2/2015
Whichave,RafaelIFelts@pookmail.com,aeth9Teeh,Rafael,Felts,3283 Elk Rd Little,Cascabel,AZ,85602,MasterCard,5196502794584225,372,3/2013
Carded91,MarilynJFitzgerald@trashymail.com,eR3Sie7ah,Marilyn,Fitzgerald,4122 Archwood Avenue,Alzada,WY,59311,MasterCard,5213043724575834,973,7/2017
Ustriblike,RonaldACarrillo@pookmail.com,Vieha3pai,Ronald,Carrillo,1948 Jerome Avenue,Mcallen,TX,78501,Visa,4916967626001007,656,8/2016
Bringer,ShereeKOliveri@dodgit.com,aiy6ahz2Roo,Sheree,Oliveri,2200 Creekside Lane,Santa Barbara,CA,93105,MasterCard,5406370071883678,390,5/2016
Pentagess,RubyCOakley@pookmail.com,te1aegheR,Ruby,Oakley,3056 Bastin Drive,Newark,PA,19714,Visa,4716471480845510,385,1/2016
Tong1982,PatriciaJRodriguez@spambob.com,ieJoh3eev2,Patricia,Rodriguez,3008 Ripple Street,Saginaw,MI,48607,MasterCard,5497628779418067,441,6/2017
Butheladich,ChristopherSRouse@mailinator.com,aiPhao6koh,Christopher,Rouse,4710 Elmwood Avenue,Philadelphia,PA,19103,Visa,4556916752821618,332,12/2017
Pophe1927,GloriaAMoore@mailinator.com,aegeTeeRae3a,Gloria,Moore,1645 Lyon Avenue,Walpole,MA,02081,Visa,4539633463060442,790,6/2014
Frivinse,TeresaGByers@trashymail.com,lu8eemaeJai0,Teresa,Byers,3876 Willow Oaks Lane,Lafayette,LA,70506,MasterCard,5226567287633130,172,6/2013
Baged1942,LanceFReyes@trashymail.com,ohb4ohPhoog,Lance,Reyes,3426 Cottrill Lane,Maryland Heights,MO,63043,Visa,4532174892516313,352,7/2016
Furaggion,WilliamJButts@mailinator.com,Sho9ihup,William,Butts,4070 Hayhurst Lane,Northville,MI,48167,Visa,4916803595377260,358,6/2016
Ribut1949,KevinABecker@spambob.com,AoYah4kah4i,Kevin,Becker,1877 Center Street,Springfield,OR,97477,MasterCard,5292280624307074,090,2/2016
Peraings,KathleenCBarnes@pookmail.com,eiH7shiiP,Kathleen,Barnes,1086 Seth Street,Menard,TX,76859,Visa,4539015612751115,889,5/2015
Theateran,DonnaJSmith@mailinator.com,ieng2aiGh,Donna,Smith,3549 Shadowmar Drive,New Orleans,LA,70115,MasterCard,5354302388530694,029,2/2017
Frount,RogerAThompson@mailinator.com,eithaiW9,Roger,Thompson,2189 Washington Street,Corpus Christi,TX,78476,Visa,4485192861956051,171,7/2014
Atly1938,TracyGChin@spambob.com,Ad8Eedevo,Tracy,Chin,2498 Romines Mill Road,Irving,TX,75038,MasterCard,5213475601286590,264,3/2015
Wharyince,SalvadorGFaught@trashymail.com,eif9OhraeRae,Salvador,Faught,1027 Saint Marys Avenue,Syracuse,NY,13202,Visa,4916463585406395,007,8/2016
Libler,SuzanneFMeek@dodgit.com,XamieBa9doh,Suzanne,Meek,1223 Medical Center Drive,Sarasota,FL,34236,MasterCard,5552785739587241,188,6/2014
Jecome,JoeyBCanipe@spambob.com,ahxak4nahCh,Joey,Canipe,1497 Flint Street,Atlanta,GA,30303,MasterCard,5475146698656572,410,4/2016
Thawased,IrisTHumphrey@trashymail.com,odooH0hu3ru,Iris,Humphrey,185 Traction Street,Spartanburg,SC,29303,MasterCard,5524200774476370,772,6/2015
Theite,LouisSCharles@mailinator.com,ahYa7dahw,Louis,Charles,2383 Lords Way,Trezevant,TN,38258,MasterCard,5532991177526734,619,12/2015
Cormit1934,GraceRBourgeois@mailinator.com,zei2APai,Grace,Bourgeois,2386 Ocala Street,Orlando,FL,32805,Visa,4716102366762293,035,5/2014
Infur1970,MichaelVFujii@trashymail.com,Aeso8phenai,Michael,Fujii,4263 Duke Lane,Newark,NJ,07102,Visa,4532925980720731,737,2/2014
Scomfor,EdwardMWhite@trashymail.com,Eic2laejah,Edward,White,415 East Avenue,Superstition,AZ,85207,Visa,4556471938123588,808,1/2013
Beet1946,MickeyLMcBee@spambob.com,ophi2pooTh3,Mickey,McBee,1257 Frum Street,Nashville,TN,37209,MasterCard,5132120883355717,454,9/2016
Aretteprieve1971,ClaytonJEstes@mailinator.com,uf4Ta8wei1,Clayton,Estes,3092 Joyce Street,Robertsdale,AL,36542,MasterCard,5494507419543653,123,12/2013
Uscoulk,PaulBMoore@pookmail.com,UuHaj4Pa0ei,Paul,Moore,4184 Davis Avenue,Petaluma,CA,94952,MasterCard,5407817107718061,867,3/2017
Haddess,ToddVVasquez@trashymail.com,eD0ioghaif,Todd,Vasquez,155 Broaddus Avenue,Louisville,KY,40202,MasterCard,5462022225157613,808,5/2013
Rusoody,JohnKKelly@dodgit.com,johK2Aighoo,John,Kelly,2030 Yorkshire Circle,Rocky Mount,NC,27801,MasterCard,5407772140654247,085,11/2013
Hispithe55,KymDMarker@dodgit.com,ohDahkipi1yoo,Kym,Marker,2231 Steele Street,Downers Grove,IL,60515,MasterCard,5176602967930819,163,6/2015
Hastoom,ScottMJoseph@mailinator.com,gee3EsheFei,Scott,Joseph,1195 Lightning Point Drive,Memphis,TN,38110,MasterCard,5592343446858307,574,6/2016
Agdocany,JuanitaMEllis@trashymail.com,wohY9hio8ei,Juanita,Ellis,1263 Cerullo Road,Louisville,KY,40205,Visa,4485431328215838,599,5/2013
Matuareen,JerrellBRoberts@dodgit.com,fiech2EiZ,Jerrell,Roberts,3475 Luke Lane,Elk City,OK,73644,Visa,4556275670245040,663,3/2015
Bing1970,ElizabethCHixon@dodgit.com,pei8eiNgah,Elizabeth,Hixon,4187 Willow Oaks Lane,Lafayette,LA,70506,Visa,4916335373121909,125,11/2014
Fortake79,LindaWLindsey@spambob.com,och7OutaeW,Linda,Lindsey,167 Woodlawn Drive,Milwaukee,WI,53204,Visa,4485389412185129,078,9/2016
Ablither,AlbertBSolorzano@dodgit.com,ien3Ohcahmu,Albert,Solorzano,4786 University Street,Seattle,WA,98109,Visa,4539500915865019,368,1/2015
Gairineyers1981,MaryTRae@dodgit.com,jei8ooGhu6eTh,Mary,Rae,2233 O Conner Street,Bay St. Louis,MS,39529,Visa,4916674553731966,324,1/2016
Sedged,LindaJSasaki@mailinator.com,tie4Fa7ee,Linda,Sasaki,1640 Whitman Court,Bridgeport,CT,06604,MasterCard,5299492204236796,518,4/2014
Humuch,BarbaraRCervantes@pookmail.com,si0of9IeZ,Barbara,Cervantes,4340 Overlook Drive,Richmond,IN,47374,MasterCard,5574168247072739,790,6/2016
Wortuld,ChristopherSHerring@dodgit.com,Mie2xooHie,Christopher,Herring,840 Franklin Street,Troy,AL,36081,Visa,4485889279343117,899,12/2016
Whigh1988,JenniferMSims@trashymail.com,die8iegi9Ai,Jennifer,Sims,2889 Timberbrook Lane,Westminster,CO,80030,Visa,4532778776015232,167,7/2017
Coorm1965,SarahLStoudt@pookmail.com,aohi0Ueng,Sarah,Stoudt,3928 Stratford Park,Newburgh,IN,47630,MasterCard,5491336930565737,246,10/2014
Quance,WalterRRivers@dodgit.com,Iiz7fiet9Th,Walter,Rivers,4778 Corpening Drive,Southfield,MI,48075,MasterCard,5144160876805035,890,2/2014
Congloged,KariCVogt@pookmail.com,shi4eibaeQu,Kari,Vogt,2583 Fort Street,Seattle,WA,98109,Visa,4556360505574366,832,9/2015
Flove1983,KellyMEllis@pookmail.com,EebiecaeG4,Kelly,Ellis,4437 Gordon Street,Los Angeles,CA,90017,MasterCard,5122022103252603,247,3/2015
Finlive,HattieJChristenson@mailinator.com,eeshe5ooPai,Hattie,Christenson,3363 Calvin Street,Salisbury,MD,21875,MasterCard,5147019382401399,573,6/2017
Mancien,CatherineLLuttrell@mailinator.com,deeg9aYias2,Catherine,Luttrell,3363 Oak Street,Winthrop,NY,13697,Visa,4716647842752698,609,8/2016
Burminfely,FrancesRBrannan@trashymail.com,shuu0Ou3H,Frances,Brannan,1308 Gladwell Street,Longview,TX,75601,MasterCard,5153218392100063,183,1/2014
Deatifight,WendyKHarris@spambob.com,Quieph6xu,Wendy,Harris,2410 Olen Thomas Drive,Iowa Park,TX,76367,Visa,4539747192791976,442,4/2013
Couran43,KurtisANoble@trashymail.com,Teet5mah9E,Kurtis,Noble,185 Radio Park Drive,Athens,GA,30601,MasterCard,5589599858538639,446,8/2016
Fing1968,BruceKWatterson@mailinator.com,queex2seH4,Bruce,Watterson,1262 Rogers Street,Cincinnati,OH,45231,MasterCard,5337745197274650,797,3/2017
Neas1980,KarenRConrad@mailinator.com,Iexaz7aesh,Karen,Conrad,877 Selah Way,Brattleboro,VT,05301,Visa,4539391936112056,652,12/2016
Composidand,LanieRMolina@dodgit.com,einohP0ienoa2,Lanie,Molina,4085 Cody Ridge Road,Keyes,OK,73947,MasterCard,5127574244472586,571,1/2013
Imsed1945,CynthiaJFenner@dodgit.com,Fiuph7ohF,Cynthia,Fenner,971 James Avenue,Wichita,KS,67218,MasterCard,5109173418361196,548,9/2016
Apereens1971,ChristopherSColvin@mailinator.com,ohCaighi3ju,Christopher,Colvin,3656 Heritage Road,Fresno,CA,93721,Visa,4539530621121571,367,6/2016
Councent,MaryMSmith@dodgit.com,shuenge1Eex,Mary,Smith,340 Stuart Street,Portland,PA,97205,MasterCard,5480982125489754,527,4/2014
Dideentele52,FrancesRCramer@mailinator.com,ocu1Rusi,Frances,Cramer,1207 Southern Street,Long Island City,NY,11101,MasterCard,5425405493404302,186,9/2016
Creas1971,JamesJMoore@mailinator.com,ohfuf1Ee,James,Moore,3489 Sun Valley Road,Yakima,WA,98902,Visa,4556900674493144,023,2/2014
Xxviiii,EricLGlover@spambob.com,Eefaiw4xai,Eric,Glover,555 Hudson Street,Newark,NJ,07102,Visa,4532246493594327,082,7/2014
Ablessi64,RicardaWMacpherson@pookmail.com,cei4Ahthah,Ricarda,Macpherson,2288 Vesta Drive,Chicago,IL,60641,MasterCard,5539558407259825,470,4/2017
Inity1927,JoseJRoberts@mailinator.com,Joupeec8,Jose,Roberts,2442 Illinois Avenue,Portland,OR,97205,MasterCard,5490813130844337,880,2/2017
Poppershe,MarieWGonzalez@pookmail.com,zaw4uiRuibie,Marie,Gonzalez,4899 Pinnickinnick Street,Lavallette,NJ,08752,MasterCard,5346386797016412,004,3/2016
Murdelize,LucilleGCummings@pookmail.com,zoxeeP1tai,Lucille,Cummings,3075 Duff Avenue,Cabot,VT,05647,Visa,4485622813661433,406,11/2017
Butaked,LarryJMcLeod@dodgit.com,Aichaeh4,Larry,McLeod,3196 Bungalow Road,Dorchester,NE,68343,MasterCard,5188666128605749,289,2/2014
Thersemeaten,BrandonTVictoria@pookmail.com,peuZooph7ei,Brandon,Victoria,4209 Chenoweth Drive,Clarksville,TN,37040,Visa,4556112540903781,770,11/2017
Mues1991,GregoryCHarmon@pookmail.com,eiy0Aengi4E,Gregory,Harmon,1777 Oakdale Avenue,Tampa,FL,33614,Visa,4716151356034213,155,3/2016
Fulaw1943,JoeJJackson@mailinator.com,ahquonahC4oo,Joe,Jackson,374 Young Road,Boise,ID,83716,MasterCard,5470036835744685,399,5/2015
Squitive1960,JasonBHernandez@trashymail.com,doo2aaneXe,Jason,Hernandez,2874 Tenmile,Wakefield,VA,23888,Visa,4929823971308155,733,4/2016
Confled,TimothyBThomas@pookmail.com,Ahng8Ohgae4,Timothy,Thomas,4542 Chipmunk Lane,Cutler,ME,04626,MasterCard,5121724457601241,140,12/2016
Brebrugh,ReginaRTyson@spambob.com,eHead3sie,Regina,Tyson,286 Rose Avenue,Chalmette,LA,70043,MasterCard,5216761513919932,175,8/2016
Knorker1941,ChasityJGrant@spambob.com,EXae8eebie,Chasity,Grant,3105 Dye Street,Chandler,AZ,85225,Visa,4716244722950434,038,5/2014
Frentint,AnthonyABennett@mailinator.com,pahsuth3Hi,Anthony,Bennett,1111 Rafe Lane,Jackson,MS,39201,MasterCard,5321445235587548,329,11/2017
Congthed,ClaytonKWatson@dodgit.com,dia3Asi3isuk,Clayton,Watson,3304 Confederate Drive,North Syracuse,NY,13212,Visa,4485721591489213,128,1/2013
Hatratilis,BrettJHarrington@spambob.com,EigiM6Oh,Brett,Harrington,3214 Lighthouse Drive,Branson,MO,65616,MasterCard,5477732156888902,418,1/2013
Succall,DavidFDelp@dodgit.com,Eequee7ah,David,Delp,597 Pinewood Drive,Chicago,IL,60606,Visa,4716384944276281,769,6/2017
Wortly,DougJSanders@trashymail.com,giSai1ju1,Doug,Sanders,3538 Mapleview Drive,Tampa,FL,33602,Visa,4532031949764702,812,12/2016
Nowely,RyanKEstep@spambob.com,eoghei9Sooz,Ryan,Estep,979 Petunia Way,Birmingham,AL,35209,MasterCard,5425775446077334,524,7/2014
Kessad,LemuelEBrooks@pookmail.com,yohMee9vai,Lemuel,Brooks,2452 Red Dog Road,Charlotte,NC,28202,Visa,4716953060029714,610,12/2017
Youdibetent,KirbyFAlvarez@spambob.com,ooCou9Cae,Kirby,Alvarez,1579 Clay Street,Indianapolis,IN,46214,MasterCard,5266152864360463,460,7/2016
Wassileall1943,AnthonySMartin@mailinator.com,Heh2epie,Anthony,Martin,1630 Honeysuckle Lane,Seattle,WA,98109,MasterCard,5413459241960192,183,7/2016
Therean,MaryMLarkin@dodgit.com,tiePhe3qu,Mary,Larkin,3848 Richison Drive,Kalispell,MT,59901,MasterCard,5581906397291679,063,11/2017
Sailse1977,JudyALeake@spambob.com,Je7iekomei,Judy,Leake,1107 Badger Pond Lane,Sharon,PA,16146,MasterCard,5419860107641228,829,4/2017
Dinnalie,RobertCHeaton@mailinator.com,Phue8lee,Robert,Heaton,975 Java Lane,Aiken,SC,29801,Visa,4532525408764723,102,7/2017
Browit,KennethTBrown@dodgit.com,quaeBie2oh,Kenneth,Brown,1575 Parker Drive,Cleveland,OH,44114,MasterCard,5288346817121873,577,7/2017
Marsou,AndrewDSanchez@pookmail.com,Vielir0Ei,Andrew,Sanchez,3559 University Street,Seattle,WA,98101,Visa,4556505303631996,361,2/2014
Priend,VincentSLeblanc@trashymail.com,Sheiqueiph9,Vincent,Leblanc,4271 Drummond Street,Newark,NJ,07102,MasterCard,5564793805106652,144,12/2014
Coultle,AlphonsoEGarrity@mailinator.com,phiteirue3W,Alphonso,Garrity,493 Willison Street,Wayzata,MN,55391,Visa,4532326425327747,310,7/2014
Statted1933,MaryTMurray@dodgit.com,Oehookud4oh,Mary,Murray,321 Heron Way,Grand Island,OR,97114,Visa,4532242055857731,289,7/2014
Gint1980,DenisePGoodwin@dodgit.com,aez8phu9Dusoh,Denise,Goodwin,1051 Wayback Lane,Hicksville,NY,11612,Visa,4539576270121719,323,1/2016
Licers,WallaceSFarley@mailinator.com,aiBoo8Lohnoh,Wallace,Farley,2069 Olive Street,Bluffton,OH,45817,MasterCard,5310851170941603,370,12/2015
Thre1982,CharlesSRobertson@mailinator.com,kiZah4ku2ah,Charles,Robertson,2502 Cardinal Lane,Champaign,IL,61820,MasterCard,5153020409727767,174,3/2017
Odis1945,DavidKGomez@pookmail.com,Tedir9kooth,David,Gomez,1161 Collins Street,Tampa,FL,33614,MasterCard,5260442788802302,818,12/2014
Somakingdon,RichardCVaughn@trashymail.com,Phu5ohth,Richard,Vaughn,4523 Monroe Street,Houston,TX,77036,Visa,4716422644913413,748,1/2016
Thujusither32,JeanKGust@trashymail.com,Aizeeth5w,Jean,Gust,3351 Stoney Lane,Irving,TX,75060,Visa,4929851392791220,639,10/2013
Hoempot,GeraldJClark@mailinator.com,li3xeF5goCh,Gerald,Clark,753 Badger Pond Lane,Saint Petersburg,FL,33710,MasterCard,5319568320465744,200,10/2014
Dideas,JohnLDaugherty@mailinator.com,XeeSah1zoo9,John,Daugherty,4919 Logan Lane,Denver,CO,80022,MasterCard,5455682744589346,911,3/2014
Onsts1963,DustinLGriffin@pookmail.com,ieNgeoCeim1,Dustin,Griffin,2754 Turkey Pen Road,New York,NY,10016,MasterCard,5307632132279133,424,9/2016
Molon1945,KerryBYates@dodgit.com,eek6aiNg2ae,Kerry,Yates,4440 Custer Street,Sykesville,PA,15865,Visa,4532837870361023,010,4/2017
Eatentsen,JohnEMagana@pookmail.com,Eoghu3aur,John,Magana,611 Camden Street,Reno,NV,89501,Visa,4539805795272925,792,9/2013
Beirinked,SharonJVaughn@spambob.com,ubua8Ier7ph,Sharon,Vaughn,2644 Roy Alley,Denver,CO,80202,MasterCard,5432750264563138,567,12/2014
Gread1986,MattieESimmons@mailinator.com,wojaiVief8oo,Mattie,Simmons,381 Palmer Road,Westerville,OH,43081,MasterCard,5478246473651363,014,8/2017
Hourne1969,GlendaJHanson@pookmail.com,eengi2aJ,Glenda,Hanson,1163 Kildeer Drive,Norfolk,VA,23502,Visa,4929521368903808,618,12/2014
Iltive1969,AlfredoMHarris@dodgit.com,Oush1suanea,Alfredo,Harris,4225 Juniper Drive,Southfield,MI,48075,Visa,4485188631533022,636,12/2014
Reep1932,JoseMHarrison@spambob.com,thaa9Xoo6u,Jose,Harrison,4424 Goff Avenue,Galien,MI,49113,Visa,4716879435367499,715,4/2014
Liffeccand,GregoryRPalmer@spambob.com,aiV4xeaqu,Gregory,Palmer,1180 Walton Street,Provo,UT,84606,MasterCard,5328332059982844,642,1/2014
Histar,VirginiaGPearson@dodgit.com,UuNahR5a,Virginia,Pearson,2085 Giraffe Hill Drive,Dallas,TX,75234,Visa,4916385984931303,507,7/2015
Forthand,EricMGriffin@trashymail.com,aothae0Ee,Eric,Griffin,1357 Pinewood Drive,Burr Ridge,IL,61257,Visa,4916525755170082,293,9/2015
Hearay,TheresaADavis@spambob.com,HaiC2Ahvi6A,Theresa,Davis,4086 Nicholas Street,Atwood,KS,67730,Visa,4916102211966329,134,3/2017
Sents1959,BrianCAndrews@spambob.com,eishoN2oh,Brian,Andrews,3564 Summit Park Avenue,Westland,MI,48185,Visa,4532667422537220,403,8/2013
Blamot,FannieDCollins@trashymail.com,EeleeNg6,Fannie,Collins,3355 Cedar Street,Batesville,AR,72501,MasterCard,5384367068662590,984,12/2016
Feameter,AdamSLovett@mailinator.com,zooxoo9id4Sh,Adam,Lovett,2478 Sugarfoot Lane,Liberty,IN,47353,MasterCard,5585706903233595,996,8/2017
Warnisses1958,SarahJGaymon@pookmail.com,Phoh5thoodoh,Sarah,Gaymon,4425 Lighthouse Drive,Lebanon,MO,65536,Visa,4539431287969728,448,7/2014
Bizin1955,DavidJBrown@pookmail.com,Aisu9EiquuW,David,Brown,2590 Harrison Street,San Francisco,CA,94122,Visa,4929318159416557,726,7/2015
Hitherise,EvelynPHecht@pookmail.com,peziiSh8sai,Evelyn,Hecht,1949 Long Street,Ocala,FL,34471,Visa,4916904174323780,464,9/2015
Hambsood,RebeccaLCanfield@mailinator.com,ahb1Xae2ie,Rebecca,Canfield,2183 Adams Drive,Northrup,TX,78942,Visa,4532868783662454,745,3/2014
Somematim,MarkMBowman@spambob.com,uVoh2kug5,Mark,Bowman,4071 Broad Street,Birmingham,AL,35222,Visa,4929732466269683,985,5/2014
Camble1974,JenniferRJohnson@pookmail.com,Fekee9ohk5ko,Jennifer,Johnson,3320 Buckhannan Avenue,East Syracuse,NY,13057,MasterCard,5243921992049570,002,2/2013
Decat1947,DanielDCarbajal@dodgit.com,chox9Ciey3,Daniel,Carbajal,4186 Cardinal Lane,Mattoon,IL,61938,MasterCard,5595431682125270,198,10/2013
Therlhe,DonMNeal@mailinator.com,WohJ2uiph,Don,Neal,2255 Rollins Road,Merna,NE,68856,MasterCard,5516101945588251,590,12/2014
Humodys30,MelissaJPinney@mailinator.com,ohp2eFoo0,Melissa,Pinney,201 Lakewood Drive,Jersey City,NJ,07306,Visa,4485474280433718,089,9/2015
Therver,RaymondRBrown@pookmail.com,mo1ien9eeNg,Raymond,Brown,4031 Briercliff Road,New York,NY,10014,Visa,4716621779413137,190,7/2016
Anderently,JasonFRowe@pookmail.com,aht7jae6Joo,Jason,Rowe,1119 Camel Back Road,Boley,OK,74829,MasterCard,5470977697843760,652,4/2016
Backad,MaggieJOwens@trashymail.com,eefetohLu0f,Maggie,Owens,2180 Maple Lane,Madison,AL,35758,MasterCard,5149705690782672,847,11/2017
Acesturod,KathleenDAnderson@dodgit.com,id7Pahng,Kathleen,Anderson,2030 Metz Lane,Woburn,MA,01801,Visa,4556255085386308,047,9/2016
Onseld49,TrevorABailey@mailinator.com,eetu2ohh2S,Trevor,Bailey,3185 Walton Street,Provo,UT,84606,Visa,4539263342337439,691,2/2015
Hatine85,ElaineAStevenson@mailinator.com,Pho0ci0T,Elaine,Stevenson,4957 Overlook Drive,Crawfordsville,IN,47933,MasterCard,5415088789135095,073,9/2017
Hisheight,MaryAThompson@dodgit.com,feevee3ueP1,Mary,Thompson,1077 Crowfield Road,Phoenix,AZ,85003,Visa,4532067455101459,844,10/2017
Surmay,ValerieJGrace@dodgit.com,Ahthee4oov3,Valerie,Grace,466 Marcus Street,Huntsville,AL,35802,MasterCard,5560281277527583,124,2/2014
Trounertaing,FrancisPKnox@pookmail.com,eWeich1roong,Francis,Knox,3294 University Hill Road,Springfield,IL,62701,Visa,4485679668610642,997,12/2016
Butchey,HaroldVSmith@pookmail.com,mi0Asheoj0,Harold,Smith,1766 Bartlett Avenue,Plymouth,MI,48170,MasterCard,5457508679143965,994,5/2015
Linet1980,DustinDCline@spambob.com,AeH5queevaixah,Dustin,Cline,4324 Cabell Avenue,Washington,VA,20008,Visa,4485401539284998,910,1/2015
Brablessed,OfeliaMMcGinn@pookmail.com,meejoh1iNg,Ofelia,McGinn,1346 Jerry Dove Drive,Daniel Island,SC,29492,Visa,4485195951391642,614,5/2017
Prepertion,GlendaMJones@trashymail.com,iPahgiqu0gae,Glenda,Jones,3507 Pinewood Avenue,Menominee,MI,49858,Visa,4916327230380331,722,5/2017
Finand,VioletJRomero@trashymail.com,oeV5Booquaev,Violet,Romero,1901 Bobcat Drive,Washington,MD,20024,MasterCard,5152695471443210,355,8/2017
Loor1981,StevenBRamirez@dodgit.com,die9ohk9Cai,Steven,Ramirez,2334 Pineview Drive,Pemberton,MN,56078,MasterCard,5295205456752508,047,3/2013
Thesent1985,ElizabethTRogers@trashymail.com,maifai7Righu,Elizabeth,Rogers,394 Austin Avenue,Savannah,GA,31405,MasterCard,5169818370060825,969,1/2014
Wrion1952,JohnMGaylord@trashymail.com,ANg1eiBah,John,Gaylord,4072 Thompson Street,Cypress,CA,90630,Visa,4539547945886838,096,11/2016
Anderpried,BrettRHallowell@pookmail.com,OhVie3ab1phei,Brett,Hallowell,3100 Prudence Street,Westland,MI,48185,MasterCard,5587103051392290,460,1/2014
Eavere1967,DanielleEBeckwith@pookmail.com,foh0MaaSh,Danielle,Beckwith,2800 Agriculture Lane,Bluefield,WV,24701,Visa,4556007749642497,161,9/2013
Saithe1985,StevenJMiller@dodgit.com,iz8Uu5Eich,Steven,Miller,440 Cherry Tree Drive,Jacksonville,FL,32205,MasterCard,5267505136659534,146,6/2017
Neseece,EdwardJSinclair@pookmail.com,ohx7Ing7Ee,Edward,Sinclair,3200 Lost Creek Road,Wayne,PA,19087,Visa,4539798565677888,477,8/2015
Eleer1981,JessicaLBecker@trashymail.com,Eed4AhimiCae,Jessica,Becker,2435 Veltri Drive,Juneau,AK,99801,Visa,4539528552901516,685,9/2017
Theyel,BrettKCarter@trashymail.com,Wooshe2Ye,Brett,Carter,4921 Corpening Drive,Southfield,MI,48235,MasterCard,5426919573784796,837,8/2013
Horks1950,RandyRWright@pookmail.com,AhChu1bai,Randy,Wright,101 Wood Street,Morgan City,LA,70380,MasterCard,5326289563865992,238,3/2014
Cabou1954,JarrodBSabo@trashymail.com,ooH7bei6iTo,Jarrod,Sabo,1000 Marigold Lane,Miami,FL,33176,Visa,4916485259841268,294,11/2015
Truity,NevaTMcAlister@dodgit.com,oiNgu9xaVai,Neva,McAlister,532 Traction Street,Saluda,SC,29138,Visa,4556021850461381,535,9/2015
Whaboying,MaryCGoines@dodgit.com,Efi0chohpee,Mary,Goines,3642 Frum Street,White House,TN,37188,MasterCard,5282924066271932,497,12/2013
Saids1937,RayEBennett@mailinator.com,doh3IeGoch,Ray,Bennett,935 Hoffman Avenue,New York,NY,10013,Visa,4556075622696500,801,4/2017
Chme1988,NellySLovely@pookmail.com,eiShad0eish,Nelly,Lovely,1771 Badger Pond Lane,Tampa,FL,33602,Visa,4532591021507345,164,10/2015
Mards1971,ThomasEPerez@spambob.com,aipie1bei3Ie,Thomas,Perez,3863 Coplin Avenue,Phoenix,AZ,85012,Visa,4556529168513842,799,4/2016
