Username,EmailAddress,Password,GivenName,Surname,StreetAddress,City,State,ZipCode,CCType,CCNumber,CVV2,CCExpires
Trae1962,KevinRRobinson@spambob.com,Ahjei4Ohy,Kevin,Robinson,863 Graystone Lakes,Chester,GA,31012,Visa,4539460180925982,243,2/2015
Thut1927,AmyPGarner@mailinator.com,uu0teiShiec,Amy,Garner,613 Chipmunk Lane,Biddeford,ME,04005,MasterCard,5312034757562633,224,7/2016
Hologe,EmmalineDAyers@spambob.com,IeToh7Kabequ,Emmaline,Ayers,1991 Geraldine Lane,New York,NY,10011,Visa,4539676775146342,862,1/2015
Doormemas1968,ScottDSimpson@trashymail.com,yeith0FeeRai,Scott,Simpson,2565 Java Lane,Estill,SC,29918,Visa,4485750086503584,291,11/2017
Alver1937,JohnDMitchell@dodgit.com,othohb1Oo,John,Mitchell,857 Caldwell Road,Rochester,NY,14621,MasterCard,5240896465015964,147,4/2017
Gisabloo,HarryDArno@mailinator.com,she6ahZ8y,Harry,Arno,613 Oakwood Circle,Santa Ana,CA,92705,MasterCard,5394110772578951,259,5/2016
Meated,FranciscoMTang@dodgit.com,Fie4thae7foo,Francisco,Tang,204 Crosswind Drive,Henderson,KY,42420,MasterCard,5338000381879388,010,7/2014
Chases27,MichaelCSims@dodgit.com,eeph0Ahhu,Michael,Sims,973 Smith Street,Walpole,MA,02081,MasterCard,5552419971786416,267,6/2017
Nots1984,GilbertWRodriguez@mailinator.com,Gohwai5zoom,Gilbert,Rodriguez,2971 Flinderation Road,Harvey,IL,60426,Visa,4716129005440502,699,1/2017
Orty1984,AndreaEValencia@spambob.com,Dohbae1ei,Andrea,Valencia,2849 Kovar Road,Bedford,MA,01730,Visa,4916330498924634,276,7/2014
Henive85,BeatriceBKidwell@mailinator.com,ohMapoo6ee,Beatrice,Kidwell,3250 Commerce Boulevard,Omaha,NE,68132,Visa,4916982843898382,942,8/2017
Hicad1960,JosephRBurch@trashymail.com,Joe7nei9Goh,Joseph,Burch,2477 Clover Drive,Colorado Springs,CO,80907,Visa,4539738018362340,051,6/2016
Wilicul,JaneDSkinner@spambob.com,ietahKuTh5p,Jane,Skinner,40 Thorn Street,Casper,WY,82601,Visa,4716810145806062,617,6/2015
Fingthily,GabrielaJSantoyo@dodgit.com,pe0Car7Ae,Gabriela,Santoyo,317 Parkway Drive,Nogales,AZ,85621,Visa,4539766215647908,979,7/2014
Handow,JuanDGalyean@trashymail.com,yeiBa0Eiph,Juan,Galyean,3873 Williams Mine Road,Lebanon (Hunterdon),NJ,08833,MasterCard,5480955266254526,104,1/2014
Prole1927,PaulRLopez@trashymail.com,jahthai7Ei,Paul,Lopez,4446 Haven Lane,Dimondale,MI,48821,Visa,4929158396384022,569,4/2013
Buited30,ElaineCLyle@dodgit.com,ieSeij4eed,Elaine,Lyle,4819 James Martin Circle,Columbus,OH,43215,MasterCard,5283206212841100,992,2/2013
Texed1976,MarjorieADorsey@dodgit.com,xohc1ailo6Ee,Marjorie,Dorsey,4398 Farland Avenue,Victoria,TX,77901,MasterCard,5198878540195971,595,11/2017
Ficepleturem,HowardEBaer@mailinator.com,feeyo2Uuy9i,Howard,Baer,2571 Wyatt Street,West Palm Beach,FL,33409,Visa,4929685051451449,758,3/2016
Ludged,GinaNRiley@dodgit.com,quoo1Shogi,Gina,Riley,3836 Hall Valley Drive,Stonewood,WV,26301,MasterCard,5526894310762182,848,9/2017
Whid1944,KarlaGMorgan@trashymail.com,ood9queiJ1,Karla,Morgan,4397 Marion Drive,Tampa,FL,33624,Visa,4532208255707158,362,12/2016
Calawn38,HenryTRuddell@pookmail.com,cah6baCh,Henry,Ruddell,871 Single Street,Boston,MA,02110,Visa,4916299201443184,500,9/2014
Bareselle,MargaretGRiley@pookmail.com,kio9Ieg0jai,Margaret,Riley,21 Butternut Lane,Millstadt,IL,62260,Visa,4539143310852017,295,1/2016
Frict1952,PamelaMDavila@mailinator.com,aeghai1UBoh,Pamela,Davila,1594 Post Farm Road,Atlanta,GA,30309,MasterCard,5310629790957575,776,8/2014
Retion,BartJCarter@mailinator.com,OoWei0en,Bart,Carter,2664 Mesa Drive,Las Vegas,NV,89121,Visa,4539371773680381,840,6/2015
Pritioneatch1991,MyrtlePChrisman@trashymail.com,ael0RaiBie9sh,Myrtle,Chrisman,2401 Ventura Drive,Salinas,CA,93901,MasterCard,5146110020894847,008,10/2014
Fouty1934,ChristinaAGoode@pookmail.com,Ugeik8onugegh,Christina,Goode,3899 Bobcat Drive,Washington,MD,20005,MasterCard,5543710195517708,961,9/2013
Hade1962,TerryGMartinez@spambob.com,cohH9ab1long,Terry,Martinez,3197 Green Avenue,Oakland,CA,94609,MasterCard,5252987501009528,927,12/2017
Whinkent,KristiRJames@mailinator.com,Yee5aeleipa,Kristi,James,2372 Hickory Lane,Washington,DC,20005,MasterCard,5246471776673531,418,9/2013
Symbee,LukeHHill@mailinator.com,Ao0ooPaiD,Luke,Hill,1387 Charmaine Lane,Patricia,TX,79373,Visa,4539639304886366,289,8/2016
Lowed1944,JoseBWashington@mailinator.com,unie7iqu0Rae,Jose,Washington,3062 Braxton Street,Marseilles,IL,61341,MasterCard,5147615588165850,992,7/2013
Beginge,MarciaDSilva@trashymail.com,aerahgiR5,Marcia,Silva,1813 Layman Court,Atlanta,GA,30308,MasterCard,5368748254037145,368,5/2016
Gager1937,ClaraBDacosta@spambob.com,iD2eceivee,Clara,Dacosta,16 Fulton Street,Parkersburg,WV,26101,Visa,4929442150857559,296,12/2016
Formato,JoseLAnderson@pookmail.com,ohthae3Xah,Jose,Anderson,495 Oral Lake Road,Shakopee,MN,55379,MasterCard,5463092750865145,659,5/2016
Altoot,StevenSBell@dodgit.com,Nei1eiCoov,Steven,Bell,1163 Lewis Street,Chicago,IL,60631,MasterCard,5303917032327486,251,4/2014
Fradenurry1986,BillySPayne@trashymail.com,eith2aeJa,Billy,Payne,4496 Bridge Street,Mccurtain,OK,74944,Visa,4929639198302817,551,1/2014
Theed1980,RichardYHuebner@mailinator.com,MuiWei7ahLe,Richard,Huebner,4905 Hewes Avenue,Baltimore,MD,21201,MasterCard,5116758579595755,269,1/2016
Indecing,KarenCWurster@trashymail.com,poJ4Eish,Karen,Wurster,2657 Pennsylvania Avenue,New Brunswick,NJ,08901,MasterCard,5227031713282003,943,5/2013
Whichim,LindaDMiddleton@trashymail.com,aajupoaSe0ie,Linda,Middleton,4995 Kemper Lane,Salt Lake City,UT,84104,Visa,4916355172774922,586,6/2013
Opurnerly,AlishaBBibbs@pookmail.com,Oht4queh9ju,Alisha,Bibbs,1067 Poling Farm Road,Lincoln,NE,68504,MasterCard,5528845124998550,148,4/2013
Nesecale93,RolandoIAllsop@trashymail.com,imiphaiw5Oh,Rolando,Allsop,2734 Pineview Drive,Owatonna,MN,55060,Visa,4556843491310085,099,10/2014
Liventintles1988,GeorgeRCaggiano@mailinator.com,OLooSah4,George,Caggiano,4321 Williams Avenue,Los Angeles,CA,90017,Visa,4916001970928316,097,4/2016
Madever,ClaytonCHiggins@spambob.com,Ib3Eexa4aok,Clayton,Higgins,1186 Dark Hollow Road,Atlantic City,NJ,08401,Visa,4556602919301849,350,7/2014
Witally60,ShelbyMFabian@pookmail.com,chio2aaTaech,Shelby,Fabian,3724 Harron Drive,Baltimore,MD,21201,MasterCard,5234033386269839,416,5/2013
Hattlem92,RubenARamsay@trashymail.com,Vood2iePo,Ruben,Ramsay,3903 Hawks Nest Lane,Hazelwood,MO,63042,Visa,4485718369637338,827,7/2016
Werse1970,JamieJCole@trashymail.com,Etuugi3Eigh,Jamie,Cole,4859 Java Lane,Columbia,SC,29210,MasterCard,5470215243881202,098,8/2016
Loverets,AngelaJDavidson@pookmail.com,AhcooNgu4ug,Angela,Davidson,2720 Chestnut Street,Tampa,FL,33610,MasterCard,5337505213076715,695,12/2017
Renturem,DianeRDyar@trashymail.com,aihu4eeNoh1,Diane,Dyar,2049 Marcus Street,Birmingham,AL,35222,MasterCard,5503718003843966,052,3/2016
Ordear82,TonyaWMiranda@pookmail.com,hie9ke7WoSi,Tonya,Miranda,3016 Edwards Street,New Bern,NC,28560,Visa,4929724884421616,613,10/2013
Tionot,ThomasKHall@trashymail.com,coTh3phie,Thomas,Hall,4376 Kuhl Avenue,Norcross,GA,30093,MasterCard,5333210031002936,330,8/2016
Lijjoing,MichaelBSoderlund@spambob.com,aGhee3awu,Michael,Soderlund,1466 Preston Street,Pawnee Rock,KS,67567,MasterCard,5270626945810228,959,2/2014
Thicate,EulaLWood@trashymail.com,She4duCeeK,Eula,Wood,4084 Alexander Avenue,Dublin,CA,94568,MasterCard,5423057732510407,122,7/2015
Cancersten,RobertJWard@trashymail.com,Pee6Yizo,Robert,Ward,1573 Valley Drive,Eagleville,PA,19403,MasterCard,5437512419626433,027,5/2015
Distion55,MichaelJOwens@mailinator.com,quoo9Titoo,Michael,Owens,458 Old Dear Lane,New City,NY,10956,Visa,4556166064964769,722,12/2014
Aforessind,KathleenKJefferson@pookmail.com,fu0eiJeiL,Kathleen,Jefferson,1093 Pyramid Valley Road,Hartwick,IA,52232,MasterCard,5196409423394960,292,2/2014
Befull,MariannaJGlaude@dodgit.com,eThoo2tae1x,Marianna,Glaude,901 Saint James Drive,Lancaster,PA,17602,MasterCard,5144573393306453,433,5/2016
Eired1936,SandraRThomas@mailinator.com,up2Ohchee,Sandra,Thomas,4113 Joy Lane,Burbank,CA,91502,Visa,4916585422911136,815,10/2016
Inineentemed,JamesHWilliams@dodgit.com,ohQuepe5,James,Williams,4932 Gladwell Street,Longview,TX,75601,MasterCard,5388353423400617,893,4/2014
Truche,BradleyBDillon@mailinator.com,bae6jiNg5,Bradley,Dillon,389 Waterview Lane,Kenton,NM,73946,MasterCard,5219692292862059,861,10/2014
Plaids,FredKCooks@pookmail.com,yomao5Anai,Fred,Cooks,2759 Angus Road,New York,NY,10010,Visa,4929734534946011,390,11/2015
Kath1968,DonnaMMonroe@spambob.com,aith5Thoo2,Donna,Monroe,4331 Trouser Leg Road,Springfield,MA,01103,MasterCard,5173030188316969,792,9/2013
Sayins,ManuelHCrawford@spambob.com,tuel3ohNg,Manuel,Crawford,630 Alfred Drive,Brooklyn,NY,11201,MasterCard,5349113652699372,383,2/2014
Theacce,LouisePKerns@spambob.com,Opeexaer8sh,Louise,Kerns,1870 Strother Street,Leeds,AL,35004,Visa,4716920031895309,694,3/2013
Youltaithe1934,BenjaminJHoward@trashymail.com,kohph9Vai,Benjamin,Howard,2662 Hanover Street,New York,NY,10013,Visa,4916448944687835,780,8/2014
Pece1950,WinifredJAlexander@dodgit.com,Sie4cuquap,Winifred,Alexander,3818 Jefferson Street,Norfolk,VA,23502,MasterCard,5302676935893157,036,2/2016
Boint1960,JosefRJustus@spambob.com,Viejohwei8c,Josef,Justus,1410 Wexford Way,Lancaster,SC,29720,Visa,4532281617371872,041,5/2015
Reateromir,WarrenDSmith@pookmail.com,hooPh9Fei7qu,Warren,Smith,3800 Pallet Street,West Nyack,NY,10994,MasterCard,5323641451642995,656,12/2015
Feak1971,ForrestGRoper@spambob.com,Oogh8mong,Forrest,Roper,3072 Ersel Street,Dallas,TX,75247,MasterCard,5335020610056148,920,8/2015
Tolubtsind,IdaHSpinner@spambob.com,Eedua1teuTh,Ida,Spinner,1859 Heavner Court,Humboldt,IA,50548,Visa,4929128247601361,510,2/2016
Sigum1961,JayLPotts@mailinator.com,yee5AeDa,Jay,Potts,2205 Ashcraft Court,San Diego,CA,92103,MasterCard,5197024837133547,110,10/2017
Marrown,CurtisREaton@mailinator.com,aesh0Panee5a,Curtis,Eaton,3277 Twin Willow Lane,Asheboro,NC,27203,MasterCard,5559457863448862,195,3/2017
Stratersest,MiriamRRogers@spambob.com,AhDaigh5ohg,Miriam,Rogers,2335 Linda Street,Philadelphia,PA,19108,Visa,4485347292629632,721,6/2014
Facepow,JarrettLDavenport@mailinator.com,he5aePae8,Jarrett,Davenport,3388 Neuport Lane,Norcross,GA,30091,Visa,4556199765425798,782,7/2016
Onsch1929,RosemaryCWalker@spambob.com,uef6EiYoyei,Rosemary,Walker,1486 Adams Avenue,Silver Spring,MD,20904,MasterCard,5456372992375445,585,7/2014
Mounmend,DebraJMcCarthy@mailinator.com,id8hei5Iegh,Debra,McCarthy,3974 Farland Avenue,San Antonio,TX,78258,MasterCard,5534800791963868,590,5/2017
Clew1959,ShelleyPWilson@trashymail.com,aeK3uphahC,Shelley,Wilson,837 Gordon Street,Anaheim,CA,92801,MasterCard,5335994543970965,304,11/2017
Prectiony1932,NathanMMount@spambob.com,Oos8aiqu4qu,Nathan,Mount,103 West Side Avenue,Rochelle Park,NJ,07662,Visa,4556710048652386,377,4/2013
Lils1953,RuthKAmedee@trashymail.com,Um4eeRaCe,Ruth,Amedee,926 Sussex Court,Dawson,TX,76639,Visa,4532545393661072,525,1/2015
Pule1947,KathleenRBailey@pookmail.com,Voh3vu3ee,Kathleen,Bailey,2362 Fairfax Drive,Pomona,CA,91766,MasterCard,5529108708037058,022,4/2014
Trypoing,MarshaWPhelps@dodgit.com,oLuaCh9phae,Marsha,Phelps,2305 Brown Street,Concord,CA,94520,Visa,4539358156724316,182,12/2013
Alleat,RafaelGGilbertson@mailinator.com,mah9ueQueeNg,Rafael,Gilbertson,656 Candlelight Drive,Alvin,TX,77511,Visa,4916446916215932,874,12/2015
Narstrabest,AlbertMAguilar@spambob.com,Hidae9yoh,Albert,Aguilar,2227 Oakridge Farm Lane,New Berlin,WI,53151,MasterCard,5185734060674892,122,10/2017
Spoinurpers,AshlieCHumphery@spambob.com,Ie9shie1wae,Ashlie,Humphery,2713 Ralph Drive,Austinburg,OH,44010,MasterCard,5463947341429067,960,1/2014
Arearomad,BertMBates@spambob.com,auteH2ee,Bert,Bates,4336 Mahlon Street,Piscataway,NJ,08854,MasterCard,5341557316359518,283,8/2016
Whicas87,EvelynnJCrigger@dodgit.com,eeY7pheewang,Evelynn,Crigger,2780 Drummond Street,Succasunna,NJ,07876,MasterCard,5139966745635602,883,9/2015
Hadact,MonicaAGreen@pookmail.com,ahNo1Eg9aej,Monica,Green,4920 University Drive,Chicago,IL,60610,MasterCard,5516708994922064,537,8/2017
Agen1947,TiffanyWMacdonald@mailinator.com,ooWoh9hee,Tiffany,Macdonald,3217 Fancher Drive,Cleburne,TX,76031,MasterCard,5392514099565751,281,2/2013
Haddess,WadeCEdge@spambob.com,zoong1Quahh,Wade,Edge,1119 Holt Street,Delray Beach,FL,33484,MasterCard,5551565892968805,768,8/2017
Arecow1979,JosephRSmith@pookmail.com,aip4MuZa9he,Joseph,Smith,222 Camel Back Road,Tulsa,OK,74116,MasterCard,5142748559188414,103,5/2014
Sionsay54,JanaWPeterson@pookmail.com,si9Gee2nedae,Jana,Peterson,1215 Stewart Street,Indianapolis,IN,46204,Visa,4532090901011411,817,4/2015
Sentogivents,MatthewAJoy@dodgit.com,aeQu3Rookae,Matthew,Joy,250 Woodlawn Drive,New Berlin,WI,53151,MasterCard,5324252136172850,279,6/2014
Nabowness,ChristopherGCatron@spambob.com,ig0Baif1ai,Christopher,Catron,3966 Atha Drive,Bakersfield,CA,93301,Visa,4916030408074823,356,2/2014
Ourst1945,WendyFEdward@spambob.com,iuFaexool2,Wendy,Edward,3213 Stone Lane,Tremont,PA,17981,Visa,4916297832206145,465,12/2016
Alaust,PrestonCGrooms@pookmail.com,Kaihei5oh,Preston,Grooms,3175 Mapleview Drive,St Petersburg,FL,33701,Visa,4485960819770414,585,12/2013
Dince1952,JasonSJenkins@spambob.com,Queecei9,Jason,Jenkins,4481 Godfrey Street,Beaverton,OR,97006,Visa,4532995998335939,331,3/2015
Thearthe,HoraceBWhyte@dodgit.com,ohRaib3Yein,Horace,Whyte,1199 Elk Rd Little,Tucson,AZ,85704,Visa,4485869617960624,889,2/2017
Sked1993,CarterDMcIntyre@pookmail.com,oreiy4dohS,Carter,McIntyre,1501 Nelm Street,Mclean,VA,22102,MasterCard,5592696264253871,873,7/2013
Andescols1944,JohnVWoods@pookmail.com,EeHei8yoh,John,Woods,2051 Carolina Avenue,Westminster,CO,80030,MasterCard,5281632992891019,370,9/2016
Sudded,HansDYarbrough@pookmail.com,xieFi2uPhoo,Hans,Yarbrough,3998 Late Avenue,Waukomis,OK,73773,Visa,4539032812469307,372,12/2016
Wenteread,MarilynHMurphy@pookmail.com,ga3ahWaem6ee,Marilyn,Murphy,783 Fairfax Drive,Elmsford,NJ,10523,Visa,4916044309423211,190,12/2017
Riont1985,EdwardMBodiford@mailinator.com,Chohsh0yah,Edward,Bodiford,1786 Clarence Court,Wilmington,NC,28412,MasterCard,5265984964028470,892,2/2015
Theareesum,AshleyJCody@pookmail.com,uugh3Nohm,Ashley,Cody,1633 Riverwood Drive,Sacramento,CA,95814,Visa,4916951484540348,314,5/2016
Bidermissele,PhillipDHiggins@pookmail.com,riuR9ithoPh,Phillip,Higgins,2793 Golden Ridge Road,Schenectady,NY,12305,MasterCard,5547752054519173,021,5/2013
Husith1980,CarolynABanks@mailinator.com,ith3ieVieve,Carolyn,Banks,2730 New Creek Road,Hazel Green,AL,35740,Visa,4929766961833387,316,1/2013
Loome1945,MicheleWLopez@mailinator.com,maek9aRee,Michele,Lopez,3919 Carter Street,Centralia,IL,62801,MasterCard,5415462865344337,723,5/2015
Looncomet,CharlesJCleveland@spambob.com,Niin4fenga,Charles,Cleveland,4248 Bee Street,Traverse City,MI,49686,Visa,4485885123478968,568,9/2016
Heake1961,AustinHEstes@mailinator.com,ohZ3sooYee6,Austin,Estes,2584 Saint Francis Way,Milwaukee,WI,53226,MasterCard,5240257742253847,845,6/2013
Malloffe,JeffreyJSnider@pookmail.com,aiCo8lii,Jeffrey,Snider,4962 Mapleview Drive,Tampa,FL,33602,Visa,4539184117507917,954,3/2013
Cralmonce54,SteveCJohnson@pookmail.com,uat0aej1Mee,Steve,Johnson,2271 Layman Avenue,Fayetteville,NC,28301,MasterCard,5440942253384978,605,8/2017
Lacir1985,RalphEYates@trashymail.com,Wu5thoo4aik,Ralph,Yates,4134 Goodwin Avenue,Pullman,WA,99163,MasterCard,5534057887708471,693,10/2017
Thinfory53,JeremiahCRamirez@trashymail.com,royiraiXo9,Jeremiah,Ramirez,3463 Clark Street,Northbrook,IL,60062,Visa,4485140631332103,033,2/2017
Sely1983,KevinJBallesteros@pookmail.com,The6liexiequ,Kevin,Ballesteros,2729 Johnny Lane,Milwaukee,WI,53202,Visa,4539935325339520,402,6/2015
Plarriving,JesusVPawlak@dodgit.com,duaPae2tamei,Jesus,Pawlak,4769 Poe Road,Beaufort,SC,29902,MasterCard,5376766768920507,808,7/2017
Womand,CliffHDuncan@spambob.com,vos9ahTh4,Cliff,Duncan,1869 Hillcrest Lane,Los Angeles,CA,90017,Visa,4929338316158918,514,6/2016
Whatinat,GeraldineJPeterson@mailinator.com,ohng4yeVahk,Geraldine,Peterson,217 Still Pastures Drive,Columbia,SC,29201,MasterCard,5257077148767871,879,11/2014
Taknoyse50,KurtAMadrid@dodgit.com,Choo4pu6ei,Kurt,Madrid,555 Steve Hunt Road,Fort Lauderdale,FL,33311,MasterCard,5525391281517878,795,1/2013
Reque1956,JacklynJCole@mailinator.com,Eixuugae3,Jacklyn,Cole,3222 Thrash Trail,Deadwood,TX,75633,MasterCard,5120751379365325,119,4/2013
Herand,JoanWMcIntosh@spambob.com,caic9Fee7,Joan,McIntosh,858 Duncan Avenue,Whitestone,NY,11357,Visa,4532115101794076,461,9/2017
Squou1968,MikeBBurdette@spambob.com,sahth7Waw,Mike,Burdette,4379 Stratford Court,Raleigh,NC,27612,MasterCard,5501981897727354,614,2/2016
Stiree,TerriFHouseholder@trashymail.com,bebae0eeZo,Terri,Householder,4604 Kessla Way,Hartsville,SC,29550,Visa,4556185212482151,956,5/2016
Laut1972,RichardMYates@trashymail.com,shahch1aePh,Richard,Yates,1793 Williams Avenue,Bakersfield,CA,93301,MasterCard,5409248205183222,938,3/2017
Thets1955,DanielAVoss@pookmail.com,iGhaeg3th,Daniel,Voss,901 Fieldcrest Road,Calverton,NY,11933,MasterCard,5471319785921167,752,12/2013
Prabooks,LornaJMcGhee@pookmail.com,EiQu5shai3,Lorna,McGhee,647 Memory Lane,Kankakee,IL,60901,Visa,4916813405665713,837,8/2017
Youncle,KeithRSpada@mailinator.com,UiCheeph4sh,Keith,Spada,928 Bernardo Street,Evansville,IN,47708,Visa,4539014706721340,630,4/2017
Fintioned,AlphonseMHardwick@pookmail.com,Ahchaesiec3,Alphonse,Hardwick,652 Green Gate Lane,Hanover,MD,21076,Visa,4539190997137311,831,9/2014
Toly1983,DavidHRogers@spambob.com,vuZ4chuuC,David,Rogers,3082 Byrd Lane,Albuquerque,NM,87102,MasterCard,5561565018717829,655,5/2015
Supoettly,KeithRNichols@mailinator.com,Mew9eep8thae,Keith,Nichols,4011 Duff Avenue,Waitsfield,VT,05673,MasterCard,5157143240278539,076,4/2013
Lonswellot90,MelvinCSmalley@pookmail.com,dei9iVie5,Melvin,Smalley,2711 Villa Drive,Burket,IN,46510,MasterCard,5266141638817098,075,9/2016
Faccul70,VirginiaMBlue@spambob.com,eiL4eingah,Virginia,Blue,4958 Center Avenue,Fresno,CA,93721,MasterCard,5437355405350372,113,8/2015
Sarren,MichelleWCzech@pookmail.com,Faewuz4vie,Michelle,Czech,3510 Payne Street,Dickensonville,VA,24283,Visa,4485267877437864,466,8/2013
Eneive,TaraAKennedy@dodgit.com,uaha9aeFae,Tara,Kennedy,4795 Lake Floyd Circle,Silver Spring,MD,20904,MasterCard,5205907631736517,259,8/2014
Selike70,EstherMJones@pookmail.com,pai5eiX7Nae,Esther,Jones,565 Washington Street,Corpus Christi,TX,78476,Visa,4539828180503993,639,7/2017
Onaged1944,CliffordMDensmore@pookmail.com,teew0eibiCee,Clifford,Densmore,4954 Freedom Lane,Stockton,CA,95204,Visa,4532878376084057,846,10/2013
Orneved,RubyeZMcCart@pookmail.com,xoh6EiLae,Rubye,McCart,2568 Sarah Drive,Lafayette,LA,70501,MasterCard,5127794328760868,849,10/2016
Lawas1930,FloranceFWilson@dodgit.com,aes3cac7Oz,Florance,Wilson,2029 Cottonwood Lane,Grand Rapids,MI,49503,MasterCard,5291361844461635,608,9/2017
Likentles,AngelinaLTravis@spambob.com,thi6Ahyai,Angelina,Travis,3077 Jerry Dove Drive,North Charleston,SC,29420,MasterCard,5164777914560465,119,2/2013
Hatichou43,LindaJTempleton@dodgit.com,thoC6lah7ei,Linda,Templeton,4716 Meadow Lane,Santa Rosa,CA,95407,Visa,4929277002598849,809,5/2014
Dranch64,PamelaLGruber@mailinator.com,owiQu4phai,Pamela,Gruber,2842 Ripple Street,Lewiston,MI,49756,Visa,4539333412878966,585,10/2013
Rege1963,HaroldBWilliams@mailinator.com,Eleithohp4,Harold,Williams,339 Asylum Avenue,Norwalk,CT,06854,MasterCard,5397819668439154,405,3/2016
Martled,KurtSTheriot@trashymail.com,Uela3tuch,Kurt,Theriot,1496 Oliverio Drive,Hutchinson,KS,67501,Visa,4532866798659234,122,4/2015
Dephateras59,JoseCHambleton@mailinator.com,aif8IeQu,Jose,Hambleton,4055 Hickory Street,Ogden,UT,84401,MasterCard,5340089035958769,539,4/2016
Lould1927,NobleSWireman@pookmail.com,Hooj2iex,Noble,Wireman,2708 Jehovah Drive,Culpeper,VA,22735,Visa,4929530150860217,768,11/2013
Felded,KellyGEnglish@mailinator.com,eeShuhoh7x,Kelly,English,1544 Poplar Chase Lane,Boise,ID,83702,Visa,4556502345523224,372,4/2014
Norome,KennethSLang@dodgit.com,rah9Eecee,Kenneth,Lang,1580 Peck Street,Franklin,NH,03235,Visa,4485963184170301,135,11/2015
Withave68,KristenWKeith@dodgit.com,kofei5Ewoh,Kristen,Keith,298 Whitetail Lane,Dallas,TX,75207,Visa,4556948092648567,687,8/2013
Painged1958,WilliamACarson@trashymail.com,ohmee7Ohhae,William,Carson,4001 Stadium Drive,Worcester,MA,01608,MasterCard,5154605713004777,812,2/2016
Pardslia,TrishaTSearcy@spambob.com,xiWoe9Shoo,Trisha,Searcy,135 Leisure Lane,Santa Maria,CA,93455,MasterCard,5510170839921155,288,8/2014
Afeat1928,MichaelWFears@trashymail.com,shoWae3y,Michael,Fears,3378 Morris Street,Karnes City,TX,78118,MasterCard,5374563964746220,523,12/2016
Fornevenithe,KimberlyMDanner@pookmail.com,eetu9Oothoh,Kimberly,Danner,3001 Marigold Lane,Miami,FL,33128,MasterCard,5461057023725196,217,8/2014
Joinces,HollyIMcGehee@trashymail.com,Dee5eixooth,Holly,McGehee,3458 Roguski Road,Marksville,LA,71351,MasterCard,5372585717894371,271,7/2014
Mazur1949,WilliamWJamison@dodgit.com,tah5In6jae4,William,Jamison,60 White Avenue,Yoakum,TX,77995,MasterCard,5537929971087250,516,1/2015
Lossion,DavidKRigsby@pookmail.com,aes9Ahhi,David,Rigsby,404 Drummond Street,Newark,NJ,07102,Visa,4929839747240696,561,4/2017
Witheoper,TimothyRPuckett@dodgit.com,oopuaX4aew,Timothy,Puckett,313 Lowland Drive,Tampico,IL,61283,MasterCard,5503329358678559,324,5/2017
Catcher,LucyRJones@spambob.com,EeSaH0iphe,Lucy,Jones,3444 Arthur Avenue,Shannon,IL,61078,Visa,4929287356682255,362,12/2016
Nabing,ValorieTDavis@trashymail.com,ahbaosh3Y,Valorie,Davis,3020 James Street,Wayland,NY,14572,MasterCard,5345851635840993,670,12/2017
Domse1965,JohnSGross@dodgit.com,za4dohHueg1,John,Gross,3139 Briarwood Road,Springfield,MO,65804,MasterCard,5500971495658144,776,5/2013
Subley,KevinACharles@pookmail.com,Aephoo5ohB2,Kevin,Charles,2454 Cheshire Road,Norwalk,CT,06854,Visa,4556812153949779,410,4/2013
Youldame,RenaSKendrick@pookmail.com,fahchae6Lah,Rena,Kendrick,857 Sumner Street,Gardena,CA,90248,Visa,4485104912854698,385,2/2017
Themble49,AlbertLBurton@mailinator.com,Peec1ide4ag,Albert,Burton,2507 Woodridge Lane,Arlington,TN,38002,Visa,4716859192141931,983,10/2017
Finglealems,MelvinMFogarty@mailinator.com,oorae2ahKuo,Melvin,Fogarty,3328 Jadewood Farms,Morristown,NJ,07960,Visa,4556864813045142,553,10/2013
Trocce,BernardAMeadows@mailinator.com,waiVi0mah,Bernard,Meadows,2383 Broadcast Drive,Charlotte,NC,28209,MasterCard,5546122635833967,561,3/2016
Younnevernew,SarahTLewis@pookmail.com,ahgh7ceeG5m,Sarah,Lewis,1146 Webster Street,Rochelle Park,NJ,07662,MasterCard,5175584544468011,155,8/2015
Voked1939,StephanieRVillanueva@dodgit.com,Yaiwa9iyu6a,Stephanie,Villanueva,587 Heavner Court,Garden City,NY,11530,Visa,4539452578440336,695,7/2013
Tands1977,PhillipMBoman@dodgit.com,quaes3Eegein,Phillip,Boman,3115 Brannon Street,Los Angeles,CA,90017,MasterCard,5220762843926070,742,1/2016
Prionsprould45,TerriRTroxel@pookmail.com,Letovieboh7,Terri,Troxel,3807 Park Avenue,Sacramento,CA,95814,Visa,4716485128840790,940,6/2014
Thintwit,JoseJArnold@pookmail.com,EshooR6Fao,Jose,Arnold,4678 Jerome Avenue,Mcallen,TX,78501,MasterCard,5479898269437313,697,8/2013
Upothe,MichaelTByers@dodgit.com,gohC5oSeang,Michael,Byers,3200 Parrish Avenue,Salinas,CA,93901,Visa,4539276960006748,752,12/2015
Clinguen1931,ThomasGTester@pookmail.com,Airoh3shoh,Thomas,Tester,2900 Hickory Heights Drive,Baltimore,MD,21202,MasterCard,5513712106630683,209,9/2015
Nale1942,NicoleRHill@mailinator.com,aix9Xoo3o,Nicole,Hill,3857 White Lane,Bentonville,AR,72712,MasterCard,5496593985175755,067,2/2016
Voll1956,MatthewPLineberger@trashymail.com,tich0UaP5Coo,Matthew,Lineberger,835 Melm Street,Deleon Springs,FL,32028,MasterCard,5339238993384905,153,3/2013
Peade1953,KirstinWSwart@spambob.com,Dohchook6,Kirstin,Swart,2995 Brooke Street,Houston,TX,77063,MasterCard,5142859318198741,560,4/2017
Leopull,RandyACarson@spambob.com,oChei9maulu,Randy,Carson,4699 Dovetail Drive,Wheeling,IL,60090,Visa,4916789528993325,874,3/2017
Wive1976,AlbertEGoble@pookmail.com,Eequ9Chai8o,Albert,Goble,2853 Ferguson Street,Burlington,MA,01803,Visa,4539053973718092,109,2/2015
Conuthe49,AdamMThompson@spambob.com,fae1HiepieC,Adam,Thompson,4969 Bombardier Way,Columbus,OH,43215,Visa,4532265834082057,448,7/2013
Sworsed,RichardCNolasco@spambob.com,Zo6xai1oh,Richard,Nolasco,3508 Collins Avenue,Westerville,OH,43081,Visa,4539688881751360,669,9/2014
Obarresidde,PhilipCDimattia@mailinator.com,aipoongee8Ee,Philip,Dimattia,4178 Rhapsody Street,Mount Dora,FL,32757,MasterCard,5510356417433362,533,12/2014
Covere92,ChristopherDLockard@trashymail.com,Aiz4iing,Christopher,Lockard,4066 Joy Lane,City Of Commerce,CA,90040,MasterCard,5583703693330360,348,6/2015
Deally,CristinLCadle@spambob.com,Xah5aKood8i,Cristin,Cadle,856 Watson Lane,Tryon,NC,28782,Visa,4539139604356483,506,1/2013
Fainim,WilliamDDavis@dodgit.com,sheif2Eetoh,William,Davis,2643 Big Elm,Overland Park,MO,64110,MasterCard,5174886912046670,567,7/2016
Lossexce1965,RobertLWalker@spambob.com,ahL3icha,Robert,Walker,1205 Lowndes Hill Park Road,Palmdale,CA,93550,MasterCard,5143215137905403,216,5/2017
Boutions,SamanthaBWalker@spambob.com,im4rou6Hu,Samantha,Walker,1994 Lady Bug Drive,Colorado Springs,CO,80907,Visa,4556654011598624,525,3/2017
Frogivers,KatherineROtoole@mailinator.com,oomaiTh3ee,Katherine,Otoole,1294 Green Hill Road,Salus,AR,72854,Visa,4556991356259085,217,12/2013
Lairieve,TimothyDNielsen@pookmail.com,uT9aiDeevai,Timothy,Nielsen,1117 Sunny Glen Lane,Cleveland,OH,44110,Visa,4929741069375532,831,7/2013
Sagint,LisaRDesai@trashymail.com,phieX1vohji,Lisa,Desai,2189 Norma Avenue,Houston,TX,77006,Visa,4485785107726657,282,6/2016
Andishishe1957,CindyMBarnes@spambob.com,yoofieBo4agha,Cindy,Barnes,3832 Lunetta Street,Plant City,FL,33566,MasterCard,5568785999914541,294,7/2013
Handoet,ChristopherJFoster@spambob.com,oole0ohw8Cah,Christopher,Foster,2133 Abia Martin Drive,Ronkonkoma,NY,11779,MasterCard,5361104118445099,437,8/2014
Dech1938,LoisACousins@trashymail.com,soo0Xait8i,Lois,Cousins,1504 Ward Road,Yonkers,NY,10701,Visa,4929517673241629,370,9/2017
Begglas,JoelLWhisman@spambob.com,ha9beiGh,Joel,Whisman,3588 Kelly Drive,Charleston,WV,25304,MasterCard,5446570031005245,104,4/2016
Ounpat,GeorgiaMDisney@mailinator.com,waZahch8ai,Georgia,Disney,1505 Modoc Alley,Eagle,ID,83642,Visa,4929891758033304,479,5/2016
Yoring,RonaldSJones@spambob.com,iGheiTh1lee,Ronald,Jones,1667 Maryland Avenue,Largo,FL,34640,MasterCard,5187356524931805,156,12/2013
Hornou55,EarleneGBrown@trashymail.com,UbieTh2oo,Earlene,Brown,2375 Joy Lane,Burbank,CA,91502,MasterCard,5295913229189359,356,3/2014
Hatien,GailJJonas@mailinator.com,Mee8ohsie,Gail,Jonas,3072 Upton Avenue,Boise,ID,83716,Visa,4916718278680352,566,10/2017
Whavence,RoyBNa@trashymail.com,jai0Ahfien,Roy,Na,1704 Kidd Avenue,Shaktoolik,AK,99771,Visa,4532532586406473,085,5/2015
Jusbabyes,ShirleyGHenson@trashymail.com,athe7shieCh,Shirley,Henson,4707 Eagles Nest Drive,Placerville,CA,95667,MasterCard,5125150310210218,080,3/2017
Dary1963,HazelWGreen@mailinator.com,aiLu1loh,Hazel,Green,837 Melody Lane,Richmond,VA,23227,MasterCard,5551388916959266,576,9/2016
Vouriessing30,StacyBParrott@pookmail.com,phoo6aeFee,Stacy,Parrott,2214 Hillview Drive,Hayward,CA,94545,MasterCard,5250508010553939,735,12/2014
Grol1946,LeighDDeluna@trashymail.com,jooQu4aara,Leigh,Deluna,4 Boggess Street,Dayton,OH,45402,MasterCard,5129019846965932,134,8/2015
Pectivark,LeslieRVega@trashymail.com,sheirai4Ee,Leslie,Vega,2665 Stoneybrook Road,Cocoa,FL,32922,Visa,4916587612443714,295,1/2017
Posille,BrianTPalmer@trashymail.com,ieth8ohD,Brian,Palmer,1074 Lilac Lane,Vidalia,GA,30474,Visa,4532306341055366,722,2/2014
Womell,SusanKWilbur@mailinator.com,ITa1ieLooc,Susan,Wilbur,3135 Longview Avenue,Bronx,NY,10463,Visa,4929683198730189,956,10/2013
Forst1951,GuyCAnderson@pookmail.com,ti6jeifeiY,Guy,Anderson,1029 Shadowmar Drive,Metairie,LA,70006,Visa,4485557699511536,501,4/2015
Thiment,DennisMBuckner@trashymail.com,Aeshiquic2,Dennis,Buckner,582 Mount Olive Road,Alpharetta,GA,30201,MasterCard,5194020356979784,824,5/2016
Seensess,EmoryLWebb@trashymail.com,moo4ieh5Oh,Emory,Webb,1410 Smith Road,Marietta,GA,30067,Visa,4929071639818187,018,9/2014
Eimstand,RobertCWilliamson@trashymail.com,phaech6Ph,Robert,Williamson,4064 White Lane,Clarksville,AR,72830,Visa,4532677391784158,085,9/2014
Norgaidendan,MichaelSBeavers@pookmail.com,Too8xaex4,Michael,Beavers,695 Clinton Street,Searcy,AR,72143,MasterCard,5428791940939991,541,8/2017
Abecaut,PatriciaEHaskins@trashymail.com,roh7Oob5xaK4,Patricia,Haskins,4471 Eagle Drive,Detroit,MI,48219,Visa,4532497408911466,137,2/2016
Sontont,CharlesHGreen@trashymail.com,eoy3Cuteel,Charles,Green,3373 Shadowmar Drive,Kenner,LA,70062,MasterCard,5103628342369231,281,7/2016
Bobsely,JudyJScott@trashymail.com,Gahva6wang,Judy,Scott,1284 Meadow Drive,Oklahoma City,OK,73102,Visa,4532231785172222,478,8/2013
Countim,KellyPGill@mailinator.com,sook9paiGe,Kelly,Gill,3907 Parrill Court,Whiting,IN,46394,Visa,4532400426012390,268,3/2017
Howits1942,StevenGTalley@pookmail.com,ee0jeemaK7O,Steven,Talley,874 Foley Street,Miami,FL,33176,Visa,4539548032462160,984,1/2015
Thablooks,JanetSDozier@spambob.com,eiSh9quoh,Janet,Dozier,648 Heather Sees Way,Tulsa,OK,74105,MasterCard,5240561404762684,652,8/2015
Tioned,TerrellLManning@trashymail.com,tahN0RahQu,Terrell,Manning,3672 Leverton Cove Road,Springfield,MA,01103,Visa,4556401774927230,997,5/2013
Wasco1992,HollyPBenavides@pookmail.com,hooJe3Oru,Holly,Benavides,3956 Bastin Drive,Philadelphia,PA,19107,MasterCard,5560131999990645,590,8/2015
Spicionly,RoseGBradford@dodgit.com,Oos9raiM,Rose,Bradford,2632 Hillview Street,Lexington,SC,29072,Visa,4916598725378523,018,3/2014
Bowely88,MickiGHooker@spambob.com,dohsh9Eeg,Micki,Hooker,2120 Williams Avenue,Bakersfield,CA,93301,MasterCard,5327784716575760,407,12/2014
Sulgais,MonicaTGuerrero@trashymail.com,zaebee1yeiS,Monica,Guerrero,2446 Trainer Avenue,Talbott,IL,61546,MasterCard,5115197926049300,956,1/2015
Dier1966,JessicaGOlson@dodgit.com,Iex7naiwu,Jessica,Olson,3543 Nancy Street,Raleigh,NC,27607,Visa,4716747817658688,268,6/2015
Dights,ErinAAli@trashymail.com,quooz3Nae,Erin,Ali,4081 Delaware Avenue,San Francisco,CA,94108,MasterCard,5493738961214531,091,8/2017
Exce1982,MarilynHHamer@spambob.com,uu2Ooy3qu,Marilyn,Hamer,1172 Gregory Lane,Louisville,KY,40299,MasterCard,5582625390579042,194,1/2017
Mostright,FeliciaDMcConkey@trashymail.com,Ceigh9gee,Felicia,McConkey,4476 Stout Street,Newburg (Cumberland),PA,17240,MasterCard,5261325969096167,226,2/2016
Clork1987,RichardPLanders@mailinator.com,eiThah6zaNg,Richard,Landers,2544 Jerome Avenue,Harlingen,TX,78550,MasterCard,5335606696908820,573,6/2013
Buting,MonicaJButler@spambob.com,eeGae1eem,Monica,Butler,4535 Wexford Way,Augusta,SC,30901,Visa,4485171834409356,036,5/2015
Sece1971,LindaGFranklin@dodgit.com,rooP1aiTh,Linda,Franklin,2183 Jail Drive,Peoria,IL,61602,Visa,4539307042588237,092,6/2015
Alting,AllaGLand@pookmail.com,aeg6ce3C,Alla,Land,1872 Tennessee Avenue,Southfield,MI,48034,MasterCard,5417546139005886,153,2/2013
Situall,ElisaLHaines@dodgit.com,ophiNies5ree,Elisa,Haines,4090 Clarence Court,Jacksonville,NC,28540,MasterCard,5117094994855536,636,12/2014
Roas1962,WesleyHEdwards@mailinator.com,gaNg6uu0ae,Wesley,Edwards,4178 Marion Drive,Polk City,FL,33868,Visa,4716918382369635,738,3/2014
Bectiver,CarolynAGibson@spambob.com,aeVoh1aiy,Carolyn,Gibson,4430 Clinton Street,Searcy,AR,72143,MasterCard,5291470526900693,897,7/2017
Reep1979,EllisBSaylor@trashymail.com,un0aiPheiP,Ellis,Saylor,873 Hickman Street,Chicago,IL,60605,Visa,4532213377250335,874,8/2017
Fromme68,DavidRMcQueen@mailinator.com,oht2Eid4mai,David,McQueen,4450 Barrington Court,Osceola,AR,72370,Visa,4716638037291436,932,4/2016
Willond,BeverlyWHarmon@mailinator.com,Um4AeQuee,Beverly,Harmon,895 Oakridge Farm Lane,New Berlin,WI,53151,MasterCard,5583109645219042,308,4/2015
Monan1984,JohnEAviles@pookmail.com,Aej1eo9Qu,John,Aviles,3813 Burning Memory Lane,Northampton,PA,18067,Visa,4556876241109209,011,3/2015
Slearearal,ToddBDixion@mailinator.com,phaSool4aip,Todd,Dixion,4478 Heritage Road,Fresno,CA,93704,MasterCard,5480994849028693,325,8/2016
Cacked,JeanTMassey@spambob.com,Chohjoh8AeG,Jean,Massey,1571 Saint Marys Avenue,Syracuse,NY,13202,MasterCard,5447815287390612,381,7/2013
Tweeks,RosemarySPaz@trashymail.com,ahcoo5iShee,Rosemary,Paz,355 McDowell Street,Blanche,TN,37334,MasterCard,5309259607824579,563,1/2014
Crinteme,JamarEJohnson@trashymail.com,INohy7Sh,Jamar,Johnson,4330 Hurry Street,Brownsburg,VA,24415,Visa,4716249982776205,533,6/2017
Aguied,AndreaDRobinson@spambob.com,gexoo5No4oo,Andrea,Robinson,2971 Quincy Street,Philadelphia,PA,19108,MasterCard,5344851662489475,762,7/2016
Leting,JoeTRohr@trashymail.com,shahsh8Geih,Joe,Rohr,967 Brannon Street,Los Angeles,CA,90017,Visa,4716379837741490,978,7/2016
Sailve,FlorenceTReddick@mailinator.com,VieLoh9T,Florence,Reddick,587 Corbin Branch Road,Morristown,TN,37813,MasterCard,5533978107999023,244,6/2015
Lankincte1991,KathrynHVega@mailinator.com,haiNai5Ch,Kathryn,Vega,955 Reppert Coal Road,Bloomfield Township,MI,48302,MasterCard,5514554302521327,226,7/2015
Musbacquou70,StevenMPierce@dodgit.com,Cheesho5yae,Steven,Pierce,590 Kessla Way,Clinton,SC,28328,Visa,4532547994275179,089,12/2017
Eashe1986,JoseKFranklin@trashymail.com,oughei8Z,Jose,Franklin,4190 Quiet Valley Lane,Sepulveda,CA,91343,MasterCard,5467775724816782,589,10/2014
Exievess1932,DonnaWSalter@pookmail.com,Wahcai6gie,Donna,Salter,4275 Don Jackson Lane,Bloomfield Township,MI,48302,Visa,4916808865098827,280,12/2017
Alaitur1952,RoseDWalker@trashymail.com,Gee8ieWoo,Rose,Walker,2909 Berry Street,Pueblo,CO,81001,Visa,4556261158110203,127,10/2014
Erybousbaby,MaryAEllis@mailinator.com,voh8tee1Oo,Mary,Ellis,2848 Young Road,Boise,ID,83702,Visa,4556026521875075,223,10/2013
Theaut,AdamGBailey@pookmail.com,Quiegae9Ao6a,Adam,Bailey,1267 Lords Way,Memphis,TN,38118,MasterCard,5158899970312926,772,6/2013
Befole42,AndrewEAlsop@dodgit.com,cox4Ahjae,Andrew,Alsop,2301 New Street,Eugene,OR,97401,Visa,4485609140182290,343,10/2014
Majoyartabot,JacquelineMRozier@spambob.com,Nohbei7voree,Jacqueline,Rozier,819 Virginia Street,Chicago,IL,60631,Visa,4916107419009160,162,6/2013
Faings,JamesLCosby@dodgit.com,dohP1aegah,James,Cosby,2297 Lynn Street,Cambridge,MA,02141,MasterCard,5302542829341424,362,7/2014
Conestre1958,HollyECintron@dodgit.com,eoCh8haiTae,Holly,Cintron,3265 Westwood Avenue,Garden City,NY,11530,Visa,4556338826721403,415,8/2013
Rumn1975,JenniferRDickey@spambob.com,Hiedoo2zei,Jennifer,Dickey,4186 Chipmunk Lane,Portland,ME,04101,MasterCard,5177981517115645,867,6/2017
Neir1935,TracyCGodfrey@pookmail.com,eiK2phaew,Tracy,Godfrey,4415 Freedom Lane,Stockton,CA,95204,Visa,4916227641059401,296,12/2015
Youldne,EarnestLYazzie@dodgit.com,iSic5gea7e,Earnest,Yazzie,3552 Deercove Drive,Dallas,TX,75248,Visa,4485955252523916,691,9/2013
Romek1957,RobertJCovington@pookmail.com,Ow5choo0wei,Robert,Covington,1510 Chardonnay Drive,Seattle,WA,98161,MasterCard,5487160398125859,221,7/2013
Turatillad91,LindaDMassey@trashymail.com,Oothae7ai,Linda,Massey,595 Wilmar Farm Road,Monrovia,MD,21770,MasterCard,5120033482968497,959,4/2014
Artmer,JonathanCWright@spambob.com,Fi2kahs4kae,Jonathan,Wright,720 Mayo Street,Portland,KY,45204,Visa,4556114875537267,637,4/2014
Mignan,DonnaHIngersoll@trashymail.com,ahw0rei6eib1B,Donna,Ingersoll,761 Kembery Drive,West Chicago,IL,60185,MasterCard,5354717722637253,418,1/2013
Thanneatch,GeorgeCMolnar@mailinator.com,Aejeezi9bie,George,Molnar,3021 Lynn Ogden Lane,Nederland,TX,77627,MasterCard,5506237800795953,639,12/2013
Rombass,BerniceVBailey@dodgit.com,kohniej8Lech,Bernice,Bailey,2686 Terra Street,Oak Harbor,WA,98277,MasterCard,5489629354864162,665,5/2016
Coond1986,HazelOConnelly@pookmail.com,fae2Ohp9eech,Hazel,Connelly,4274 Emily Renzelli Boulevard,Monterey,CA,95940,MasterCard,5496648575810243,412,5/2015
Woodist,JoshuaNJohnson@mailinator.com,avu4Aef0aev,Joshua,Johnson,3123 Maloy Court,Hays,KS,67601,Visa,4532180555505469,610,11/2017
Phatted1942,AntonyACranford@spambob.com,ieTh5zeet5Ee,Antony,Cranford,14 Elmwood Avenue,Philadelphia,PA,19108,Visa,4556361045616980,508,9/2017
Wandrang,JoannaBTharpe@pookmail.com,LeeN1Hof3,Joanna,Tharpe,1372 Thrash Trail,Tyler,TX,75710,MasterCard,5310293239191088,984,4/2014
Youlto,WilliamMWallin@mailinator.com,Eingi9oo,William,Wallin,1404 Cliffside Drive,Lansing,NY,14882,MasterCard,5428254035081765,499,12/2014
Exected,NormaLTaylor@spambob.com,Wikohkei7u,Norma,Taylor,4515 Terra Street,Tukwila,WA,98168,MasterCard,5506933411438120,281,5/2013
Waythe,RobertoWWright@dodgit.com,CieMie3Ae,Roberto,Wright,3289 Charter Street,Shawnee,KS,66214,Visa,4916582009389166,075,10/2017
Duad1972,MartinMCoble@dodgit.com,ook4lieTai,Martin,Coble,1205 Davisson Street,Lafayette,IN,47904,Visa,4716002854466912,244,9/2016
Hournich,KirkBCarpenter@dodgit.com,Ioxah6shoh,Kirk,Carpenter,1173 James Avenue,El Dorado,KS,67042,MasterCard,5451114567000221,219,10/2015
Incy1946,SantiagoSStewart@pookmail.com,daenairo6Ae,Santiago,Stewart,2169 Turnpike Drive,Birmingham,AL,35203,Visa,4485045102032696,471,4/2015
Abut1990,AdellTTanner@trashymail.com,ueth9phaNgoo,Adell,Tanner,1732 Walnut Street,Jackson,MS,39201,MasterCard,5404729572408750,832,5/2016
Liested,KerryTMoore@mailinator.com,aiMie8Ahxoo,Kerry,Moore,3579 South Street,Midland,TX,79703,MasterCard,5286358982138097,947,6/2014
Fornevenithe,RobinTNardi@mailinator.com,Reep5eicah,Robin,Nardi,4799 Hillview Drive,Ellijay,GA,30546,MasterCard,5450771480331537,357,1/2016
Eness1957,CathyTAnthony@pookmail.com,Lah1ieDo7ee,Cathy,Anthony,684 Eagle Street,Villa Ridge,IL,62996,MasterCard,5219388126950216,032,4/2015
Sheis1952,ElsieJAnderson@dodgit.com,aat9eebee9Ie,Elsie,Anderson,692 Coolidge Street,Orlando,FL,32810,Visa,4532356582272998,069,9/2016
Gral1932,ErinAMcConnell@pookmail.com,Aush6imeenie,Erin,McConnell,969 Arron Smith Drive,Honolulu,HI,96818,Visa,4716226666481815,724,7/2014
Butincest,BernardoVAnderson@mailinator.com,jah3Shoh7,Bernardo,Anderson,3149 Simpson Street,Secor,IL,61771,Visa,4532667623927816,378,3/2014
Loultatink71,CoreyEWaters@pookmail.com,Aigia5os9,Corey,Waters,226 Wilson Avenue,Garland,TX,75040,Visa,4539409585956399,778,9/2016
Alackeen28,BonnieJDrake@mailinator.com,Ahx6looVah2,Bonnie,Drake,961 Stewart Street,Indianapolis,IN,46204,Visa,4539308440880580,487,1/2017
Exciou,MichaelEBurgan@spambob.com,Waesha7neiPh,Michael,Burgan,4691 Arron Smith Drive,Ewa Beach,HI,96706,Visa,4539973952518231,355,9/2017
Mishme,KayJJacobson@spambob.com,Phee9ugoapah,Kay,Jacobson,3183 Cityview Drive,Springfield,PA,19064,MasterCard,5472161031349580,948,6/2016
Shourn,TamaraJSchumann@mailinator.com,paeth5Sheng,Tamara,Schumann,3308 Jacobs Street,Monroeville,PA,15146,Visa,4916295793788986,983,10/2014
Geolas,KerryJShipp@dodgit.com,ChukaiPhie4,Kerry,Shipp,1330 Scenicview Drive,Athens,TX,75751,Visa,4539956915051630,252,7/2014
Begaings,LeonardNTawney@mailinator.com,ael0eifouSh,Leonard,Tawney,3912 Elk Creek Road,Stone Mountain,GA,30085,MasterCard,5217339998952832,110,6/2017
Unth1970,JohnGTseng@pookmail.com,uj2OhxoTh,John,Tseng,3021 Gore Street,Houston,TX,77063,MasterCard,5253552189001657,579,8/2017
Bobloventold,JenniferMJustin@spambob.com,Ieg2bieTh,Jennifer,Justin,4006 Hardesty Street,Albany,NY,12210,MasterCard,5224333265472153,850,10/2015
Halm1932,WendyKJames@mailinator.com,gee8aiCee,Wendy,James,1729 Ben Street,Oak Hill,NY,12460,Visa,4539272214055789,477,7/2016
Peenionved,MichaelRGraber@trashymail.com,oht8raeQuo,Michael,Graber,229 Stanley Avenue,New York,NY,10001,Visa,4716521641244720,501,8/2016
Krounist,GingerTJones@dodgit.com,eiFahzieph5,Ginger,Jones,2456 Chicago Avenue,Reedley,CA,93654,MasterCard,5425071304714550,299,1/2013
Constainey,JamesAMcHenry@trashymail.com,Tieyiy3thie,James,McHenry,2320 Lady Bug Drive,Queens,NY,11103,Visa,4929038083760785,225,7/2013
Wriver91,SandyRBordelon@trashymail.com,neew1wooNae3,Sandy,Bordelon,2876 Woodlawn Drive,Milwaukee,WI,53213,Visa,4485835968198486,108,5/2014
Proffecanded54,MonicaEStone@spambob.com,ooR9yohch,Monica,Stone,103 Rinehart Road,Miami,FL,33128,MasterCard,5319916356705550,275,3/2014
Rinetuat,RaymondMPrasad@dodgit.com,keedo3Aeng,Raymond,Prasad,4456 Huntz Lane,Salem,MA,01970,Visa,4929271738053757,192,10/2013
Alludeply,DarrellOWalton@mailinator.com,sao5ohBeiY5,Darrell,Walton,116 Cottrill Lane,Saint Louis,MO,63146,MasterCard,5332368173717595,184,7/2014
Denteenow,KeithAIcenhour@pookmail.com,vukieRii7,Keith,Icenhour,2947 Ashmor Drive,Brainerd,MN,56401,Visa,4485345560801222,874,1/2016
Forearry,NormaFPayton@trashymail.com,Ohg3aewu,Norma,Payton,4610 Maple Avenue,Stockton,CA,95202,MasterCard,5124180314380403,117,1/2014
Sainermanded,MaryLJohnson@pookmail.com,SheWidu3zez,Mary,Johnson,4498 Cardinal Lane,Cleveland,OH,44114,MasterCard,5172911311686900,613,9/2016
Ackelvel,MaryJBlizzard@spambob.com,Aejieghoo8,Mary,Blizzard,3597 Briarhill Lane,Cuyahoga Falls,OH,44221,Visa,4916952784290493,755,2/2013
Thiscrinit,LewisCCook@pookmail.com,hieNec6hoh,Lewis,Cook,185 Robinson Court,Saginaw,MI,48607,MasterCard,5116350477851421,848,2/2016
Loundoll,BrendaRVinson@pookmail.com,uHi5iech,Brenda,Vinson,283 Don Jackson Lane,Laupahoehoe,HI,96764,Visa,4532927239202990,103,8/2013
Witimpet,JonathanKWilkinson@mailinator.com,oJaec0ous5,Jonathan,Wilkinson,1737 Brighton Circle Road,Eden Valley,MN,55329,Visa,4556641937590322,749,5/2014
Æner,MarilynCLockett@mailinator.com,ohvoK0Gaa,Marilyn,Lockett,3500 Jehovah Drive,Culpeper,VA,22735,Visa,4532667117139027,288,2/2017
Warobare,KimAYates@pookmail.com,RuNgoo8shah,Kim,Yates,4526 Edgewood Avenue,Fresno,CA,93721,MasterCard,5209385873048287,472,4/2017
Baccustelic,JamesSRambo@pookmail.com,su2shaeD3,James,Rambo,1767 Grant View Drive,New Berlin,WI,53151,MasterCard,5398915050188968,750,10/2016
Foultia,TonyaRCable@mailinator.com,Eepaebe7aiT,Tonya,Cable,4068 Rogers Street,Milford,OH,45150,Visa,4532609260677635,917,7/2013
Waidamight,TinaKMerced@dodgit.com,eith0Choo6j,Tina,Merced,1761 Dovetail Estates,Covington,OK,73730,MasterCard,5460264807190339,925,1/2013
Ratond1992,RobertMSams@pookmail.com,sel7ahP8,Robert,Sams,2695 Pinnickinick Street,Winlock,WA,98596,MasterCard,5297640503496378,127,11/2016
Siabourged,JoyceWJones@dodgit.com,AeKoh4miu3Sh,Joyce,Jones,1546 Hampton Meadows,Worcester,MA,01608,Visa,4556933934949126,703,1/2017
Yead1931,JamesSBrown@pookmail.com,Oow2coot,James,Brown,3842 Argonne Street,Newark,DE,19714,MasterCard,5332673997940368,699,6/2016
Theatien,JohnEHubbard@trashymail.com,Ahjah1iekei,John,Hubbard,4390 Godfrey Road,New York,NY,10018,Visa,4485821889397423,397,2/2016
Goostake,ScottCBoyle@dodgit.com,Wie3ahkee,Scott,Boyle,3 Oak Ridge Drive,Ironton,MO,63650,Visa,4485455316049982,864,10/2013
Therege,BobbieMErwin@pookmail.com,ohrohs9Wai,Bobbie,Erwin,2659 Rose Avenue,Metairie,LA,70007,Visa,4716185333116479,251,12/2017
Whater1983,IgnacioSKrebs@trashymail.com,pa8maelooTh,Ignacio,Krebs,2557 Gateway Road,Portland,OR,97205,Visa,4532591724004293,516,4/2017
Thicaught,JudyDMorse@pookmail.com,ieZaiy1baxie2f,Judy,Morse,4137 White Pine Lane,Roanoke,VA,24012,Visa,4539125835365401,724,5/2016
Dionsiouseve,DamonJFinley@dodgit.com,Ahgh2fi5g,Damon,Finley,91 Beechwood Avenue,Red Bank,NJ,07701,Visa,4929386690495836,638,9/2014
Extedir,ErlindaRPaul@pookmail.com,jexooF7shanoo,Erlinda,Paul,4776 New Street,Hermiston,OR,97838,Visa,4916324595534396,419,6/2013
Afflumad,IraBSingleton@pookmail.com,chief6Cah,Ira,Singleton,1486 Capitol Avenue,Indianapolis,IN,46214,MasterCard,5579354017719494,752,10/2014
Aceeakell,RobertLMartin@trashymail.com,ayei9ecaNgei6,Robert,Martin,2691 Patterson Road,Flushing,NY,11354,Visa,4929345025026690,688,7/2015
Poicheir1992,StephenCBrowning@spambob.com,Chi6Ahbee,Stephen,Browning,4507 New York Avenue,Pomona,CA,91766,Visa,4929309293023235,963,3/2017
Hancerper,EdwardRProper@trashymail.com,Vee1Aigh3A,Edward,Proper,4854 Hall Street,Las Vegas,NV,89110,MasterCard,5473837900860968,054,8/2015
Therreemed1983,HelenGJerry@dodgit.com,Iereo6uth,Helen,Jerry,3703 Jody Road,Philadelphia,PA,19108,MasterCard,5206557314555988,663,5/2013
Himanxim,FrederickHSmith@pookmail.com,Chaeriez6,Frederick,Smith,2006 Hall Street,Las Vegas,NV,89121,MasterCard,5316381026477846,977,5/2014
Stioser,MikeSMendiola@pookmail.com,Kei7eith2,Mike,Mendiola,1570 Plainfield Avenue,Utica,NY,13502,MasterCard,5212082744262867,920,9/2015
Slown1945,DorothyESampson@mailinator.com,maeYiewoh1Ae,Dorothy,Sampson,4129 Wiseman Street,Knoxville,TN,37929,Visa,4929312046464250,448,1/2014
Theatanthe,SuzanneLPhilson@dodgit.com,ook8neew0iuTh,Suzanne,Philson,2017 Harley Brook Lane,Du Bois,PA,15801,MasterCard,5499918303547186,513,10/2015
Antwookes,BrendaWWigington@mailinator.com,Xaiyai4eiJ,Brenda,Wigington,3354 Snyder Avenue,Charlotte,NC,28211,MasterCard,5249342571446083,452,7/2013
Cluell1964,VincentDHerald@mailinator.com,aighu2Thoo,Vincent,Herald,393 Five Points,Hanover,MD,21076,Visa,4716318451799517,215,5/2013
Gally1965,LorenaRExley@spambob.com,ooQu6weifoo,Lorena,Exley,2465 Heavner Court,Plainview,NY,11803,Visa,4485322278183169,403,10/2017
Onlaceing,DanielleGRundle@mailinator.com,eew0IWogh,Danielle,Rundle,1100 Ashcraft Court,San Diego,CA,92121,Visa,4532506413105094,456,10/2014
Vioneet1958,StevenPBlauvelt@mailinator.com,aiv0Thei,Steven,Blauvelt,671 West Street,Grand Rapids,MI,49546,MasterCard,5193877413605897,625,4/2013
Himanxim,KathrynWParker@spambob.com,Iequo3ahqu,Kathryn,Parker,576 Stone Lane,Philadelphia,PA,19103,Visa,4929285734882407,322,3/2014
Froseve,JuanTRedd@trashymail.com,xieg3ooQuah,Juan,Redd,1860 College Avenue,Dayton,OH,45407,Visa,4556803400062425,196,8/2017
Hicasonfut,MathewSSimoes@dodgit.com,ooyaeYae8zie,Mathew,Simoes,3724 Pinewood Drive,Elk Grove Village,IL,60007,MasterCard,5397350365069649,597,5/2014
Sliquichater93,GaylePBryant@dodgit.com,hiT4Sae9,Gayle,Bryant,4670 Sherman Street,Salina,KS,67401,Visa,4916535413799024,457,9/2017
Dified1981,CharlesKPeed@mailinator.com,ainu3Haed,Charles,Peed,747 Cambridge Court,Fort Smith,AR,72901,Visa,4539714380558500,940,3/2016
Unifect,RandallCRoebuck@trashymail.com,Auj7Jugee,Randall,Roebuck,189 Shady Pines Drive,Floyd,VA,24091,Visa,4539259760666622,730,7/2015
Flught1931,GeorgeKLeblanc@pookmail.com,eiSheequ7F,George,Leblanc,212 Radio Park Drive,Athens,GA,30606,Visa,4716366444524856,416,3/2016
Welf1945,CarolLMcNeil@trashymail.com,Eicoo5aike,Carol,McNeil,4645 Gandy Street,East Syracuse,NY,13057,MasterCard,5423742814335829,744,6/2013
Andeavy,RobertBGriffin@trashymail.com,xee6bu1Oob,Robert,Griffin,2917 West Street,Holland,MI,49424,MasterCard,5203288155046597,730,1/2013
Fring1981,JonSGregory@dodgit.com,su9Ox8lorah,Jon,Gregory,1038 Washburn Street,Baton Rouge,LA,70816,MasterCard,5241612113910129,858,10/2017
Cusese,RosieJHawkins@trashymail.com,lualoW8ah,Rosie,Hawkins,1620 Stone Lane,Bensalem,PA,19020,MasterCard,5498472107269168,119,10/2013
Unten1946,WillieKAllie@spambob.com,ed7taiLoh,Willie,Allie,365 Gandy Street,Syracuse,NY,13202,Visa,4929439807827233,463,4/2013
Quir1942,JaniceRBarnett@trashymail.com,miu8deu1aSh,Janice,Barnett,4633 Briarwood Drive,Camden,NJ,08102,Visa,4556047762248525,179,4/2014
Hiseque,DeniseCWidger@spambob.com,Ao8hieKohree,Denise,Widger,4829 Jones Street,Dallas,TX,75207,MasterCard,5569821978967181,558,11/2015
Dowen1983,HelenFDay@dodgit.com,IT2ieg6goh,Helen,Day,4724 Big Elm,Kansas City,MO,64106,MasterCard,5493184369259663,146,5/2014
Thempling,PokJLowell@spambob.com,aiv2uQuai,Pok,Lowell,2528 Clarksburg Park Road,Phoenix,AZ,85003,Visa,4556631773835444,661,8/2013
Andings,EricEMontes@trashymail.com,ohnu2Ooxei,Eric,Montes,3496 Christie Way,Lawrence,MA,01840,MasterCard,5569253525941248,879,11/2013
Whaviely,JenniferKLipscomb@dodgit.com,Eelai4raiw7,Jennifer,Lipscomb,3053 Thorn Street,Jeffrey City,WY,82310,Visa,4556380833534213,931,6/2014
Eage1932,GuadalupeKOgg@trashymail.com,zeu5eiW4ah,Guadalupe,Ogg,1564 Clinton Street,Searcy,AR,72143,Visa,4539926291214334,572,6/2014
Nince1976,ConnieGDekker@mailinator.com,aiLeigh8yai,Connie,Dekker,1394 Davis Court,Metropolis,IL,62960,MasterCard,5330136358474387,409,1/2016
Searattables,JamesCHidalgo@trashymail.com,thahXie9c,James,Hidalgo,2729 Gorby Lane,Laurel,MS,39440,Visa,4532269326848447,927,12/2013
Decough,EdithAKrause@mailinator.com,diiPaequ3o,Edith,Krause,4620 Forest Avenue,New York,NY,10003,Visa,4532721963456645,378,8/2013
Scowersels,DorisJCabot@trashymail.com,woh4Wea8,Doris,Cabot,1779 Kooter Lane,Charlotte,NC,28202,Visa,4916494040886640,444,4/2013
Traideckon,RobertCEvans@pookmail.com,yeineeThu8qu,Robert,Evans,4780 Alpaca Way,Tustin,CA,92680,Visa,4716988415683849,179,7/2017
Dired1960,AshleyJBarker@trashymail.com,aikie8Ozoo1,Ashley,Barker,2880 Adamsville Road,Laredo,TX,78040,Visa,4716151637901230,390,4/2015
Raing1930,AlaynaRNyquist@mailinator.com,AiLeiQu5Vei,Alayna,Nyquist,702 Johnny Lane,Milwaukee,WI,53217,Visa,4929269236292976,391,6/2016
Exiony1971,LauraGBeck@dodgit.com,ahp1eiP6iesh,Laura,Beck,4389 Richards Avenue,Stockton,CA,95204,Visa,4556451781603852,655,1/2015
Bely1927,BonnieRMcLean@spambob.com,rohh1Ey4Ahl,Bonnie,McLean,1052 Glendale Avenue,Woodland Hills,CA,91303,MasterCard,5284848476477318,003,11/2014
Forre1940,MaryETaylor@pookmail.com,quachah6Gae,Mary,Taylor,1592 Jones Street,Cleburne,TX,76031,MasterCard,5469176024745037,492,8/2015
Quushey,HeatherGHardy@mailinator.com,siej4ohmaeC,Heather,Hardy,3296 Godfrey Street,Estacada,OR,97023,MasterCard,5346858118905952,074,6/2015
Aily1983,SusanTVivier@pookmail.com,iequ9naw7Ee,Susan,Vivier,42 McVaney Road,Asheville,NC,28801,Visa,4532636874965759,355,5/2013
Fousee1977,RosaNTallent@trashymail.com,aiS6iimei5sh,Rosa,Tallent,3710 Shinn Avenue,Pittsburgh,PA,15219,Visa,4716910927194149,767,12/2017
Dishe1928,ArthurPGiordano@dodgit.com,iefe8we1Naik,Arthur,Giordano,3001 Stuart Street,Hickory,PA,15340,Visa,4916202305391713,658,7/2013
Allob1929,ShaneMNero@spambob.com,ash9phi3A,Shane,Nero,4227 Lincoln Street,Maple Shade,NJ,08052,MasterCard,5222037908823779,367,4/2017
Himard,RebeccaVWhite@mailinator.com,aeK4feigh3,Rebecca,White,2121 Trouser Leg Road,Springfield,MA,01103,MasterCard,5418342021447421,427,5/2014
Hemand,FrankieRBrantley@pookmail.com,Re3cumi8th,Frankie,Brantley,2279 Marshall Street,Baltimore,MD,21202,Visa,4532166806034672,542,2/2017
Shavoind,RachelJAllen@trashymail.com,bie6Oos0,Rachel,Allen,2675 Biddie Lane,Hopewell,VA,23860,MasterCard,5328156137469783,615,4/2014
Rombass,CleoDRivers@trashymail.com,seiv4Zieyief,Cleo,Rivers,1555 Allison Avenue,Norfolk,VA,23502,Visa,4929792746239369,051,10/2015
Seseatity1954,SherriCMeador@mailinator.com,zaic5cuiNg,Sherri,Meador,4759 Gore Street,Houston,TX,77002,MasterCard,5591997067427949,858,7/2013
Bronst,PaulFKeel@mailinator.com,Ui0if6keghae6,Paul,Keel,2914 Walnut Drive,Mercer,ND,58559,Visa,4556355257066926,750,9/2016
Plegelone1927,AnnaERoyer@pookmail.com,wooWeish9x,Anna,Royer,2553 Nash Street,Chicago,IL,60605,MasterCard,5426269507550180,697,7/2017
Shater,RolandLYang@spambob.com,oophoNgool6,Roland,Yang,3998 Driftwood Road,San Francisco,CA,94108,Visa,4485597131380587,419,7/2014
Sart1970,LindaWCameron@trashymail.com,roh9ieC3H,Linda,Cameron,1652 McVaney Road,Asheville,NC,28801,Visa,4539522283464233,274,12/2013
Sormoorsold,SharonGHutchens@trashymail.com,eiphah3Oo,Sharon,Hutchens,3333 Grim Avenue,El Cajon,CA,92020,MasterCard,5302077077167163,732,3/2014
Facharnmethe,DanielDKowalsky@spambob.com,SaeJ2Ahph,Daniel,Kowalsky,408 Willis Avenue,Holly Hill,FL,32117,Visa,4485442501880199,617,2/2014
Perap1959,AliciaMCook@trashymail.com,at9aiR4Sh,Alicia,Cook,1457 Harrison Street,Oakland,CA,94612,MasterCard,5528514984365496,759,10/2014
Pron1977,LauraRArriaga@dodgit.com,AiT5rae6k,Laura,Arriaga,4776 Zappia Drive,Lexington,KY,40503,MasterCard,5387275256734435,641,1/2016
Wifulated,CelindaMPinson@trashymail.com,rahy7Cho0ah,Celinda,Pinson,2401 Kildeer Drive,Chester,OH,45720,MasterCard,5382026818504005,262,4/2014
Crins1986,JuttaMRoberson@spambob.com,Eid1quee3,Jutta,Roberson,2063 Diamond Street,Bryson City,NC,28713,Visa,4532251505559425,456,2/2015
Hicasonfut,DavidCRobinson@trashymail.com,wieDocu0sie,David,Robinson,384 Hampton Meadows,Bedford,MA,01730,Visa,4485224671424564,667,11/2016
Piceat,LouisKFrank@pookmail.com,yeiDiu1ch,Louis,Frank,4095 Marie Street,Laurel,MD,20707,Visa,4532377255715105,242,8/2015
Uselly,LorieRGibson@pookmail.com,Ach3Eeng,Lorie,Gibson,4589 Smith Road,Fairburn,GA,30213,Visa,4539075556238735,396,10/2017
Coler1949,TiffanyEOkeefe@dodgit.com,ha6zaev0T,Tiffany,Okeefe,2725 Brown Bear Drive,Rancho California,CA,92390,Visa,4556840695457852,641,7/2014
Theld1989,DianaRClifford@mailinator.com,emohL5oong9,Diana,Clifford,2893 Goldcliff Circle,Lanham,DC,20706,MasterCard,5271575916160320,264,9/2017
Sters1928,RichardNBuchanan@mailinator.com,Neving2ei,Richard,Buchanan,1310 Horizon Circle,Kent,WA,98031,Visa,4532515054807736,715,11/2017
Thretent,PaulDWynne@trashymail.com,Ele0sai9woof,Paul,Wynne,2658 Conference Center Way,Nicholson,PA,18446,MasterCard,5474645559820426,156,4/2015
Couser,ChristinePYbarra@trashymail.com,Aezoquox9,Christine,Ybarra,2721 Angie Drive,Pomona,CA,91766,Visa,4929331981041378,282,2/2016
Frabled,PamelaRFlowers@pookmail.com,Uuwougie1si,Pamela,Flowers,159 Smithfield Avenue,Canyon,TX,79015,MasterCard,5203011483784055,315,3/2017
Qualet,GeorgeKGarcia@pookmail.com,uogae9mu6EM,George,Garcia,3868 Austin Secret Lane,Cedar City,UT,84720,MasterCard,5385333145910351,931,4/2014
Beirch,JuanRRose@dodgit.com,eiJaelet7,Juan,Rose,1299 Ottis Street,Oklahoma City,OK,73102,Visa,4539187495754860,355,8/2014
Shichis,MorganDPerry@spambob.com,aeCai0eeHoh,Morgan,Perry,4684 Havanna Street,Greensboro,NC,27401,Visa,4916368841469998,377,7/2017
Cames1959,CharleneJNeece@trashymail.com,yi6ACie8,Charlene,Neece,4711 Oral Lake Road,Shakopee,MN,55379,MasterCard,5121279616932185,403,12/2016
Talocks,EdithJHosmer@spambob.com,eiSayaih0,Edith,Hosmer,4630 Adamsville Road,Laredo,TX,78040,MasterCard,5215925692095001,552,10/2015
Lonswellot,AhmadEDean@trashymail.com,Tahgh3eef,Ahmad,Dean,1860 Shobe Lane,Centennial,CO,80112,Visa,4485065792838319,531,11/2016
Labley,HarriettMKowalski@pookmail.com,Maemo6ItoJ2,Harriett,Kowalski,1796 Ridenour Street,Miami,FL,33128,Visa,4929669517700391,369,6/2016
Thenex,RheaJHobbs@spambob.com,ier3waiG0goo,Rhea,Hobbs,2354 Romrog Way,Mccook,NE,69001,Visa,4716935284366493,787,11/2013
Tworris,AliceDDowney@spambob.com,Ieshai0ahh,Alice,Downey,3328 Johnstown Road,Bensenville,IL,60106,MasterCard,5283053423030358,507,2/2014
Hinse1966,JenniferPWorley@spambob.com,biexe4Tu4i,Jennifer,Worley,1035 Irving Road,Columbus,OH,43215,Visa,4532855509421950,299,6/2017
Newded,LorenzaDSullivan@trashymail.com,Uweiti7oobei,Lorenza,Sullivan,2939 Charmaine Lane,Lubbock,TX,79401,Visa,4556629815929753,296,1/2014
Wareat,BradleyKDunham@mailinator.com,Phaith9o,Bradley,Dunham,2923 Vine Street,Morton Grove,IL,60053,Visa,4929935477469453,521,1/2013
Anobaciping,BobbyJMiller@mailinator.com,rahPesi5fi,Bobby,Miller,1090 Fleming Way,Petersburg,VA,23803,MasterCard,5289913993903843,255,4/2014
Prioner,BrianTMcKenzie@spambob.com,gahVah9eNa,Brian,McKenzie,4483 Saint Francis Way,New Berlin,WI,53151,MasterCard,5530783759753477,266,1/2013
Wough1971,CharlieVThomas@spambob.com,Ijaexeiv9,Charlie,Thomas,4023 Randall Drive,Honolulu,HI,96815,MasterCard,5306839795928283,354,1/2016
Afrourner,RickMDiehl@trashymail.com,DuNg4mee,Rick,Diehl,4630 Red Bud Lane,New Haven,CT,06511,MasterCard,5572269802690659,718,7/2015
Maeft1942,ElizabethEDineen@dodgit.com,aeRai4yu4,Elizabeth,Dineen,1133 Crummit Lane,Hardy,NE,68934,MasterCard,5217007107577549,580,2/2014
Alsetly80,MarkSNance@trashymail.com,egib4Eb3Mub,Mark,Nance,4143 Euclid Avenue,City Of Commerce,CA,90040,Visa,4556055235158445,004,8/2013
Behise,AntonetteGEverhart@spambob.com,kie5IG5bo0,Antonette,Everhart,3640 Rhode Island Avenue,Beltsville,DC,20705,MasterCard,5481733420244413,640,4/2017
Wonfehe,AmyJThompson@pookmail.com,eimaJax1sae,Amy,Thompson,1398 Henry Ford Avenue,New York,NY,10007,MasterCard,5144248948568721,728,8/2013
Wasere83,SamuelMHardin@pookmail.com,eu8eYa6Pho,Samuel,Hardin,545 Hardesty Street,West Chazy,NY,12992,Visa,4485155660984814,814,6/2013
Rived1944,JamesLTurner@mailinator.com,Aaseiwai6m,James,Turner,987 Black Oak Hollow Road,Sunnyvale,CA,94086,Visa,4485929978710503,726,9/2014
Chapill1967,RamonJReed@pookmail.com,Tee8phue9,Ramon,Reed,2836 Flinderation Road,Chicago,IL,60601,MasterCard,5472592555640840,682,2/2015
Frod1959,MorganJSanchez@trashymail.com,ooHei2Moogah,Morgan,Sanchez,1077 Frum Street,Brentwood,TN,37027,MasterCard,5302505015857917,022,3/2016
Uterming,KatieFSmith@spambob.com,nai5Saere,Katie,Smith,4128 Layman Avenue,Savannah,GA,31401,MasterCard,5464340288624412,648,5/2016
Anding,GlennKMong@spambob.com,lao7ooQuai,Glenn,Mong,1463 Shady Pines Drive,Wytheville,VA,24382,Visa,4716004688629004,656,11/2014
Somblay1941,DanielleMMathews@pookmail.com,ethiyae3X,Danielle,Mathews,4280 Terra Street,Port Townsend,WA,98363,MasterCard,5460694044721571,158,12/2015
Herringen,EdwardMMcCorkle@dodgit.com,taipu1OX4ah,Edward,McCorkle,2276 Kelly Drive,Bluefield,WV,24701,MasterCard,5298375794744033,397,1/2013
Hishad,KendrickBDavis@trashymail.com,aXoh6Ohsah7p,Kendrick,Davis,1519 Hall Street,Las Vegas,NV,89101,Visa,4485435232702021,544,7/2017
Theaset,ChristopherMMercer@mailinator.com,Ieghoow9Vah,Christopher,Mercer,3603 Kembery Drive,Chicago,IL,60654,MasterCard,5154391370385987,358,1/2013
Whoubson72,WendyEBare@dodgit.com,ahp6Ohdeek,Wendy,Bare,2279 Goodwin Avenue,Walla Walla,WA,99362,Visa,4556769011208485,209,6/2013
Nipton,MaryBCruce@trashymail.com,uuRaivai8f,Mary,Cruce,3176 Newton Street,Minneapolis,MN,55402,Visa,4539010255406804,618,5/2017
Pophe1971,JeremyPHunziker@mailinator.com,uoK6ephee,Jeremy,Hunziker,1762 Deans Lane,Elmsford,NY,10523,MasterCard,5153224578300865,634,10/2013
Whicenty,RichardJAlegria@dodgit.com,kooc6Ohngei,Richard,Alegria,4531 Norma Avenue,Dayton,OH,45402,MasterCard,5128304160157949,729,10/2017
Agiver88,EverettEFalgoust@trashymail.com,Is1aquee,Everett,Falgoust,227 Pick Street,Denver,CO,80203,MasterCard,5342305266250785,412,4/2013
Consis,SharonMJernigan@trashymail.com,heiKohph6,Sharon,Jernigan,3386 Rockford Mountain Lane,Raleigh,NC,27604,Visa,4556544528454470,521,9/2016
Toorm1986,MarvinKSheehan@pookmail.com,Phai0dohch0,Marvin,Sheehan,4850 Bryan Street,Greensboro,NC,27403,Visa,4916877590854242,390,5/2015
Jought,JohnSMartin@spambob.com,IQu7uquu9,John,Martin,4644 Par Drive,Salinas,CA,93901,Visa,4485330853643564,624,6/2015
Fleford,SusanMBoothe@dodgit.com,Ievaixauj3,Susan,Boothe,2976 High Meadow Lane,Scranton,PA,18503,MasterCard,5505904332372962,910,4/2016
Daithis,KathyCCadena@spambob.com,eeNeree6hu,Kathy,Cadena,3040 Rhode Island Avenue,Washington,DC,20008,MasterCard,5591717118416984,428,3/2015
Precand,LaurenCBennington@pookmail.com,noxoo9uWoh,Lauren,Bennington,4564 Fire Access Road,Winston Salem,NC,27104,Visa,4556787122884093,202,12/2017
Nouty1987,TimothyJSteiner@dodgit.com,zi2Eupaul7Fu,Timothy,Steiner,2706 Pickens Way,Canton,TX,75103,Visa,4539568715320394,079,10/2013
Evagarmaked,WilliamRBaldwin@pookmail.com,LooXies9ooW,William,Baldwin,3312 Lindale Avenue,Concord,CA,94520,MasterCard,5273510689692215,344,2/2016
Glintall,SimonTNelson@trashymail.com,oogheX2ae,Simon,Nelson,1831 Abner Road,Superior,WI,54880,MasterCard,5568185400622827,105,1/2013
Butur1958,StanleyJVaught@mailinator.com,wieng7Uoz0P,Stanley,Vaught,2834 Yorkie Lane,Blackshear,GA,31516,MasterCard,5412178889414251,991,6/2014
Gueagen,LarryJAdkins@dodgit.com,oohaNg8ie,Larry,Adkins,2522 Tecumsah Lane,Cedar Rapids,IA,52401,Visa,4929234140180998,737,2/2017
Roomens,DeanELuther@trashymail.com,Eey2oog4ugh,Dean,Luther,4407 Radio Park Drive,Augusta,GA,30904,MasterCard,5425854255451854,514,1/2014
Beems1929,WayneDJimenez@dodgit.com,aeraep0Taph,Wayne,Jimenez,3668 Fowler Avenue,Lawrenceville,GA,30245,Visa,4532968339966415,690,1/2014
Thapterefor,DerrickMCarmona@dodgit.com,azieg5Igi8,Derrick,Carmona,4450 Oak Way,Lincoln,NE,68506,MasterCard,5275813265339971,078,12/2015
Lemor1987,TinaOMcIntyre@mailinator.com,chaeTu9iqu,Tina,McIntyre,578 Oak Street,Syracuse,NY,13204,Visa,4556656115693342,251,10/2016
Posid1957,KellyNMohan@dodgit.com,VookavoD8gie,Kelly,Mohan,912 Counts Lane,Cincinnati,KY,45214,MasterCard,5280294476439152,738,2/2017
Werimaid,MinnieFBailey@pookmail.com,eegh4Waev,Minnie,Bailey,3525 Harper Street,Hebbardsville,KY,42414,Visa,4556989461317319,310,10/2013
Munchon75,MichaelMMartinez@pookmail.com,Eew7Eiji2,Michael,Martinez,930 Fincham Road,El Centro,CA,92243,MasterCard,5239766217346723,074,10/2013
Thenteavill,JackBHotchkiss@trashymail.com,Efoo7laec,Jack,Hotchkiss,2751 Lindale Avenue,Fremont,CA,94536,Visa,4532836820546287,045,8/2015
Schimsomine,CarolMPhipps@mailinator.com,sae4ahshahK,Carol,Phipps,1891 Emeral Dreams Drive,Hinckley,IL,60520,MasterCard,5239189333288358,037,2/2016
Theticties,SammieNBaldwin@spambob.com,sep5eim6phaiHah,Sammie,Baldwin,902 Murry Street,Virginia Beach,VA,23451,Visa,4556005797879839,183,2/2014
Trach1945,InaHBloodworth@mailinator.com,iJ5AesaeSh5,Ina,Bloodworth,3933 Franklin Avenue,Orlando,FL,32810,MasterCard,5445252310556278,965,11/2017
Flemen,BruceAWilliam@dodgit.com,Phi4jodae9l,Bruce,William,4737 Traction Street,Spartanburg,SC,29307,Visa,4556952063603981,143,4/2014
Samay1961,JanetLGothard@mailinator.com,Fi3Reighae,Janet,Gothard,3103 Parrish Avenue,San Antonio,TX,78217,Visa,4716150217058205,295,5/2015
Indown85,HazelBWright@spambob.com,Eequ4Ex5u,Hazel,Wright,1699 Oliverio Drive,Wichita,KS,67202,MasterCard,5473330991189513,566,11/2014
Nowas1959,MichaelCScott@trashymail.com,che2sooNg0sh,Michael,Scott,988 Stadium Drive,Attleboro,MA,02703,MasterCard,5445434934269872,028,2/2017
Thaterisaing,JohnGDelia@dodgit.com,AhbiMied0li,John,Delia,1631 Berry Street,Colorado Springs,CO,80915,Visa,4532426750870020,650,3/2017
Gial1982,EdnaCOlivarria@spambob.com,ahGee6Ienae,Edna,Olivarria,4187 Deercove Drive,Philadelphia,PA,19107,MasterCard,5377337082605387,058,11/2013
Dontards,VickieCCousins@trashymail.com,moh0Eocaiph,Vickie,Cousins,4833 Tree Frog Lane,Lonejack,MO,64070,Visa,4929015285546410,544,3/2014
Chousion1977,OpalCBence@spambob.com,ohZ5keethah,Opal,Bence,1224 Junior Avenue,Atlanta,GA,30303,MasterCard,5352302549591454,361,2/2013
Reyel1970,ChristopherLYates@trashymail.com,eek2fuvoaCh,Christopher,Yates,796 Larry Street,Milwaukee,WI,53213,Visa,4716231025786870,913,5/2013
Suired,JeremyTPitre@spambob.com,opaisu3B,Jeremy,Pitre,4507 Oak Ridge Drive,Saint Louis,MO,63101,Visa,4716254595139775,530,12/2017
Hili1951,SteveLHolden@spambob.com,yo4thuSh8o,Steve,Holden,3536 Randall Drive,Wailuku,HI,96793,Visa,4532053997810195,254,5/2014
Youresioure,ThomasKCramer@trashymail.com,aiY7anee2ee,Thomas,Cramer,574 Wayback Lane,New York,NY,10011,Visa,4485415649683287,406,5/2016
Dameapardly,PamelaDFischer@pookmail.com,Shuphu7oiL,Pamela,Fischer,4605 Farnum Road,New York,NY,10013,Visa,4716528742226514,426,1/2014
Quaints,BryanLPeyton@pookmail.com,ECeung8Ie,Bryan,Peyton,1311 Broadway Street,Charleston,SC,29405,MasterCard,5488373317425586,528,11/2015
Hists1956,JakeDRupp@mailinator.com,Ae4keenaa,Jake,Rupp,3581 Southern Street,Huntington,NY,11743,Visa,4485294864606772,584,11/2017
Faidle,KristopherJStanton@trashymail.com,She2EQu6,Kristopher,Stanton,1323 Dog Hill Lane,Wilson,KS,67490,MasterCard,5177213036777204,782,6/2017
Mothim,EarlCBaron@trashymail.com,Ie9feeguu,Earl,Baron,576 Frederick Street,Roseville,CA,95661,MasterCard,5345340089319969,099,11/2015
Colm1935,RaulADowden@trashymail.com,om1Uwei3WohJ,Raul,Dowden,2656 Wetzel Lane,Grand Rapids,MI,49508,MasterCard,5575064788270841,153,9/2017
Drome1966,TameraDGarner@dodgit.com,shohPh8ger,Tamera,Garner,3302 Radio Park Drive,Athens,GA,30601,MasterCard,5398245178335071,088,9/2017
Whemploss,LakieshaBHarmon@trashymail.com,eeKio3ieyee,Lakiesha,Harmon,3256 Pinchelone Street,Norfolk,VA,23513,MasterCard,5288548440661981,166,7/2013
Thimpturaw53,CarolineTMiller@dodgit.com,ka8Woo7sh,Caroline,Miller,2298 Blane Street,Saint Louis,MO,63141,Visa,4532648225394233,070,9/2016
Thas1985,ChristopherIMcCutcheon@trashymail.com,iesh7BooMi0,Christopher,McCutcheon,930 Lowes Alley,Westerville,OH,43081,MasterCard,5352509549158700,003,8/2015
Musings,FrancisCPowell@pookmail.com,OhYeiQu0tee,Francis,Powell,3824 Hemlock Lane,Harlingen,TX,78550,MasterCard,5484048040592332,719,7/2014
Engs1976,DavidKSweat@trashymail.com,Ooko4Eegu7,David,Sweat,213 Rivendell Drive,Minerva,OH,44657,MasterCard,5428351490157286,112,11/2016
Leed1971,MichaelLGarth@spambob.com,ahup2Phai,Michael,Garth,1931 Arrowood Drive,Green Cove Springs,FL,32043,Visa,4916347504662792,231,7/2016
Impass44,JohnADaly@mailinator.com,Phoog7Vait5,John,Daly,2358 Garfield Road,East Peoria,IL,61611,MasterCard,5489140205651360,059,3/2014
Andicks51,FrankJThomas@pookmail.com,ais3do7Iy5ae,Frank,Thomas,1913 Losh Lane,Hickory,PA,15340,MasterCard,5334805387786211,962,5/2014
Liftex,MarkEFinley@pookmail.com,zah8daiWoor,Mark,Finley,4554 Coal Road,Dallas,PA,18612,MasterCard,5492438727010098,140,12/2016
Anned1948,MaryEHughes@spambob.com,gai6aiRooj,Mary,Hughes,965 Rebecca Street,Chicago,IL,60607,Visa,4556876836216401,954,6/2015
Notilen,HelenRDoney@trashymail.com,oCh4pai0ai,Helen,Doney,3934 Sampson Street,Englewood,CO,80112,MasterCard,5367543301936063,305,4/2013
Ganig1927,WilliamCGordon@dodgit.com,Owei2ooRie,William,Gordon,3715 Chenoweth Drive,Spring Hill,TN,37174,MasterCard,5493913226716907,948,12/2016
Witters57,EddieMRichards@pookmail.com,esh1iBai5j,Eddie,Richards,2161 Buck Drive,Salt Lake City,UT,84119,Visa,4716747477020823,046,3/2015
Hine1946,JohnnieSSmith@pookmail.com,vohG1noh,Johnnie,Smith,2693 River Road,Colorado Springs,CO,80903,MasterCard,5536872149665410,640,9/2014
Joyagoint,MaryDManiscalco@dodgit.com,Cizic0aigh,Mary,Maniscalco,3394 County Line Road,St George,FL,34683,Visa,4539886430039101,985,4/2017
Legis1962,ShannonPNelson@trashymail.com,iu9eicei7Ie,Shannon,Nelson,4593 Rowes Lane,Smiths Grove,KY,42171,Visa,4532410949563605,301,6/2015
Stergue,AmandaPHavens@pookmail.com,Ieb9quiech,Amanda,Havens,3676 Patterson Road,New York,NY,10011,MasterCard,5258177166548648,715,1/2017
Thowas,JaniceJMiller@mailinator.com,ziu0OoDieWai7,Janice,Miller,1252 Prospect Valley Road,Hawthorne,CA,90250,Visa,4929168765601088,810,3/2013
Neand1957,MonicaMLadner@mailinator.com,Ifae8ju6xee,Monica,Ladner,4346 Round Table Drive,Waynesville,OH,45068,Visa,4716031629842602,734,3/2015
Prinfeards,GraceTWarren@trashymail.com,Ko8yofa2,Grace,Warren,4803 Rainbow Road,Los Angeles,CA,90017,Visa,4485674781764178,006,8/2013
Morris,MarianRAnglin@trashymail.com,aoDi5aez0o,Marian,Anglin,4707 University Hill Road,Champaign,IL,61820,Visa,4539067355288409,713,1/2015
Libing,AustinJWilliams@trashymail.com,Zeim3enii,Austin,Williams,1207 Swick Hill Street,Charlotte,NC,28202,Visa,4716477308451209,891,5/2017
Sperve,ColinMMata@spambob.com,ie2thuSh,Colin,Mata,4436 Ward Road,Sierra Blanca,TX,79851,Visa,4929679209101089,422,2/2015
Sters1993,WadeLDavis@mailinator.com,Zah4Iey6aqu,Wade,Davis,3233 Maloy Court,Wetmore,KS,66550,MasterCard,5493952820948987,062,1/2017
Hisom1993,AngieJBlock@pookmail.com,lah6Chafooj,Angie,Block,46 Lynn Avenue,Eau Claire,WI,54701,MasterCard,5567616350115447,178,6/2016
Didettioners1968,ThomasEEmerson@mailinator.com,eebeuh3RooM,Thomas,Emerson,1313 Ocello Street,San Diego,CA,92111,MasterCard,5196598169577943,509,7/2015
Danow1953,JeffreyAUng@pookmail.com,aiQuietho2,Jeffrey,Ung,3232 Smith Street,Shrewsbury,MA,01545,MasterCard,5437125784833953,536,5/2016
Crepare84,ElizabethLHayter@mailinator.com,eekoo4Eequo,Elizabeth,Hayter,3211 Overlook Drive,Indianapolis,IN,46225,Visa,4929998854026726,684,5/2014
Forengs,MelissaJSoderberg@mailinator.com,ahQuei5Ca1Th,Melissa,Soderberg,1546 Lords Way,Henning,TN,38041,Visa,4539824286434548,116,8/2016
Wittiptacked,RandyJCrosby@trashymail.com,aCh7zex6ee,Randy,Crosby,1542 Grant View Drive,Milwaukee,WI,53216,MasterCard,5513297436848411,933,5/2014
Willith,JohnDSanchez@pookmail.com,ioR9eeXie9s,John,Sanchez,3206 Columbia Road,Wrangle Hill,DE,19720,MasterCard,5134898975694006,297,8/2016
Toperwithe,JaniceBGoddard@pookmail.com,wee4aeThi,Janice,Goddard,2441 Lamberts Branch Road,Miami,FL,33169,MasterCard,5175991637551993,830,2/2017
Refearintly,SallyGKaye@pookmail.com,aengii9D,Sally,Kaye,4557 Lady Bug Drive,Pueblo,CO,81003,MasterCard,5462281159245329,516,9/2015
Hisfack,AnthonyFKing@dodgit.com,cahsh3Doi,Anthony,King,4489 Bluff Street,Bethesda,MD,20014,Visa,4556119771878251,285,8/2013
Irly1950,MaryFWinslow@spambob.com,ueNgai2voBa,Mary,Winslow,3694 Cottonwood Lane,Grand Rapids,MI,49503,Visa,4539910633345204,032,7/2017
Ened1943,MaryRSummers@pookmail.com,ooboKoo9ae,Mary,Summers,338 Stockert Hollow Road,Tacoma,WA,98402,MasterCard,5134418406680514,132,1/2014
Conestre,ThomasIThompson@dodgit.com,Sini9zeid8oo,Thomas,Thompson,1347 Doe Meadow Drive,Washington,MD,20004,MasterCard,5278002776335796,162,1/2017
Banke1978,HaroldMMagee@dodgit.com,eeJ9ieFae,Harold,Magee,4223 Clarence Court,Ontario,CA,91762,MasterCard,5236447369106750,183,6/2013
