Username,EmailAddress,Password,GivenName,Surname,StreetAddress,City,State,ZipCode,CCType,CCNumber,CVV2,CCExpires
Tisid1954,JuliaJSteel@spambob.com,Oop9usho0,Julia,Steel,4554 Atha Drive,Bakersfield,CA,93301,Visa,4539303633403191,196,6/2016
Olithad,GlennAWooden@trashymail.com,Ieghee9iw7o,Glenn,Wooden,1542 Hillcrest Avenue,Boston,MA,02110,MasterCard,5417843046761150,596,2/2017
Faxby1944,DaveCCampbell@dodgit.com,vei0Xeiga5oh,Dave,Campbell,118 Pick Street,Centennial,CO,80112,Visa,4929826661818219,851,3/2015
Woung1955,AlbaKHarshaw@mailinator.com,Ivuwohzeig8,Alba,Harshaw,4876 Douglas Dairy Road,Big Prater,VA,24656,MasterCard,5186975833463126,674,10/2015
Lablen,CarlosMJones@trashymail.com,keopei0Wae,Carlos,Jones,890 Ross Street,Belleville,IL,62220,MasterCard,5518066940592772,779,4/2016
Togent,DinaHDonaldson@pookmail.com,oowisoK8th,Dina,Donaldson,1666 Clay Lick Road,Aurora,CO,80014,Visa,4929609456935822,090,2/2014
Kion1945,LorettaAMaddux@mailinator.com,Uc0laeD4xoo,Loretta,Maddux,2701 Benson Park Drive,Paoli,OK,73074,Visa,4716341712301642,327,11/2016
Nage1966,EnidLMcGee@spambob.com,shaeGh7ei,Enid,McGee,2221 Harron Drive,Linthicum Heights,MD,21090,MasterCard,5457444778258233,952,10/2015
Sweend,MitchellDPoole@dodgit.com,siej8Weishie,Mitchell,Poole,315 Cunningham Court,Southfield,MI,48034,MasterCard,5427888794299323,941,5/2013
Comence92,MeriCPerez@spambob.com,Thoofui5ie,Meri,Perez,3311 Roosevelt Street,San Francisco,CA,94143,MasterCard,5332915649163927,560,1/2013
Nothemould,HazelJGarcia@trashymail.com,aiTaexauj3,Hazel,Garcia,1524 Lonely Oak Drive,Mobile,AL,36602,MasterCard,5295890048977695,198,7/2017
Nuffeamed,StephanieJBasso@mailinator.com,OhmaDae1g,Stephanie,Basso,647 Joy Lane,Woodland Hills,CA,91303,MasterCard,5317005467603656,800,4/2017
Hustme,LolaJGarcia@pookmail.com,aNgaboog8pai,Lola,Garcia,1425 Thompson Drive,Concord,CA,94520,Visa,4716273602322356,091,8/2013
Liagn1988,PaulVElliott@mailinator.com,iel6aeDiep,Paul,Elliott,978 Hilltop Haven Drive,Newark,NJ,07102,Visa,4556856898746594,923,6/2016
Linlantrint,SoniaJFisher@mailinator.com,goong1kohPoo,Sonia,Fisher,3101 Cityview Drive,Fort Washington,PA,19034,MasterCard,5255100438588401,207,7/2015
Thicamewyn,JohnSFlowers@spambob.com,xieSej8ph,John,Flowers,4654 Glen Falls Road,Philadelphia,PA,19103,MasterCard,5110333530699389,698,6/2017
Oblie1928,RufusLMcCormick@pookmail.com,aid2uoW0phoo,Rufus,McCormick,2540 Bailey Drive,Fort Madison,IA,52627,MasterCard,5277738320346893,180,12/2016
Flarme,SarahDMilton@trashymail.com,nooxohd5Eew,Sarah,Milton,99 Quincy Street,Philadelphia,PA,19103,MasterCard,5279559586427294,589,3/2015
Thendre,CharlesVBrock@dodgit.com,ial7aeDe,Charles,Brock,4480 James Martin Circle,Westerville,OH,43081,Visa,4485972771604168,174,5/2013
Thatintopen32,KristinaDGillespie@trashymail.com,pooJ2fee,Kristina,Gillespie,807 Longview Avenue,Queens,NY,11413,Visa,4485309317833193,004,4/2015
Migh1976,RamonaMRodriguez@dodgit.com,deng3Phuri,Ramona,Rodriguez,2210 Meadowbrook Mall Road,San Pedro,CA,90731,MasterCard,5457819232057018,642,5/2013
Eiried,JanetMKarsten@trashymail.com,aCoh5Ohloov,Janet,Karsten,1683 Angie Drive,Westminster,CA,92683,MasterCard,5270364903946228,003,2/2015
Withful,NellieJDriver@spambob.com,uShei0Thoh,Nellie,Driver,940 Trainer Avenue,Heyworth,IL,61745,MasterCard,5338528619157375,482,7/2013
Oundes83,AnthonySMurphy@mailinator.com,uj3Ieyei5ai,Anthony,Murphy,2410 Apple Lane,Dunlap,IL,61525,MasterCard,5558930476084366,900,12/2017
Sciewher,JosephEJeffers@pookmail.com,ien2Isaic,Joseph,Jeffers,4263 Comfort Court,Madison,WI,53703,MasterCard,5247063212515563,858,4/2014
Arryin,AnnAMurphy@mailinator.com,Uedaik3n,Ann,Murphy,252 Willis Avenue,Oak Hill,FL,32759,MasterCard,5539867575306981,002,10/2017
Plect1950,LucyRYeldell@pookmail.com,kooSh7iayah,Lucy,Yeldell,3615 Morningview Lane,Osage,IA,50461,MasterCard,5524679683967126,195,4/2015
Nonvize,HayleyHSpeer@spambob.com,fooYo8Eerieph,Hayley,Speer,4198 Saint James Drive,Harrisburg,PA,17102,MasterCard,5263411245237763,498,11/2016
Whadven,KileyTBrown@spambob.com,dai1eif6O,Kiley,Brown,1073 Ella Street,Mountain View,CA,94041,MasterCard,5278574764326128,329,5/2013
Witua1949,JeanRRaymond@mailinator.com,Eef2uzoh,Jean,Raymond,242 Haul Road,Saint Paul,MN,55102,Visa,4532200329740372,493,3/2013
Mazince,AlyssaAFalk@mailinator.com,ohm1eth2aiC,Alyssa,Falk,2304 Arbor Court,Mountain View,WY,82939,Visa,4485003672422623,910,12/2013
Thententon,GeorgeKCosenza@dodgit.com,GahMohp4th,George,Cosenza,408 Douglas Dairy Road,Johnson City,VA,37615,MasterCard,5184079120510426,798,6/2017
Whentely,JerroldAHelm@mailinator.com,Ail4Aec0th,Jerrold,Helm,3822 Wilson Avenue,Dallas,TX,75207,MasterCard,5545006582416663,211,11/2014
Gromentiout,RubenLWeir@mailinator.com,Sheiboh2zoh,Ruben,Weir,2744 Lowes Alley,Columbus,OH,43201,Visa,4716651968110384,653,8/2016
Mustrien1958,DeborahBTorres@spambob.com,CiH1Hah3,Deborah,Torres,2435 Ocello Street,San Diego,CA,92103,MasterCard,5263179448347230,428,6/2014
Nothas80,LawrenceAFretwell@dodgit.com,ahth7Eixuph,Lawrence,Fretwell,301 Gore Street,Houston,TX,77035,MasterCard,5419159885437341,011,7/2015
Drad1960,MatthewJRivera@pookmail.com,loo2Ohjoh1g,Matthew,Rivera,753 Bee Street,Muskegon,MI,49470,MasterCard,5343870492003240,783,8/2013
Plect1931,ShirleyCChavez@pookmail.com,ohceiMae8Th,Shirley,Chavez,1739 Barfield Lane,Indianapolis,IN,46241,Visa,4532460089756519,944,9/2017
Plitte1966,KaylaDJohnston@dodgit.com,vaivagoh4L,Kayla,Johnston,4688 Harrison Street,San Francisco,CA,94107,Visa,4929487885715333,765,5/2017
Alleary,MabelRDill@dodgit.com,cie1wiF1EiJ,Mabel,Dill,3033 Westfall Avenue,Albuquerque,NM,87114,MasterCard,5466506271353999,641,4/2015
Trom1929,LaurenMCrockett@mailinator.com,Ree9fohshang,Lauren,Crockett,4176 Elsie Drive,Sioux Falls,SD,57104,Visa,4929896293296183,552,7/2017
Denestomed,MatthewNGentry@dodgit.com,oQu0sosah3,Matthew,Gentry,1804 Oliver Street,Fort Worth,TX,76102,Visa,4716457411591828,584,6/2017
Bechapte,SandraTZhang@dodgit.com,aekiiCa4Ias,Sandra,Zhang,4837 Winifred Way,Lafayette,IN,47095,MasterCard,5399439762401261,333,3/2017
Beciong,LillieJHolmes@trashymail.com,Wo1ieb7Babah,Lillie,Holmes,273 Riverwood Drive,Sacramento,CA,95814,MasterCard,5333654614796069,054,4/2016
Tholon,BlancheTWhitlow@dodgit.com,quaeMei8Doo,Blanche,Whitlow,4522 Bloomfield Way,West Enfield,ME,04493,Visa,4716994863044294,538,10/2016
Thencestraes,DeloresSPayne@spambob.com,ohHo0Eegh,Delores,Payne,4823 Prudence Street,Detroit,MI,48213,MasterCard,5520992848900872,302,12/2015
Theightere,JacquelynMSimmons@pookmail.com,NeiZ6ooD,Jacquelyn,Simmons,26 Bluff Street,Annapolis Junction,MD,20701,MasterCard,5522463815082076,891,1/2013
Sudded,SaraRWard@trashymail.com,ohPh3JaeX,Sara,Ward,3126 Jail Drive,Geneseo,IL,61254,MasterCard,5406148420172641,437,3/2017
Upond1932,BrandyAMaule@pookmail.com,vuay3HaaThai,Brandy,Maule,3713 Poplar Lane,Miami,FL,33176,Visa,4916457455574993,293,3/2013
Owlening,MelvinIBennett@trashymail.com,aev8ooshooW,Melvin,Bennett,305 Spadafore Drive,Ridgway,PA,15853,Visa,4916882330445459,593,1/2013
Easked,AnnRHarrington@spambob.com,aeMaem2cheu,Ann,Harrington,3876 Hartway Street,Aberdeen,SD,57401,Visa,4532395130109575,873,1/2015
Andine,LottieJBowker@pookmail.com,KaiwuNoht4,Lottie,Bowker,866 Kuhl Avenue,Atlanta,GA,30303,MasterCard,5539724914584481,747,4/2013
Oligh1945,GloriaPJones@mailinator.com,Eex4paifei,Gloria,Jones,3728 Bingamon Branch Road,New York,NY,10011,Visa,4716574845950386,730,8/2017
Hapsylle37,WilliamNMcDowell@spambob.com,ehiu8eeCh,William,McDowell,1982 Sundown Lane,Austin,TX,78758,Visa,4485959984555600,538,9/2013
Belince,SusanJBowen@dodgit.com,po3jeiCooth,Susan,Bowen,1825 Jerry Toth Drive,Pilot Station,AK,99650,MasterCard,5453184482366740,009,12/2013
Andoned,GalenATravis@pookmail.com,Iv3eisuch,Galen,Travis,1673 Sycamore Circle,Dallas,TX,75204,MasterCard,5268790641843844,001,6/2014
Prient1982,MilagroPJohnson@dodgit.com,Neang4ahYaiv,Milagro,Johnson,395 Jett Lane,Irvine,CA,92664,Visa,4485815955244246,556,3/2016
Anuardinut,DaneCChristian@mailinator.com,Uf9oimitah,Dane,Christian,2522 Boone Street,Corpus Christi,TX,78476,Visa,4556725464207275,589,11/2014
Anderfarom,DonaldCWoods@dodgit.com,kie6Quoh8,Donald,Woods,2784 Hart Street,Hartford,CT,06103,Visa,4556617822038478,379,5/2013
Vourpontow,AshleyTJackson@pookmail.com,jighouSai6oh,Ashley,Jackson,3688 Colonial Drive,Houston,TX,77006,MasterCard,5341635340150952,087,12/2015
Eard1944,BarbaraROrtega@pookmail.com,quoazei1Fo,Barbara,Ortega,4879 Benedum Drive,Goshen,NY,10924,Visa,4532428001848409,742,8/2015
Tagal1938,GraceSUpham@spambob.com,oeFeibu7Bai,Grace,Upham,2151 Stanton Hollow Road,Cambridge,MA,02141,MasterCard,5199235916938410,974,5/2014
Patents,DoraCCress@dodgit.com,Eith9guuf2m,Dora,Cress,4698 Douglas Dairy Road,Fieldale,VA,24089,Visa,4916917647783612,271,10/2014
Mosedeted,AmyGChristian@dodgit.com,Sie7pahph,Amy,Christian,4686 Nash Street,Chicago,IL,60605,Visa,4485919320081588,166,8/2016
Heyes1938,CrystalPSolis@mailinator.com,wi1Naikeevae,Crystal,Solis,3442 Bee Street,Muskegon,MI,49470,Visa,4485283960685152,362,4/2014
Tose1959,StevenEJohnson@pookmail.com,ToNg0xaeKaNg,Steven,Johnson,63 Poplar Avenue,San Diego,CA,92105,Visa,4532647985425880,647,4/2014
Thatilgincim1949,NancyBTyler@dodgit.com,eegh9Aing,Nancy,Tyler,4956 Mulberry Avenue,Little Rock,AR,72211,Visa,4916977002247850,846,11/2016
Cappon,KarenMBlair@trashymail.com,oobie8aJoh,Karen,Blair,2180 Russell Street,Cambridge,MA,02141,Visa,4485280393263623,226,11/2013
Foreseenothe,KarenRJones@spambob.com,atohWeCae6ee,Karen,Jones,770 Jarvisville Road,Westbury,NY,11590,MasterCard,5374336254148989,108,3/2016
Enesuatims,CliffordWBowie@dodgit.com,cho1nahFue,Clifford,Bowie,2921 Johnstown Road,Bensenville,IL,60106,MasterCard,5575796331082237,472,11/2016
Pecience,JosephJKnapp@spambob.com,FeeLegah2oo,Joseph,Knapp,521 Public Works Drive,Knoxville,TN,37917,Visa,4485813747104455,712,2/2016
Prioned44,MarleneDBurton@dodgit.com,Yohy9aish,Marlene,Burton,3755 Crim Lane,North Lewisburg,OH,43060,Visa,4556033836558735,742,3/2014
Asaing,SusanCHerring@spambob.com,Ovoosheu6aec,Susan,Herring,2399 Fidler Drive,San Antonio,TX,78255,Visa,4716029377161704,032,7/2013
Tinto1980,GabrielAMurphy@trashymail.com,ei5Eok0tai,Gabriel,Murphy,624 Oakdale Avenue,Tampa,FL,33610,Visa,4539876965905743,229,10/2016
Wintakephe,MarioABolen@dodgit.com,Hu5aew4Sah,Mario,Bolen,421 Creekside Lane,Ventura,CA,93003,MasterCard,5156439519402029,084,11/2014
Fror1958,PatriciaDSands@pookmail.com,gieNgu0joh,Patricia,Sands,1114 Morningview Lane,New York,NY,10011,Visa,4929093683360924,073,1/2015
Ghave1940,ClayAMcCoy@dodgit.com,oatang4K,Clay,McCoy,4427 Smithfield Avenue,Lubbock,TX,79401,MasterCard,5519496943626310,545,7/2014
Thersesom,JosephCFrancis@spambob.com,ahJe4nahgie,Joseph,Francis,3798 Godfrey Street,Eagle Creek,OR,97022,MasterCard,5156692323705371,563,1/2015
Foughted,LarryRWolfe@dodgit.com,Foom2xeeNoh,Larry,Wolfe,2243 Angie Drive,Placentia,CA,92670,MasterCard,5595776921408188,122,6/2017
Pappring,AmberLWolfgang@spambob.com,ir3iuGhoh2,Amber,Wolfgang,1854 Owen Lane,Akron,OH,44308,MasterCard,5557131595151977,477,8/2014
Sheaverve,DinaJSmall@dodgit.com,Eishae9c,Dina,Small,4059 Pine Street,Washington,PA,15301,Visa,4556417414749222,976,8/2015
Enwhat,MichaelANelson@spambob.com,Igeengaer0,Michael,Nelson,2042 Terry Lane,Longwood,FL,32750,MasterCard,5585378215654031,788,1/2015
Trancely,JenniferJShaw@spambob.com,eCahZ9daegh,Jennifer,Shaw,3877 Del Dew Drive,Hyattsville,MD,20783,MasterCard,5279856219530837,144,7/2013
Scrims,TheodoreNBenson@dodgit.com,iacuNg3sh,Theodore,Benson,1645 Wines Lane,Houston,TX,77002,MasterCard,5526443457875348,500,3/2016
Prand1989,EdwinCClaudio@trashymail.com,boe5Eengaek,Edwin,Claudio,2880 Mcwhorter Road,Southaven,MS,38671,MasterCard,5557760133372156,622,8/2015
Bersed1982,MarjorieGBevilacqua@mailinator.com,Zu2weesh1,Marjorie,Bevilacqua,1055 Finwood Road,Piscataway,NJ,08854,MasterCard,5101962337897977,414,8/2014
Wortuld,JamesBSmith@dodgit.com,KiuxooGh2bai,James,Smith,4943 Caynor Circle,Bayonne,NJ,07002,MasterCard,5474767594909590,712,3/2016
Sumate,MildaBRoberts@pookmail.com,Lau2WaeSieb,Milda,Roberts,2092 Norma Avenue,Dayton,OH,45402,MasterCard,5198113900169709,207,7/2014
Thappect1946,HeatherKLongoria@spambob.com,ooVe4Uodoh,Heather,Longoria,4950 Seltice Way,Lewiston,ID,83501,MasterCard,5116725582436467,481,4/2014
Gine1933,ToddTEstell@pookmail.com,soo7einuV,Todd,Estell,1723 Melville Street,Memphis,TN,38118,Visa,4716380748433094,303,2/2013
Awaid1966,AlisonJWilson@pookmail.com,Eo1weoP0ai,Alison,Wilson,3609 Byers Lane,Chico,CA,95926,Visa,4532035809162428,440,12/2014
Reple1942,AnthonyBJacobs@mailinator.com,aec2Yep8oqu,Anthony,Jacobs,3927 Pennsylvania Avenue,Wayne,NJ,07477,MasterCard,5543619244308920,755,5/2017
Heare1957,TheresaRMayer@spambob.com,ohfuj3xeF,Theresa,Mayer,3998 Hayhurst Lane,Westland,MI,48185,Visa,4716857142422229,625,6/2013
Maught,SharonWStage@pookmail.com,oR5Feezeih,Sharon,Stage,4777 College Avenue,Xenia,OH,45385,MasterCard,5301357934278937,110,12/2015
Youten,EmoryBLundy@spambob.com,ahz6VeefoL9,Emory,Lundy,4097 Hide A Way Road,Orlando,FL,32801,MasterCard,5243224642716320,736,1/2016
Arehouria42,DeweyCSmith@trashymail.com,Iequ2Coot,Dewey,Smith,1724 Hog Camp Road,Hickory Hills,IL,60457,Visa,4485738440663632,398,1/2015
Thental,BarbaraPSafford@pookmail.com,oshoo6eiJ,Barbara,Safford,4927 Commerce Boulevard,Shelby,NE,68662,MasterCard,5239520270066268,075,10/2017
Agerce81,WandaEZwick@spambob.com,yu3Oojeo0B,Wanda,Zwick,3935 Stratford Drive,Hana,HI,96713,Visa,4556342452648161,725,7/2016
Toosed,JoyceKNatividad@trashymail.com,aiW6chah8i,Joyce,Natividad,1609 Jail Drive,Cambridge,IL,61238,MasterCard,5112129969298281,937,10/2014
Burt1927,JudithPNale@pookmail.com,Oosh1put,Judith,Nale,2606 Scott Street,Newburgh,NY,12550,Visa,4485228160038694,629,9/2017
Comed1937,CharlesKBrown@spambob.com,sooY6sai0ae,Charles,Brown,3471 Norma Avenue,Richards,TX,77873,Visa,4532680088347321,611,10/2014
Frood1981,RachelBCheng@spambob.com,ahtheeL0wie,Rachel,Cheng,2214 Olen Thomas Drive,Iowa Park,TX,76367,MasterCard,5223974224258539,183,7/2017
Laild1976,RuthALopez@spambob.com,Beihooso5,Ruth,Lopez,4304 Richards Avenue,Stockton,CA,95204,Visa,4539973456195833,481,11/2014
Dich1957,AnnaRTillery@dodgit.com,Quaing5s,Anna,Tillery,985 Fowler Avenue,Norcross,GA,30071,MasterCard,5458814421934175,600,6/2013
Trigive,KathrynCShields@dodgit.com,Thae3au7Qu,Kathryn,Shields,1088 Windy Ridge Road,Fort Wayne,IN,46805,Visa,4539569978204549,303,5/2016
Beeloo,MathewLCorrigan@mailinator.com,haeb0iLong,Mathew,Corrigan,4945 Argonne Street,Philadelphia,DE,19103,Visa,4929486729759275,754,8/2017
Replear,MelvinRNavarro@trashymail.com,Eir1eeSui,Melvin,Navarro,1780 Morningview Lane,New York,NY,10013,Visa,4929928217589391,907,4/2013
Sprione,LolaOGilmore@mailinator.com,ohh1eeTie5Ch,Lola,Gilmore,568 Andy Street,Milbank,SD,57252,Visa,4539531186279598,044,12/2017
Jast1935,KayJMcKee@trashymail.com,leiv7naiShae,Kay,McKee,808 O Conner Street,Gulfport,MS,39501,Visa,4539896879078957,569,7/2016
Taind1963,LaurenHBrown@pookmail.com,aej8Iu2aezoo,Lauren,Brown,4451 Dola Mine Road,Morrisville,NC,27560,Visa,4556105250213680,886,9/2016
Turuily,BernadettePBedgood@trashymail.com,aiCeech7Aiz,Bernadette,Bedgood,4610 Cessna Drive,Fort Wayne,IN,46865,MasterCard,5310483527159448,870,3/2013
Scas1930,TravisSHarris@trashymail.com,wiZ7Goozo,Travis,Harris,3260 Orphan Road,Green Bay,WI,54303,Visa,4556218611007897,032,4/2017
Frophe,JohnERoberts@pookmail.com,aish6ahTho,John,Roberts,385 Ventura Drive,Salinas,CA,93901,MasterCard,5556345081473940,385,4/2013
Enterce,NormanMDiaz@spambob.com,Yah8eig0ah,Norman,Diaz,1231 Harron Drive,Annapolis,MD,21401,Visa,4485412392183730,214,6/2014
Sandid,ArlineRShively@dodgit.com,yoalieh5Of8,Arline,Shively,1532 Alfred Drive,New York,NY,10011,Visa,4916343676103715,471,2/2014
Sionen,MarionAFrank@dodgit.com,iiXou6Jua,Marion,Frank,2245 Stoneybrook Road,Cocoa,FL,32922,MasterCard,5488583589140313,945,9/2016
Forsel,RaymondCBradley@dodgit.com,ieX9pheiqu,Raymond,Bradley,1014 Brooklyn Street,Eugene,OR,97402,Visa,4916367357625514,561,11/2014
Firomind,AnnaCBurbank@mailinator.com,aigaec4Raim,Anna,Burbank,131 Derek Drive,Akron,OH,44308,MasterCard,5457834567601371,435,4/2016
Loseem,MarshallCGrogan@trashymail.com,Ohpidee9Ah,Marshall,Grogan,3983 Apple Lane,Peoria,IL,61602,MasterCard,5491066070497116,065,11/2016
Distion,LisaFHutter@trashymail.com,Ai7pho7ai,Lisa,Hutter,1940 Poling Farm Road,Valentine,NE,69201,MasterCard,5484760200903204,564,4/2016
Ungether,DaveLHarper@spambob.com,ooNg9euj2th,Dave,Harper,1010 Oliverio Drive,Eureka,KS,67045,Visa,4929144651829828,190,6/2016
Sawn1981,AbbyJPowell@trashymail.com,ahSh9eeth9R,Abby,Powell,2243 Olen Thomas Drive,Dallas,TX,75204,Visa,4485221793025139,489,6/2014
Foresting76,VictorLRodriquez@mailinator.com,zaelei8Ohph,Victor,Rodriquez,522 Burke Street,West Roxbury,MA,02132,Visa,4532024074105254,484,2/2015
Wastle,DonnaJReaves@trashymail.com,Eeg0eeRoo,Donna,Reaves,4615 Westwood Avenue,Lynbrook,NY,11563,MasterCard,5314442018338164,453,11/2015
Oakedy67,RaymondMBoyce@trashymail.com,aowieh1aaZ0l,Raymond,Boyce,2139 Fancher Drive,Dallas,TX,75202,MasterCard,5339050614150668,037,1/2017
Soffeas,MelanieJDumais@spambob.com,Esiimae7ai,Melanie,Dumais,4727 Richland Avenue,Spring,TX,77386,Visa,4929567871692552,963,2/2017
Stinin88,FloydMHicks@pookmail.com,Aidohsoo2e,Floyd,Hicks,755 Columbia Mine Road,Morgantown,WV,26505,Visa,4485750254928605,605,2/2014
Deace1969,MaryJKelley@spambob.com,Mae7ti2oazi,Mary,Kelley,634 Carolyns Circle,Dallas,TX,75201,MasterCard,5174689946156816,798,10/2017
Forearry52,KennaWEvans@trashymail.com,uw5Eolo1B,Kenna,Evans,2320 Shinn Street,New York,NY,10003,MasterCard,5185954626954527,926,2/2013
Secon1938,LarryATerry@spambob.com,yei1Xeib,Larry,Terry,1763 May Street,Monticello,KY,42633,Visa,4485185140320644,579,9/2014
Prataturry,DionneSHewes@trashymail.com,shooBee8ai,Dionne,Hewes,4138 Park Avenue,Sacramento,CA,95814,Visa,4556765868135854,641,10/2017
Numed1984,RebeccaRRiley@mailinator.com,iuKoo9gi1,Rebecca,Riley,1240 Heather Sees Way,Tulsa,OK,74116,Visa,4532947288731178,907,8/2014
Earry1936,SharonJBurnside@trashymail.com,le1zoG9f,Sharon,Burnside,854 Bagwell Avenue,Ocala,FL,34471,Visa,4532502383172289,833,2/2013
Lappency,TommyBAcevedo@spambob.com,voeyaph6Qua,Tommy,Acevedo,2784 Roy Alley,Denver,CO,80202,MasterCard,5280082155701707,179,12/2015
Blevensight,JosephMAlcaraz@pookmail.com,seenaiC6hah,Joseph,Alcaraz,4144 Ford Street,Sunnyvale,CA,94086,MasterCard,5187029063988631,761,8/2015
Tyrdeed,IreneDCrabill@spambob.com,oophusoo0H,Irene,Crabill,1930 Hickory Heights Drive,Baltimore,MD,21202,MasterCard,5255432043949599,151,10/2013
Beinglis69,FredMKuntz@spambob.com,IegieT5roo,Fred,Kuntz,4889 Collins Avenue,Westerville,OH,43081,Visa,4532606495779145,646,12/2016
Tionat,ReneMParrish@pookmail.com,aigoot5woYai,Rene,Parrish,3178 John Calvin Drive,Burr Ridge,IL,60527,Visa,4485308660782684,146,3/2016
Somad1927,JosephJVarner@mailinator.com,mohNughuF3,Joseph,Varner,267 Lynn Avenue,Eau Claire,WI,54701,MasterCard,5531244979204329,580,2/2014
Stord1988,FrankFAdams@trashymail.com,ooR1eip2,Frank,Adams,3488 Brookside Drive,Birmingham,AL,35203,Visa,4916797960611529,375,6/2013
Mrstions1932,CarltonAAdams@mailinator.com,Shaecei5ier,Carlton,Adams,2865 Pinewood Drive,Wood Dale,IL,60191,Visa,4716900665099907,618,8/2017
Mucturbacep,KathleenJOsborne@pookmail.com,ahchoonohP1,Kathleen,Osborne,3703 Tanglewood Road,Jackson,MS,39211,Visa,4929165832397914,773,3/2016
Priend,JuneABourgeois@trashymail.com,veePiv7Oh,June,Bourgeois,4788 Dogwood Lane,Nogales,AZ,85621,Visa,4556717104107551,403,2/2014
Themixer,DennisJJackson@spambob.com,Ieceuzo3o,Dennis,Jackson,2994 Hall Valley Drive,Fairmont,WV,26554,Visa,4916745628141256,749,7/2016
Herect,AndreaJPotts@spambob.com,Cee2ooM7ooc,Andrea,Potts,973 Church Street,Brooklyn,NY,11209,Visa,4539037149157962,044,1/2015
Whork1971,FrankTGonzalez@dodgit.com,Pifee2chei,Frank,Gonzalez,878 Richland Avenue,Sugar Land,TX,77487,MasterCard,5313016350221963,036,9/2013
Yong1962,KevinBGonzalez@spambob.com,Ohkae6yah5,Kevin,Gonzalez,2718 Earnhardt Drive,Louisville,KY,40202,MasterCard,5474049987086140,593,3/2015
Weepre,KelvinAFuqua@trashymail.com,aQueifoo5x,Kelvin,Fuqua,4588 Retreat Avenue,Birmingham,AL,35291,MasterCard,5407497082970936,290,9/2014
Spere1986,VanAFarmer@trashymail.com,Ielah4ath,Van,Farmer,803 Mahlon Street,Metuchen,NJ,08840,Visa,4485634098960307,653,8/2013
Samid1954,WayneJLucky@pookmail.com,oSheexo1iex,Wayne,Lucky,4416 Edwards Street,Williamston,NC,27892,MasterCard,5248102392333980,562,2/2017
Therme63,GloriaJEisenbarth@pookmail.com,Ri8ahpeBaer,Gloria,Eisenbarth,4372 Heavner Court,Long Island City,NY,11101,MasterCard,5316973303886879,368,10/2013
Falf1975,EllenJCarnes@spambob.com,ephaiW1w,Ellen,Carnes,3752 Oakmound Drive,Chicago,IL,60605,MasterCard,5255810036772708,301,1/2016
Thadeciagre,JessicaMThompson@spambob.com,Doo1sieraoW,Jessica,Thompson,1251 Lunetta Street,Bellevue,TX,77418,Visa,4485667631639723,258,12/2015
Qued1962,AnneBMcGill@dodgit.com,Ohthia9eiqu,Anne,McGill,2367 Cambridge Drive,Glendale,AZ,85301,Visa,4716952384634910,369,5/2015
Unnim1948,JohnMBotelho@spambob.com,AhgiNoo6Ai,John,Botelho,2918 Nelm Street,Beltsville,VA,20705,MasterCard,5321911488239186,949,10/2015
Unclefor84,RichardVReardon@dodgit.com,ThaeJeo7fai,Richard,Reardon,2968 Keyser Ridge Road,Greensboro,NC,27401,Visa,4916802202046706,116,10/2016
Graill,ShantiJBurger@trashymail.com,AiGu0aen,Shanti,Burger,4054 Strother Street,Birmingham,AL,35222,MasterCard,5184367221763972,151,10/2016
Ratond,MelissaKCintron@pookmail.com,aiv9Jouth,Melissa,Cintron,729 Birch Street,Carmel,IN,46032,Visa,4556880795019541,980,5/2017
Tiand1931,PhyllisJWalker@spambob.com,choh5zooJei,Phyllis,Walker,3492 Candlelight Drive,La Porte,TX,77571,MasterCard,5406425277795702,975,2/2014
Qualmitill,VictoriaFWalden@mailinator.com,eKiefee2quai,Victoria,Walden,4828 Quiet Valley Lane,Reseda,CA,91335,MasterCard,5405103354604532,355,8/2016
Bobsometch,GraceLTowns@spambob.com,IephiegeY4Oo,Grace,Towns,4612 Cherry Tree Drive,Jacksonville,FL,32202,MasterCard,5193555709453731,103,12/2017
Ineved,NancyAGray@spambob.com,diChai7I,Nancy,Gray,1991 Junkins Avenue,Fitzgerald,GA,31750,MasterCard,5273659703894990,586,7/2013
Dereement,MatthewAParr@trashymail.com,la1Dohvie,Matthew,Parr,1144 Counts Lane,Cincinnati,KY,45214,MasterCard,5247664496158036,884,10/2016
Thempass,JuanCFunk@pookmail.com,thaip8ga5IeT,Juan,Funk,4279 Railroad Street,Brimley,MI,49715,MasterCard,5217470191677825,531,6/2017
Oicieffive,WilliamGBrady@spambob.com,TeeTid4oo,William,Brady,3249 Horizon Circle,Tacoma,WA,98402,Visa,4532961145601383,840,1/2014
Alonese,RichardZSullivan@pookmail.com,iL7raiHai0,Richard,Sullivan,304 Yorkie Lane,Savannah,GA,31401,MasterCard,5465674624021530,356,2/2017
Mext1944,HectorSMontano@pookmail.com,aiTo8raiR,Hector,Montano,794 Kelly Drive,Charleston,WV,25301,Visa,4929665269997276,623,12/2014
Geore1977,RobertSMerritt@mailinator.com,Ahchai5xi,Robert,Merritt,4430 Whaley Lane,New Berlin,WI,53151,Visa,4716056080851024,331,4/2013
Yeassuileat41,KendraJBlocher@spambob.com,fohze4Quei3,Kendra,Blocher,3176 Horizon Circle,Tacoma,WA,98402,Visa,4539273197323590,455,5/2017
Yournings,JuanitaAMcBee@trashymail.com,Miey5ierie,Juanita,McBee,778 Raintree Boulevard,Indianapolis,IN,46240,Visa,4916634194434115,575,5/2015
Corsoodualf,ChristineRStevens@dodgit.com,fie3za8Ak8,Christine,Stevens,1459 Alfred Drive,Garden City,NY,11530,MasterCard,5148717156589484,449,4/2013
Whouttarmer,MichaelBRodriquez@trashymail.com,ahxaap2Oo,Michael,Rodriquez,1274 Hartland Avenue,Appleton,WI,54911,Visa,4532360636358332,554,3/2015
Thistur,JamesKTaylor@pookmail.com,ahThua9wohn,James,Taylor,1473 Doe Meadow Drive,Washington,MD,20005,Visa,4532706892270878,756,6/2013
Vize1986,SarahRParson@pookmail.com,Oowal8neez0,Sarah,Parson,1148 Keyser Ridge Road,Greensboro,NC,27403,Visa,4539695260947162,963,3/2013
Barks1973,RichardMEarl@trashymail.com,oM0sienah1,Richard,Earl,205 Eagles Nest Drive,Sacramento,CA,58147,MasterCard,5507749771203642,305,4/2014
Afroackly81,LouisMNewman@spambob.com,tooy3oGah,Louis,Newman,2435 Oakmound Drive,Lombard,IL,60148,Visa,4716750954190325,418,4/2013
Offard,AprilCJonas@spambob.com,roo7phee6Ee,April,Jonas,238 Clover Drive,Colorado Springs,CO,80903,MasterCard,5480178053583276,127,7/2017
Hioname,KarlBTaylor@pookmail.com,pohgheiG6eo,Karl,Taylor,267 Capitol Avenue,New Castle,IN,47362,MasterCard,5365023059175828,729,1/2014
Pecied,VernonTElliott@mailinator.com,awea8ohQu,Vernon,Elliott,479 Mount Tabor,New York,NY,10013,Visa,4929711798622868,862,8/2015
Whappect,GlennARatcliff@dodgit.com,eeN4daehou,Glenn,Ratcliff,18 Tanglewood Road,Jackson,MS,39213,Visa,4532606753699977,051,5/2015
Excery,SteveDAlvarado@trashymail.com,jurooDo9,Steve,Alvarado,1068 Coburn Hollow Road,Pekin,IL,61554,MasterCard,5580815031318080,054,10/2013
Frony1977,RamonaJPoston@pookmail.com,AhBai0oTo,Ramona,Poston,295 Lynch Street,Martinez,CA,94553,Visa,4556868683446306,821,12/2016
Appotherged,JudithARundell@mailinator.com,Ohnieneih0,Judith,Rundell,3677 Flint Street,Atlanta,GA,30303,Visa,4929038847883824,243,1/2013
Weettly,StevenLGates@pookmail.com,eeph1Eeph,Steven,Gates,775 Coleman Avenue,Escondido,CA,92025,MasterCard,5543911424776152,484,10/2016
Thensce,JamesMClark@dodgit.com,Yaisuuph6,James,Clark,2498 Spinnaker Lane,Lisbon,IL,60541,MasterCard,5323944411784596,571,3/2016
Dincestamed,TyCWilliams@pookmail.com,Lahtae1oi,Ty,Williams,897 Nixon Avenue,Johnson City,TN,37601,MasterCard,5591682806610050,092,3/2013
Sooppeed,NedraSElamin@trashymail.com,tee6aiShee,Nedra,Elamin,3020 Briarwood Drive,Camden,NJ,08102,Visa,4556850503279224,625,9/2014
Acrod1929,JuanLKennedy@pookmail.com,aejua9ohG,Juan,Kennedy,902 Stroop Hill Road,Atlanta,GA,30342,MasterCard,5532242874044492,032,12/2016
Apphimarly,WesleyKHowze@pookmail.com,Zae9Uhou7ah,Wesley,Howze,2739 Traction Street,Central,SC,29630,Visa,4929493742634816,228,12/2016
Groody,FritzPChamberlain@trashymail.com,kieShigae0,Fritz,Chamberlain,3042 Concord Street,Matthews,NC,28105,MasterCard,5157120521564076,529,12/2017
Phim1964,KeithASchwartz@pookmail.com,Nar3ohgh2ah,Keith,Schwartz,1564 Moonlight Drive,Pleasantville,NJ,08232,MasterCard,5322841249999035,941,4/2014
Bobyth,GinaJAlvarado@spambob.com,so0Iedaequ,Gina,Alvarado,3093 Water Street,Oakland,CA,94612,Visa,4539105640890520,232,10/2017
Fition,CharlesMBell@pookmail.com,eiNaipa1nei,Charles,Bell,1363 Pooz Street,Toms River,NJ,08753,Visa,4556654524448135,708,8/2016
Ninced,LeonAHouser@pookmail.com,Pha8tooneish,Leon,Houser,2341 Stonecoal Road,Toledo,OH,43604,MasterCard,5121849841108478,019,4/2014
Emeart,AllenMBurdick@pookmail.com,si4Vaif8jei,Allen,Burdick,4120 Settlers Lane,New York,NY,10007,Visa,4485826348487079,213,1/2014
Stance,JohnJHubbard@pookmail.com,aeChie3Ief,John,Hubbard,4503 Flanigan Oaks Drive,Columbia,MD,21045,Visa,4716367400694485,710,2/2016
Areeight,WilliamDHawthorne@spambob.com,ahFae4eeph6,William,Hawthorne,700 Frum Street,Nashville,TN,37216,MasterCard,5479577265482099,062,5/2014
Mustante,MartinJWilliams@pookmail.com,Rai7wuxeith,Martin,Williams,4642 Timber Oak Drive,Santa Paula,CA,93060,Visa,4556442694040217,652,2/2015
Nock1992,KennethPSmith@trashymail.com,pei6Ieph1a,Kenneth,Smith,4078 Lynn Avenue,Florence,WI,54121,Visa,4485161768244010,941,11/2016
Morte1985,NumbersTClary@pookmail.com,aeyi3IaV8ai,Numbers,Clary,2086 Park Street,Concord,CA,94520,Visa,4716624863288043,534,7/2017
Affearsurry,JamesCNguyen@dodgit.com,Oothoh3thus,James,Nguyen,43 Small Street,New York,NY,10019,MasterCard,5251878433544446,906,8/2014
Acurt1930,JamesMButler@mailinator.com,Eiz6equoh,James,Butler,2015 College Street,Norcross,GA,30093,Visa,4485475605251792,572,2/2017
Muctlandly1961,LarryMPayton@dodgit.com,Vuapheil4,Larry,Payton,475 Spruce Drive,Emlenton,PA,16373,MasterCard,5212689268402990,104,4/2014
Twold1966,BruceSJones@trashymail.com,Zee1aixail,Bruce,Jones,4780 Woodridge Lane,Memphis,TN,38111,Visa,4485744446105958,949,5/2013
Textill,AnthonyKFox@dodgit.com,ahg0ieH2ied,Anthony,Fox,1688 Luke Lane,Clinton,OK,73601,Visa,4539708501569305,873,1/2016
Pripene,JeremySQuinn@mailinator.com,neWo4waeph,Jeremy,Quinn,2802 West Drive,Chicago,IL,60606,MasterCard,5551745675690426,108,5/2013
Phourand,RichardFCohen@pookmail.com,Qua7iejo,Richard,Cohen,1743 Emeral Dreams Drive,Kempton,IL,60946,Visa,4539929355762719,842,11/2017
Dandle,JamesMCalder@spambob.com,Wuuwo8kicoub,James,Calder,648 Woodstock Drive,El Monte,CA,91731,MasterCard,5227943138420713,956,11/2015
Prieture,TylerAStevens@spambob.com,Ieshei7see3,Tyler,Stevens,470 Irving Road,Westerville,OH,43081,Visa,4485500939510314,430,6/2013
Boseem1992,MarkVMackin@dodgit.com,noh9eiRah,Mark,Mackin,1471 Badger Pond Lane,Sharon,PA,16146,MasterCard,5346814964272013,376,1/2017
Ofue1943,MichelleDLogan@dodgit.com,lahZ2Uud5k,Michelle,Logan,2299 Tori Lane,Salt Lake City,UT,84104,Visa,4916181176751728,012,9/2015
Norome,DavidDMartin@trashymail.com,eehaiK2neequ,David,Martin,4253 Margaret Street,Houston,TX,77024,Visa,4929783123487994,351,8/2014
Norst1976,KarenDDalrymple@trashymail.com,goo5Cuag1,Karen,Dalrymple,785 Freshour Circle,San Antonio,TX,78258,MasterCard,5269829447064996,192,3/2013
Beve1949,GaryMEdwards@dodgit.com,eed1AnaiJ4k,Gary,Edwards,3834 Desert Broom Court,Little Ferry,NJ,07643,Visa,4916200654272823,299,4/2017
Himmathrely,HelenEDye@dodgit.com,eigh7Ietae,Helen,Dye,942 Riverside Drive,Atlanta,GA,30346,Visa,4539609522581628,221,8/2013
Sciusurturs,MichaelMKlein@trashymail.com,kie4ohVohj,Michael,Klein,3313 Trainer Avenue,Aledo,IL,61231,MasterCard,5571239270838313,416,9/2014
Drusectur,RebeccaAHernandez@trashymail.com,Ucha6Teichah,Rebecca,Hernandez,3345 Sand Fork Road,Winamac,IN,46996,MasterCard,5130850207368093,063,11/2014
Sominever,JeannePRankin@pookmail.com,Uvefu4Ain,Jeanne,Rankin,769 Lighthouse Drive,Avilla,MO,64833,Visa,4716167252486984,758,3/2014
Matifens,PhillipMBrown@mailinator.com,ogh4NeejeeS,Phillip,Brown,4142 McDowell Street,Fredonia,TN,37040,Visa,4532728795885107,146,4/2013
Busteding,DianaTOlivas@spambob.com,awai6vohR,Diana,Olivas,4270 Ashton Lane,Austin,TX,78741,Visa,4485498951572884,478,12/2013
Shewit67,ShawnaTLee@pookmail.com,caWai0leic,Shawna,Lee,279 Pinchelone Street,Portsmouth,VA,23707,MasterCard,5410408159985397,450,5/2016
Pithery77,DawnMRobinson@mailinator.com,AiphoRae7ai,Dawn,Robinson,1727 Brookview Drive,Beaumont,TX,77701,Visa,4539891700168796,113,6/2016
Behicuponte,HazelMPatterson@trashymail.com,beDoh1ooqu,Hazel,Patterson,4420 Illinois Avenue,Oregon City,OR,97045,Visa,4556176689908687,360,10/2017
Whimints,MichaelJLombardi@dodgit.com,gahl6EePee,Michael,Lombardi,3157 Short Street,Cincinnati,OH,45236,MasterCard,5284606448847418,511,5/2013
Hatiltas,JaredABoring@spambob.com,zeng0Tie1ch,Jared,Boring,3017 Roane Avenue,Gaithersburg,MD,20877,MasterCard,5246810734063527,425,7/2015
Covere1950,EunaKSteele@spambob.com,Gie4ruoFaz,Euna,Steele,1194 Irving Road,Westerville,OH,43081,Visa,4539148556686698,675,11/2017
Andinse,RogerKBourque@pookmail.com,Eejahx1xoh6,Roger,Bourque,1030 Garrett Street,Philadelphia,PA,19103,Visa,4556131479113329,447,6/2017
Armishath,TonyALeister@mailinator.com,oqu5hahPei,Tony,Leister,4622 Limer Street,Augusta,GA,30901,MasterCard,5259296458893808,835,3/2013
Wilver,JanieRMartinez@dodgit.com,Aej4tho5thoo,Janie,Martinez,1838 Jefferson Street,Newport News,VA,23608,Visa,4716905192178496,170,2/2017
Onthe1967,RosemarySEck@trashymail.com,iegh0Ohk6ah,Rosemary,Eck,865 Emma Street,Cotton Center,TX,79021,MasterCard,5297692015826493,690,11/2017
Hons1989,RobertoMDenney@pookmail.com,pee2Ri0ie,Roberto,Denney,1753 Masonic Drive,Bozeman,MT,59718,Visa,4532922062745132,571,9/2016
Alson1939,SheltonMDominguez@dodgit.com,Yeiv8euwae,Shelton,Dominguez,4494 Kinney Street,Springfield,MA,01103,Visa,4485867152762504,167,3/2016
Bleaked,DavidSMcElroy@trashymail.com,aeghejah7Ch,David,McElroy,3747 Clay Street,Indianapolis,IN,46214,Visa,4916018239695569,970,2/2013
Forer1985,PamVSherwood@pookmail.com,aevia6Phai,Pam,Sherwood,3223 Late Avenue,Weatherford,OK,73096,Visa,4916721313650505,441,12/2014
Yourselly,CandanceRBowles@pookmail.com,Ohfeeweex9,Candance,Bowles,4460 Scenicview Drive,Athens,TX,75751,MasterCard,5348671927077816,560,2/2014
Drecard1954,DavidCJenson@pookmail.com,Yeiwae2z,David,Jenson,427 Victoria Street,Deerfield,IL,60015,MasterCard,5148954555853134,967,6/2013
Pritur,RobertMCampbell@dodgit.com,Phi0ephoh,Robert,Campbell,2919 Hummingbird Way,Randolph,MA,02368,MasterCard,5363327146997710,485,5/2013
Bray1987,HaroldKHensley@mailinator.com,iem7Gaeph,Harold,Hensley,168 Lynn Avenue,Knox,WI,54513,MasterCard,5328469700285795,244,6/2016
Thel1960,LarryLRooker@dodgit.com,Eey6Kee7,Larry,Rooker,1714 Huntz Lane,Springfield,MA,01109,Visa,4929397234758647,618,9/2014
Clearders,MichelleTCraft@trashymail.com,exich6Eegha,Michelle,Craft,1772 Clement Street,Atlanta,GA,30338,Visa,4916173667102933,007,1/2013
Goinat,JamesLBranch@dodgit.com,daiGahm0,James,Branch,879 Duncan Avenue,New York,NY,10011,Visa,4929226660626327,496,8/2013
Thavill,RogerRMorales@mailinator.com,AeTh7ui7ahR,Roger,Morales,3359 Hillside Street,Phoenix,AZ,85016,Visa,4916792943092806,253,11/2016
Wition,ShannonLEnriquez@mailinator.com,Pah7iev8Ohv,Shannon,Enriquez,4207 Conifer Drive,Bellevue,WA,98007,MasterCard,5527720056888676,116,9/2016
Fultakfard,CathyHWarner@pookmail.com,eiTh8tai4d,Cathy,Warner,1119 Perine Street,Herndon,VA,20170,MasterCard,5536167691299639,375,12/2016
Pathey,AdrianaJLanning@spambob.com,ePohbaij9B,Adriana,Lanning,2540 Ash Street,Plano,TX,75074,Visa,4929919840292586,507,4/2013
Preplers,JenniferDOliver@mailinator.com,aepai1xa5Oo,Jennifer,Oliver,3102 Oakmound Road,Chicago,IL,60647,Visa,4916370998700720,377,1/2014
Thentrue45,MarkSChadwick@dodgit.com,choeyah8Kap,Mark,Chadwick,135 Woodrow Way,Cut And Shoot,TX,77301,MasterCard,5315217637176511,162,1/2016
Theyeare,ArchieDOsborne@spambob.com,geNgeica1yae,Archie,Osborne,3540 Lena Lane,Jackson,MS,39201,Visa,4485881475082953,447,3/2013
Deping,RalphKGraf@spambob.com,lieNgah2Ahch,Ralph,Graf,2112 Geraldine Lane,New York,NY,10007,MasterCard,5284368486393256,017,12/2017
Allined1993,MargaretWTerry@pookmail.com,Ahs8dah7,Margaret,Terry,2722 Kembery Drive,Aurora,IL,60505,Visa,4532989188467693,029,8/2013
Lockonamind,JohnMWilliams@trashymail.com,ooC9ocheo5k,John,Williams,3280 Fieldcrest Road,New York,NY,10011,Visa,4485566399832068,815,6/2014
Dening,FreddieRBerg@dodgit.com,ohTh9Cuch,Freddie,Berg,3544 Wiseman Street,Knoxville,TN,37917,Visa,4929932275429946,286,8/2013
Hosteaven,ElizabethSRamirez@pookmail.com,iequai4Pho,Elizabeth,Ramirez,1955 Sampson Street,Denver,CO,80202,MasterCard,5579066481233147,695,9/2014
Dend1928,KristaGLockhart@pookmail.com,aeY6leeD,Krista,Lockhart,920 Saint Marys Avenue,Syracuse,NY,13202,MasterCard,5196457718488435,911,12/2016
Fienjouricen,JenniferBKaram@spambob.com,dahd8Geesai,Jennifer,Karam,2763 Juniper Drive,Saginaw,MI,48607,MasterCard,5126668630896373,283,6/2013
Relithe,HectorMMorris@dodgit.com,Mu8jeiyoa,Hector,Morris,3806 Wood Street,Houma,LA,70360,MasterCard,5334932690252556,788,6/2014
Withey,NicholasIMartinez@dodgit.com,haesaep3Yoh,Nicholas,Martinez,3495 Bingamon Branch Road,Grayslake,IL,60030,Visa,4532171065638593,377,8/2013
Sonew1956,JohnJBoutte@dodgit.com,RuaC1aoj,John,Boutte,3927 Stoney Lonesome Road,Scranton,PA,18503,Visa,4716876300367034,480,4/2016
Frow1930,RuthHTaylor@spambob.com,iZohyohn1ae,Ruth,Taylor,1834 Richison Drive,Billings,MT,59101,MasterCard,5582442636008640,188,9/2016
Kied1982,ClarenceMSmith@mailinator.com,oph3huoGha,Clarence,Smith,1413 Rollins Road,Merna,NE,68856,MasterCard,5444255483016971,413,12/2013
Brose1944,EvanDLawson@spambob.com,tei3za6Ahthai,Evan,Lawson,3297 Crim Lane,Arcanum,OH,45304,MasterCard,5561434543802848,090,3/2013
Seng1986,AngelMTuohy@dodgit.com,aPai0hahph6sh,Angel,Tuohy,3906 Stroop Hill Road,Atlanta,GA,30318,Visa,4556890678420294,935,9/2014
Saps1946,TinaKSprague@trashymail.com,Ohna3poh,Tina,Sprague,2295 Melody Lane,Dinwiddie,VA,23841,Visa,4485225214161837,475,7/2015
Camestich48,AgnesLSingletary@dodgit.com,ei0ak2Aet,Agnes,Singletary,139 Hanifan Lane,Duluth,GA,30097,MasterCard,5448534860080289,280,2/2014
Heighte,DannieMLariviere@spambob.com,Je6fo0iog9g,Dannie,Lariviere,1416 Clair Street,Waco,TX,76706,Visa,4929529880308935,433,4/2015
Hicustant,LeoDLevy@pookmail.com,pi1io4Ma,Leo,Levy,650 Kinney Street,Holyoke,MA,01040,Visa,4539639669081793,337,8/2016
Ponwas,StevenHClark@dodgit.com,aeghoo7Oth,Steven,Clark,1713 Arbutus Drive,Boca Raton,FL,33486,Visa,4916491864641424,727,5/2015
Selaid,SheilaJCruz@mailinator.com,Aejie3vooz,Sheila,Cruz,294 Hazelwood Avenue,Des Moines,IA,50309,MasterCard,5493021873905763,487,8/2016
Thinscir,JosephJHargett@spambob.com,Uon2ariogh,Joseph,Hargett,754 Lodgeville Road,Minneapolis,MN,55402,MasterCard,5576469068062678,011,10/2014
Withestable,DavidDManess@dodgit.com,fee8Aanio8,David,Maness,3978 Hamilton Drive,Annapolis,MD,21401,MasterCard,5238760036473439,993,1/2013
Fortake1948,BillyLWallace@pookmail.com,johVeyaej8Oo,Billy,Wallace,1271 Tyler Avenue,Marathon,FL,33050,MasterCard,5166198279091517,676,3/2016
Willogese,LeonardSField@mailinator.com,Ru7tho0Mie,Leonard,Field,175 Rockford Road,Reno,NV,89501,Visa,4916970398960863,446,3/2017
Knitted,LloydJCalderon@mailinator.com,laeghoh2oNai,Lloyd,Calderon,3374 Agriculture Lane,Miami,FL,33165,MasterCard,5417116859019275,991,7/2017
Whissilther,GeraldDKing@trashymail.com,Phoo0ceuxa,Gerald,King,800 Elk City Road,Indianapolis,IN,46205,MasterCard,5403548112040811,742,10/2017
Witeres,EllenTGipe@spambob.com,Phoo5oogh,Ellen,Gipe,2437 Skinner Hollow Road,Klamath Falls,OR,97601,Visa,4539234143650700,891,5/2015
Ressibing,TyISelby@mailinator.com,IuSaph5d,Ty,Selby,1071 Tenmile Road,Bedford,MA,01730,MasterCard,5342665741287383,389,11/2015
Tenintion,LindaBCasillas@spambob.com,Xi7ahPai3etoh,Linda,Casillas,2243 Tavern Place,Inwood,WV,25428,Visa,4556436332505995,204,12/2013
Oncely,HeatherJTarwater@spambob.com,sho6iKoosee,Heather,Tarwater,3718 Adams Avenue,Frederick,MD,21701,Visa,4556418790345403,776,5/2013
Falleaseed,NicholasJJohnson@spambob.com,Geeveo6ohb,Nicholas,Johnson,2688 Quilly Lane,Upper Arlington,OH,43221,Visa,4929404718072097,899,7/2015
Overs1967,OliverMStephens@pookmail.com,oPea6tei,Oliver,Stephens,2347 Duffy Street,Gary,IN,46402,Visa,4556162823226020,518,7/2015
Entakeeke81,BritniOMiles@spambob.com,phaob3aiF8,Britni,Miles,990 Murphy Court,Los Angeles,CA,90017,MasterCard,5360221089863133,802,1/2014
Shudy1957,DavidMHudson@pookmail.com,io3Taudau,David,Hudson,4125 Jail Drive,Burbank,CA,91505,MasterCard,5390354369043755,465,6/2013
Theasketione,DavidBDonahue@trashymail.com,ezovoaY1n,David,Donahue,2549 Riverwood Drive,Redding,CA,96001,Visa,4929818822634973,341,5/2016
Spen1927,StevenCMorales@trashymail.com,eiThep7Tei,Steven,Morales,2906 Par Drive,City Of Commerce,CA,90040,MasterCard,5216197468823003,806,2/2013
Alawavell92,JoanWNichols@mailinator.com,Nao9el2Thai,Joan,Nichols,1081 Werninger Street,Houston,TX,77032,MasterCard,5222951329083955,474,8/2015
Priever1991,AmyRShaw@trashymail.com,Game9oiF,Amy,Shaw,885 Fleming Way,Richmond,VA,23219,Visa,4556091951385979,478,8/2017
Sheres,MichelleGGrady@pookmail.com,woo7Reixei,Michelle,Grady,125 University Drive,Chicago,IL,60606,Visa,4556656085952017,647,4/2013
Greaver,VirginiaBNewman@pookmail.com,aesoimoM6fo,Virginia,Newman,200 Braxton Street,Chicago,IL,60607,MasterCard,5247684995695262,864,4/2013
Romiliang,PatrickLBerry@mailinator.com,nie3Geu6,Patrick,Berry,4273 Charla Lane,Dallas,TX,75287,MasterCard,5144638556664509,796,4/2013
Clarm1986,JonathanMLong@mailinator.com,Pue2Eevui5,Jonathan,Long,98 Pinnickinnick Street,Van Hiseville,NJ,08527,Visa,4716258994262369,967,1/2017
Ithen1946,MarshaOPowell@mailinator.com,ooBee7lohv,Marsha,Powell,1397 Jett Lane,Burbank,CA,91505,MasterCard,5463299751564250,787,1/2013
Shosioness,CurtisLThomas@mailinator.com,Je1foh3aph,Curtis,Thomas,708 Lynn Avenue,Wisconsin Rapids,WI,54494,MasterCard,5569005273677592,753,7/2013
Grenown,JohnTBell@dodgit.com,ear7jai9Quoo,John,Bell,1351 Round Table Drive,Norwood,OH,45212,Visa,4539077527624431,737,9/2013
Witund,NancyMVanbrunt@dodgit.com,Ohsh2eshei,Nancy,Vanbrunt,4045 Broadway Avenue,Chattanooga,TN,37421,Visa,4556035191205802,430,2/2013
Evat1988,CarlottaRKreger@dodgit.com,IeWiewev8,Carlotta,Kreger,4046 McKinley Avenue,Centennial,CO,80111,Visa,4916090962648701,376,8/2015
Fewind,DorisGLarochelle@trashymail.com,wee1Deeghoh,Doris,Larochelle,74 Hampton Meadows,Cambridge,MA,02141,Visa,4485083564584912,526,8/2015
Cluch1946,SharonPWhipple@trashymail.com,vah0Oor2e,Sharon,Whipple,3952 Lucky Duck Drive,Pittsburgh,PA,15219,Visa,4556556492893350,744,3/2017
Prought,DylanMEdwards@mailinator.com,zeem0eiDo,Dylan,Edwards,1071 Fulton Street,Kermit,WV,25674,Visa,4556252862927628,502,3/2014
Edminced,JeniferAHearn@dodgit.com,AiPailu4S,Jenifer,Hearn,3445 Arlington Avenue,Knoxville,TN,37902,Visa,4539597636905207,269,4/2014
Thatininge,KatieRMorgan@spambob.com,Quoufoo5,Katie,Morgan,2647 Courtright Street,Lankin,ND,58250,MasterCard,5477377731789116,809,5/2017
Fluesen,LeaJJohnson@mailinator.com,HauLoh8jee,Lea,Johnson,1754 Ashford Drive,Alexandria,VA,22306,MasterCard,5389637717333404,354,7/2017
Ringich,TammyGBlackwell@pookmail.com,Kii6thoh,Tammy,Blackwell,819 Froe Street,New Martinsville,WV,26155,MasterCard,5287704368293312,192,10/2013
Truits,JudyBAponte@dodgit.com,bathah8oT,Judy,Aponte,1845 James Street,Rochester,NY,14611,MasterCard,5444686527159858,350,8/2017
Strable1991,CarolRWilliams@spambob.com,queeTh5tuv3,Carol,Williams,2445 Hayhurst Lane,Northville,MI,48167,Visa,4556958125057017,830,5/2013
Lemp1987,CurtisMSmith@dodgit.com,muTooph0,Curtis,Smith,4243 Callison Lane,Philadelphia,DE,19103,MasterCard,5538232970257266,354,11/2015
Whavere,StevenLWatts@pookmail.com,oyub8Vugoh,Steven,Watts,2647 Paradise Lane,Diamond Bar,CA,91765,MasterCard,5465354433015052,030,8/2014
Beesse,AdamMHill@spambob.com,ki6wai1V,Adam,Hill,3741 Brannon Street,Los Angeles,CA,90017,MasterCard,5505160302596177,275,1/2017
Fricked,KimberlyJSkeete@mailinator.com,dae7Wuo9o,Kimberly,Skeete,2868 McKinley Avenue,Englewood,CO,80112,MasterCard,5260939140737415,783,9/2013
Lovent,AmandaMKawamura@dodgit.com,Haid8ahth8a,Amanda,Kawamura,968 Jadewood Drive,Chicago,IL,60601,MasterCard,5443314205196891,114,2/2017
Andrely,ToddDOakley@mailinator.com,iew7Ahd9oh,Todd,Oakley,396 Ersel Street,Dallas,TX,75209,MasterCard,5352945346499758,917,10/2014
Antwookes,MargaretGRose@spambob.com,Quiev7ya3,Margaret,Rose,4424 Flynn Street,Ashtabula,OH,44004,Visa,4716192749477206,993,7/2015
Beimere,FredrickRHermann@mailinator.com,aibogae0ChohPh,Fredrick,Hermann,2610 Camden Place,Charleston,SC,29424,MasterCard,5486664170428630,746,10/2017
Weriatere,GastonHDrum@mailinator.com,Za1ahRahng,Gaston,Drum,1318 Fairfax Drive,Frenchtown,NJ,08825,MasterCard,5537071463671943,438,9/2013
Friesess,ChristineJBatts@mailinator.com,Oob3Uuphe,Christine,Batts,1004 Bell Street,Manhattan,NY,10016,MasterCard,5255281470490894,179,9/2017
Fiverand,WillieGHamilton@trashymail.com,Quiozoh0oi,Willie,Hamilton,4043 Polk Street,Sacramento,CA,95814,Visa,4916804222491672,167,9/2017
Agniza,LeeLBrown@trashymail.com,bieHiiph0Ai,Lee,Brown,4172 Penn Street,Qulin,MO,63961,MasterCard,5353290059137603,779,8/2015
Lumpose,AnthonyMReeves@mailinator.com,uk1Quooyoh,Anthony,Reeves,306 Radio Park Drive,Augusta,GA,30906,MasterCard,5508987915610699,134,6/2014
Wiffer1957,BerthaRCole@pookmail.com,iequooSai9,Bertha,Cole,4800 Emeral Dreams Drive,Rockford,IL,61101,MasterCard,5338598871131525,097,12/2017
Norgaidendan,DaphneJCahill@trashymail.com,mo9Phi4oh,Daphne,Cahill,1073 Coal Street,Du Bois,PA,15801,Visa,4916542601889377,784,10/2016
Refspot,HannahRWalker@pookmail.com,Penih3AeMai,Hannah,Walker,2033 Archwood Avenue,Mountain View,WY,82939,MasterCard,5560824554372031,619,2/2015
Grever45,LisaRPipkins@spambob.com,aoyuoF1nae3,Lisa,Pipkins,346 Crosswind Drive,Hopkinsville,KY,42240,Visa,4716425874259340,252,11/2013
Earom1965,DanielleRKarg@pookmail.com,aehohD6EQuoh,Danielle,Karg,646 Hall Valley Drive,Huntington,WV,25701,MasterCard,5433929367396112,473,2/2015
Extrahmethe,LorraineJAnderson@spambob.com,Eith0otuu4,Lorraine,Anderson,3765 Woodridge Lane,Memphis,TN,38110,MasterCard,5545443369912699,518,10/2014
Counly,RobertBBailey@trashymail.com,oe7thieF,Robert,Bailey,118 Freed Drive,Stockton,CA,95204,MasterCard,5291740613062643,205,3/2015
Willynat,YvetteECortez@trashymail.com,toL8luziz,Yvette,Cortez,791 Valley Drive,Philadelphia,PA,19103,Visa,4929243670893250,140,8/2016
Gichist,SharonFPewitt@pookmail.com,aroofaeW9kie,Sharon,Pewitt,27 Circle Drive,Houston,TX,77063,MasterCard,5155871040301588,863,11/2015
Tiong1937,CarltonJJohnson@trashymail.com,neThee1oo,Carlton,Johnson,2197 Duke Lane,Browntown,NJ,08857,MasterCard,5443679488378980,565,6/2016
Dooke1948,JamesSCopley@dodgit.com,iev2Ian7Thee,James,Copley,4496 Franklee Lane,Philadelphia,PA,19108,MasterCard,5562407616144982,324,11/2014
Manted1931,MelodyTDake@mailinator.com,rae0dae5Ech,Melody,Dake,3777 Terra Street,Renton,WA,98055,MasterCard,5390945745337934,221,6/2016
Selse1949,RafaelMMann@mailinator.com,ieDi4ahdah,Rafael,Mann,1692 Cantebury Drive,Mineola,NY,11501,Visa,4485194570201225,903,2/2017
Themand,MelissaRKiely@mailinator.com,ohSie9oogh0,Melissa,Kiely,206 Jones Avenue,Mount Airy,NC,27030,MasterCard,5291459026654355,863,2/2013
Butiefull,KelliDDeegan@dodgit.com,aCioChef2,Kelli,Deegan,1424 Thomas Street,Libertyville,IL,60048,Visa,4929775673481047,598,3/2016
Froo1977,NellieJGrimes@spambob.com,ooW8aije,Nellie,Grimes,4660 Creekside Lane,Ventura,CA,93003,Visa,4929212321878960,593,12/2013
Thourany62,AlexanderPSimpson@mailinator.com,lah4Fu6ch,Alexander,Simpson,3270 Richland Avenue,Houston,TX,77002,MasterCard,5171806382583534,128,12/2014
Alits1990,RobertLHarland@trashymail.com,ooGeiw8iT3i,Robert,Harland,590 Browning Lane,Madison,WI,53718,MasterCard,5418461565944427,634,3/2017
Mazince69,IdaMRuiz@trashymail.com,fophaeTu2I,Ida,Ruiz,1056 Davis Lane,Englewood,CO,80112,MasterCard,5467367904628466,884,7/2017
Lainess,FarahJJohnson@dodgit.com,Uuchaiphee6,Farah,Johnson,4557 Red Bud Lane,Hartford,CT,06103,MasterCard,5137312781244375,409,4/2014
Abiturn,BenjaminJPerez@spambob.com,aeN3uegai,Benjamin,Perez,1441 Vernon Street,California,CA,02110,Visa,4916948353444990,722,1/2014
Sardly,FranklinJJones@mailinator.com,ee8Chevuaw,Franklin,Jones,73 Watson Street,Burlington,NJ,08016,Visa,4532186692408400,720,10/2013
Scollwas,ThomasKStewart@dodgit.com,Oox1aequa3,Thomas,Stewart,3984 Farland Street,Chicago,IL,60628,Visa,4929106143647241,848,12/2015
Havarmstence,RonaldCVillareal@trashymail.com,ewoo8Mee,Ronald,Villareal,1188 Bel Meadow Drive,Los Angeles,CA,90017,Visa,4485451033886186,402,10/2015
Hourson,RoyLSpikes@mailinator.com,heig8Feichu,Roy,Spikes,954 Freedom Lane,Stockton,CA,95202,Visa,4485098527113864,485,2/2013
Upboort,AngeloMFay@trashymail.com,ue1ev2Aiw,Angelo,Fay,1644 Roosevelt Street,San Francisco,CA,94103,MasterCard,5200545716348264,225,3/2015
Haterequed1932,FrankKRamey@spambob.com,pu6aeQu2ae,Frank,Ramey,2997 West Virginia Avenue,Albany,NY,12207,MasterCard,5160675995592536,150,7/2014
Promestruche,JacquelineRMcAlpine@trashymail.com,oodae7Loof,Jacqueline,McAlpine,804 Meadow View Drive,Windsor,CT,06095,MasterCard,5242027513792762,168,6/2014
Thavinds,JamesLRobbins@dodgit.com,mohT8aiW7z,James,Robbins,3586 Adams Drive,San Angelo,TX,76903,Visa,4556819258681298,538,11/2016
Bouris,LauraLMiller@mailinator.com,oBoh7shadoa,Laura,Miller,1161 Woodside Circle,Tallahassee,FL,32301,Visa,4539217755250224,355,4/2017
Babsizarly,DanielleJMcDaniel@trashymail.com,Eezai0Aeph,Danielle,McDaniel,1037 Eastland Avenue,Philadelphia,MS,39350,MasterCard,5527243602025826,004,11/2016
Lithervithed,WilliamSPeterson@dodgit.com,hoo1eiQuai8,William,Peterson,232 Medical Center Drive,Sarasota,FL,34236,MasterCard,5330240723719656,289,9/2015
Getice79,FrankDCaldwell@pookmail.com,eeCoo9tu,Frank,Caldwell,4738 Victoria Court,Exeter,ME,04435,Visa,4556553657884886,193,11/2014
Sheyes45,VonnieWFerguson@pookmail.com,ieKeeT9aig,Vonnie,Ferguson,4583 Woodside Circle,Tallahassee,FL,32301,Visa,4929629291227896,863,4/2016
Nizeed,RolandMScott@pookmail.com,Gah6xiech,Roland,Scott,4428 Cottonwood Lane,Grand Haven,MI,49417,MasterCard,5349991709587397,478,11/2014
Earat1948,ShirleyBGreenwald@trashymail.com,Eibaik1w,Shirley,Greenwald,378 Sunny Day Drive,Irvine,CA,92618,MasterCard,5126524710371664,501,11/2015
Insed1979,NicoleMBecnel@pookmail.com,Phi6luir,Nicole,Becnel,1702 Stark Hollow Road,Centennial,CO,80112,Visa,4716413824816716,155,5/2013
Affew1932,EmilyIWoodard@mailinator.com,dai5Ooh2,Emily,Woodard,4384 Bastin Drive,Allentown,PA,18109,Visa,4929924580593862,321,1/2016
Eredis,KariBHealy@mailinator.com,soda8Ohgh,Kari,Healy,4904 Catherine Drive,Langdon,ND,58249,Visa,4532866395191680,293,9/2016
Nothemould1964,SallyRHuynh@spambob.com,aeReeroo2,Sally,Huynh,1317 Bird Spring Lane,Alvin,TX,77511,Visa,4556139538227535,377,4/2017
Damedured,MarcusCMurray@mailinator.com,Hai3Num1Ie,Marcus,Murray,4378 Warner Street,Casper,WY,82601,MasterCard,5366040717444072,104,9/2014
Agron1980,MarthaKLange@pookmail.com,xaiNai3Raig,Martha,Lange,2159 Leisure Lane,Burbank,CA,91504,MasterCard,5124593281970610,722,12/2016
Apped1942,YvetteMSlone@pookmail.com,aeGh2eegh,Yvette,Slone,3075 Fantages Way,South Portland,ME,04106,Visa,4532786450105575,486,1/2015
Wastiong,VelmaLBoggs@trashymail.com,Erieku1Xee,Velma,Boggs,1354 Providence Lane,Irvine,CA,92614,Visa,4556736055716467,336,9/2013
Ounge1952,EdwardPScott@dodgit.com,PhieR9Chu,Edward,Scott,677 Smith Street,Walpole,MA,02081,MasterCard,5433690591906841,411,6/2015
Idowed1937,AkikoCRochon@trashymail.com,Oip8ool8uqu,Akiko,Rochon,1138 Alexander Drive,Denton,TX,76201,Visa,4916410978474936,031,5/2015
Exual1990,BernardKPettigrew@spambob.com,lauHieJai4oo,Bernard,Pettigrew,121 Russell Street,Acton,MA,01720,Visa,4929518164467798,147,8/2015
Simparcity77,AprilRHerrman@mailinator.com,rei1riGeis,April,Herrman,892 Wilmar Farm Road,Reston,MD,20191,MasterCard,5322725838568659,183,2/2017
Whouthearied,DavidKLander@pookmail.com,phi4aV1ah,David,Lander,3204 Hope Street,Portland,OR,97205,Visa,4916044541734136,071,1/2016
Pleake73,ShellyRTart@dodgit.com,ashuChieh5,Shelly,Tart,2952 Elsie Drive,Sioux Falls,SD,57102,Visa,4539386136005779,178,3/2013
Blaccaton,SandraHGarcia@pookmail.com,tei1iep1Ee,Sandra,Garcia,441 Buffalo Creek Road,Nashville,TN,37212,Visa,4485409876271569,487,6/2016
Councent1971,BillyHArmstrong@dodgit.com,Wobei0ya,Billy,Armstrong,1694 Biddie Lane,Richmond,VA,23219,Visa,4556867595005390,686,12/2017
Quares75,SethCTamez@mailinator.com,eegaequ7eNg,Seth,Tamez,2451 Commerce Boulevard,Omaha,NE,68102,MasterCard,5431279397306489,133,4/2016
Calkich,AshleyWSchmidt@pookmail.com,aephaiC4ie,Ashley,Schmidt,2750 Alpha Avenue,Macclenny,FL,32066,Visa,4716095364348364,299,7/2016
Thera1955,CamilleWMartinez@trashymail.com,kii5boh0Th,Camille,Martinez,372 Ryan Road,Murdo,SD,57559,Visa,4716580533861413,990,1/2016
Togand,MichaelaCMcLaughlin@spambob.com,sohD5iez8,Michaela,McLaughlin,3249 Creekside Lane,Ojai,CA,93023,MasterCard,5159674183906569,431,12/2014
Dickent1963,DonnaJSmith@pookmail.com,oa8Xahjoh,Donna,Smith,497 Hillside Drive,New York,NY,10013,Visa,4485032607110128,773,6/2013
Diseve92,RogerLFerry@spambob.com,Ue3viu3w,Roger,Ferry,4366 Ersel Street,Dallas,TX,75212,MasterCard,5202358609443871,018,2/2015
Sultillort,LauraBBuchanan@dodgit.com,vae6Aafaiquoo,Laura,Buchanan,1724 Freedom Lane,Stockton,CA,95202,MasterCard,5153310263382456,582,6/2014
Jament,RobertKMejia@spambob.com,OPeiWei1aip,Robert,Mejia,1096 Kovar Road,Brockton,MA,02401,MasterCard,5481185479873198,830,7/2017
Hisled,RoxanneADiaz@pookmail.com,rieC0ohThie,Roxanne,Diaz,3415 Pin Oak Drive,Cedar Rapids,IA,52401,Visa,4539547589157660,121,11/2013
Aboomed54,CharlesVHackett@trashymail.com,dai6Aicoh,Charles,Hackett,1553 Wayback Lane,Farmingdale,NY,11735,MasterCard,5224634531919087,545,5/2015
Sarehely,LeoKJarrell@spambob.com,uugie4Lu,Leo,Jarrell,4890 Cooks Mine Road,Clovis,NM,88101,MasterCard,5588804200253056,137,5/2016
Woultries1980,AdelineCKoenig@spambob.com,thieze6Gie,Adeline,Koenig,1304 Delaware Avenue,San Francisco,CA,94107,MasterCard,5388479408639406,764,5/2014
Derthas,JessicaMYounts@pookmail.com,Eefe3aiwie,Jessica,Younts,3553 Post Avenue,Hibbing,MN,55746,Visa,4556482952038636,762,4/2017
Suirsoofter,PedroHCarmichael@spambob.com,Iegh2pohj,Pedro,Carmichael,4226 Angie Drive,Orange,CA,92668,Visa,4916269416487433,331,3/2017
Spon1956,HowardKMcDonald@mailinator.com,lom4Ahae,Howard,McDonald,1693 Angus Road,New York,NY,10048,Visa,4716187800094056,668,11/2016
Weate1968,DonnieCHutchins@trashymail.com,Pe3yeiCahv,Donnie,Hutchins,2902 Pringle Drive,Chicago,IL,60610,Visa,4716518400595888,729,11/2014
Getured,AngelTGardner@dodgit.com,naes8Aifeifoh,Angel,Gardner,2521 Fantages Way,Swan Valley,ID,83428,Visa,4539328263499185,838,12/2017
Vatte1959,JudithJSanchez@dodgit.com,AiguThee7,Judith,Sanchez,2447 Willis Avenue,Jacksonville,FL,32216,Visa,4929377918016041,823,11/2013
Haread,DanaJGarrett@mailinator.com,uxoiv4nuCh,Dana,Garrett,126 Vineyard Drive,Independence,OH,44131,Visa,4916135382317278,383,6/2016
Frinslazince1927,BarbaraTPeterson@trashymail.com,KohSie5ae,Barbara,Peterson,2155 Duncan Avenue,New York,NY,10007,MasterCard,5542012890756165,211,3/2017
Tiongens,VeronicaINielsen@pookmail.com,Sheehu6rie,Veronica,Nielsen,3540 Maryland Avenue,Largo,FL,34640,Visa,4916319798001359,402,1/2015
Tweenowed,DanielleROliver@trashymail.com,Aev4daive,Danielle,Oliver,4604 West Side Avenue,Rochelle Park,NJ,07662,MasterCard,5484435328047313,295,7/2017
Appause,KendallLAnderson@pookmail.com,Pei8aeJei,Kendall,Anderson,3639 Hickory Heights Drive,Baltimore,MD,21201,Visa,4556117059546392,674,9/2016
Momparbeft,AdamKMorrow@mailinator.com,reeB8chae,Adam,Morrow,4582 Emerson Road,Bernice,LA,71222,MasterCard,5324180704067808,731,2/2015
Knen1968,GaryDSaucedo@dodgit.com,ri0Gah3zoh,Gary,Saucedo,1893 Davis Lane,Denver,CO,80202,Visa,4916445079812329,477,10/2014
Mition,MartineJBarber@spambob.com,aiB0Ohmoh,Martine,Barber,2035 Hart Street,Bloomfield,CT,06002,MasterCard,5196600214678047,977,12/2017
Whicen,BrianVRoberson@mailinator.com,fa1kivah4Noo,Brian,Roberson,2057 Jones Avenue,Winston Salem,NC,27105,Visa,4556831521056281,402,9/2017
Thars1942,EricKMiller@mailinator.com,cie7eL9thie,Eric,Miller,3981 Freedom Lane,Stockton,CA,95219,MasterCard,5174062730776118,424,8/2015
Crocke,PhilipELacey@trashymail.com,wohfoh5eiL,Philip,Lacey,3720 Bird Spring Lane,Alvin,TX,77511,MasterCard,5198966670688293,790,5/2016
Mosed1940,GailECaldwell@mailinator.com,TalaJ0ahz,Gail,Caldwell,2959 Kelly Drive,Ellenboro,WV,26346,MasterCard,5419384289051833,212,12/2014
Thistrank,WilliamERhodes@pookmail.com,em0Ur9ohY,William,Rhodes,522 Freed Drive,Galt,CA,95632,MasterCard,5296411942687725,546,7/2017
Maziever,PatriciaRHughes@trashymail.com,Gae5ahj0ooS,Patricia,Hughes,3273 Philli Lane,Alluwe,OK,74049,Visa,4916576526181171,618,8/2016
Actery,KyleRLeclerc@trashymail.com,Uxae3fa1,Kyle,Leclerc,3814 Maud Street,Wilmington,DE,19801,Visa,4556054316860656,068,4/2016
Lecrid69,TomKHe@pookmail.com,ahgh8Hac,Tom,He,2881 John Daniel Drive,Belleview,MO,63623,MasterCard,5322399222147908,030,4/2016
Rocird,MaryRBooks@spambob.com,Chek2onei,Mary,Books,4099 Emily Drive,Rock Hill,SC,29730,Visa,4929855735372515,834,6/2013
Coorms,MichaelAMcCorkle@pookmail.com,Og6ieco3Oh,Michael,McCorkle,4588 Carriage Lane,Pittston,PA,18640,MasterCard,5180898449210556,804,12/2015
Theadis,JoseEMoll@trashymail.com,Shohja3iJa3,Jose,Moll,2323 Williams Avenue,Los Angeles,CA,90017,Visa,4556182685733673,594,2/2016
Liener,SandraMWinton@spambob.com,hiew1eeNg,Sandra,Winton,4222 Mahlon Street,Ann Arbor,MI,48104,Visa,4532339840639620,907,10/2016
Finam1933,DanielJBasaldua@spambob.com,Gei8chai,Daniel,Basaldua,2661 Austin Secret Lane,Fountain Green,UT,84632,MasterCard,5184520498639552,402,8/2016
Griche,KevinSPlacencia@pookmail.com,Of9aevie,Kevin,Placencia,4567 Hill Street,Toledo,OH,43609,Visa,4929228513987823,535,2/2015
Nand1973,BillieRCroy@trashymail.com,xieP8choo,Billie,Croy,4973 Drummond Street,Paterson,NJ,07501,Visa,4556086726821837,998,10/2016
Lecoany,NancyJBeggs@pookmail.com,Neepo9fie,Nancy,Beggs,1163 Ripple Street,Saginaw,MI,48607,Visa,4532477540787024,971,4/2015
Sudight84,KeliJEdwards@trashymail.com,oohahdaS7pe,Keli,Edwards,3099 Lunetta Street,Wichita Falls,TX,76301,Visa,4485087224761430,776,3/2015
Loverableate1953,RobynJFerrell@dodgit.com,ohdoatouNe3,Robyn,Ferrell,2240 Round Table Drive,Sharonville,OH,45241,MasterCard,5243912584101572,947,6/2014
Inack1992,JesseBHolland@trashymail.com,queic3eiNg,Jesse,Holland,1129 Hurry Street,Fredericksburg,VA,22401,Visa,4916233701003149,493,10/2013
Ancaspent,JasonDWhite@pookmail.com,pheeGha8au9,Jason,White,3068 Parkview Drive,Irvine,CA,92664,MasterCard,5384714394581061,403,1/2013
Proaderescid,KarinPFisher@dodgit.com,Aengeejoa7,Karin,Fisher,1848 Colony Street,Stamford,CT,06901,Visa,4539185663639327,957,4/2014
Feld1959,TinaRCarlisle@dodgit.com,Oj7Ao6Ei,Tina,Carlisle,874 Scenicview Drive,Big Spring,TX,79720,MasterCard,5494234726084012,526,7/2013
Cutdomplad,CarleneKFink@dodgit.com,Zom9ou2oosh,Carlene,Fink,4189 Sunny Day Drive,Anaheim,CA,92801,MasterCard,5287874638093345,296,11/2013
Lonspribeen,JerryCSlaughter@trashymail.com,iv0EeQuoo,Jerry,Slaughter,1816 Stadium Drive,Easton,MA,02334,MasterCard,5315696584457232,862,12/2017
Anonton,JamieJMeekins@dodgit.com,aiDoo9Jei,Jamie,Meekins,4598 Dogwood Road,Phoenix,AZ,85034,MasterCard,5343198995005367,704,3/2016
Wrintrah1938,SidneyCTaylor@spambob.com,Kuc6caj7,Sidney,Taylor,697 Rogers Street,Cincinnati,OH,45244,MasterCard,5377088319893110,984,12/2016
Hise1968,JasonWKoch@dodgit.com,ooPie7ooV,Jason,Koch,240 Jerome Avenue,Harlingen,TX,78550,MasterCard,5437326753553180,755,11/2016
Saighterse,AnthonyJGarcia@pookmail.com,aiCh4sienei,Anthony,Garcia,59 Simpson Street,Davenport,IL,52803,Visa,4916438398451259,280,3/2016
Tharat65,WilliamSWiggins@pookmail.com,EwohNgoow5,William,Wiggins,3312 Maple Lane,Alexander City,AL,35010,Visa,4556593657268649,290,7/2013
Emerts,KerryFJoiner@pookmail.com,ahCo7rahs,Kerry,Joiner,2252 Hillview Street,Denmark,SC,29042,Visa,4485109631176497,380,7/2014
Willand,JerryJEmmanuel@trashymail.com,vai3Bepa,Jerry,Emmanuel,3828 Seth Street,Abilene,TX,79602,MasterCard,5499044141744198,656,5/2015
Whouthearied69,TuyetDMattingly@pookmail.com,Mee0ahgh,Tuyet,Mattingly,809 Mercer Street,Wausau,WI,54401,MasterCard,5388327358060695,671,12/2017
Consed,AndrewANguyen@mailinator.com,Shar3shai,Andrew,Nguyen,3896 Dark Hollow Road,Madison,WI,53718,Visa,4485561910210589,687,1/2017
Cosper,LouisMJohnson@spambob.com,Ahghoo4jah,Louis,Johnson,3680 Granville Lane,Newark,NJ,07102,MasterCard,5503629346075150,989,8/2013
Viser1936,GerryEWood@dodgit.com,ahneeF2ee,Gerry,Wood,1787 Bryan Street,Greensboro,NC,27407,Visa,4916164980090731,588,12/2015
Thernat,EmilioMBall@spambob.com,ahth1Us0ee,Emilio,Ball,4695 Hiney Road,Edinburg,ND,58227,MasterCard,5298351954981657,072,3/2014
Culach,SonyaTSutton@spambob.com,Ibuphiusau5,Sonya,Sutton,3768 Howard Street,Grand Rapids,MI,49503,MasterCard,5565701631972345,706,10/2014
Pubsont,KristiKAshton@trashymail.com,Sei7Sea0m,Kristi,Ashton,4175 Highland View Drive,Sacramento,CA,95826,MasterCard,5292905352814699,886,12/2016
Soute1945,JacquelineASmith@dodgit.com,iGh7zae8sei,Jacqueline,Smith,2162 Tenmile,Parksley,VA,23421,MasterCard,5567358905250524,857,4/2017
Nere1958,JaclynMHolmes@pookmail.com,Eith9sho5kah,Jaclyn,Holmes,2440 Bagwell Avenue,Ocala,FL,34471,MasterCard,5425915690484212,294,7/2015
Thurely,KarlaDHennessey@trashymail.com,ooThae7ka,Karla,Hennessey,346 Isaacs Creek Road,Springfield,IL,62701,Visa,4716537362065219,950,6/2014
Agation,MckinleyVQuinn@dodgit.com,ooxoo7Xu0,Mckinley,Quinn,4887 Carson Street,Lexington,KY,40507,Visa,4716513192838984,193,10/2014
Liamel1987,FlorineTMyers@spambob.com,Aojei5Ag3eij,Florine,Myers,4579 Dawson Drive,Little Rock,AR,72201,Visa,4916312272062872,388,8/2015
Toomen,LarrySSmith@trashymail.com,Coo1oovoo,Larry,Smith,4355 Froe Street,Huntington,WV,25701,MasterCard,5557400885966364,657,1/2014
Biles1947,MarciRBushman@dodgit.com,uong0ooNg,Marci,Bushman,98 Edgewood Road,Pine Bluff,AR,71601,Visa,4716377467248588,348,5/2014
Ourp1990,CharlesCBourg@spambob.com,shauqu9Oog,Charles,Bourg,3714 Hart Country Lane,Columbus,GA,31901,Visa,4539366335432875,041,10/2017
Earpot,MaryJHarris@trashymail.com,iP4quoe7ie,Mary,Harris,628 Colonial Drive,Houston,TX,77036,MasterCard,5439936851652508,301,4/2014
Thatuagaild,ChrisMHuber@dodgit.com,eiga3quaeN,Chris,Huber,1952 Goosetown Drive,Lenoir,NC,28645,Visa,4716384588286612,250,10/2013
Dinge1970,JackNRodriguez@mailinator.com,Ou5oi2ooh,Jack,Rodriguez,552 Philli Lane,Porum,OK,74455,Visa,4532098520189237,772,7/2016
Fambireett45,JessLTaylor@spambob.com,Aex8aeCh,Jess,Taylor,503 Carriage Court,Thermal,CA,92274,Visa,4556364619540461,422,10/2013
Herect,RussellBDavis@mailinator.com,iXao5deachai,Russell,Davis,4826 Clinton Street,Portland,PA,97205,Visa,4716985396275439,927,11/2016
Ragretheable,CarlosVParker@pookmail.com,cu4AhP0Sh,Carlos,Parker,1173 Robinson Court,Saginaw,MI,48601,MasterCard,5326460227813732,833,12/2016
Logne1943,AnnRStevenson@dodgit.com,Ideag4ipih,Ann,Stevenson,4032 Bobcat Drive,Bloomfield Township,MI,48302,Visa,4716643713995920,435,10/2017
Yethation,CourtneyRCrofoot@pookmail.com,vayo9Oun8,Courtney,Crofoot,3010 Myra Street,Providence,RI,02903,Visa,4539301038727552,442,10/2016
Hopecover,PaulMJohnson@pookmail.com,aimeu1Ai,Paul,Johnson,2350 Ashton Lane,Austin,TX,78756,MasterCard,5389340656425881,371,2/2014
Suppen,CarlosLNavarro@mailinator.com,queCho7fahr2,Carlos,Navarro,2040 Black Oak Hollow Road,Oakland,CA,94612,MasterCard,5564655712880234,714,9/2013
Entionsm,ShirleyBDunkelberger@pookmail.com,GohKee8oh,Shirley,Dunkelberger,2976 Blair Court,Kansas City,MO,64106,MasterCard,5541342355068884,412,2/2015
Hury1931,JohnBBorkowski@dodgit.com,faib5eG9vu5qu,John,Borkowski,3685 Mattson Street,Portland,OR,97212,MasterCard,5263388095483749,496,1/2014
Solkill,KarenJCalder@pookmail.com,pha5Vieth,Karen,Calder,2610 Archwood Avenue,Cheyenne,WY,82001,MasterCard,5455604716354491,361,5/2014
Ligival1989,RosieJNelson@dodgit.com,aZ9eangae,Rosie,Nelson,3157 Lakeland Park Drive,Atlanta,GA,30303,Visa,4716687989208997,046,9/2014
Wheyany55,HarryEPoche@trashymail.com,Sah8ohjooXa,Harry,Poche,4150 Giraffe Hill Drive,Grand Prairie,TX,75051,Visa,4532636843093089,475,5/2013
Coftese1956,CarlaLShort@mailinator.com,azae6saiYa,Carla,Short,212 Valley View Drive,Cambridge,MA,02141,MasterCard,5440126525194080,074,11/2016
Thiciall,DaleTTaylor@mailinator.com,Ahpeen5uu,Dale,Taylor,2194 Glenwood Avenue,Warrensville Heights,OH,44128,Visa,4485235499072104,466,12/2017
Tookins,AnthonyHBall@trashymail.com,Eij7pohs0ei,Anthony,Ball,1507 Patterson Fork Road,Chicago,IL,60606,Visa,4532786193525097,717,7/2015
Vich1989,DorisBDavis@spambob.com,Wae6ooqu,Doris,Davis,3469 Elliott Street,West Lebanon,NH,03784,Visa,4716028063528234,507,8/2013
Wenew1992,LindaCWest@pookmail.com,ooDu4cae,Linda,West,4487 Deer Ridge Drive,Clifton,NJ,07011,MasterCard,5238696544477399,070,10/2017
Hisgul,SusanMEckel@trashymail.com,aiZ2zeeso,Susan,Eckel,1427 Hilltop Haven Drive,Montclair,NJ,07042,MasterCard,5585117589668346,728,10/2017
Whilest,MariaJBartley@spambob.com,eikeew8Ohd3sh,Maria,Bartley,2378 Blair Court,Kansas City,MO,64106,MasterCard,5565720979381281,525,1/2017
Behiliess,RobinJEdmondson@mailinator.com,Ciat6zeeb,Robin,Edmondson,1030 Liberty Street,Dallas,TX,75212,Visa,4539375422392330,930,8/2014
Amited,DeliaABlair@spambob.com,YeiHi5ejufoh,Delia,Blair,75 Hartway Street,Mobridge,SD,57601,Visa,4916330840190363,529,12/2015
Thendre,DavidPSchmidt@mailinator.com,Aquah9asa,David,Schmidt,1895 Preston Street,Medicine Lodge,KS,67104,Visa,4716606847826535,823,7/2013
Welit1981,CurtisMTurpin@dodgit.com,phoh8Yei,Curtis,Turpin,2994 Mill Street,Greenville,SC,29607,MasterCard,5113799747523900,611,2/2017
Tueret55,ShirleyWGray@mailinator.com,Imeaqu6P,Shirley,Gray,511 Fannie Street,Bryan,TX,77803,MasterCard,5179146923153592,857,1/2015
Paught73,CarlRJones@dodgit.com,Eehu3aVaeJ,Carl,Jones,1782 Pinewood Avenue,Marquette,MI,49855,MasterCard,5195299801844020,176,9/2017
Feced1986,PhillipNBlack@pookmail.com,Aik0Aeb2,Phillip,Black,3768 Bryan Avenue,Minneapolis,MN,55415,Visa,4539872859890059,986,7/2015
Nellove1961,RobertMSchiff@trashymail.com,zoh4fahW8koo,Robert,Schiff,463 Hampton Meadows,Cambridge,MA,02141,MasterCard,5138933996935801,445,9/2014
Wassall,HaroldPCain@dodgit.com,Ic7hais2ekak,Harold,Cain,4574 Sycamore Street,Oakland,CA,94612,MasterCard,5350300921773247,815,10/2014
Foressey,AngelaRSantos@pookmail.com,Gohshe9nah,Angela,Santos,3851 Penn Street,Williamsburg,MO,63388,Visa,4539885119243638,986,11/2017
Noremse,KeithCBarone@pookmail.com,Iequ8eexae,Keith,Barone,4281 Lakewood Drive,Fair Lawn,NJ,07410,MasterCard,5269508546938546,563,2/2013
Breng1942,MartaLMcDonald@spambob.com,phiesh6eeSh,Marta,McDonald,803 Riverside Drive,Chattanooga,GA,30741,MasterCard,5191680284115273,428,3/2015
Shomeare,DaleEMurphy@trashymail.com,BaSiew5fahqu,Dale,Murphy,1329 Stuart Street,Grove City,PA,16127,MasterCard,5569727852904705,901,2/2015
Porit1972,WilliamGJackson@pookmail.com,jaJee3aiqu7u,William,Jackson,3127 Brighton Circle Road,Saint Cloud,MN,56303,MasterCard,5368282181090712,040,9/2013
Holt1975,LindaJTotten@spambob.com,vah7eoc3Ei,Linda,Totten,4396 Creekside Lane,San Luis Obispo,CA,93401,MasterCard,5212122529752813,281,4/2016
Hothe1942,AnthonyFWilkerson@mailinator.com,chai9Waiyei,Anthony,Wilkerson,4412 Vesta Drive,Hickory Hills,IL,60457,Visa,4916253363486325,483,4/2015
Shabligne,AnnaJCrouch@spambob.com,Ieshaeboh0i,Anna,Crouch,2276 Retreat Avenue,Birmingham,AL,35209,Visa,4929811829722602,409,2/2014
Pernihiststo41,KeithCMize@mailinator.com,ooH7ka8b,Keith,Mize,4333 Haul Road,Saint Paul,MN,55102,Visa,4556040041007648,924,2/2017
Sormthe,CharlesCSullivan@dodgit.com,eiSie0ciep,Charles,Sullivan,304 Sarah Drive,Lake Charles,LA,70601,Visa,4929031198048717,779,6/2015
Threaske,JohnnyVSnyder@mailinator.com,Esh7aiquood,Johnny,Snyder,662 Alexander Drive,Wichita Falls,TX,76301,MasterCard,5379508996542142,429,7/2016
Abourth1967,PaulDCrum@pookmail.com,he4eiYeesh,Paul,Crum,3007 Lucy Lane,Evansville,IN,47714,Visa,4916231711914024,933,8/2014
Frectionc,MarthaCMorrison@mailinator.com,gai1Oox5co,Martha,Morrison,3141 Holden Street,San Diego,CA,92105,MasterCard,5555909588863472,343,6/2015
Milivered,JohnAVanauken@dodgit.com,Ohca7Iewo,John,Vanauken,3016 Platinum Drive,Canonsburg,PA,15317,MasterCard,5131318129023500,037,3/2017
Buty1937,ChaeELeal@spambob.com,poorae0Oo,Chae,Leal,2343 Milford Street,Dunbarton,NH,03301,Visa,4556923140508907,115,9/2016
Lignink,RuthEBoyd@pookmail.com,ai8Eiphae6,Ruth,Boyd,2655 Oliverio Drive,Rush Center,KS,67575,Visa,4532853751408577,473,11/2017
Arinue,CatherineCBaum@pookmail.com,Pooj8eiwiTh,Catherine,Baum,782 Quilly Lane,Westerville,OH,43081,MasterCard,5373023000706911,994,2/2015
Mandist,JodyJBell@spambob.com,Eijuy2Mahy3,Jody,Bell,246 Thorn Street,Sheridan,WY,82801,Visa,4916227842330882,044,10/2017
Nowers,SteveNJackson@mailinator.com,theeZi6sah,Steve,Jackson,1077 Clinton Street,Little Rock,AR,72212,Visa,4716627606380266,242,3/2013
Ollourety,DavidTBelisle@mailinator.com,Thohph0i,David,Belisle,1892 Rubaiyat Road,Grand Rapids,MI,49503,MasterCard,5599472890455857,700,10/2015
Fecrused,ScottHMcCormick@trashymail.com,Phae3oth,Scott,McCormick,1107 Ash Avenue,Stlouis,MO,63101,MasterCard,5538763262329967,388,1/2013
Onday1963,JamesLColeman@mailinator.com,te1nohb0Ie,James,Coleman,1779 Wildrose Lane,Bloomfield Township,MI,48302,MasterCard,5582536634899486,349,3/2015
Geopme,DonaldSManzo@mailinator.com,aeGaeh8thah,Donald,Manzo,2852 Shinn Street,New York,NY,10038,Visa,4716901767513035,502,4/2017
Camod1976,BonitaJCandelaria@pookmail.com,ohR3meo7,Bonita,Candelaria,702 Oakdale Avenue,Tampa,FL,33610,MasterCard,5301374763758863,822,10/2015
Minne1930,KennethKStapp@mailinator.com,iepae3mahChoo,Kenneth,Stapp,2382 Diamond Cove,Providence,RI,02903,MasterCard,5238706623216533,048,8/2013
Camedid,SherriEAlexander@spambob.com,ohX9uuque,Sherri,Alexander,1252 Boone Crockett Lane,Bremerton,WA,98337,MasterCard,5122910136139336,222,8/2014
Preave,AngieEHu@dodgit.com,baigeeHe1uu,Angie,Hu,2212 Jerry Dove Drive,Burgess,SC,29576,MasterCard,5114760729225129,327,11/2013
Inedan,MicheleGGregor@trashymail.com,ATies9aefohSh,Michele,Gregor,3917 Pursglove Court,Eldorado,OH,45321,MasterCard,5234614341010929,362,1/2016
