Username,EmailAddress,Password,GivenName,Surname,StreetAddress,City,State,ZipCode,CCType,CCNumber,CVV2,CCExpires
Thationdeas,JerryEArguelles@pookmail.com,jooZeeCiej9,Jerry,Arguelles,3249 Jerry Toth Drive,Anchorage,AK,99503,MasterCard,5198309796697288,850,9/2014
Chred1949,FranciscoADragon@pookmail.com,Kukaht8chuy,Francisco,Dragon,1362 Trails End Road,Miami,FL,33176,Visa,4539156074251390,971,9/2014
Spectlemeded,MarkJHanna@spambob.com,laiY2thay,Mark,Hanna,4045 Poco Mas Drive,Plano,TX,75023,Visa,4916214296406186,043,4/2015
Creent,JosephMBryant@pookmail.com,Cohk4eilie,Joseph,Bryant,2645 Rinehart Road,Tamarac,FL,33309,MasterCard,5494281056999707,083,12/2015
Antom1959,AshleyESanford@trashymail.com,aiHuth2ei,Ashley,Sanford,2051 Southside Lane,Los Angeles,CA,90044,MasterCard,5192384749486952,533,4/2017
Lonce1984,AprilJMorgan@pookmail.com,Lee8Niepei1,April,Morgan,4915 Whitman Court,Wilton,CT,06897,Visa,4716163827103220,241,6/2013
Fass1952,FernandoEHilliard@mailinator.com,eis6Soa0l,Fernando,Hilliard,4997 Spring Street,Maroa,IL,61756,MasterCard,5414112575471539,289,10/2015
Fortind1954,OscarESmith@trashymail.com,raeN0aibe,Oscar,Smith,784 Crowfield Road,Phoenix,AZ,85023,Visa,4556675792482761,575,10/2015
Loself,ChristopherMGrasser@pookmail.com,ahtooH4bie,Christopher,Grasser,506 Trouser Leg Road,Springfield,MA,01103,MasterCard,5463122467853579,005,10/2014
Womand,DirkEMorse@trashymail.com,Zohgeth7Tun,Dirk,Morse,1555 Big Elm,Lenexa,MO,66215,MasterCard,5362964078332127,221,6/2016
Iggerstoost,StevenJGill@mailinator.com,bai4eiLaeb,Steven,Gill,3145 Peck Court,Irvine,CA,92614,Visa,4532308707271462,006,11/2015
Nerty1928,AdamMSundberg@spambob.com,Eirai2Ee,Adam,Sundberg,467 Cherry Ridge Drive,Bloomfield Township,MI,48302,MasterCard,5400094584111593,277,4/2014
Mustrien66,JohnMScholz@dodgit.com,eiY8oach,John,Scholz,2689 Michigan Avenue,Pittsburgh,PA,15212,MasterCard,5324820808808686,355,6/2017
Parliveartle,JamesMRiddle@spambob.com,rahng3neiVe,James,Riddle,4131 Court Street,Truxton,MO,63381,Visa,4916494108147554,043,4/2016
Immirty,AngelaJGarrison@pookmail.com,ailo0Thohh2,Angela,Garrison,4189 Smithfield Avenue,Seagraves,TX,79359,MasterCard,5239768460245974,233,12/2014
Pudsteck,MatthewNCharles@trashymail.com,Laizo4caizoo,Matthew,Charles,2608 Rollins Road,Riverdale,NE,68870,MasterCard,5242943288383639,097,8/2017
Whimen,BrandonNMundy@pookmail.com,ieThaiw2ui,Brandon,Mundy,1442 Marcus Street,Huntsville,AL,35816,MasterCard,5207953015249196,028,6/2013
Eforts1969,RebeccaMWilliams@spambob.com,Sheeg7iequ,Rebecca,Williams,1713 Marigold Lane,Miami,FL,33176,MasterCard,5379626386752210,205,2/2013
Favind,BridgetJSullivan@spambob.com,Oy3oovaeng,Bridget,Sullivan,3053 Meadowbrook Mall Road,Playa Del Rey,CA,90291,Visa,4539957691151685,123,8/2016
Whinevesock82,SarahWFortier@spambob.com,eiDie6Nosh,Sarah,Fortier,1940 Oakmound Drive,Chicago,IL,60607,Visa,4916557770872061,465,8/2016
Donts1937,MarkRMacgregor@mailinator.com,ekai7Yafai,Mark,Macgregor,4413 Crestview Terrace,San Antonio,TX,78205,Visa,4716430208730180,988,3/2013
Faroppich,GeraldMBoles@mailinator.com,ZaDooh0Eph,Gerald,Boles,1823 Wood Duck Drive,Iron Mountain,MI,49801,Visa,4556939957142762,418,6/2016
Satione,JacquelineRWetmore@spambob.com,saoDohh8Ai,Jacqueline,Wetmore,4394 Kenwood Place,Ft Lauderdale,FL,33311,MasterCard,5523973875773439,307,8/2014
Witain,JamesNPhillips@spambob.com,zohlooRi5oo,James,Phillips,924 Conference Center Way,Tunkhannock,PA,18657,Visa,4916858143625321,381,12/2016
Wrins1966,ChristopherSRuel@spambob.com,chohj4Nie,Christopher,Ruel,1805 Post Farm Road,Atlanta,GA,30303,Visa,4916588655653136,660,8/2015
Whaderegret,JuanVRhoden@spambob.com,beic6aMoh5,Juan,Rhoden,3156 Layman Avenue,Fayetteville,NC,28306,MasterCard,5535569193197222,254,10/2015
Heddleggliha1968,ChrisMGreen@spambob.com,ahr8pil1Oe6,Chris,Green,4631 Limer Street,Augusta,GA,30901,MasterCard,5512869382194858,791,12/2013
Alcour,CheriTNickel@mailinator.com,voT2eikiej7oo,Cheri,Nickel,1624 Village View Drive,Fort Myers,FL,33901,Visa,4716357073315054,809,9/2017
Coularl,PhyllisWWalsh@pookmail.com,ahGhaiheis3,Phyllis,Walsh,4358 Parrish Avenue,Santa Clara,CA,95054,Visa,4485741417261844,900,8/2015
Himmost1948,JuliaHHill@dodgit.com,ahh4ahc4iX,Julia,Hill,3269 Little Acres Lane,Homer,IL,61849,MasterCard,5242876117529370,269,12/2015
Sawelistme,EdnaRFord@spambob.com,eif5Iegie0,Edna,Ford,4241 Southside Lane,Los Angeles,CA,90036,MasterCard,5135289963101809,724,5/2017
Bromigery57,DeborahTGreen@trashymail.com,Tei2Aun3,Deborah,Green,1008 Hickory Lane,Fort Washington,DC,19034,Visa,4916812073509351,904,3/2015
Pliked,TajuanaLWillette@dodgit.com,su1Kaequo,Tajuana,Willette,570 Duke Lane,Parsippany,NJ,07054,MasterCard,5271387366449082,790,10/2017
Mencest,JerryLMarshall@dodgit.com,que9Teesh,Jerry,Marshall,3676 Java Lane,Columbia,SC,29201,MasterCard,5119866691893573,701,1/2017
Belether,MariaLSullivan@spambob.com,giem6aeJ6e,Maria,Sullivan,2248 Emeral Dreams Drive,Elk Grove Village,IL,60007,MasterCard,5121298778409089,067,4/2015
Lockinsond,ClaudiaBSheppard@pookmail.com,eerei4eiyoN,Claudia,Sheppard,178 Chapel Street,Houston,TX,77077,Visa,4929897303294051,439,7/2015
Pung1930,RobertJMayberry@dodgit.com,xaikooV1oh,Robert,Mayberry,4486 Bond Street,West Warwick,RI,02893,MasterCard,5563091851522018,387,11/2013
Agivery,AntioneEColton@mailinator.com,aezi3waG2Ch,Antione,Colton,3188 Joes Road,Castleton,NY,12033,MasterCard,5284821312418226,600,9/2016
Noeve1974,DebbieMMcDonald@spambob.com,eezaiQu7ou,Debbie,McDonald,4917 Park Boulevard,Thompson,IA,50478,MasterCard,5493046478016070,697,6/2013
Coftese,KathleenHJohnson@mailinator.com,hovee2Aix,Kathleen,Johnson,593 Wescam Court,Reno,NV,89503,Visa,4916326544403979,379,8/2017
Proung,GilbertoSSmith@trashymail.com,shi2nooT8,Gilberto,Smith,2682 Briarhill Lane,Sharon Center,OH,44281,MasterCard,5269993506409763,415,4/2013
Arring,JeannieMPaul@pookmail.com,eituMah3,Jeannie,Paul,909 Monroe Street,Houston,TX,77087,Visa,4539513528925013,380,12/2017
Iiii1933,MelissaSSalgado@dodgit.com,ceig4chiH7ii,Melissa,Salgado,1467 Koontz Lane,North Hollywood,CA,91605,Visa,4916193837289071,557,3/2013
Liferom86,AliceBRobles@dodgit.com,vaaquaoDo0Ai,Alice,Robles,4074 Bingamon Road,Cleveland,OH,44115,MasterCard,5427750278584523,632,8/2016
Thimeftes,TobyEWhitlock@mailinator.com,ohk8aegaeSh,Toby,Whitlock,2673 Alfred Drive,Harrisburg,PA,17111,Visa,4556269527408190,943,6/2014
Giarturner90,CalvinSMark@mailinator.com,ahoh3uniQuee,Calvin,Mark,2617 Griffin Street,Phoenix,AZ,85034,MasterCard,5596016127879331,298,5/2013
Whippilliam,AllenTPeterman@spambob.com,ohth2ahH3qu,Allen,Peterman,1961 Valley Lane,Austin,TX,78744,MasterCard,5501411119704767,501,9/2016
Hildause,RamonDMillwood@trashymail.com,thiemeeP8Ai,Ramon,Millwood,2008 Green Avenue,Oakland,CA,94612,Visa,4716007893693426,784,7/2017
Hispithe,MaryJRichardson@pookmail.com,zoog7ahha3A,Mary,Richardson,4439 Honeysuckle Lane,Seattle,WA,98161,Visa,4556972769453127,966,6/2017
Hinst1933,RaymondSPeck@dodgit.com,Kaefe3Phab,Raymond,Peck,1780 Finwood Road,Freehold,NJ,07728,Visa,4716102903140276,612,10/2017
Deboyfaing57,RosieEBoutin@trashymail.com,raoLaijie0F,Rosie,Boutin,2795 Farland Street,West Roxbury,MA,02132,Visa,4916900834302297,519,1/2016
Beirsed,ShanaBWray@mailinator.com,yeigheeh3Oo,Shana,Wray,2302 Parkway Street,Los Angeles,CA,90017,MasterCard,5425516655650050,032,3/2013
Froady,NicoleJKirby@trashymail.com,oa3Ieleiroh,Nicole,Kirby,298 Nutters Barn Lane,Des Moines,IA,50309,MasterCard,5586244033850327,190,7/2015
Caulnureark,JeffreyCTucker@spambob.com,naeG5ayies5,Jeffrey,Tucker,3398 Renwick Drive,Bath,PA,18014,Visa,4539845142186824,230,3/2013
Conwhod,CarolineJBrown@pookmail.com,Vaich8IHoo,Caroline,Brown,4098 Cottrill Lane,Saint Louis,MO,63141,Visa,4716256161596981,858,12/2014
Iltocalt,ForrestJFaulkner@mailinator.com,cai5vooWae,Forrest,Faulkner,2038 Hanover Street,Garden City,NY,11530,Visa,4539958834112139,132,2/2014
Cousitony35,KathryneJOfficer@trashymail.com,uJo9zaeSei,Kathryne,Officer,3167 Caynor Circle,Summit,NJ,07901,Visa,4916366551065998,334,10/2016
Clor1935,SeanKQuinn@spambob.com,Yee7haeW5Ie,Sean,Quinn,105 Jarvis Street,Buffalo,NY,14202,Visa,4929331495683418,912,4/2017
Ammeted,GeraldANelson@dodgit.com,thi1Esai,Gerald,Nelson,1124 Tree Frog Lane,Kansas City,MO,64119,Visa,4556369120075683,173,4/2014
Sersee,DavidMRussell@spambob.com,eekohtoX6,David,Russell,1352 Junkins Avenue,Valdosta,GA,31601,MasterCard,5533044851790462,316,3/2013
Firew1988,MarquittaJSidwell@mailinator.com,uC0Se8nie8oh,Marquitta,Sidwell,1651 Eva Pearl Street,Dutchtown,LA,70769,MasterCard,5523041011004927,577,2/2017
Surch1964,TimothyJGreen@dodgit.com,Soh1Too6UM,Timothy,Green,4799 Pearcy Avenue,Milwaukee,WI,53223,MasterCard,5137536677660142,768,6/2016
Sheing,WandaLSmith@pookmail.com,aephoitee0Ae,Wanda,Smith,3356 Duke Lane,Wayne,NJ,07477,Visa,4539959019312908,673,3/2016
Theselaus51,JamesBFagan@mailinator.com,Aemoo4oh,James,Fagan,4893 Frosty Lane,Lockwood,NY,14859,Visa,4485130981522890,578,11/2013
Theres56,DouglasJLawrence@pookmail.com,ai3aiqu6Ah,Douglas,Lawrence,2148 Tator Patch Road,Chicago,IL,60606,Visa,4539898617462014,101,10/2015
Saitan,AnnabelleCMartel@pookmail.com,Aeshiex1yos,Annabelle,Martel,3797 Nixon Avenue,Toledo,OH,43609,MasterCard,5534036233073038,722,6/2015
Squalogen,DorothyRGuzman@trashymail.com,ahthoRah5ei,Dorothy,Guzman,2217 McDonald Avenue,Orlando,FL,32803,Visa,4556015540038765,003,9/2017
Russ1947,StephenCBrady@dodgit.com,Aiqu4coo4,Stephen,Brady,2015 Wilson Street,Irvine,CA,92614,Visa,4485678412738113,331,1/2014
Wask1933,JamesLBarry@spambob.com,ooloSh0ahs,James,Barry,3462 Ridge Road,Belle Plaine,KS,67013,MasterCard,5152270757330216,207,12/2015
Sublaid,MarthaFAvery@pookmail.com,aeYai2weiw5,Martha,Avery,242 Wines Lane,Houston,TX,77032,MasterCard,5100123761426319,345,10/2016
Expleseeptes,MichelleTHolbrook@trashymail.com,voh3lai4El,Michelle,Holbrook,2155 Old House Drive,Delaware,OH,43015,MasterCard,5401987550917076,918,3/2014
Throplad,MelindaDJames@pookmail.com,oocie0ooY0ai,Melinda,James,2864 Hidden Pond Road,Nashville,TN,37013,Visa,4916089921852545,036,5/2013
Ficks1950,MargaretDMack@pookmail.com,Ooleuth0Iex,Margaret,Mack,1934 Crestview Manor,Indianapolis,IN,46225,MasterCard,5519553043700203,889,3/2014
Fiverand,ManuelMMetz@dodgit.com,ahwie5she1Ai,Manuel,Metz,2660 Pinnickinnick Street,Freehold,NJ,07728,MasterCard,5437010645007726,081,1/2013
Blearly1937,PatriciaJMcDonald@spambob.com,ang7guHax,Patricia,McDonald,917 Augusta Park,Morgantown,WV,26505,MasterCard,5366730800314493,900,12/2016
Milughtly1970,MerleJHammond@pookmail.com,Eeth7shuu,Merle,Hammond,4370 Orphan Road,Wausau,WI,54401,MasterCard,5401362603547041,842,9/2013
Untrove,JamesJHobbs@trashymail.com,Ohjei1quir,James,Hobbs,69 Nicholas Street,Hays,KS,67601,MasterCard,5285457952315189,435,8/2016
Frim1951,MurielJBrady@trashymail.com,mieQu5ieXae,Muriel,Brady,4113 Fire Access Road,Asheboro,NC,27203,Visa,4539441775637497,807,8/2013
Olve1991,AudreyRRichard@pookmail.com,Aqu4Loh8,Audrey,Richard,3504 Lady Bug Drive,Colorado Springs,CO,80903,Visa,4916683087326854,547,7/2013
Andured,CraigADahl@dodgit.com,Rie7chiboh,Craig,Dahl,2835 Aviation Way,Los Angeles,CA,90017,MasterCard,5146398293959724,566,10/2013
Theim1951,CharlotteJRobbins@dodgit.com,quo3ooVaeJ3,Charlotte,Robbins,204 Thorn Street,Gillette,WY,82716,Visa,4916428875705384,642,12/2013
Ataked,LarryBHarris@pookmail.com,Pomah9bah4Oh,Larry,Harris,1533 Elk Rd Little,Tucson,AZ,85701,MasterCard,5430172210825887,881,12/2016
Numbecring,SharonDLarue@trashymail.com,eiPhooje0k,Sharon,Larue,1727 Cerullo Road,Louisville,KY,40299,Visa,4716020166491162,243,8/2013
Ishaves,JeanneRGuglielmo@pookmail.com,oeX8id6aeg,Jeanne,Guglielmo,3866 Jadewood Drive,West Chicago,IL,60185,MasterCard,5387976260821197,217,6/2014
Sant1948,LillianBLowe@spambob.com,EMim8eej4,Lillian,Lowe,2091 Hickory Lane,Beltsville,DC,20705,Visa,4539622031520854,750,8/2016
Farge1946,HaroldDHughes@spambob.com,ko5OYie6bi,Harold,Hughes,1668 Medical Center Drive,Punta Gorda,FL,33950,Visa,4539400378953842,953,12/2017
Dawlerento,JosephEBrantner@pookmail.com,Quubae7uu,Joseph,Brantner,3529 Luke Lane,Elkhart,IN,46516,Visa,4539985177519828,651,2/2017
Quinabovered,MarkSBowes@spambob.com,lu4GahGo,Mark,Bowes,4270 Glendale Avenue,Fullerton,CA,93632,MasterCard,5507475211909941,521,11/2015
Andoing,RobertaTMoore@trashymail.com,AhkaeVohz8i,Roberta,Moore,4384 Rhapsody Street,Leesburg,FL,32749,MasterCard,5597128592265851,344,11/2015
Afre1928,FrankAJohnson@pookmail.com,eidi8Duogh,Frank,Johnson,4490 Petunia Way,Tuscaloosa,AL,35401,MasterCard,5349815155647191,866,5/2013
Thathee,JoelKLumpkin@spambob.com,sooH2faicip,Joel,Lumpkin,3276 Scott Street,Poughkeepsie,NY,12601,MasterCard,5455832866709509,393,1/2015
Witho1952,JenniferDRoberson@spambob.com,iY5oo3ikei,Jennifer,Roberson,3590 Felosa Drive,Abilene,TX,79601,Visa,4929799855188303,056,3/2016
Whorem,DavidJDavis@mailinator.com,eidei5Yieth,David,Davis,1035 Cherry Tree Drive,Jacksonville,FL,32216,MasterCard,5577131996830274,220,7/2013
Heyesed,WilliamASchrum@pookmail.com,eiphiiCh3gai,William,Schrum,1548 Irving Place,O Fallon,MO,63366,Visa,4532437095986736,632,5/2015
Moker1938,SteveVCannon@mailinator.com,ooroop4Oh,Steve,Cannon,394 Birch Street,Greenwood,IN,46142,Visa,4556544839079594,279,7/2017
Appeempa1975,AaronNSmith@pookmail.com,lieTaSh0voo,Aaron,Smith,4023 Murphy Court,Banning,CA,92220,Visa,4532628204872672,040,12/2015
Delf1992,MelvinBCobble@spambob.com,aim3Ku4jei,Melvin,Cobble,69 Melm Street,Daytona Beach,FL,32114,MasterCard,5219540937435916,895,12/2013
Edis1990,AdanSWilliams@mailinator.com,vigh7weeW5U,Adan,Williams,4124 Pearl Street,Sacramento,CA,95814,MasterCard,5533617148013598,750,5/2014
Reveld,CharlesEJustice@trashymail.com,shachohjaeD2,Charles,Justice,627 Spring Avenue,Philadelphia,PA,19123,MasterCard,5128276934994155,312,8/2016
Pecamed41,RonaldLLiberty@spambob.com,ootoiJa8roh,Ronald,Liberty,845 Emma Street,New Home,TX,79383,MasterCard,5110244293694873,967,4/2014
Ountruer,JudyRBoyd@pookmail.com,OhT0Eech3Ei,Judy,Boyd,3580 Lowland Drive,Chicago,IL,60607,MasterCard,5554213265755692,420,4/2015
Diguest,CharlesIAlston@trashymail.com,eigh3thei4Oo,Charles,Alston,659 Kenwood Place,Fort Lauderdale,FL,33301,Visa,4485176639205180,372,12/2013
Froor1936,AnthonyKRoark@mailinator.com,eih2EphaeGh,Anthony,Roark,1321 Camden Street,Reno,NV,89501,Visa,4916032298170281,661,2/2014
Waaced,CarmineRAlba@trashymail.com,aet2ieSiew,Carmine,Alba,543 Point Street,Chicago,IL,60620,MasterCard,5474621941899709,327,6/2017
Gover1977,BarbaraLCastaneda@dodgit.com,luiphael8Oo,Barbara,Castaneda,2913 Melm Street,East Providence,RI,02914,MasterCard,5140133760441096,769,4/2014
Bounusposs,MariaMGidley@mailinator.com,vieGhie6doo,Maria,Gidley,999 Bryan Street,Greensboro,NC,27407,MasterCard,5123677224070264,484,11/2015
Divictlerner,LisaDTerrell@spambob.com,ThaeT8naghae,Lisa,Terrell,253 Allison Avenue,Suffolk,VA,23434,Visa,4916622070296120,808,4/2017
Smis1956,MatthewJSay@dodgit.com,ezei5Boo6,Matthew,Say,2022 Wayback Lane,Garden City,NY,11530,MasterCard,5152188045129580,887,4/2017
Exork1958,GaryVSmith@pookmail.com,moo7Goo6ee,Gary,Smith,1106 Ashcraft Court,La Mesa,CA,91941,MasterCard,5185819531200839,817,9/2015
Roce1946,StuartSPriddy@mailinator.com,OhbaiBu3,Stuart,Priddy,468 Walton Street,Orem,UT,84058,MasterCard,5255323056445080,271,6/2016
Frood1986,TonyaJObrien@dodgit.com,eiMaequ4,Tonya,Obrien,3452 Wildrose Lane,Detroit,MI,48226,Visa,4916299403203261,297,6/2013
Russ1942,MiltonDLandin@pookmail.com,uoceiph1Ieb,Milton,Landin,381 Lodgeville Road,Minneapolis,MN,55401,MasterCard,5206580866338983,912,10/2013
Evic1978,DoriJBalch@mailinator.com,eip7zuu2M,Dori,Balch,3356 Lucky Duck Drive,Pittsburgh,PA,15212,MasterCard,5521134019550546,638,1/2015
Mazied,ChristinaWMeans@spambob.com,Ieth3jaih6,Christina,Means,3844 Junior Avenue,Atlanta,GA,30303,MasterCard,5482519686608261,956,6/2013
Grahme,SeanEWarren@pookmail.com,meinahYiu7,Sean,Warren,4789 Thunder Road,Half Moon Bay,CA,94019,Visa,4929461570039234,431,3/2013
Yinquat,RogerJRiley@trashymail.com,vaiMag3Ur,Roger,Riley,2933 Prospect Street,Camden,NJ,08102,Visa,4716689631239842,721,8/2013
Andook,AllisonCBrown@mailinator.com,ee8diThee,Allison,Brown,2692 Bingamon Branch Road,Chicago,IL,60654,MasterCard,5470266516504880,838,2/2014
Torms1957,JosephECameron@pookmail.com,aiZ9Eiho1ai,Joseph,Cameron,4546 Pine Garden Lane,Atlanta,GA,30303,MasterCard,5268271130401758,369,12/2017
Earclonime,JamesRHerring@pookmail.com,OhQuoB5W,James,Herring,1606 Oak Drive,New York,NY,10004,MasterCard,5336453128512709,654,1/2016
Joiny1960,PhilipRKoch@spambob.com,lai8Xie5ifoh,Philip,Koch,2017 Rosewood Lane,New York,NY,10013,Visa,4532487481025243,187,7/2017
Anded1988,ShirleyJMarshall@dodgit.com,Aajaejoh9n,Shirley,Marshall,1754 Woodridge Lane,Memphis,TN,38118,MasterCard,5281567312398784,058,7/2015
Sirly1977,KimberlyMReed@dodgit.com,ejoh2iVedoh,Kimberly,Reed,4215 Lakeland Terrace,Southfield,MI,48075,MasterCard,5284755991356341,686,10/2017
Expregiat,ThomasKLamont@dodgit.com,Hiishahx2axoh,Thomas,Lamont,1178 Forest Drive,Chantilly,VA,22021,Visa,4929253472837918,071,7/2013
Tile1992,BryanGArcher@mailinator.com,Ewohtioph7,Bryan,Archer,3092 Providence Lane,La Puente,CA,91744,MasterCard,5161718062780599,810,12/2014
Cautity,AndrewLSchwartz@dodgit.com,OKaiqu2ah,Andrew,Schwartz,1344 Hall Place,Elkhart,TX,75839,Visa,4916377331058732,304,3/2014
Quinnow,BrendaPClifford@mailinator.com,oegh0pahs1A,Brenda,Clifford,936 Simpson Square,Stillwater,OK,74074,Visa,4929639932629889,551,6/2017
Thadshast,WilliamSEasley@trashymail.com,weiN4Gahn,William,Easley,1109 Spring Street,Champaign,IL,61820,Visa,4556050742865582,686,1/2017
Stione,RobertCCunningham@dodgit.com,saRoe6zoh0roo,Robert,Cunningham,4453 Cedarstone Drive,Defiance,OH,43512,MasterCard,5246801226823866,535,2/2016
Badvarld,PetraARivers@spambob.com,on8Ig1Eifah,Petra,Rivers,289 Tibbs Avenue,Poplar,MT,59255,Visa,4716436984690324,534,1/2017
Hunne1984,MaryBBarnes@pookmail.com,Saa4phohph,Mary,Barnes,3771 Burton Avenue,Memphis,TN,38106,Visa,4916263443956288,577,1/2016
Plinglors,PatriciaMLandreth@trashymail.com,eiLee1yie,Patricia,Landreth,1560 Copperhead Road,Southington,CT,06489,Visa,4929579455428493,138,11/2013
Beacce,CarlosCWilson@pookmail.com,Aothie7Hai,Carlos,Wilson,4885 Charack Road,Charlestown,IN,47111,MasterCard,5174524043687381,089,5/2015
Henect,BillyMWilson@mailinator.com,TheiPhi3oh,Billy,Wilson,75 Leroy Lane,Waubay,SD,57273,MasterCard,5411632069186460,360,11/2013
Lifus1988,CynthiaLRiddle@mailinator.com,Xoomi8nu,Cynthia,Riddle,4868 Counts Lane,Cincinnati,KY,45202,MasterCard,5184884343075713,053,7/2014
Sterst,GuyTDickinson@mailinator.com,boo4QuiePh,Guy,Dickinson,2451 Progress Way,Dodgeville,IA,52650,MasterCard,5154796970362832,655,3/2014
Jectle1992,JohnJHearn@pookmail.com,Zu5chuLo,John,Hearn,3368 Pointe Lane,Hollywood,FL,33020,Visa,4916014851802740,960,3/2014
Lations,TanyaJOwens@trashymail.com,cho7eimiiWai,Tanya,Owens,3838 Bryan Street,Elkin,NC,28621,MasterCard,5118461603480197,358,8/2016
Pere1958,JulieRPecoraro@mailinator.com,woh0atooK,Julie,Pecoraro,3474 Cinnamon Lane,San Antonio,TX,78212,MasterCard,5547216021696894,863,10/2016
Mourrought87,JosephDCarr@pookmail.com,Ievu3ai6hae,Joseph,Carr,803 Alexander Avenue,Pleasanton,CA,94588,Visa,4556195650359944,685,5/2014
Bedingled57,JasonKGiron@dodgit.com,oice4Uhee8,Jason,Giron,1223 Huntz Lane,Peabody,MA,01960,Visa,4556327927517349,628,1/2014
Hurets,CarolRWiley@spambob.com,oodul8Idoh0,Carol,Wiley,4208 Scott Street,Elmsford,NY,10523,Visa,4916170120154931,626,7/2017
Thincomme,HildaHShutt@pookmail.com,wo2iel7Roong,Hilda,Shutt,644 Owagner Lane,Burien,WA,98168,Visa,4716972461531011,254,12/2014
Shistur,MichaelJDavis@pookmail.com,uut6Aighi1x,Michael,Davis,1943 Eagles Nest Drive,Chico,CA,95926,MasterCard,5590573870740199,215,10/2015
Fitte1936,PatsyEHendrix@spambob.com,leeDaiv5ae,Patsy,Hendrix,2749 Summit Park Avenue,Southfield,MI,48034,Visa,4485359733133314,240,6/2017
Prepition,NancyAHenke@mailinator.com,kuG4rie6Vi1,Nancy,Henke,843 Prudence Street,Detroit,MI,48226,MasterCard,5532341659731388,516,7/2014
Andifteek,ValerieADennis@spambob.com,ohQueevuu3,Valerie,Dennis,4416 Wakefield Street,Northampton,PA,18067,Visa,4929666669889857,310,6/2016
Wasucence,TerranceTWood@mailinator.com,aW0maith9e,Terrance,Wood,3026 Shearwood Forest Drive,Portsmouth,NH,03801,MasterCard,5239567782847743,042,1/2013
Andome31,ElizabethPBrown@trashymail.com,sheifooN2ot,Elizabeth,Brown,2999 Polk Street,Tucson,AZ,85701,Visa,4716596213619897,805,4/2014
Youring,DierdreCNeal@mailinator.com,zoo7moPhuu,Dierdre,Neal,1421 Turnpike Drive,Decatur,AL,35601,Visa,4716169707593877,559,3/2017
Seents,TeriDBrewer@dodgit.com,ooGiedee7hi,Teri,Brewer,4804 Calvin Street,Easton,MD,21601,Visa,4485497030659415,128,6/2016
Traboy,ShirleyWBurton@dodgit.com,mah1Yiw1x,Shirley,Burton,3314 Oakmound Road,Chicago,IL,60605,Visa,4916176265220940,787,5/2016
Eatentsen,PaulMGarrison@mailinator.com,naiyoJu6aex,Paul,Garrison,2630 Hog Camp Road,Chicago,IL,60607,Visa,4716535922291341,025,10/2016
Youthis,SheilaWCharles@dodgit.com,ough4unauWo,Sheila,Charles,2028 Park Avenue,Sacramento,CA,95821,Visa,4716076674318594,261,12/2015
Clichis,YolandaRHernandez@mailinator.com,Ko5na5fie7oo,Yolanda,Hernandez,1103 Cedarstone Drive,Defiance,OH,43512,Visa,4929655401315602,252,6/2017
Beetect,SeymourEGilbert@trashymail.com,Azei5aiv9,Seymour,Gilbert,349 Lincoln Street,Mays Landing,NJ,08330,Visa,4916214764530053,942,8/2015
Funition,DeborahRBobbitt@trashymail.com,ugh9uuN1bel,Deborah,Bobbitt,4500 Daffodil Lane,Herndon,VA,22070,Visa,4929713799021827,840,3/2014
Mond1951,EdwardGQuast@dodgit.com,quei2Rigae,Edward,Quast,1503 Jim Rosa Lane,San Jose,CA,95131,Visa,4716943799738792,779,10/2016
Glesing,VeraWTetreault@pookmail.com,diphah3Aegu,Vera,Tetreault,1733 Kidd Avenue,Anchorage,AK,99501,MasterCard,5237816629678155,577,7/2017
Kinglace,GregoryLHicks@trashymail.com,Jeo5radi0t,Gregory,Hicks,1730 Hope Street,Richardson,TX,75081,MasterCard,5118140542519915,774,9/2015
Possent1991,RonaldJWoods@dodgit.com,Fie0Soh9,Ronald,Woods,1583 Leroy Lane,Alcester,SD,57001,MasterCard,5258453042494996,697,12/2016
Efook1973,CecilMEspinosa@dodgit.com,roh8io0Ae,Cecil,Espinosa,4462 Stoneybrook Road,Orlando,FL,32801,MasterCard,5394445750816985,704,7/2014
Stroffeld36,LawandaMMarshall@spambob.com,yaiPhu4ae,Lawanda,Marshall,3423 Lyon Avenue,Hyannis,MA,02601,Visa,4485846873177994,111,3/2015
Suress1993,HazelKBlanche@spambob.com,Chou7Eey1o,Hazel,Blanche,2700 Valley Drive,Newark,PA,19714,Visa,4916317536976676,024,11/2015
Simparcity,MargaretFJohnson@spambob.com,Eez1rooh,Margaret,Johnson,587 Brighton Circle Road,Howard Lake,MN,55349,MasterCard,5420995608932002,813,10/2013
Seenius1991,MelissaJEdge@mailinator.com,Waezu5xuv3h,Melissa,Edge,2552 Lakewood Drive,Newark,NJ,07102,Visa,4532184093693530,305,6/2014
Ontled28,EdwardKGray@trashymail.com,Sei5vae8oh,Edward,Gray,2645 Village View Drive,Washington,MD,20005,Visa,4716743390609495,857,7/2015
Ried1942,RonnieIRay@dodgit.com,Id8quiThoul,Ronnie,Ray,2208 Freshour Circle,San Antonio,TX,78258,MasterCard,5566034277957035,349,11/2013
Winciaspet53,AdalbertoJMartinez@mailinator.com,Baebaeth6ae,Adalberto,Martinez,787 Biddie Lane,Powhatan,VA,23139,Visa,4929195933411462,893,2/2013
Upos1977,SusanMBaker@dodgit.com,Jevei5wiugi,Susan,Baker,482 Bassel Street,Leeville,LA,70357,MasterCard,5417286749350253,802,8/2013
Rathany,VidaPWilson@spambob.com,uus3Iechie,Vida,Wilson,2425 Pike Street,San Diego,CA,92111,MasterCard,5428224984575182,841,6/2016
Sholebabluch1954,ChristopherTLewis@trashymail.com,ahCoo0iejeiQu,Christopher,Lewis,944 Oral Lake Road,Minneapolis,MN,55415,MasterCard,5545950550483850,776,7/2015
Wourthonses51,FredaJZimmerman@spambob.com,NieF1eBei,Freda,Zimmerman,1405 Jerry Dove Drive,Myrtle Beach,SC,29577,MasterCard,5132297066856818,370,5/2016
Drecandlere,CraigFGonzalez@spambob.com,oosu0Zae8,Craig,Gonzalez,59 Big Indian,Kenner,LA,70062,MasterCard,5193591555993983,465,7/2013
Somint1993,MichaelJArredondo@trashymail.com,Uij2gahh1ee,Michael,Arredondo,2876 Franklee Lane,Plymouth Meeting,PA,19462,Visa,4716652799665141,135,2/2014
Hanch1984,TimothyFBall@pookmail.com,iC5icie7,Timothy,Ball,3756 Joy Lane,Glendale,CA,91204,MasterCard,5236928792908631,685,4/2013
Leoratte,GloriaHWatts@spambob.com,aoxeeK3oo,Gloria,Watts,3549 Fieldcrest Road,Bohemia,NY,11716,Visa,4916264826619758,720,1/2016
Musinare,WilliamBGarza@trashymail.com,La2AJuuY,William,Garza,2980 Stockert Hollow Road,Seattle,WA,98109,MasterCard,5451011713471738,965,3/2016
Pacts1928,MarioDMcClary@spambob.com,Oa4Iehohn,Mario,McClary,1345 Custer Street,Erie,PA,16505,MasterCard,5371973443517303,480,2/2014
Smis1935,DorothyRJones@trashymail.com,wu1Ahcae,Dorothy,Jones,2804 Elliot Avenue,Seattle,WA,98109,Visa,4916317502378204,126,12/2014
Whysid,PatriciaCFranklin@pookmail.com,paec3Phao8xoo,Patricia,Franklin,3434 Leisure Lane,Los Angeles,CA,90017,MasterCard,5365689587486935,724,8/2014
Pras1950,LeonardJCouture@mailinator.com,eingae8Oh,Leonard,Couture,2379 Willow Greene Drive,Montgomery,AL,36107,Visa,4485407173575773,034,5/2016
Haterne,DonaldHMassey@dodgit.com,Ovookuis2e,Donald,Massey,4496 Walnut Street,Jackson,MS,39201,MasterCard,5241330022414857,709,9/2013
Haverstind,EbonieCStromberg@spambob.com,aisi2MiQua,Ebonie,Stromberg,2342 Hannah Street,Granite Falls,NC,28630,MasterCard,5557412700624748,497,10/2016
Vatend1948,JerryLEdwards@dodgit.com,xapho1Goo,Jerry,Edwards,8 Nutter Street,Kansas City,MO,64119,MasterCard,5311744171889070,711,5/2017
Fultses,AudreyRScott@mailinator.com,Roorev6AiTee,Audrey,Scott,2208 Tully Street,Detroit,MI,48226,MasterCard,5434032852768538,899,5/2016
Lausithe,RobbinSJacob@mailinator.com,Zahqu8aec,Robbin,Jacob,3477 Glenview Drive,Corpus Christi,TX,78476,MasterCard,5595235555117490,046,12/2015
Whounteet,RobertEMiller@dodgit.com,Mae6uj4leish,Robert,Miller,3044 Raintree Boulevard,Richmond,IN,47374,MasterCard,5261498707190335,764,3/2016
Soper1946,DeliciaJMarsh@dodgit.com,ruaw2Beu,Delicia,Marsh,509 Long Street,Gainesville,FL,32601,MasterCard,5378766223424150,651,11/2016
Floont1986,JudsonJJohnson@dodgit.com,thoh1Aeth,Judson,Johnson,4802 Lyndon Street,Philadelphia,PA,19103,MasterCard,5537828069143431,126,12/2017
Neizies72,TerrenceHSerpa@dodgit.com,Ahtah9iuquai,Terrence,Serpa,4679 Lena Lane,Jackson,MS,39213,Visa,4916357930222830,605,12/2017
Stance,PamelaKRupp@dodgit.com,raemee4Fo9,Pamela,Rupp,4615 Oakmound Road,Chicago,IL,60605,Visa,4929971379518774,753,3/2014
Deprectuod,KathyRDavis@dodgit.com,Phaesh8aedie,Kathy,Davis,4348 Crestview Terrace,San Antonio,TX,78205,MasterCard,5146579629196814,537,10/2015
Gosaing,MarySGraham@pookmail.com,Nuxuu9yo,Mary,Graham,3634 Broadcast Drive,Charlotte,NC,28202,MasterCard,5567090925216678,473,11/2013
Thand1972,DerekDDery@spambob.com,iupeiPoo7pi,Derek,Dery,2462 Terra Street,Belfair,WA,98528,MasterCard,5184381034183211,270,12/2013
Beeked,GilbertoPCameron@mailinator.com,Seitae9eish,Gilberto,Cameron,1020 Cardinal Lane,Quincy,IL,62301,MasterCard,5323855830460792,335,10/2017
Whaviely,TamaraMFlint@trashymail.com,OhNg2vai,Tamara,Flint,1369 Hannah Street,Hayesville,NC,28904,Visa,4716287282037274,595,12/2016
Lage1934,WilliamMHill@pookmail.com,ekohSh2z,William,Hill,2629 Snider Street,Denver,CO,80216,Visa,4539494182225711,577,1/2017
Ingtheas,JamesFHolden@pookmail.com,Eex7iek3lio,James,Holden,4374 Hillside Street,Tempe,AZ,85283,MasterCard,5506370156926243,672,10/2014
Wartind,AndrewKKing@spambob.com,Eeboe1Oog,Andrew,King,3126 Swick Hill Street,Houston,TX,77036,MasterCard,5533649439420844,426,5/2015
Ramence,EvelynMTorres@mailinator.com,sieZe7veug,Evelyn,Torres,1840 Oliverio Drive,Sharon,KS,67138,MasterCard,5187695783819023,425,12/2013
Welons,LaurenceJFarlow@dodgit.com,Choh9eR0j,Laurence,Farlow,3314 Flynn Street,Garfield Heights,OH,44125,MasterCard,5541427742850977,853,11/2014
Shads1954,RonaldDTorres@trashymail.com,mei5Eig2ui,Ronald,Torres,4670 Webster Street,Keyport,NJ,07735,Visa,4532340083588284,125,8/2016
Clar1958,GailMHurst@mailinator.com,reibah2eiG,Gail,Hurst,888 Layman Court,Atlanta,GA,30308,Visa,4539687884454790,438,6/2014
Alkinst,PaulEMcKnight@dodgit.com,ahng3aeSo6,Paul,McKnight,4172 Brownton Road,Greenville,MS,38701,MasterCard,5120920529441019,793,2/2014
Lairieve1959,ZofiaJFrady@spambob.com,Quaipa5F,Zofia,Frady,2738 Coal Road,Scranton,PA,18503,Visa,4929858112756557,618,2/2017
Thatuat,AnneDMejia@dodgit.com,Ahn3OomuVai,Anne,Mejia,106 Upton Avenue,Windham,ME,04062,Visa,4929062598382687,947,7/2016
Durry1968,FrancesLHedges@spambob.com,Dookai8gai,Frances,Hedges,1102 Buena Vista Avenue,Hermiston,OR,97838,Visa,4916725531374665,022,7/2014
Flooke1959,JamesAAbbott@spambob.com,shu7ThuPh,James,Abbott,3279 Chipmunk Lane,Olamon,ME,04467,Visa,4556455077789580,130,1/2017
Drehanstered,WilliamMHerrera@pookmail.com,eed6eiko5Rai,William,Herrera,3057 Richison Drive,Bozeman,MT,59715,MasterCard,5275720530415900,884,1/2014
Ginstioniff,DerickAWestley@pookmail.com,ahngeP5ee,Derick,Westley,3137 Pineview Drive,Alden,MN,56009,Visa,4929946548186455,789,11/2014
Wored1985,DianeJFarnsworth@pookmail.com,liNg7ohgeeth,Diane,Farnsworth,737 Tator Patch Road,Chicago,IL,60606,MasterCard,5263642261336572,913,3/2016
Mords1981,ThomasJEaster@spambob.com,ahVuewu7sa,Thomas,Easter,989 Layman Avenue,Fayetteville,NC,28314,Visa,4716090388606715,174,7/2013
Therechat,EuniceCOlson@dodgit.com,Taekoje3,Eunice,Olson,2467 Quincy Street,Philadelphia,PA,19108,MasterCard,5598296831990552,731,7/2016
Evemper86,MargaretJDasilva@spambob.com,Aboh7aec,Margaret,Dasilva,3082 Veltri Drive,Alakanuk,AK,99554,MasterCard,5336698174899927,871,10/2015
Plack1967,PatriciaRPitts@dodgit.com,yohMaih9Ch,Patricia,Pitts,1889 Clay Street,Indianapolis,IN,46254,Visa,4716593740990750,935,5/2013
Alearright,LewisDWillson@dodgit.com,paen4Ahtie,Lewis,Willson,415 Hershell Hollow Road,Johnson City,TN,37601,MasterCard,5562792727714470,320,1/2015
Strorge,CecileALanier@pookmail.com,aeJ1ahSei4,Cecile,Lanier,1069 Gerald L. Bates Drive,Somerville,MA,02143,MasterCard,5438160976563521,900,5/2016
Wornibrink,SeanDHead@mailinator.com,ov7neoyaQu,Sean,Head,577 Lamberts Branch Road,Ft Lauderdale,FL,33311,MasterCard,5585635592417559,548,3/2016
Elable,LauraWTroyer@spambob.com,Ujai5yaeth,Laura,Troyer,2974 Henry Ford Avenue,Sperry,OK,74120,MasterCard,5253365689918662,231,8/2015
Occonever,CharlesGGriffin@spambob.com,Kahthae7rah,Charles,Griffin,738 Big Elm,Kansas City,MO,64106,Visa,4916918971296767,751,7/2014
Finstiout,AnnaTPickett@mailinator.com,zeiJ0ocho4n,Anna,Pickett,316 Cinnamon Lane,San Antonio,TX,78221,MasterCard,5266934703114031,654,9/2017
Thenautist,RobertJAldrich@trashymail.com,Mooceegu4a,Robert,Aldrich,1212 Karen Lane,Portland,OR,97218,MasterCard,5417918987333944,016,5/2015
Conem1943,RobertCJoyner@trashymail.com,phuNgu2Liuth,Robert,Joyner,2848 Maple Avenue,Stockton,CA,95202,MasterCard,5373682491606557,476,7/2015
Fainterep,LeroyIDillon@trashymail.com,Iecho3dae,Leroy,Dillon,94 Armbrester Drive,Torrance,CA,90501,MasterCard,5239025705511532,677,11/2016
Whadven,BobbyMJames@trashymail.com,fooPeiqu8oh,Bobby,James,2670 Jarvisville Road,Lansing,MI,48912,MasterCard,5383839515816277,749,4/2015
Oplauddly29,DanielMWise@spambob.com,aiR0ukeb,Daniel,Wise,1528 Winding Way,Providence,RI,02903,MasterCard,5144533474219066,614,1/2015
Frat1941,WilliamLLowe@spambob.com,ceez6Iehahv,William,Lowe,2367 Masonic Hill Road,Conway,AR,72032,Visa,4716938731325997,032,8/2017
Willaccus,MeghanTKoch@spambob.com,ahyoo2Daep,Meghan,Koch,609 Hickory Street,Murray,UT,84107,MasterCard,5381043582278246,654,8/2013
Ated1944,ChrisJDietrick@spambob.com,deeW3iechoh,Chris,Dietrick,2027 Trainer Avenue,Rock Island,IL,61201,Visa,4539779922223442,279,3/2015
Camects,AnthonyJWade@dodgit.com,boV9Weice1u,Anthony,Wade,4829 Harley Brook Lane,Erie,PA,16501,Visa,4532060980088770,404,2/2014
Upond1950,DavidMRiehle@spambob.com,Ziexei8oor8,David,Riehle,4200 Reeves Street,Stevens Point,WI,54481,MasterCard,5588375990510724,377,8/2015
Namery,JohnDEichhorn@pookmail.com,Puoxah0CaXuch,John,Eichhorn,1434 Airplane Avenue,Wallingford,CT,06492,MasterCard,5387725918683651,616,5/2016
Wifen1991,WilliamKJackson@pookmail.com,ahN2EeK9oo,William,Jackson,2574 Sunny Day Drive,Irvine,CA,92664,Visa,4929072470203174,020,4/2015
Mitersell49,FredBGaray@dodgit.com,EiQu0fum,Fred,Garay,125 Fairfax Drive,Summit,NJ,07901,MasterCard,5239264214689550,216,5/2017
Marthe,ShayKColeman@spambob.com,Wahjud9oo,Shay,Coleman,2511 Randall Drive,Honolulu,HI,96819,Visa,4539283650768595,255,10/2014
Forion1933,PatrickMSorenson@trashymail.com,yujahV7voi,Patrick,Sorenson,281 Jones Street,Watauga,TX,76148,Visa,4716815557411558,972,10/2017
Tescomirce,DianaCMalizia@trashymail.com,viiGei2rei,Diana,Malizia,2005 Glenwood Avenue,Shaker Heights,OH,44120,Visa,4916716566174054,653,8/2013
Frovenses,LaverneHColeman@mailinator.com,TohKoo2f,Laverne,Coleman,2205 Hamill Avenue,San Diego,CA,92111,Visa,4539084209997473,216,10/2013
Fander,JeroldEWilliams@mailinator.com,gei8Neesei,Jerold,Williams,3497 West Fork Street,Hobson,MT,59452,Visa,4539203905201739,284,10/2016
Whintaked1958,ElsaTWoods@dodgit.com,shav6Koh6,Elsa,Woods,4309 Waldeck Street,Arlington,TX,76010,MasterCard,5249538038191739,551,12/2013
Notch1971,MarthaWBarnes@dodgit.com,utheoYe1shee,Martha,Barnes,2035 Old House Drive,Worthington,OH,43085,MasterCard,5593101678293851,019,11/2014
Corry1937,BeatriceMBiron@dodgit.com,Gei8pheoYae,Beatrice,Biron,1810 Johnny Lane,Waukesha,WI,53186,MasterCard,5574398254496998,973,7/2016
Muchislover,BettyRPitts@pookmail.com,Eudaheo1dee,Betty,Pitts,1569 Blair Court,Kansas City,MO,64106,MasterCard,5298468010138732,780,5/2017
Youthe,EricLReid@spambob.com,fe2Wah0Ie,Eric,Reid,1057 Little Acres Lane,Duluth,MN,55802,Visa,4532789209379384,957,2/2016
Whatelto1972,FrankKTristan@mailinator.com,ooza0Bee,Frank,Tristan,1581 Poplar Chase Lane,Boise,ID,83702,Visa,4485862325668217,177,10/2017
Comenclater,DanaJMcCarver@pookmail.com,ohK3ao2the7,Dana,McCarver,3394 Ingram Street,Dayton,OH,45410,Visa,4556821429745044,287,11/2014
Saides,HyacinthTBushman@spambob.com,Cee4oog3cee,Hyacinth,Bushman,4068 Liberty Avenue,Irvine,CA,92614,Visa,4556505662303997,235,5/2013
Hiching1991,ToniaCGately@mailinator.com,Eet5cae6jov,Tonia,Gately,239 Pinchelone Street,Virginia Beach,VA,23454,MasterCard,5240848737280553,168,6/2013
Ithoust,RobertNCampbell@dodgit.com,joox9chahY,Robert,Campbell,1092 University Street,Seattle,WA,98106,MasterCard,5527913734996553,834,5/2015
Trionevered,JessicaRMaker@dodgit.com,chohSh3phai,Jessica,Maker,725 Cliffside Drive,Syracuse,NY,13202,MasterCard,5390028055597031,223,11/2014
Submis,CherylVOliver@dodgit.com,muu0OShiwue,Cheryl,Oliver,4602 High Meadow Lane,Dallas,PA,18612,Visa,4916449820844938,074,2/2013
Thang1928,HowardJGoodwin@pookmail.com,bee4ieceiv7Ie,Howard,Goodwin,4894 Skips Lane,Phoenix,AZ,85012,MasterCard,5111521240339143,841,10/2015
Odearme,JewellEDavis@trashymail.com,oN5Ja1Uyai,Jewell,Davis,1997 Gerald L. Bates Drive,Cambridge,MA,02141,Visa,4916181395384921,568,5/2015
Laus1927,JenniferNMaye@dodgit.com,ooChooxoh2,Jennifer,Maye,2967 White Pine Lane,Roanoke,VA,24012,MasterCard,5232278560578982,311,1/2017
Reaterem57,JohnJMangan@trashymail.com,PeiP7Ohxi,John,Mangan,2001 Ashcraft Court,El Cajon,CA,92020,Visa,4929094844560659,127,12/2016
Yourairld,WilliamMWalker@dodgit.com,zeiM5gig,William,Walker,4474 West Fork Drive,Miramar,FL,33025,MasterCard,5559224131497752,328,1/2013
Thathater1972,MichaelMRobinette@spambob.com,Zah6nu1o,Michael,Robinette,3555 Terra Cotta Street,Cormorant,MN,56572,Visa,4716351893112213,265,9/2014
Beted1993,DorisJNickerson@mailinator.com,Bie6Aez6ei,Doris,Nickerson,2754 Black Oak Hollow Road,Oakland,CA,94612,MasterCard,5167344586577579,175,5/2013
Enesuatims,GeraldSWilliams@spambob.com,aNgaeph0qu,Gerald,Williams,1798 Wakefield Street,Philadelphia,PA,19144,Visa,4539252054436596,055,7/2015
Upone1975,MaeJValdez@mailinator.com,Pha6fi4z,Mae,Valdez,1473 Sardis Station,Minneapolis,MN,55401,MasterCard,5207894314797925,194,10/2013
Gliver,KathleenMJones@pookmail.com,Ohn5Jeiniu,Kathleen,Jones,4707 Michigan Avenue,Gibsonia,PA,15044,MasterCard,5106234285894793,786,5/2015
Thented,RuthBRoberts@pookmail.com,leeG0deam4,Ruth,Roberts,1484 Smith Street,Taunton,MA,02780,Visa,4929201326961434,625,10/2014
Rits1941,LeeJSpears@mailinator.com,hoo1iocheS,Lee,Spears,3226 Hillcrest Lane,Irvine,CA,92714,Visa,4929212864774121,078,5/2014
Thaintrack1968,DouglasMReale@pookmail.com,UuQu9vaefei,Douglas,Reale,4483 Skips Lane,Blue Ridge,AZ,86024,Visa,4556092509090202,791,7/2017
Saided,AnnetteRHeredia@mailinator.com,aibic7auR4ie,Annette,Heredia,3700 Stonepot Road,Plainfield,NJ,07060,MasterCard,5129829458661037,055,3/2017
Fashe1965,EarlTBrown@mailinator.com,Oipoogu6,Earl,Brown,4446 Alpaca Way,Anaheim,CA,92801,Visa,4539241901111841,739,7/2016
Thera1986,JeffreyLDuffy@dodgit.com,eep2jaeKi9u,Jeffrey,Duffy,4509 Sand Fork Road,Galveston,IN,46932,Visa,4716829896444394,092,12/2015
Fery1931,KatrinaEGalvez@mailinator.com,ohCaefaX4,Katrina,Galvez,2818 Horseshoe Lane,Philadelphia,PA,19108,Visa,4532702157530429,309,5/2016
Eandoins,DanaCChaney@dodgit.com,hoo2aeF3ee,Dana,Chaney,2389 Radio Park Drive,Augusta,GA,30901,Visa,4556916770938675,622,1/2015
Wountold46,MarionSKoeller@dodgit.com,ish1thei4Fee,Marion,Koeller,2888 Echo Lane,Dowagiac,MI,49047,MasterCard,5500408339555681,600,2/2014
Capast,PaulPSanford@mailinator.com,ahj0YaeZa4,Paul,Sanford,2521 Fraggle Drive,Geneva,IL,60134,MasterCard,5139117958399714,828,1/2013
Fingir,DaisyDWilliams@trashymail.com,aiHe3aes2E,Daisy,Williams,119 Saints Alley,Tampa,FL,33614,Visa,4539764752765548,212,8/2016
Woonesuf,EvelynWAnderson@pookmail.com,get9ieL5qu,Evelyn,Anderson,1793 Gordon Street,Los Angeles,CA,90017,MasterCard,5493800466641038,031,4/2013
Wris1964,JamesCWest@pookmail.com,aQu3meoyo,James,West,4183 Penn Street,Bigspring,MO,63363,MasterCard,5154103353668978,570,11/2016
Feremabight1984,KasandraDMoreno@spambob.com,fae0so4Uav,Kasandra,Moreno,2699 Oak Street,Syracuse,NY,13202,MasterCard,5124714585571660,654,2/2017
Raident,LindseyDWright@pookmail.com,eengioHi5Eo,Lindsey,Wright,221 Sundown Lane,Austin,TX,78756,MasterCard,5276393694892204,031,5/2014
Boyetled,DouglasDReynolds@dodgit.com,chaiquuS5a,Douglas,Reynolds,3775 Settlers Lane,New York,NY,10016,MasterCard,5194076002261811,518,10/2015
Meeppreave,RobertFLawrence@mailinator.com,Xuixieg7,Robert,Lawrence,4415 Wood Duck Drive,Marquette,MI,49855,Visa,4556192747195746,470,12/2017
Chous1992,BethGDurham@dodgit.com,AhGhi6aeh,Beth,Durham,4938 Coburn Hollow Road,Peoria,IL,61615,Visa,4485574592523294,399,9/2013
Secal1941,PatsyAStephenson@pookmail.com,eiToh3quu2b,Patsy,Stephenson,3466 Hillhaven Drive,Los Angeles,CA,90017,MasterCard,5487453919951279,483,7/2017
Tortar,DeanMWagner@dodgit.com,RuaNgee1,Dean,Wagner,4542 Confederate Drive,Canton,NY,13617,MasterCard,5329790930377691,934,6/2015
Agning,KatieJClarke@mailinator.com,phiRu9ceo,Katie,Clarke,1524 Valley Drive,Fort Washington,PA,19034,MasterCard,5218335023951129,556,1/2017
Muspee,LucyMKeene@dodgit.com,eegoaGh1a,Lucy,Keene,187 Emerson Road,Shreveport,LA,71101,MasterCard,5501979340752201,607,12/2016
Anowid70,WhitneyJFarr@mailinator.com,Wus8Atheo1I,Whitney,Farr,1299 Yorkie Lane,Waynesville,GA,31566,Visa,4556116822260638,128,5/2013
Nursucher,GladysIGreenberg@pookmail.com,xe9aP1Eecoo,Gladys,Greenberg,2306 Pearl Street,Sacramento,CA,95826,MasterCard,5530074392155753,592,12/2013
Sublaid,DortheaRRoss@dodgit.com,haip1ohj6Gai,Dorthea,Ross,2270 Comfort Court,Madison,WI,53704,Visa,4929214771876064,524,2/2013
Tioned48,GilbertLWilliams@trashymail.com,vach8eeCei,Gilbert,Williams,3458 Scenic Way,Milton,IL,62352,Visa,4485949883098893,538,7/2013
Andlegis,JonathanFDavis@mailinator.com,quiciu1P,Jonathan,Davis,3171 Romines Mill Road,Rowlett,TX,75088,Visa,4716473880935164,979,6/2013
Aring1965,JacquelineJGrizzard@pookmail.com,aejae2Xephee,Jacqueline,Grizzard,3445 Scenic Way,Springfield,IL,62701,MasterCard,5232706723314796,373,5/2013
Skencle,ArleneRMorones@pookmail.com,oov3Naij,Arlene,Morones,665 Cameron Road,Buffalo,NY,14202,MasterCard,5518759903437726,591,12/2013
Houry1950,BarbaraDGarcia@pookmail.com,TexeaQua1Ai,Barbara,Garcia,3958 Blair Court,Norborne,MO,64668,MasterCard,5571722903105333,782,10/2014
Boartmed,ElizabethEHay@trashymail.com,lee4Foo2o,Elizabeth,Hay,2086 Hall Place,Athens,TX,75751,MasterCard,5517460153089801,616,4/2016
Poer1967,AnissaTTobias@dodgit.com,ahDee3vae,Anissa,Tobias,4887 Hurry Street,Warrenton,VA,22186,Visa,4929887678898354,458,2/2013
Vany1933,GuillermoAGardner@trashymail.com,Avoe2emaevoh,Guillermo,Gardner,342 Lawman Avenue,Dulles,VA,20166,Visa,4916081301169640,052,7/2014
Ensly1972,EdnaKWozniak@spambob.com,Nituagu3gee,Edna,Wozniak,30 Despard Street,Norcross,GA,30071,MasterCard,5101988690257921,016,5/2014
Buttleace,ChristyRRegis@mailinator.com,ihavie3xaGh,Christy,Regis,3801 Twin House Lane,Springfield,MO,65802,MasterCard,5514040089835122,047,2/2013
Prietim,KateDAmos@trashymail.com,ad4liv1Oh,Kate,Amos,4682 Delaware Avenue,San Francisco,CA,94143,MasterCard,5327752804463116,591,2/2017
Tolved,BonnieVHamilton@trashymail.com,ooF8to3i,Bonnie,Hamilton,210 Mulberry Lane,Lake Worth,FL,33463,MasterCard,5181027625914646,369,4/2016
Oball1939,DennisJCopeland@dodgit.com,esuyah5Shee,Dennis,Copeland,2732 Pinchelone Street,Newport News,VA,23601,MasterCard,5376436200155506,175,2/2013
Sprome,JesseWJerkins@spambob.com,ieWubeng9oh,Jesse,Jerkins,1559 Mandan Road,Columbia,MO,65201,Visa,4539174203193458,085,5/2013
Bacreathe,AmyJBell@pookmail.com,Za5weivef7,Amy,Bell,2666 Luke Lane,Oklahoma City,OK,73109,Visa,4539304141168722,066,10/2013
Beft1929,JamesKSmith@pookmail.com,aiphieTh2ai,James,Smith,2348 Pineview Drive,Lake Wilson,MN,56151,MasterCard,5390465669974067,530,2/2015
Diand1958,VelmaJRogers@pookmail.com,yi5cui3Ieph,Velma,Rogers,1374 Douglas Dairy Road,Gate City,VA,24251,MasterCard,5197290387265894,347,5/2013
Tordreptles,DorothyBHummel@pookmail.com,ohchig7fee6Eequ,Dorothy,Hummel,2293 Straford Park,Allen,KY,41601,MasterCard,5275847000029372,254,7/2013
Hourtiong,ReginaDKern@trashymail.com,anib3Di2,Regina,Kern,4763 Hardman Road,South Burlington,VT,05403,MasterCard,5545580279903084,567,9/2016
Devents,ErikKHorvath@trashymail.com,Ohwai6ish,Erik,Horvath,4051 Friendship Lane,San Martin,CA,95046,Visa,4532713122388686,941,9/2015
Sily1973,RayBJackson@dodgit.com,pahJua1ahm0,Ray,Jackson,1962 Golf Course Drive,Arlington,VA,22201,MasterCard,5532577618158607,396,3/2015
Greggelf,JoseANaranjo@spambob.com,eG4Toe4Eewe,Jose,Naranjo,4752 Luke Lane,Marietta,OK,73448,MasterCard,5288254187512715,558,1/2016
Quaecte,ChristopherDMerz@spambob.com,gaez4cohGh,Christopher,Merz,427 Nutters Barn Lane,Des Moines,IA,50309,MasterCard,5409102795683119,376,3/2017
Thisforion,LillieLJost@dodgit.com,Eij5jiephoo,Lillie,Jost,367 Fire Access Road,High Point,NC,27260,Visa,4532222965500944,537,11/2015
Netter,LouMShinault@mailinator.com,eekahfee7Xoh,Lou,Shinault,2673 John Avenue,Grand Rapids,MI,49503,MasterCard,5373617023137796,085,3/2015
Fors1978,JohnCLeblanc@dodgit.com,ahra7Ohnoh,John,Leblanc,1143 Haul Road,Minneapolis,MN,55415,Visa,4556838406267834,098,5/2016
Angsts,FrankTWood@pookmail.com,laeg6Row,Frank,Wood,726 Thunder Road,Palo Alto,CA,94301,MasterCard,5386352603744069,786,1/2017
Ungether,PerryDNilsson@pookmail.com,Bu0apai8euc,Perry,Nilsson,18 Deans Lane,New York,NY,10011,MasterCard,5539769437170144,866,6/2016
Cusion1929,RaymondHVeloz@mailinator.com,aij7eekuiTae,Raymond,Veloz,1346 Robinson Lane,Shawnee,OH,43782,Visa,4556370853336722,180,10/2014
Engly1967,AshleyJDavis@trashymail.com,Aixi0chei,Ashley,Davis,675 Center Street,Bend,OR,97702,MasterCard,5111358681901234,668,7/2013
Oblactiones1984,RebeccaSRodgers@dodgit.com,ohh8quei5X,Rebecca,Rodgers,1793 Hornor Avenue,Tulsa,OK,74105,MasterCard,5178013097711103,968,11/2017
Whimsood,ThomasCHarris@spambob.com,cei5Aikajoo,Thomas,Harris,3811 Mandan Road,Columbia,MO,65201,Visa,4929138426134589,921,9/2017
Buliesson,ManuelMHughes@pookmail.com,ohT5wi5noo,Manuel,Hughes,9 Woodbridge Lane,Southfield,MI,48075,MasterCard,5269516310622857,245,8/2015
Acto1985,JosephKGainer@pookmail.com,uk6Ji6ir6,Joseph,Gainer,2397 Hog Camp Road,Chicago,IL,60605,Visa,4539591254551138,190,9/2014
Aland1989,MaryRLucas@mailinator.com,Ier6aewei,Mary,Lucas,1363 Laurel Lee,Saint Paul,MN,55102,Visa,4532935213794759,007,11/2017
Whisn1986,BrendaKFontenot@trashymail.com,aziTh5aoSh0,Brenda,Fontenot,2401 Sweetwood Drive,Denver,CO,80202,Visa,4556971918914500,136,4/2015
Camigniont,JudiBCorrea@dodgit.com,ay5Aedam,Judi,Correa,1166 Lewis Street,Chicago,IL,60607,Visa,4539160628814406,620,11/2015
Loulty,LowellOBailey@pookmail.com,thei8CeaFuyoh,Lowell,Bailey,4381 Leisure Lane,San Luis Obispo,CA,93401,Visa,4485646599664337,312,7/2016
Orned1992,JamesRMatos@dodgit.com,eetoh6Aech,James,Matos,3155 Simpson Square,Clinton,OK,73601,MasterCard,5367289677110574,928,4/2013
Holkisathe,AliceSRandolph@trashymail.com,Aive1eime,Alice,Randolph,4893 Adams Drive,Wharton,TX,77488,MasterCard,5522810106348030,743,4/2016
Deabinder,MichaelVColvin@trashymail.com,Uum0ses8ph,Michael,Colvin,4738 Mercer Street,Barron,WI,54812,Visa,4485906100320567,156,1/2017
Tionswerever,MeganFHoward@pookmail.com,Asae9jaa5th,Megan,Howard,4058 Poplar Chase Lane,Twin Falls,ID,83301,Visa,4485981469408626,215,5/2016
Doese1989,AishaDDavis@pookmail.com,Yeezoh4aesah,Aisha,Davis,374 Golf Course Drive,Beltsville,VA,20705,Visa,4532151154818108,154,2/2015
Witain,RaymondDDamato@spambob.com,xie6Uop5,Raymond,Damato,4979 Roosevelt Road,Cottonwood Falls,KS,66845,Visa,4485621150370210,896,6/2017
Quithethand72,JamesABurgess@trashymail.com,Axee0uphee,James,Burgess,4931 Cottonwood Lane,Grand Rapids,MI,49503,Visa,4485259674565492,218,4/2015
Geopers,JamesMLocke@pookmail.com,Iej2tha6kae,James,Locke,108 Locust Court,Whittier,CA,90606,Visa,4532845990397876,649,6/2013
Vereirt,VioletCTyner@trashymail.com,oojielie2U,Violet,Tyner,2496 Victoria Street,Northbrook,IL,60062,MasterCard,5546888102490867,060,9/2014
Whapposess,AlvinJSchlichting@dodgit.com,ohz9Ef0ceiX,Alvin,Schlichting,3480 Hillcrest Drive,Puyallup,WA,98371,Visa,4556049566360217,552,4/2016
Smat1993,JoshuaCSmith@pookmail.com,uch2Aephai,Joshua,Smith,2262 Green Street,Nashville,TN,37201,MasterCard,5381509804021747,364,4/2017
Symproverse,GarySYoung@pookmail.com,jo2aepeo4Yei,Gary,Young,4063 Fittro Street,El Dorado,AR,71730,MasterCard,5556871399251033,357,10/2016
Vage1985,VictoriaERobb@dodgit.com,uef8Au2aP,Victoria,Robb,4962 Jefferson Street,Newport News,VA,23601,Visa,4556586858934084,374,8/2016
Pongle1948,RachelPRobb@pookmail.com,HuCheon2eh,Rachel,Robb,1267 Pin Oak Drive,Elkader,IA,52043,Visa,4716777993077783,475,8/2016
Warl1960,CarriKNieto@dodgit.com,ievaeCaev4l,Carri,Nieto,4222 Crestview Terrace,Eagle Pass,TX,78852,Visa,4485366087896479,856,1/2015
Exiones75,GeraldineKCole@dodgit.com,deiwaa5Qu,Geraldine,Cole,479 Crummit Lane,Pascoag,RI,02859,Visa,4916850966495676,073,1/2016
Frobon29,KathleenEMuldoon@mailinator.com,eiro1to4Qu,Kathleen,Muldoon,1708 Rosebud Avenue,Mountain Home,AR,72653,MasterCard,5224857388999320,359,3/2015
Vely1964,LucilleGJones@spambob.com,Biez5ahs,Lucille,Jones,2716 Vernon Street,Mohave Valley,CA,86440,MasterCard,5492486303699115,826,11/2016
Hadvagre,PerryVCyphers@trashymail.com,Co2aerai1zooc,Perry,Cyphers,2772 Villa Drive,Plymouth,IN,46563,MasterCard,5587094262484226,797,8/2017
Reeld1973,GeraldineGWarren@spambob.com,Eishoh2oech,Geraldine,Warren,2550 Fittro Street,Dalark,AR,71757,Visa,4539862576188309,630,1/2017
Saides,MartyGAlexander@trashymail.com,Aex2Ohdoo,Marty,Alexander,2888 Liberty Avenue,Los Angeles,CA,90017,Visa,4916782865671695,098,10/2017
Yount1940,ElinorJLee@mailinator.com,kooXi3eiSh,Elinor,Lee,4745 Wright Court,Birmingham,AL,35244,Visa,4532440316476990,681,7/2016
Ournothe83,NeliaJDaniels@mailinator.com,aiv5eD2Oa,Nelia,Daniels,3116 Scott Street,Barryville,NY,12719,Visa,4556667528535269,901,9/2016
Thiblases,RonaldDWilliams@trashymail.com,tieKopha2,Ronald,Williams,4900 Frosty Lane,Canisteo,NY,14823,Visa,4485557448404389,623,6/2014
Uniscomen,TomCGray@pookmail.com,Iu1yaiph,Tom,Gray,656 Glenwood Avenue,Independence,OH,44131,MasterCard,5301968888075440,283,4/2013
Knougguent,ReitaRHer@pookmail.com,fephai0Ai,Reita,Her,2519 Frum Street,Nashville,TN,37217,MasterCard,5309587712653826,922,5/2014
Seestrocces,JanisSReardon@pookmail.com,Choo8heewoh,Janis,Reardon,2222 Oak Lane,Kirksville,MO,63501,MasterCard,5243769366528160,447,2/2013
Blema1978,DavidBGutierrez@mailinator.com,ael0Jii3ah,David,Gutierrez,3479 Ward Road,White Plains,NY,10601,MasterCard,5131658770838494,420,6/2015
Sirep1943,BrianJHudson@dodgit.com,koph6YaeRoh,Brian,Hudson,2947 Poling Farm Road,Bellevue,NE,68005,Visa,4556887704381383,176,8/2015
Toicand1964,PatrickMGordon@spambob.com,waix2aeCh,Patrick,Gordon,3473 Randolph Street,Cambridge,MA,02142,MasterCard,5278028198977386,171,7/2013
Ceshounce,DouglasPWilhelm@mailinator.com,ooNgahf6,Douglas,Wilhelm,2767 Broadcast Drive,Charlotte,NC,28202,Visa,4556519858899544,006,8/2015
Youndected,MelissaSMartin@spambob.com,sasoRahph9e,Melissa,Martin,2475 Philli Lane,Oologah,OK,74053,MasterCard,5323086673669972,419,12/2015
Priandn,DarrellDFournier@dodgit.com,Noo2aibiHie,Darrell,Fournier,1662 Overlook Drive,Cambridge City,IN,47327,MasterCard,5150031416404525,004,9/2016
Stoluch1929,DonaldMBuchanan@mailinator.com,anithio4Qu,Donald,Buchanan,997 Station Street,Dublin,CA,94568,Visa,4716557230016723,059,3/2015
Docits,MicahMZiegler@pookmail.com,aec3haKoo,Micah,Ziegler,305 Byers Lane,Rancho Cordova,CA,95742,MasterCard,5171072069139823,665,1/2013
Andeent,DanielJSim@mailinator.com,ath6Aex6ch,Daniel,Sim,245 Marion Drive,Tampa,FL,33624,MasterCard,5556814122025340,431,11/2017
Theable,AlanJWilliamson@trashymail.com,Chai6ohghee,Alan,Williamson,2187 Morris Street,San Antonio,TX,78205,MasterCard,5292043351114661,744,10/2017
Squity34,ThomasDCochran@trashymail.com,Zai8piephae,Thomas,Cochran,1352 Hall Street,Las Vegas,NV,89119,Visa,4532536898268786,499,2/2015
Bleave,JulioKGates@spambob.com,ahc8vo7Th,Julio,Gates,156 Elkview Drive,Port St Lucie,FL,33452,Visa,4485609329821304,027,11/2017
Flifirthere,JohnSVath@spambob.com,eew6Quo3ieh,John,Vath,2306 Whaley Lane,Milwaukee,WI,53202,MasterCard,5569442341886576,306,8/2014
Hitiong,ElizabethGKendrick@pookmail.com,youMie9Oh,Elizabeth,Kendrick,1276 Eagles Nest Drive,Chico,CA,95926,Visa,4716348056791916,061,1/2014
Witilen1974,EllaDAndersen@pookmail.com,uKah0ohZei,Ella,Andersen,796 Jarvis Street,Sinclairville,NY,14782,Visa,4539184435161066,065,1/2014
Forall,MichaelMVasquez@trashymail.com,niephi1Yoc,Michael,Vasquez,551 Tail Ends Road,Milwaukee,WI,53202,MasterCard,5439882603067530,038,11/2013
Dois1974,VioletaJKeyes@trashymail.com,Moh2iShu9ie,Violeta,Keyes,524 Ferrell Street,Duluth,MN,55802,Visa,4485086476829952,052,4/2017
Whal1943,SergioRChristopher@pookmail.com,Aes9ierae,Sergio,Christopher,3918 Spring Street,Springfield,IL,62701,Visa,4485657980017407,245,9/2016
Unding,WilliamIPugh@mailinator.com,heeLi7Ceilae,William,Pugh,3954 Westwood Avenue,Westbury,NY,11590,MasterCard,5497580547409482,223,7/2015
Mashe1945,DonaldFMitchell@dodgit.com,aiW1eivae,Donald,Mitchell,2933 Leisure Lane,Moorpark,CA,93021,Visa,4485891982809418,939,4/2014
Rever1979,KathyRCastiglia@pookmail.com,Ahgh3zaeX,Kathy,Castiglia,543 Lynn Avenue,Land O Lakes,WI,54540,Visa,4916464966864178,593,2/2016
Briong,ThomasIMuniz@dodgit.com,wata2dieCho,Thomas,Muniz,2600 Glenview Drive,Kingsville,TX,78363,Visa,4556018003761568,772,1/2017
Fews1944,CharleneIShields@mailinator.com,Poox8jaej5z,Charlene,Shields,3194 Oak Lane,Lucerne,MO,64655,Visa,4556765494557331,032,2/2015
Strisne,JaimeGBrown@dodgit.com,ieRoo5degee,Jaime,Brown,1981 Ruckman Road,Stillwater,OK,74074,Visa,4532216196384672,214,5/2014
Thisione,WilliamSWilliams@pookmail.com,mer1Echu,William,Williams,4148 Woodrow Way,Conroe,TX,77301,MasterCard,5181848259241497,769,5/2015
Chimeste,GarrettHLevi@spambob.com,Yare1naiyei8,Garrett,Levi,368 Maud Street,Philadelphia,DE,19108,MasterCard,5364962412862823,933,10/2014
Thearl,AshleyTRozell@trashymail.com,ooThuzioh4,Ashley,Rozell,1085 Isaacs Creek Road,Quincy,IL,62301,MasterCard,5507169252679105,116,7/2017
Legrattlyzed1983,RobertCWhittaker@mailinator.com,eoT7noo6,Robert,Whittaker,4874 Olive Street,Toledo,OH,43604,Visa,4929359450547419,115,11/2016
Beyeraident,CharlesLHull@mailinator.com,gahGoo9We0p,Charles,Hull,207 Lang Avenue,Vernon,UT,84080,MasterCard,5242212699191837,420,1/2017
Everytheir,DanieleSAlbanese@pookmail.com,Quoh6kaiT,Daniele,Albanese,809 Marcus Street,Gadsden,AL,35901,Visa,4532888613051074,109,3/2013
Fularks,TracyKJohnson@pookmail.com,juachahH4ei,Tracy,Johnson,4691 Edgewood Avenue,Fresno,CA,93710,Visa,4916786453835596,048,10/2014
Poempon,JerryJJones@pookmail.com,eeno8Foh6s,Jerry,Jones,2634 Barfield Lane,Indianapolis,IN,46218,MasterCard,5172220953924904,085,10/2016
Caceneviver,PaulineTAnton@dodgit.com,xeehei3Oh,Pauline,Anton,2585 Rafe Lane,Jackson,MS,39201,MasterCard,5424114755146913,515,7/2014
Pokinklant,FeliciaSJohnson@mailinator.com,ik0seB9ohthi,Felicia,Johnson,4673 Metz Lane,Woburn,MA,01801,Visa,4929087467159783,198,6/2014
Butchey,LorraineDSmith@pookmail.com,theeNiem0ae,Lorraine,Smith,3070 Glory Road,Monteagle,TN,37356,MasterCard,5436035158662659,263,1/2016
Caseuffely,JessicaDGaskell@pookmail.com,hoo4see3Ah,Jessica,Gaskell,2500 Argonne Street,Philadelphia,DE,19106,Visa,4532869505117215,491,6/2015
Thars1963,JuanSHall@mailinator.com,bo6ashoTe,Juan,Hall,4966 Langtown Road,Toledo,OH,43609,MasterCard,5108294119830130,793,11/2016
Capper1977,RobertLTalbot@spambob.com,zucau2aTho,Robert,Talbot,1345 Coburn Hollow Road,Peoria,IL,61614,MasterCard,5306821667867815,140,5/2015
Yourinsuil,TracyLJohnson@mailinator.com,jaik1Rahch,Tracy,Johnson,1224 Woodside Circle,Marianna,FL,32446,MasterCard,5278453879937055,955,8/2013
Donannot1932,CletusVAlvarado@dodgit.com,aiZu5ahs8,Cletus,Alvarado,3744 August Lane,Shreveport,LA,71101,Visa,4539016576757924,988,9/2014
Unfortuabood,ShirleyLKomar@mailinator.com,atethu1Ai,Shirley,Komar,1737 Bloomfield Way,Bangor,ME,04401,Visa,4532992979272801,575,5/2017
Domis1962,ClaraPCarpenter@trashymail.com,Eehae6leig,Clara,Carpenter,1387 Lena Lane,Taylorsville,MS,39168,MasterCard,5508647212832251,125,3/2016
Giceit,DavidSBeam@pookmail.com,aeF5Aefae,David,Beam,3844 Doe Meadow Drive,Germantown,MD,20767,MasterCard,5207572691139750,186,5/2013
Eady1973,HubertAHubbard@mailinator.com,Aureexu6Ch,Hubert,Hubbard,2600 Apple Lane,Galesburg,IL,61401,MasterCard,5428896765243039,952,2/2013
Andine,ThomasLMaxwell@trashymail.com,ahnoojoh2Sh,Thomas,Maxwell,720 Tully Street,Detroit,MI,48219,MasterCard,5344794955965316,911,9/2015
Himant1944,DanieleCLott@trashymail.com,High8urahL,Daniele,Lott,2105 White Oak Drive,Saint Joseph,MO,64501,Visa,4556622183210666,115,1/2016
Hunnot1952,ElaineKMoffitt@spambob.com,Maeng2al,Elaine,Moffitt,4685 Maud Street,Philadelphia,DE,19146,MasterCard,5442781998400626,155,5/2017
Froade,HenryPRamirez@spambob.com,EeX9ohvu8bah,Henry,Ramirez,3699 Trainer Avenue,Macomb,IL,61455,MasterCard,5214480743918372,625,1/2015
Reanday,DorothyGHernandez@pookmail.com,Izoh3Ohf7I,Dorothy,Hernandez,4826 Wescam Court,Las Vegas,NV,89119,Visa,4485432489108598,553,11/2017
Questurnight,AdrianLGilley@trashymail.com,Ahsh9vee0,Adrian,Gilley,2343 Musgrave Street,Oklahoma City,OK,73060,Visa,4485864397471637,805,1/2017
Acesturod,LeoLSaylor@trashymail.com,hieF7oomei,Leo,Saylor,481 Briarwood Drive,Camden,NJ,08102,Visa,4716809325438399,942,12/2015
Heltaked,MargaretRGary@spambob.com,oogie6na4Ch,Margaret,Gary,1746 Wilkinson Court,Fort Myers,FL,33901,Visa,4485298490018088,597,4/2013
Prould,LoisRShearer@spambob.com,gie9Oorei,Lois,Shearer,3030 Jerry Dove Drive,Bennettsville,SC,29512,MasterCard,5240742352854737,256,4/2014
Thated,LeslieCRobinson@pookmail.com,ti9Tho1aF9,Leslie,Robinson,3289 Alexander Avenue,Concord,CA,94520,MasterCard,5241063260548348,296,12/2017
Anksembefuld,DebbieBWillhite@spambob.com,gah1ku6ooG,Debbie,Willhite,3839 Elkview Drive,Sebastian,FL,32958,MasterCard,5150361602336961,530,11/2015
Antandigule84,MarieHFaust@spambob.com,eiPeew7ahx,Marie,Faust,3542 Union Street,Seattle,WA,98106,Visa,4532724936640485,282,10/2017
Thereply,JerryCMcCammon@trashymail.com,shisah7Iejei,Jerry,McCammon,3885 Overlook Drive,Indianapolis,IN,46254,MasterCard,5379580974311733,533,6/2015
Exped1928,EvonJLandry@mailinator.com,Koo1Ouloo,Evon,Landry,4344 Green Gate Lane,Baltimore,MD,21201,Visa,4929790254982164,248,2/2015
Nuthat,KennethDWray@trashymail.com,taeFoNg3ei,Kenneth,Wray,4237 Morris Street,San Antonio,TX,78205,Visa,4485303720759087,745,4/2015
Meir1954,HelenDHaddix@spambob.com,Vo3ahza6ie,Helen,Haddix,1293 Hanover Street,New York,NY,10011,Visa,4539516367613780,087,9/2014
Havem1941,NorrisLClinton@pookmail.com,eich0VeBo,Norris,Clinton,3197 Oliverio Drive,Elk City,KS,67344,Visa,4539848852330020,100,2/2016
Giany1950,JoeSLaub@trashymail.com,theebe8Ah,Joe,Laub,3584 Adonais Way,Norcross,GA,30071,Visa,4716912053081231,070,6/2015
Therstrewher,DorothyCDavis@pookmail.com,deiP7tohPh,Dorothy,Davis,4303 Cross Street,Saginaw,MI,48603,Visa,4485490020932702,824,7/2013
Loory1945,MyronDSutherland@pookmail.com,Choo1Eil,Myron,Sutherland,3186 Oak Lane,Allendale,MO,64420,MasterCard,5528650673345165,018,12/2014
Crivilt,AdamMHarrison@mailinator.com,Idae7Ahro7oh,Adam,Harrison,613 Wildwood Street,Apple Creek,OH,44606,Visa,4716350007712884,108,5/2016
Thardissen,EthelRHenrickson@dodgit.com,loahiZ2a,Ethel,Henrickson,3959 Hampton Meadows,Worcester,MA,01608,Visa,4556328704426068,002,3/2016
Whadearbary52,StephenRRuiz@dodgit.com,phi0iVaech,Stephen,Ruiz,4263 Water Street,Walnut Creek,CA,94596,Visa,4929516938008872,710,11/2014
Welyine1968,KarenCHennessey@mailinator.com,Xetu2shiesh,Karen,Hennessey,2338 Goodwin Avenue,Stevenson,WA,98648,MasterCard,5242529877194295,609,6/2015
Altakeen,ThomasCBrown@spambob.com,Ahh3eePh,Thomas,Brown,1208 Richland Avenue,Porter,TX,77365,Visa,4532260989804959,538,6/2014
Poid1946,EdwardAMiller@dodgit.com,uT2eecheith,Edward,Miller,1576 Worthington Drive,Grand Prairie,TX,75050,MasterCard,5178504355272499,762,8/2017
Preved,MaryLBucher@dodgit.com,Xah7Shaithai,Mary,Bucher,4025 Sycamore Fork Road,Fort Lauderdale,FL,33309,Visa,4556005541616487,070,1/2017
Pied1977,JohnMCollette@pookmail.com,phie1Quaesh6,John,Collette,2531 Neuport Lane,Norcross,GA,30071,MasterCard,5554994344015154,066,11/2015
Themeavoking,RamonCSnell@pookmail.com,ahjaipa1EeD,Ramon,Snell,3705 Henry Ford Avenue,Avant,OK,74002,Visa,4539092679015502,635,12/2016
Daimpas,BernardJBrown@mailinator.com,aF5Ei6Aila1,Bernard,Brown,378 Hill Street,Toledo,OH,43626,Visa,4556460576411546,811,5/2016
Usle1981,CherylGWhite@spambob.com,ael4aQu2,Cheryl,White,1788 Thorn Street,Mountain View,WY,82939,Visa,4916674493801481,773,5/2014
Wasuitore,NelsonDAtwood@pookmail.com,choke9Yaigh,Nelson,Atwood,4021 Joes Road,Colonie,NY,12205,Visa,4929127054167540,017,4/2015
Regatian1983,JohnCThigpen@trashymail.com,jaeGieng4ee,John,Thigpen,2888 Delaware Avenue,San Francisco,CA,94108,MasterCard,5318230969937431,256,8/2013
Tors1938,KathleenHAllison@mailinator.com,wee5Iimia,Kathleen,Allison,4854 Brown Avenue,Greenville,SC,29607,Visa,4929444070437298,969,12/2014
Didellp,JamesTHartin@dodgit.com,aeyeed1Xee,James,Hartin,4794 Tibbs Avenue,Billings,MT,59101,MasterCard,5314601500369652,513,3/2017
Recter,VirginiaJReyes@trashymail.com,dieVair3vai,Virginia,Reyes,4167 Bryan Street,Greensboro,NC,27407,MasterCard,5330702286459954,918,7/2016
Caseas,FayeMFowler@trashymail.com,MibaiRie4,Faye,Fowler,2656 Bell Street,New York,NY,10011,MasterCard,5462645739882951,898,3/2017
Knexclaught,FrancesBMcDaniel@pookmail.com,Ieth9eipuce,Frances,McDaniel,4696 Hardman Road,St Johnsbury,VT,05819,Visa,4929661939451638,028,8/2017
Huser1928,DanielleRSchwartz@spambob.com,aep7Iyeiv6,Danielle,Schwartz,3155 Davis Place,Mountain Grove,MO,65711,MasterCard,5552221405017487,786,1/2015
Cing1987,GilbertLFulton@dodgit.com,sa5eeChae0ae,Gilbert,Fulton,2831 Village View Drive,Mount Airy,MD,21771,Visa,4929548329616567,746,2/2016
Hiniisteron,MichaelAVillalba@trashymail.com,EeWief1Ai,Michael,Villalba,1673 Green Acres Road,Rocky Mount,NC,27801,Visa,4532164655108051,024,11/2017
Besperstoont,StevenAAngulo@mailinator.com,lohVimaim0,Steven,Angulo,2777 Columbia Boulevard,Manor,MD,21111,Visa,4916212472453808,671,6/2017
Picted,GeorgeEKendall@mailinator.com,ohBuicief9ooC,George,Kendall,276 Brighton Circle Road,Osseo,MN,55369,Visa,4716889292644872,097,7/2013
Antict,TedEBrown@dodgit.com,thai3yeeCh,Ted,Brown,3362 New York Avenue,Fort Worth,TX,76102,Visa,4916929930306761,654,4/2015
Anguareany,AdamNHale@mailinator.com,oZeilier7,Adam,Hale,1614 Sugarfoot Lane,Liberty,IN,47353,MasterCard,5337871222999499,335,5/2017
Imser1976,GeorgeAHull@dodgit.com,IseitieX4ai,George,Hull,1386 Deans Lane,Elmsford,NY,10523,Visa,4929379780824163,359,12/2017
Prame1963,HaroldTStowell@trashymail.com,oYeiph4Ai,Harold,Stowell,1864 Sheila Lane,Silver Springs,NV,89429,Visa,4929502233044176,175,3/2016
Ontowlynat75,DorothyFCoyle@spambob.com,Weerae5L,Dorothy,Coyle,3132 Harley Vincent Drive,Independence,OH,44131,MasterCard,5181380486861574,779,10/2015
Obts1988,CrystalGStanko@spambob.com,pahJo3gie9,Crystal,Stanko,3844 Arthur Avenue,Marseilles,IL,61341,Visa,4532445980441360,779,4/2017
Andlettly,MaryJCunningham@pookmail.com,moo4aithu4Z,Mary,Cunningham,786 Heritage Road,Fresno,CA,93721,MasterCard,5120353676494898,400,6/2015
Teuttlying,KatherineERainey@mailinator.com,aes8Jook,Katherine,Rainey,801 Parkway Drive,Tucson,AZ,85714,Visa,4532483822953037,841,3/2016
Wellink,KaraRRock@dodgit.com,Ahjiediar1,Kara,Rock,832 Willis Avenue,Jacksonville,FL,32257,Visa,4532114912251517,194,11/2017
Unded1952,HelenTMonk@pookmail.com,cheefi7aCh,Helen,Monk,4030 Oakway Lane,Riverside,CA,92507,Visa,4916612144964548,892,1/2014
Cusufattion1978,CarlMGodwin@dodgit.com,eeJilaiN5voh,Carl,Godwin,3158 Ocello Street,San Diego,CA,92111,Visa,4916527450589152,672,11/2016
Theon1941,FumikoJWilt@spambob.com,quuNe4vochee,Fumiko,Wilt,140 Buckhannan Avenue,Syracuse,NY,13202,MasterCard,5519978797504487,429,5/2015
Scolon,MarcellusCWright@trashymail.com,OhP3Eriec,Marcellus,Wright,3295 Pickens Way,Fairfield,TX,75840,MasterCard,5315991064688004,943,12/2013
Lacer1952,CarlAHayes@dodgit.com,boowe8AiGee,Carl,Hayes,416 Pine Tree Lane,Washington,MD,20008,Visa,4532825905332556,244,7/2013
Nouranglithe1934,MargueriteTLabrador@dodgit.com,xeicie6Bei,Marguerite,Labrador,1853 Brannon Street,Los Angeles,CA,90071,MasterCard,5186961885769222,140,12/2015
Tharea50,CharlesECole@pookmail.com,Leih5kiwau,Charles,Cole,2950 Coburn Hollow Road,Germantown Hills,IL,61548,Visa,4916005188347508,702,2/2014
Horabler,DaniellaJSalgado@dodgit.com,quieW8yae,Daniella,Salgado,295 Lucky Duck Drive,Pittsburgh,PA,15236,Visa,4539270328176335,878,2/2015
Herepid,HeribertoLHammons@mailinator.com,jie0vohXengi,Heriberto,Hammons,511 Bassell Avenue,Conway,AR,72032,Visa,4916949710457360,559,1/2016
Themput,LeonorAHughes@trashymail.com,Fio8bas1,Leonor,Hughes,1252 Ridenour Street,Miramar,FL,33025,Visa,4485587652938582,185,10/2016
Firwass54,RaymondEDeloatch@mailinator.com,OeY8Ainic,Raymond,Deloatch,4590 Davis Street,Athens,GA,30601,Visa,4485963466529448,767,8/2013
Expriamere,BarbaraJTaylor@dodgit.com,Qua5kieRa8,Barbara,Taylor,3090 Eva Pearl Street,Dutchtown,LA,70769,MasterCard,5129749265927548,569,11/2016
Morears,CharlotteSJenkins@spambob.com,chiereiKei9e,Charlotte,Jenkins,2373 Locust Court,Norwalk,CA,90650,MasterCard,5335553122086302,533,5/2014
Smagre,LouiseSDaniels@pookmail.com,baowa8ezaiGe,Louise,Daniels,2538 Gerald L. Bates Drive,Cambridge,MA,02141,MasterCard,5297243136252548,734,12/2014
Eness1959,SeanRBrosius@trashymail.com,xei6Iutae,Sean,Brosius,1308 Wilson Street,Carlsbad,CA,92009,MasterCard,5463637410599318,932,7/2014
Winested,HeatherLCass@dodgit.com,bieDe8Wiipah,Heather,Cass,2412 Star Trek Drive,Panama City,FL,32401,Visa,4916164363456434,315,8/2013
Looncomet,NathanielJOrtega@dodgit.com,oime9Ii2,Nathaniel,Ortega,2149 Marigold Lane,Boca Raton,FL,33487,MasterCard,5309428428419063,066,6/2016
Guse1940,KindraBKerns@pookmail.com,aonga1Ee,Kindra,Kerns,3853 Stratford Drive,Kaneohe,HI,96744,MasterCard,5480613825229279,082,8/2015
Therharded,DaleLPutnam@pookmail.com,eiN6etiequ,Dale,Putnam,3850 Forest Avenue,New York,NY,10003,Visa,4539108365874497,322,10/2017
Sontomed,LisaMWalker@mailinator.com,ahToh0naib7oh,Lisa,Walker,3241 Jarvisville Road,Hicksville,NY,11801,MasterCard,5416831843574760,585,3/2013
Thistrank,ThelmaMBarber@mailinator.com,Yohku8niek,Thelma,Barber,1347 Joyce Street,Mobile,AL,36693,MasterCard,5184315653008853,012,3/2017
Troys1976,SonjaMAdams@mailinator.com,uuTohW0Mo9f,Sonja,Adams,4612 Karen Lane,Louisville,KY,40220,Visa,4916233597017450,134,7/2016
Laing1987,WhitneyJStovall@mailinator.com,yaocah1Vii6,Whitney,Stovall,368 Sumner Street,Los Angeles,CA,90066,Visa,4916112856883614,214,2/2013
Histre,DoreenTBaez@spambob.com,shahKoa4,Doreen,Baez,3501 Mulberry Avenue,Conway,AR,72032,Visa,4539430150191188,153,8/2015
Wookefut,GlennLFarmer@trashymail.com,dueNai5Ae,Glenn,Farmer,1939 Pine Tree Lane,Odenton,MD,21113,MasterCard,5338245253750999,175,11/2013
Tives1952,KathrynKCaldwell@dodgit.com,shok8ai1eiM,Kathryn,Caldwell,676 Briarwood Road,Humansville,MO,65674,MasterCard,5352634324937340,945,6/2016
Margerewse,EugeneLJohnson@spambob.com,iw2aeF8ko7,Eugene,Johnson,352 Rainy Day Drive,Cambridge,MA,02141,MasterCard,5274625714749860,009,1/2015
Prowhy,WilliamTJohnson@mailinator.com,pha3ueCei,William,Johnson,65 Golden Street,Miami,FL,33143,Visa,4716653277869072,915,8/2017
Aftessest,RobertKKim@mailinator.com,EikeiDa1oo,Robert,Kim,4253 Crestview Manor,Indianapolis,IN,46240,Visa,4716993170615028,362,6/2016
Herectioul53,RobertEPoston@dodgit.com,ohMaesh0doo,Robert,Poston,3849 McKinley Avenue,Denver,CO,80218,MasterCard,5405782664471763,066,12/2017
Sirint,MariaNAlvarez@spambob.com,iK5eeng7Aij,Maria,Alvarez,2667 Ventura Drive,Scotts Valley,CA,95066,Visa,4916094348656701,085,2/2013
Tiff1968,BeatriceJCarroll@pookmail.com,eicea9Vo3r,Beatrice,Carroll,3333 Oak Avenue,Wayne,NJ,07477,Visa,4716398107554326,451,7/2013
Afterely,MarleneSGorman@trashymail.com,ap1uo4Ei,Marlene,Gorman,1467 Mulberry Lane,West Palm Beach,FL,33401,Visa,4532774782210057,886,6/2017
Housen,DorothyAThomas@pookmail.com,oothi1Ood9,Dorothy,Thomas,2136 Hope Street,Portland,OR,97205,Visa,4539855532637971,046,6/2015
Kined1940,KarenJHuey@spambob.com,Thae7aef,Karen,Huey,1339 Corbin Branch Road,Chattanooga,TN,37408,Visa,4539801836529076,482,2/2013
Hamme1962,CarrieJKerns@pookmail.com,AHa3oolee,Carrie,Kerns,3135 Victoria Street,Chicago,IL,60631,MasterCard,5422292147404760,646,3/2015
Mumbrint,JenniferGDuncan@trashymail.com,Ahj2Thi1C,Jennifer,Duncan,3400 Fairfax Drive,Piscataway,NJ,08854,MasterCard,5147151101881344,009,11/2014
Dene1937,LeahCPereda@spambob.com,vei8uiSh,Leah,Pereda,3498 Moore Avenue,Frisco,TX,75034,Visa,4532602821256858,576,11/2014
Drails,MeaganRGray@trashymail.com,AiDah7nai,Meagan,Gray,2528 Bel Meadow Drive,San Bernardino,CA,92410,Visa,4916678819358969,050,2/2013
Marght70,EdwardGRobertson@pookmail.com,quahk3Yee,Edward,Robertson,1158 Neville Street,Evansville,IN,47708,Visa,4716026467067957,995,9/2016
Distrace,IrisEBrown@pookmail.com,eeWi9Aenai3,Iris,Brown,2654 Peaceful Lane,Garfield Heights,OH,44125,MasterCard,5267720198030785,817,8/2015
Cuse1947,BrandonBSykes@spambob.com,Vaibu8Roh,Brandon,Sykes,4261 Coal Street,Conneaut Lake,PA,16316,MasterCard,5595404645096227,228,4/2015
Angleatild28,MarthaWGreathouse@pookmail.com,Oir3wail8ooshie,Martha,Greathouse,2878 Coulter Lane,White Oak,VA,23841,Visa,4556463525083390,950,9/2013
Priny1978,JeffereyBBuchanan@trashymail.com,mi1Gee6jie9,Jefferey,Buchanan,1154 Willison Street,Minneapolis,MN,55401,Visa,4556747818134757,406,9/2013
Inectow,JosephVLlamas@dodgit.com,Chua7aeXah,Joseph,Llamas,4564 Eva Pearl Street,Baton Rouge,LA,70814,Visa,4539450019694149,720,12/2015
Imation,HeatherEPruitt@dodgit.com,Mee2Joo7Voh,Heather,Pruitt,3632 Gerald L. Bates Drive,Cambridge,MA,02142,Visa,4916699947012245,881,5/2014
Warad1968,ChristineTSkaggs@dodgit.com,que5Ciedai1,Christine,Skaggs,4797 Stonecoal Road,Mansfield,OH,44907,Visa,4556939377415533,709,9/2016
Ducke1963,RichardBHicks@pookmail.com,ohnge1woh3Ch,Richard,Hicks,4927 Snyder Avenue,Charlotte,NC,28262,MasterCard,5220094610302537,527,11/2013
Ploven1989,ReneeJRay@mailinator.com,foog2heB3ou,Renee,Ray,66 Jenna Lane,Cincinnati,OH,45249,Visa,4716782073561300,765,1/2013
Ence1938,WilliamJCarpenter@dodgit.com,Wie3aiCh,William,Carpenter,3352 Paradise Lane,Walnut,CA,91789,Visa,4556209126329801,605,12/2016
Ineaskuld,MelodyPDill@pookmail.com,Aiquoo7Oh,Melody,Dill,2694 Riverside Drive,Augusta,GA,30906,MasterCard,5360725040227378,441,2/2016
Tagal1943,MaryJSimpson@trashymail.com,um9JieBae,Mary,Simpson,2140 Lena Lane,Jackson,MS,39201,Visa,4556822897286123,650,12/2013
Noweed,KatieSWhitehouse@mailinator.com,Iej1Thae,Katie,Whitehouse,1228 Timber Oak Drive,Goleta,CA,93117,MasterCard,5411337031330283,165,9/2013
