Username,EmailAddress,Password,GivenName,Surname,StreetAddress,City,State,ZipCode,CCType,CCNumber,CVV2,CCExpires
Feweake,MaryJMarsh@mailinator.com,aeT3ooquei,Mary,Marsh,1109 Church Street,Brooklyn,NY,11212,Visa,4556766285231425,722,8/2015
Diagen,LeticiaDDowney@spambob.com,rohnao9Sho,Leticia,Downey,2938 Golf Course Drive,Beltsville,VA,20705,MasterCard,5386559691206161,657,11/2015
Crou1934,LoriTBoss@pookmail.com,EizaephohG2,Lori,Boss,2107 New York Avenue,Dallas,TX,75247,MasterCard,5430250587109711,132,8/2015
Youghty,EvanWForsythe@mailinator.com,ithaem5Eg5oo,Evan,Forsythe,2450 Tree Top Lane,Plymouth Meeting,PA,19462,Visa,4539484064648387,310,8/2015
Earre1977,NolanMWatson@spambob.com,WoQuechis4,Nolan,Watson,1210 Joseph Street,Brookfield,WI,53005,Visa,4539216648398562,209,12/2013
Pects1966,MarshaOElms@pookmail.com,Yaiyee4Go6,Marsha,Elms,614 Terra Street,Pe Ell,WA,98572,MasterCard,5542299518347754,511,7/2013
Gines1971,StellaMMiller@trashymail.com,Eizoopae1Ai,Stella,Miller,2317 Young Road,Garden Valley,ID,83622,Visa,4716616957883713,568,11/2014
Hathat,CarlosPEnos@spambob.com,ocujahW5,Carlos,Enos,1109 Marigold Lane,Miami,FL,33131,MasterCard,5352058968330614,451,6/2013
Ultay1944,MelissaKFoltz@dodgit.com,Feij0YieLi9,Melissa,Foltz,2336 Ocello Street,San Diego,CA,92111,MasterCard,5348452209619272,459,10/2013
Quideft,MelissaGWiley@spambob.com,osh9Hai8,Melissa,Wiley,2629 Jones Avenue,High Point,NC,27260,MasterCard,5414899828375778,877,6/2017
Kinces1957,JeremyRHarrison@trashymail.com,aic8AhCh,Jeremy,Harrison,779 Candlelight Drive,Houston,TX,77063,Visa,4532308160751521,514,8/2015
Strowd,JerryEMaldonado@mailinator.com,HuYahm5g,Jerry,Maldonado,48 Broad Street,Birmingham,AL,35291,Visa,4539904122173649,309,8/2016
Shrome,LindaCBentley@trashymail.com,beiRo1ph,Linda,Bentley,2296 Todds Lane,San Antonio,TX,78238,MasterCard,5570895362066237,327,7/2013
Paings,DavidEButler@trashymail.com,oub9Hai0,David,Butler,4639 Fleming Street,Montgomery,AL,36104,Visa,4716934536755124,563,6/2014
Overs1935,SandyDCorcoran@pookmail.com,mohTheiZei3,Sandy,Corcoran,489 Glenview Drive,Corpus Christi,TX,78401,Visa,4716154561875651,074,12/2016
Goope1961,DaleSGratton@mailinator.com,Kagoo0xae,Dale,Gratton,2880 Tuna Street,Southfield,MI,48075,Visa,4485159605936285,965,2/2013
Goist1929,LloydVMooneyham@spambob.com,Eiphah4Ae,Lloyd,Mooneyham,887 Illinois Avenue,Portland,OR,97236,Visa,4929989959509914,055,2/2013
Pordinusband,DanielADeitch@mailinator.com,Eiquae6Phez,Daniel,Deitch,1593 Conference Center Way,Nicholson,PA,18446,MasterCard,5270785658717010,549,2/2016
Goisibew,PatrickLJones@pookmail.com,Eitheimai3i,Patrick,Jones,3963 Primrose Lane,Madison,WI,53703,MasterCard,5430641743001661,428,5/2016
Wifflife,JenniferLPoole@pookmail.com,niez1Iey,Jennifer,Poole,3952 Flint Street,Atlanta,GA,30303,Visa,4916533033977609,333,3/2017
Apenscher,MoniqueMCreswell@dodgit.com,oJee1thae6,Monique,Creswell,2925 Ray Court,Wilmington,NC,28401,Visa,4539644284052591,250,1/2013
Hateplould,ChristinaKPatterson@trashymail.com,faiy1LaePh,Christina,Patterson,4464 Yorkshire Circle,Wilson,NC,27893,Visa,4556623779978286,905,5/2017
Anget1989,RuthRSpurlin@mailinator.com,siThei9Phok,Ruth,Spurlin,2242 Gregory Lane,Frankfort,KY,40601,MasterCard,5313530980587445,853,12/2016
Bustell,ErnestineDBurnette@spambob.com,woh2aikaeJ,Ernestine,Burnette,2095 Hall Street,Las Vegas,NV,89119,Visa,4929871609989599,596,10/2014
Lair1966,SondraALewis@pookmail.com,eu3Pohfe7wah,Sondra,Lewis,1151 Twin Oaks Drive,Fountain,MI,49410,Visa,4532338220949583,075,10/2015
Dris1927,HelenaJGutierrez@dodgit.com,We7Eel8aa9,Helena,Gutierrez,3895 Pine Garden Lane,Norcross,GA,30071,MasterCard,5572835582055295,701,9/2013
Turnis1939,VirginiaDMoore@spambob.com,ahPuv8shuu,Virginia,Moore,1895 Byrd Lane,New Orleans,LA,70112,Visa,4539834399682875,239,5/2014
Sidlits,FranEBrady@dodgit.com,shaiyi7Sh,Fran,Brady,2719 Quiet Valley Lane,Sherman Oaks,CA,91403,Visa,4556626599928761,984,9/2013
Olittiony,CourtneyEPitts@spambob.com,ohkaShe3,Courtney,Pitts,654 Stoney Lane,Irving,TX,75039,MasterCard,5177149501325857,159,6/2014
Rechat,VernonAFrame@spambob.com,tha4iT0pu,Vernon,Frame,2679 Conference Center Way,Lock Haven,PA,17745,MasterCard,5438638180386805,024,1/2017
Manote,JamesVAllen@spambob.com,ahqu2kahQuei,James,Allen,3987 Cedar Street,Little Rock,AR,72201,MasterCard,5396151599868975,668,11/2014
Lawbor,StephenRRiehl@pookmail.com,eeNgai7c,Stephen,Riehl,3861 Coplin Avenue,Phoenix,AZ,85012,Visa,4929248139560705,313,5/2014
Impad1987,DorothyJShannon@spambob.com,ulaj3Zohh0,Dorothy,Shannon,261 Flanigan Oaks Drive,Adelphi,MD,20783,Visa,4929956022800539,885,8/2014
Andming1972,JaniceDWilson@spambob.com,Ahh8ahyoh,Janice,Wilson,1684 Fantages Way,Boise,ID,83702,Visa,4929662135855499,792,4/2015
Ithersell,DavidMRogers@dodgit.com,ueng7saLo,David,Rogers,2905 Brown Avenue,Anderson,SC,29621,MasterCard,5513724952348070,113,8/2013
Oblactiones,KellySPowell@pookmail.com,yei2ohHeeth,Kelly,Powell,2797 Lynn Street,Quincy,MA,02169,MasterCard,5100557477945429,283,1/2014
Peargen,LynnMTripp@trashymail.com,aF4soon2ie,Lynn,Tripp,661 Jacobs Street,Monroeville,PA,15146,Visa,4916193025415066,030,9/2016
Tolly1930,PedroHEvanoff@spambob.com,Iengee9ei,Pedro,Evanoff,2514 Collins Avenue,Canal Winchester,OH,43110,Visa,4485136778348589,931,1/2013
Waystand,JamesHLaurie@spambob.com,Eilayie8Ais,James,Laurie,2662 Zappia Drive,Florence,KY,41042,MasterCard,5230760544101611,962,1/2013
Alrew1973,RoseFCornelius@pookmail.com,Kei0oosh,Rose,Cornelius,4662 Orchard Street,Golden Valley,MN,55427,MasterCard,5120607551479617,379,9/2017
Suffed42,AnnaJRoberson@mailinator.com,uPhoo0Unoph,Anna,Roberson,103 Lost Creek Road,Philadelphia,PA,19108,Visa,4556296889441691,570,8/2017
Puted1953,NoreenGMcDaniel@trashymail.com,Me5sheer4,Noreen,McDaniel,597 Parker Drive,Cleveland,OH,44115,Visa,4485667854327352,460,1/2017
Gothered,DennisAMcCollum@spambob.com,XohWohli6iph,Dennis,McCollum,2656 Summit Street,Davenport,IA,52804,Visa,4716908690987616,866,8/2014
Gotand,RickBBaker@spambob.com,doXo4voo,Rick,Baker,398 Massachusetts Avenue,Washington,DC,20016,Visa,4532783033273343,614,1/2013
Deasind,LisaLGary@trashymail.com,OeVieKah8c,Lisa,Gary,1947 Rainbow Road,Anaheim,CA,92801,MasterCard,5293777613452851,784,12/2016
Staideadrost,JosephJOdom@spambob.com,eeGo3Ohph4mi,Joseph,Odom,922 Ash Street,Irving,TX,75039,MasterCard,5119520675939346,834,9/2015
Trown1933,AshleyJRabin@mailinator.com,zah3xae2Ph,Ashley,Rabin,2184 Riverside Drive,Atlanta,GA,30346,Visa,4539910593927264,845,12/2015
Quittle,PaulVRichardson@trashymail.com,ueB4Pheefi,Paul,Richardson,4715 Peck Street,Manchester,NH,03109,Visa,4916467052872070,768,9/2015
Wholubt,EldonTMiller@spambob.com,uvaeCah6,Eldon,Miller,3534 Ford Street,San Jose,CA,95131,Visa,4716736341377261,204,12/2015
Obecam,KatherineTMurillo@trashymail.com,De9eichaiqu,Katherine,Murillo,4608 Bombardier Way,Southfield,MI,48235,MasterCard,5223435132925551,702,3/2014
Dausitherer,LouisABarba@spambob.com,Oopohsoh8ha,Louis,Barba,2795 Duncan Avenue,Elmsford,NY,10523,Visa,4916260851980461,054,9/2017
Aughtnot,RichardMGalarza@mailinator.com,leJae4Oy7boo,Richard,Galarza,4142 Hawks Nest Lane,Maryland Heights,MO,63141,Visa,4485595562419759,302,6/2013
Sompark,StephenIHarsh@dodgit.com,Kahb8Aig,Stephen,Harsh,1242 Harter Street,Dayton,OH,45402,Visa,4916309798376794,569,11/2013
Thenobel,MarySBooker@pookmail.com,Aer7EWoojae,Mary,Booker,4772 Tibbs Avenue,Plentywood,MT,59254,MasterCard,5135851879365065,253,3/2013
Seallegaid,YvonneJGross@dodgit.com,Ahd8UroLee,Yvonne,Gross,3414 Forest Avenue,New York,NY,10007,MasterCard,5231687536575982,389,10/2016
Anyted,JessicaWEades@trashymail.com,raicei7Pai,Jessica,Eades,1244 Meadow View Drive,Hartford,CT,06103,MasterCard,5127835030139808,229,3/2013
Placre,TameikaKMoore@mailinator.com,veej3Kie,Tameika,Moore,4075 Retreat Avenue,Double Springs,AL,35553,Visa,4916623609524628,113,2/2013
Frecouldess,RyanASimons@spambob.com,cah3ohQuae8,Ryan,Simons,3688 Lochmere Lane,Windsor Locks,CT,06096,Visa,4539855610405150,169,2/2013
Seseely,CarlosCPartin@pookmail.com,kahlia2Ei,Carlos,Partin,2826 Lonely Oak Drive,Mobile,AL,36610,MasterCard,5347804096377706,097,12/2017
Himple,JenniferTWard@trashymail.com,Punae8ieng,Jennifer,Ward,1839 Goosetown Drive,Arden,NC,28704,MasterCard,5363985840652087,651,5/2015
Unothouldits,BettySCruz@mailinator.com,Aewoh6eenie,Betty,Cruz,2601 Walnut Street,Liberty,MS,39645,Visa,4532318433696551,649,7/2015
Oblactiones68,CarmellaRClarkson@pookmail.com,weefeoNgo6,Carmella,Clarkson,502 Little Street,Youngstown,OH,44503,Visa,4916158905230778,226,5/2016
Bropeat,DanteKDillon@trashymail.com,ohzai6guu1Ei,Dante,Dillon,2685 Rosemont Avenue,Anaheim,CA,92801,Visa,4532036671607490,395,5/2013
Loomes,WayneSHockaday@dodgit.com,Aef1Wu2phae,Wayne,Hockaday,1926 Goldcliff Circle,Washington,DC,20017,MasterCard,5137931265680638,822,5/2015
Wopper,EricaBChapman@dodgit.com,thaG4Iu3Ze,Erica,Chapman,3232 Lochmere Lane,Winsted,CT,06098,MasterCard,5216174066369234,666,5/2015
Atting,RussellVSingh@mailinator.com,Ua9ahng5ah,Russell,Singh,3767 Ashton Lane,Lampasas,TX,76550,MasterCard,5424843004352449,745,7/2016
Agaricy,HelenKAllen@pookmail.com,ieW3ooj1oud,Helen,Allen,2725 Sunburst Drive,Fort Myers,FL,33905,MasterCard,5149646527746854,190,7/2013
Wititival,ConnieKCastro@pookmail.com,ephaihie2Ie,Connie,Castro,555 Parkview Drive,Houston,TX,77074,MasterCard,5467681201294552,729,5/2016
Sweas1951,TrentCButler@dodgit.com,Xal9Uro5phi,Trent,Butler,2471 Paul Wayne Haggerty Road,Metairie,LA,70001,MasterCard,5407596695635966,469,3/2017
Begazy,SarahJWilliams@spambob.com,dahm8shieD,Sarah,Williams,2873 Hurry Street,Roanoke,VA,24011,Visa,4716836497958474,493,1/2014
Anten1970,JaimeMRogerson@spambob.com,chee0Ib5Ah,Jaime,Rogerson,3879 Point Street,Chicago,IL,60654,MasterCard,5407199659971350,494,2/2017
Thisesiost,AngelaJHenderson@mailinator.com,me3uGheeng,Angela,Henderson,4444 Sheila Lane,Pilot,NV,89883,MasterCard,5199917465510795,425,12/2013
Tittheir,GlennaJStephens@trashymail.com,ogooV5ieboh,Glenna,Stephens,2519 Andy Street,Summit,SD,57266,Visa,4539500356316209,574,4/2016
Hertake,GaryLGordon@pookmail.com,va4oi7eePh,Gary,Gordon,4663 Haymond Rocks Road,Eugene,OR,97401,Visa,4929476596840423,200,3/2013
Hortudy1945,JasonLDrummond@spambob.com,ovohMah3,Jason,Drummond,1261 Spinnaker Lane,Chicago,IL,60632,MasterCard,5456126379584858,122,11/2014
Stlemulack,JaniceOSanchez@spambob.com,ooxee6Gi5,Janice,Sanchez,3674 Norma Avenue,Dayton,OH,45410,Visa,4716402053652702,137,9/2016
Andessaint,PatsyMLejeune@pookmail.com,eeLiub7ch,Patsy,Lejeune,13 Woodland Avenue,New Orleans,LA,70171,Visa,4916798110312513,292,3/2017
Tholde,ChristopherCTimberlake@spambob.com,eirae0Ohb5,Christopher,Timberlake,1337 Passaic Street,Newark,NJ,07102,Visa,4532118141063668,945,6/2014
Grathand,MariaPWilkins@pookmail.com,theeyesu3Ae,Maria,Wilkins,4057 Lena Lane,Forest,MS,39074,MasterCard,5136534388889036,604,5/2014
Ciragow,DouglasJHorn@dodgit.com,quahTh4oexoh,Douglas,Horn,2042 Brown Bear Drive,Corona,CA,91720,MasterCard,5306344944497793,643,7/2014
Vild1979,NetaMFloyd@dodgit.com,caequoo8Iezai,Neta,Floyd,135 Ashford Drive,Centerville,VA,22020,Visa,4539591590174959,769,12/2015
Paliptim,AaronPSmith@spambob.com,Die2Acheap6,Aaron,Smith,830 Pooh Bear Lane,Greenville,SC,29601,Visa,4539790389768548,483,2/2013
Themaged,JodyJCathcart@mailinator.com,ug2Aexeigh2,Jody,Cathcart,1541 Bell Street,New York,NY,10013,MasterCard,5142642334572705,593,1/2014
Comereces,ConsueloSEaves@trashymail.com,iz8Ohj7oh,Consuelo,Eaves,1003 Raver Croft Drive,La Follette,TN,37766,MasterCard,5325582799144161,351,6/2016
Anxiousele,JamesDBlau@spambob.com,yai9She1yai,James,Blau,3397 Feathers Hooves Drive,Westbury,NY,11590,MasterCard,5386308917969859,116,1/2017
Youldame,GeorgeLTaylor@trashymail.com,efooxah5Aey,George,Taylor,3801 Langtown Road,Findlay,OH,45840,MasterCard,5344361662800168,392,8/2014
Samet1932,JohnJMcDonald@trashymail.com,ni6phieN,John,McDonald,1977 Oxford Court,Ashland,MS,38603,Visa,4716601007781539,295,6/2016
Trapprid,WilliamCScarbrough@spambob.com,eeR3ooruu8th,William,Scarbrough,3172 Cook Hill Road,Bridgeport,CT,06604,Visa,4485782279779127,057,2/2017
Fornight,DoloresBAnthony@mailinator.com,doo6eiC1Oh,Dolores,Anthony,1706 Radio Park Drive,Atlanta,GA,30303,MasterCard,5322000369804513,813,7/2014
Nornesiond,MargueriteDJackson@spambob.com,IetieCh6noh,Marguerite,Jackson,2513 Clover Drive,La Junta,CO,81050,MasterCard,5311886985371751,211,11/2015
Bromens,LowellLSpeece@dodgit.com,sooR1ou4p,Lowell,Speece,1061 Walt Nuzum Farm Road,Rochester,NY,14621,MasterCard,5171650016954988,143,1/2013
Pood1986,TeodoroMBenbow@spambob.com,VuM2baeDae,Teodoro,Benbow,3046 Jefferson Street,Norfolk,VA,23510,Visa,4532399744246864,135,6/2015
Yousininds1941,DonVYang@mailinator.com,maiy4Xieph,Don,Yang,3176 Berry Street,Pueblo,CO,81001,Visa,4485429742791541,485,8/2016
Foris1937,TriciaSWhitehurst@mailinator.com,Eechonga7,Tricia,Whitehurst,1489 Gore Street,Houston,TX,77032,Visa,4485420574155988,971,1/2017
Opery1938,MargaretLClifton@spambob.com,vah7mu4Ee,Margaret,Clifton,210 Roosevelt Wilson Lane,San Bernardino,CA,92405,Visa,4929319024609418,612,1/2013
Ripplexprem,RobertDKim@mailinator.com,aebouRiv0e,Robert,Kim,2773 Par Drive,Los Angeles,CA,90017,Visa,4716118748008619,362,3/2014
Thavey55,BertaTWilson@pookmail.com,Meeroo6th,Berta,Wilson,95 Cost Avenue,Bethesda,MD,20817,Visa,4539491711511918,272,9/2015
Swassed,JohnJWilliams@dodgit.com,obuY4ahy,John,Williams,345 Lowes Alley,Coshocton,OH,43812,Visa,4929123885129064,750,4/2015
Peres1937,JamesRBarlow@mailinator.com,Agh8jahloh,James,Barlow,2141 Broad Street,Bessemer,AL,35020,MasterCard,5572083277620665,569,1/2014
Finediound,ShirleyRCarter@trashymail.com,zeeWi3Iphoo,Shirley,Carter,2465 Poplar Avenue,San Diego,CA,92105,MasterCard,5372544264243045,128,5/2013
Wernionsinks,KarenMIrvine@dodgit.com,Paelei7aigai,Karen,Irvine,3115 Alexander Drive,Wichita Falls,TX,76301,Visa,4929478117673150,118,11/2014
Arrojeter,HenryVMizelle@trashymail.com,uk6Ku0Mogh,Henry,Mizelle,875 Rosewood Court,Hendricks,MN,56136,MasterCard,5248015875778713,331,6/2016
Lorntephis,KathyJMartin@mailinator.com,Tohb2veich,Kathy,Martin,13 Turkey Pen Road,Huntington,NY,11743,MasterCard,5118216267073203,301,10/2017
Nale1954,JanaMDare@dodgit.com,Ohphei9eer3,Jana,Dare,3597 Woodland Terrace,Fair Oaks,CA,95628,MasterCard,5589801055956147,511,6/2016
Stond1989,BretRCummings@trashymail.com,shueFoo9,Bret,Cummings,828 Coolidge Street,Orlando,FL,32801,MasterCard,5337713570723701,711,4/2015
Whooksgivem,AliceSKruger@dodgit.com,ujoi0za5ooSh,Alice,Kruger,3939 Carriage Lane,Girardville,PA,17935,Visa,4556667228433096,151,10/2017
Soperypear63,MargeryJRodriguez@spambob.com,aiX3unohmei,Margery,Rodriguez,2087 Stonecoal Road,Toledo,OH,43602,Visa,4916764560091163,669,11/2014
Frobeek,MaryEMilliner@mailinator.com,kie3OMie,Mary,Milliner,3317 Brooke Street,Houston,TX,77002,Visa,4556950846212609,176,7/2013
Dessad63,JuanaAFulton@trashymail.com,Aigai7Hoh0,Juana,Fulton,3325 Main Street,Seattle,WA,98101,MasterCard,5365466629479297,684,9/2016
Ineul1939,WillardNTran@spambob.com,VoDee9seiy,Willard,Tran,655 Brooke Street,Houston,TX,77030,Visa,4716553193750101,375,5/2016
Homps1980,CynthiaMReese@spambob.com,eew1Zodaav,Cynthia,Reese,3078 Bridge Avenue,Sunset,LA,70584,Visa,4556527663802389,068,10/2013
Alkinew,RobertSBeaty@spambob.com,oY3mup7tie,Robert,Beaty,1244 Hampton Meadows,Acton,MA,01720,Visa,4539380120882400,058,7/2017
Meman1949,BrianEPittman@mailinator.com,Ieth0shie6,Brian,Pittman,1911 Baker Avenue,Grand Prairie,TX,75051,Visa,4916392878619101,551,10/2017
Neon1938,MichaelLHersh@mailinator.com,eo7Johs5sae,Michael,Hersh,2796 Valley Street,Camden,NJ,08102,MasterCard,5517496266709216,225,1/2015
Beppiest,RobertBScott@pookmail.com,ohF9ix4xoh,Robert,Scott,1685 Traders Alley,Kansas City,MO,64106,Visa,4485101804527960,752,11/2017
Blikerchims,MichaelMChang@mailinator.com,ahzuuLo9eil,Michael,Chang,168 Geraldine Lane,Bethpage,NY,11714,Visa,4556092476166704,880,10/2014
Finged,ArthurKHuse@trashymail.com,ohgheVah2,Arthur,Huse,4357 Terra Street,Seattle,WA,98161,Visa,4929215447543228,732,4/2013
Compearid1972,EmmettMMcCartney@spambob.com,Iqu6po0eiN,Emmett,McCartney,1869 Heavens Way,Irvine,CA,92714,MasterCard,5260057453964227,139,7/2016
Suence,WilliamMGant@spambob.com,oequ8zo4Keoth,William,Gant,1854 Hillview Street,Columbia,SC,29209,MasterCard,5279857904740913,879,7/2017
Awellet,RobertoDHollins@pookmail.com,lahV0eiSo0N,Roberto,Hollins,4551 Randolph Street,Framingham,MA,01702,Visa,4929628262696402,073,6/2016
Aniern,VincentSWilson@trashymail.com,han5vae1Eeg,Vincent,Wilson,4891 Poe Lane,Fort Worth,KS,76102,Visa,4532939761566759,200,1/2013
Dulthichuraw,BrianMStephens@pookmail.com,Seic2iFau,Brian,Stephens,594 Mount Tabor,Westbury,NY,11590,Visa,4916217655360043,390,1/2016
Quil1991,KevinSSmith@spambob.com,Ahcoom9eilei,Kevin,Smith,513 Desert Broom Court,Jersey City,NJ,07304,Visa,4916646576821735,890,8/2014
Lited1950,LarondaPFranklin@dodgit.com,eish3tah0Ai,Laronda,Franklin,2287 Pine Street,Pittsburgh,PA,15212,Visa,4929987216701951,566,7/2017
Lork1984,DavidBOwen@spambob.com,so4Aoye1,David,Owen,1252 Joy Lane,Sherman Oaks,CA,91403,Visa,4485790788336040,131,11/2016
Swornes,JosephLPeel@spambob.com,boo4Ietool,Joseph,Peel,2651 Joes Road,Latham,NY,12110,Visa,4716471569017726,654,3/2013
Dued1949,JamesSBeaty@dodgit.com,Wechae8ahph,James,Beaty,4610 Pearl Street,Sacramento,CA,95823,Visa,4929724913314873,384,4/2013
Lithend,EdgarARicci@trashymail.com,Oec4ieji2,Edgar,Ricci,4559 Bingamon Road,Westlake,OH,44145,Visa,4532906362039403,521,2/2016
Theded,JamesSMurray@spambob.com,xee0Xa9ai,James,Murray,3280 Broadway Avenue,Chattanooga,TN,37415,Visa,4916139734677793,884,9/2014
Butiffely1936,DouglasBHansen@trashymail.com,Loor6ni1iep,Douglas,Hansen,706 Bird Street,El Rito,NM,87530,Visa,4556132848124427,802,5/2013
Litine,AndrewEKaplan@pookmail.com,huraeg0Mo8w,Andrew,Kaplan,2615 Eagles Nest Drive,Chico,CA,95926,MasterCard,5336978665192952,144,3/2015
Namushe,JamesCBarrington@trashymail.com,gei5Eiy4Nae,James,Barrington,4731 Watson Street,Pleasantville,NJ,08232,MasterCard,5112058872323805,002,8/2017
Hencts,CharlesLSantiago@pookmail.com,riet7IeP5Lae,Charles,Santiago,3166 Franklee Lane,Philadelphia,PA,19108,Visa,4556041611368865,076,3/2017
Supoilign1953,ColinDMartin@mailinator.com,liC0IeK8thoo,Colin,Martin,4699 Pursglove Court,Dayton,OH,45429,Visa,4532216477947544,990,2/2014
Adisaid,TwilaALancaster@spambob.com,ohN7jee7Ao,Twila,Lancaster,805 Lynch Street,Appleton,WI,54911,Visa,4916803467843399,782,4/2016
Watchn,DawnJPrado@mailinator.com,nahW9kek,Dawn,Prado,3735 Fulton Street,Glenville,WV,26351,MasterCard,5512437392693077,075,1/2016
Bearace,TabithaJFlores@pookmail.com,see4beeH,Tabitha,Flores,1507 Stoney Lane,Irving,TX,75063,MasterCard,5485233881764401,060,12/2015
Notholow,VirginiaJMarsh@dodgit.com,AhpohbiZ8d,Virginia,Marsh,4515 Park Boulevard,Des Moines,IA,50309,Visa,4916824334926357,262,3/2016
Fifeled1965,BettyRFortier@mailinator.com,eeN1au6eeLi,Betty,Fortier,3993 Earnhardt Drive,Louisville,KY,40299,Visa,4539086492728507,802,2/2017
Eventrey,DonaldDCrawford@spambob.com,aeD8vahmae,Donald,Crawford,4781 Valley Street,Haddonfield,NJ,08033,Visa,4716146448893667,410,7/2013
Anight,PaulCBrown@mailinator.com,yaep2Aev9ai,Paul,Brown,4743 Bungalow Road,Omaha,NE,68137,Visa,4532162877542172,267,1/2013
Romuffel,FrancesGAnderson@trashymail.com,UiChai3ooC,Frances,Anderson,1260 Horseshoe Lane,Warminster,PA,18974,MasterCard,5197314820047212,415,6/2016
Theas1927,DonaldKBrantley@mailinator.com,feKae7aej,Donald,Brantley,3092 Sycamore Road,Lakeview,OR,97630,MasterCard,5316034678509230,458,12/2016
Therhavent,KatherineGDuncan@dodgit.com,Paif9yae1,Katherine,Duncan,2110 Jett Lane,Rancho Dominguez,CA,90220,MasterCard,5209888930543463,419,7/2014
Wheines,MaryTReyes@mailinator.com,Poo9ohquuijei,Mary,Reyes,3838 Lightning Point Drive,Memphis,TN,38110,Visa,4485372132186635,566,8/2016
Formaid,CarolynTMiller@spambob.com,mohf1Bi0,Carolyn,Miller,2520 Seltice Way,Bayview,ID,83803,MasterCard,5543546902338263,427,10/2014
Beither,MichaelJUnger@trashymail.com,Aip6fini5,Michael,Unger,3732 Shingleton Road,Decatur,MI,49045,MasterCard,5195340660363858,374,1/2017
Dartakifinee,RichardCDaggett@pookmail.com,shie7shixeiS,Richard,Daggett,133 Shingleton Road,Grand Junction,MI,49056,Visa,4485777695730985,521,3/2014
Brome1989,CeliaLClatterbuck@trashymail.com,ooPequie4V,Celia,Clatterbuck,3008 Sigley Road,Fort Worth,KS,76102,MasterCard,5544054994416823,268,2/2016
Goinge,HarryJChamberlin@dodgit.com,iu6kephiPh,Harry,Chamberlin,3729 Rainbow Drive,North Canton,OH,44720,Visa,4532992510098442,762,12/2013
Recies,FrancescoVHeimann@trashymail.com,chaequiiN0n,Francesco,Heimann,2585 Cantebury Drive,New York,NY,10036,MasterCard,5185098357003680,433,1/2016
Witherrom,JorgeCNunez@trashymail.com,iuShaquu1cae,Jorge,Nunez,58 Broadcast Drive,Charlotte,NC,28202,MasterCard,5469200809987257,147,8/2015
Worsir,FranciscaJLinder@dodgit.com,quie2lu7K,Francisca,Linder,3018 Warner Street,N. Miami,FL,33137,Visa,4532514148010761,944,5/2013
Warts1981,EthylJCole@trashymail.com,Peel2quuvong,Ethyl,Cole,3123 Burnside Avenue,Brigham City,UT,84302,Visa,4485369240865324,217,5/2015
Humet1956,PatriciaCCarroll@mailinator.com,eeQua6aeyei,Patricia,Carroll,490 Neuport Lane,Marietta,GA,30064,Visa,4539606582645053,425,9/2017
Blet1963,MargaretJPaulk@mailinator.com,ieHohlo4mi,Margaret,Paulk,3250 Cottrill Lane,Maryland Heights,MO,63043,Visa,4485980782868680,730,7/2016
Aped1943,WalterBHuston@pookmail.com,ieQuo1mie,Walter,Huston,4756 Walnut Hill Drive,Portland,OH,45204,Visa,4556437188601581,476,1/2014
Frorcut1929,RubyBAllen@spambob.com,quae9kefaiRo,Ruby,Allen,3159 Vesta Drive,Chicago,IL,60639,Visa,4929403374500508,807,2/2016
Himseek,JonathanMEscobar@spambob.com,eph9Ohfa,Jonathan,Escobar,4613 Ottis Street,St Louis,OK,74854,Visa,4556301405366081,897,4/2017
Grately,HallieKSmith@pookmail.com,ohphoh7Tui1,Hallie,Smith,2514 Godfrey Street,Beaverton,OR,97005,MasterCard,5459710875538216,352,9/2015
Wituareard1953,LloydSCruz@pookmail.com,lushuWooV9,Lloyd,Cruz,3940 Ash Street,Richardson,TX,75081,MasterCard,5534959417380913,433,12/2014
Neir1979,NancyJPryor@spambob.com,ooyaeF4paegh,Nancy,Pryor,4857 Yorkshire Circle,Wilson,NC,27893,Visa,4539883330583056,320,11/2016
Props1981,ThomasSKramer@spambob.com,Mei2thohde,Thomas,Kramer,4094 Jones Avenue,Winston Salem,NC,27012,MasterCard,5230197036585664,276,5/2015
Mazead31,MaryJRobertson@trashymail.com,aid7aeQuigh,Mary,Robertson,3717 Lindale Avenue,Fremont,CA,94536,Visa,4929867320152186,732,6/2015
Youslovis1931,JayFMowrey@spambob.com,Yohc5Aipie5,Jay,Mowrey,405 Half and Half Drive,Fresno,CA,93721,Visa,4485120988761609,016,9/2015
Theird,EmmanuelBEdwards@mailinator.com,aewiaCh3,Emmanuel,Edwards,1007 Frederick Street,Roseville,CA,95661,Visa,4532456922159499,270,12/2017
Burnournswes,ColleenHDunn@dodgit.com,main7Aekaiv,Colleen,Dunn,1285 Charack Road,New Washington,IN,47162,MasterCard,5274168208096423,726,8/2013
Hiculoveirs,DedraDSherwood@pookmail.com,Zel6chai,Dedra,Sherwood,2185 Oak Avenue,Arlington Heights,IL,60004,MasterCard,5479989562938501,586,6/2014
Broated,RogerKColes@trashymail.com,Akaj0eiTh,Roger,Coles,3331 Mayo Street,Lexington,KY,40507,MasterCard,5376026788841955,244,4/2014
Weating,SusieKRodriguez@mailinator.com,eeThush9icah,Susie,Rodriguez,2283 Farnum Road,New York,NY,10004,MasterCard,5464343833616172,497,6/2014
Nich1966,IreneRBerry@spambob.com,Eip5Aec7s,Irene,Berry,3500 Morgan Street,Pensacola,FL,32501,Visa,4532642226565743,047,7/2013
Antleard,MarkCCorso@pookmail.com,seYo8pee,Mark,Corso,3781 Francis Mine,Davis,CA,95616,MasterCard,5426036100948222,917,5/2015
Worsildbours,MonicaDRichardson@spambob.com,Oitierai3,Monica,Richardson,4139 Bell Street,New York,NY,10004,MasterCard,5233634174868269,203,4/2015
Allonand1936,ToddSHackett@dodgit.com,XieWaigoh9s,Todd,Hackett,2161 Dancing Dove Lane,New York,NY,10013,Visa,4532186572122527,263,8/2016
Heact1944,MarkMHenkel@spambob.com,og7aeh5Eiw,Mark,Henkel,3204 Kenwood Place,Miramar,FL,33025,Visa,4716206672465549,231,10/2017
Eally1968,ElizabethDStout@mailinator.com,queengeap9Ai,Elizabeth,Stout,58 Haven Lane,Lansing,MI,48933,MasterCard,5316033033834812,889,1/2016
Notiff,DerekKGillette@trashymail.com,ThahHah4soo,Derek,Gillette,2336 Edsel Road,Los Angeles,CA,90014,Visa,4716485936431469,730,7/2013
Bure1974,AndreaWGlover@spambob.com,tohnuH7joh,Andrea,Glover,497 Hillview Street,Columbia,SC,29201,Visa,4485535399843888,764,1/2013
Wittind,RichardJMassey@trashymail.com,oolu3ohPhoh,Richard,Massey,1658 Nutters Barn Lane,Des Moines,IA,50309,MasterCard,5541729389100818,616,3/2013
Faingentine,JoseRNunn@dodgit.com,aih2Ochuigh,Jose,Nunn,156 Spadafore Drive,Altoona,PA,16601,Visa,4532684548140193,929,8/2013
Losely,BettyWComeau@spambob.com,ro5faiKet,Betty,Comeau,3008 Glenwood Avenue,Cleveland,OH,44105,MasterCard,5289211888156191,930,12/2013
Clan1974,SandraJHoward@pookmail.com,Iob1gaeM2p,Sandra,Howard,2224 Poco Mas Drive,Dallas,TX,75211,Visa,4539290727150384,600,8/2016
Oluter,JoannEHarrison@trashymail.com,shoiS0iegh,Joann,Harrison,3420 Crestview Terrace,San Antonio,TX,78202,MasterCard,5266686848265678,100,4/2016
Succubly,AnnaDBouffard@pookmail.com,Thai1faighei,Anna,Bouffard,198 Oliver Street,Granbury,TX,76048,Visa,4539911286403183,350,11/2014
Pely1986,ConnieSLisi@pookmail.com,xo4ooHae3o,Connie,Lisi,3434 Gambler Lane,Houston,TX,77036,MasterCard,5314241177512340,506,8/2013
Erybousbaby,JasonDCrocker@dodgit.com,thahGhib5,Jason,Crocker,1170 Hershell Hollow Road,Bothell,WA,98011,Visa,4916883025472287,692,10/2013
Himseek,PatriciaJFlanders@trashymail.com,aid0Daechah,Patricia,Flanders,4836 Carter Street,Carbondale,IL,62901,MasterCard,5119284872283731,701,2/2017
Fourplealis,DanielBChristopher@dodgit.com,iiRoh2oeph,Daniel,Christopher,4019 Chipmunk Lane,Portland,ME,04101,Visa,4556703831908776,278,10/2014
Opocone1977,NicoleJDillon@spambob.com,Oph2ahxae,Nicole,Dillon,1524 Smith Road,Lawrenceville,GA,30245,MasterCard,5319903559468145,102,8/2016
Rearld,DorothySWilliams@trashymail.com,duliC6aer,Dorothy,Williams,2587 Franklin Street,Dothan,AL,36303,MasterCard,5107474739594800,257,7/2013
Theut1983,FletcherAWestlake@pookmail.com,buna8pahK4,Fletcher,Westlake,507 Collins Avenue,Westerville,OH,43081,MasterCard,5366739292555711,295,12/2016
Hourson66,BrandonMKoehn@trashymail.com,wiefeiH1lai,Brandon,Koehn,4163 Concord Street,Charlotte,NC,28263,Visa,4539032898102400,423,8/2016
Curness,FredEGillespie@mailinator.com,aeLie3wahZa,Fred,Gillespie,2924 Francis Mine,Sacramento,CA,95814,Visa,4532213019273786,316,1/2014
Whows1939,RafaelSJohnson@spambob.com,owiuShee4th,Rafael,Johnson,2376 Raver Croft Drive,Knoxville,TN,37917,MasterCard,5268015603238647,781,1/2014
Pocces,FranciscoMCampbell@dodgit.com,Tho5tuYu,Francisco,Campbell,2982 Pine Street,Butler,PA,16001,Visa,4485448641839581,339,11/2015
Wasee1960,MichaelAHatfield@mailinator.com,aivegahY0ei,Michael,Hatfield,2314 Armbrester Drive,Burbank,CA,91505,MasterCard,5320693352739639,417,9/2015
Frome1958,VincentJKrupa@dodgit.com,quu9Aeyoh,Vincent,Krupa,1405 Morgan Street,Holley Navarre,FL,32569,Visa,4716075428319023,515,5/2014
Harawas,MaCStoddard@spambob.com,Irumoi1uth,Ma,Stoddard,2619 Ryder Avenue,Everett,WA,98208,Visa,4485095550922229,097,4/2015
Allecir,FrankDSmith@mailinator.com,SuD6mee1Te,Frank,Smith,2960 Baker Avenue,Fort Worth,TX,76107,Visa,4532193841918347,948,12/2013
Thipon,RosaJScott@spambob.com,HaLae2eiqu,Rosa,Scott,2521 Paradise Lane,Claremont,CA,91711,MasterCard,5192956092991967,022,5/2015
Oppostis,ElizabethJNordquist@spambob.com,eZahloh4ah,Elizabeth,Nordquist,4577 Melrose Street,Oakland,CA,94612,Visa,4716251105032961,949,5/2016
Abless,WillieTWilson@trashymail.com,cietahCee4,Willie,Wilson,1711 Denver Avenue,Ontario,CA,91761,MasterCard,5529834333749599,494,5/2017
Belabothe,KathrynALeavitt@dodgit.com,Ahh8kang,Kathryn,Leavitt,4679 Coventry Court,Baton Rouge,LA,70814,MasterCard,5468861548181428,619,7/2017
Peconesuring1945,HaroldAEllis@pookmail.com,Iaquae4ae,Harold,Ellis,4750 Hillside Street,Phoenix,AZ,85003,MasterCard,5139786704485009,586,5/2017
Beflon1990,GladysDBerry@mailinator.com,iequ1aim1Oh,Gladys,Berry,3823 Brooke Street,Houston,TX,77020,Visa,4556717424891454,194,5/2017
Propee,JohnERodriguez@mailinator.com,Ithae1peech,John,Rodriguez,4757 Oak Street,Rome,NY,13440,Visa,4532308272097110,435,12/2014
Orsespach44,DonnaDOrtega@dodgit.com,eJai3adae,Donna,Ortega,1827 Warner Street,Miami,FL,33131,MasterCard,5414430824982662,275,5/2015
Satere,HerbertAAnderson@trashymail.com,suhahke7Oab,Herbert,Anderson,1244 Martha Street,Prescott,AZ,86314,Visa,4532499443571321,463,2/2017
Coustim,GregoryLLyman@trashymail.com,ooFae1it,Gregory,Lyman,2219 Fannie Street,Bryan,TX,77808,MasterCard,5195448670042097,857,4/2017
Stind1929,ShermanPWilsey@dodgit.com,aeTh5yie7boo,Sherman,Wilsey,349 Memory Lane,Hickory Hills,IL,60457,MasterCard,5416903262100466,517,9/2013
Makinged,JoyceMAnthony@dodgit.com,oiteD7iumoh,Joyce,Anthony,834 Powder House Road,West Palm Beach,FL,33417,MasterCard,5227823624719051,696,8/2017
Backleet,AmandaEHadley@spambob.com,Guefoo4xai,Amanda,Hadley,2208 Arbor Court,Mountain View,WY,82939,Visa,4929943191489229,612,5/2013
Worythe,CarolWRoman@trashymail.com,Wiede8uRai,Carol,Roman,3915 Melm Street,North Kingstown,RI,02852,Visa,4532925867722172,164,3/2016
Athim1972,BonniePJudy@spambob.com,ojoo3Phoza,Bonnie,Judy,1519 Ford Street,Oakland,CA,94612,Visa,4929986071085351,115,5/2016
Buseents,KevinALewis@trashymail.com,aCoeB2ie,Kevin,Lewis,4945 Mulberry Lane,Lake Worth,FL,33463,MasterCard,5431977458033484,642,9/2016
Heas1952,KarenAMaxwell@dodgit.com,ve7EeXoo2kei,Karen,Maxwell,1697 Lindale Avenue,Oakland,CA,94601,Visa,4916596846815944,324,11/2014
Orned1973,JosephAJackman@mailinator.com,aoSh3avie0Ae,Joseph,Jackman,2770 Cabell Avenue,Alexandria,VA,22301,MasterCard,5267621977010701,101,12/2013
Thwary,JohnLNeal@dodgit.com,eon1ahc4UZei,John,Neal,2734 Abia Martin Drive,Ronkonkoma,NY,11779,Visa,4485004544923103,688,12/2015
Wifflife,LisaJStrong@pookmail.com,juuB7tai0u,Lisa,Strong,2093 Airplane Avenue,Norwich,CT,06360,Visa,4916149655484756,071,3/2016
Malithe,DollyGLindsey@pookmail.com,ohphee6F,Dolly,Lindsey,4851 Sardis Station,Minneapolis,MN,55404,Visa,4532922161418573,860,3/2016
Hadyinst28,StacieLPineda@pookmail.com,toshooShu5,Stacie,Pineda,1800 Oak Way,Lincoln,NE,68504,MasterCard,5551568344565294,123,10/2013
Thattly,DarleneSSeibert@dodgit.com,xohThei5air,Darlene,Seibert,797 Hilltop Street,Springfield,MA,01103,MasterCard,5335911366839051,188,9/2014
Formened93,CeciliaJHarley@spambob.com,Ahch2Aegooc,Cecilia,Harley,944 Buckhannan Avenue,Syracuse,NY,13202,Visa,4532473143051850,756,4/2014
Prory1954,JimJClarke@spambob.com,foh4aidaeGh,Jim,Clarke,1270 Ashford Drive,Fredericksburg,VA,22408,Visa,4916837581369006,629,4/2016
Sert1939,AnneAPrado@spambob.com,EJohv2ieY,Anne,Prado,286 O Conner Street,Gulfport,MS,39503,Visa,4929497153420102,908,7/2013
Suiew1971,MarkKCortes@pookmail.com,zoo8Iung,Mark,Cortes,1296 Linda Street,Eagleville,PA,19403,Visa,4556394729245495,146,7/2015
Cralmonce,MichaelJVasquez@dodgit.com,ihies8EeR,Michael,Vasquez,234 Collins Avenue,Dublin,OH,43017,MasterCard,5228057621417265,805,4/2014
Somper,HiramCJensen@trashymail.com,Izubei5Wi,Hiram,Jensen,873 Hall Valley Drive,Beckley,WV,25801,Visa,4485119554117071,290,8/2016
Behen1968,MarkDBackes@spambob.com,XaZeiz6noo6,Mark,Backes,1300 Hurry Street,Roanoke,VA,24011,Visa,4539751338525579,948,1/2017
Thessalky,SharonRFarrow@mailinator.com,Cut5hei8i,Sharon,Farrow,3481 Cedar Street,Pine Bluff,AR,71602,MasterCard,5407847858634647,895,8/2017
Kitn1927,SylviaCHowland@mailinator.com,JaiYah8xaTh,Sylvia,Howland,2987 Pinchelone Street,Norfolk,VA,23502,MasterCard,5325542760158368,888,6/2015
Feced1960,PattyBGerman@trashymail.com,Ieyav4hahee,Patty,German,2280 Williams Mine Road,Somerville,NJ,08876,Visa,4539600524673596,732,7/2015
Priond,LesterMKnuth@spambob.com,chiG1niihi,Lester,Knuth,4775 Middleville Road,La Puente,CA,91744,MasterCard,5255707897749397,196,9/2014
Thrupost,TraceyRBaxter@trashymail.com,ieH3pohX,Tracey,Baxter,2560 Poe Road,Charleston,SC,29405,Visa,4916710503090135,176,8/2016
Womed1977,DavidMRobichaud@dodgit.com,abai7aeCei,David,Robichaud,1344 Thunder Road,Palo Alto,CA,94306,Visa,4916403349918970,567,10/2016
Woperand1975,JosephTCohen@spambob.com,RiVegoo3,Joseph,Cohen,3815 Timberbrook Lane,Denver,CO,80202,MasterCard,5580398784532637,199,7/2013
Beekh1957,MaxwellMLindgren@spambob.com,weinae8ieXoo,Maxwell,Lindgren,4045 Late Avenue,Kingfisher,OK,73750,Visa,4556065273760911,691,7/2014
Whichim,EllisLWhite@dodgit.com,zeiN0Bei2,Ellis,White,4882 Fleming Way,Chester,VA,23831,Visa,4556888857003550,728,11/2014
Tagoink,JeffreyDPressley@pookmail.com,Soh7Eih0odei,Jeffrey,Pressley,4873 Beech Street,San Francisco,CA,94104,MasterCard,5576123731112119,980,8/2013
Donce1933,JoannMMartin@mailinator.com,Engai3ogaiViM,Joann,Martin,162 Elliot Avenue,Seattle,WA,98109,Visa,4556572439750835,633,11/2016
Whissed1958,RichardEBratcher@spambob.com,Zoo8soo6I,Richard,Bratcher,3454 Mudlick Road,Spokane,WA,99218,MasterCard,5247171385436333,529,1/2014
Thosed1940,DougHHumphrey@spambob.com,ui3maiFij,Doug,Humphrey,2754 Stark Hollow Road,Centennial,CO,80112,MasterCard,5203618041127989,794,9/2017
Oweent65,GaleDSwinson@mailinator.com,rae1meeTie,Gale,Swinson,4456 Simons Hollow Road,Hazleton,PA,18201,MasterCard,5475093109727552,961,11/2017
Dughte1930,MargaretJHill@trashymail.com,igheiQuu6,Margaret,Hill,1686 Little Street,Akron,OH,44311,MasterCard,5459954185129379,951,3/2015
Vauddeas,KennyLAldrich@mailinator.com,Pooho3wu2do,Kenny,Aldrich,2117 Green Gate Lane,Baltimore,MD,21202,MasterCard,5577976082163828,269,12/2016
Begavis,MaryCSever@mailinator.com,eeZae5peew2,Mary,Sever,3406 Hog Camp Road,Northbrook,IL,60062,MasterCard,5405926734925908,524,12/2014
Abong1931,CarolynWSpeer@spambob.com,oa1VieD8E,Carolyn,Speer,3287 Burnside Avenue,Park City,UT,84060,Visa,4485074579718850,908,5/2015
Pernihiststo1959,SergioNKelly@pookmail.com,aex8pow7Ee,Sergio,Kelly,1335 Benson Park Drive,Oklahoma City,OK,73111,MasterCard,5165792837634197,360,6/2016
Thadmithe1936,MiriamMMunoz@dodgit.com,AiRef9ieh4j,Miriam,Munoz,3193 Timber Oak Drive,Amarillo,TX,79106,Visa,4716463023354183,383,9/2013
Olneved,JillRSuiter@trashymail.com,soiCi7Oh,Jill,Suiter,1019 Walnut Drive,Bowman,ND,58623,Visa,4485163664874700,493,5/2013
Thisseveren,OraliaMFoster@spambob.com,yooye2oPaet,Oralia,Foster,3607 My Drive,Long Island City,NY,11101,Visa,4916173052496478,807,10/2015
Theigave,RalphBLopez@dodgit.com,Yasaet9sahghoo,Ralph,Lopez,2379 Chicago Avenue,Fresno,CA,93721,MasterCard,5334209137087949,025,2/2016
Equen1952,GregoryRNunez@spambob.com,TiZ9Ofie,Gregory,Nunez,3646 Cunningham Court,Troy,MI,48084,MasterCard,5107190783087992,457,6/2013
Tionge,DeniseJHeath@pookmail.com,ataithoo4P,Denise,Heath,3749 Wolf Pen Road,San Jose,CA,95134,MasterCard,5222809456595359,524,2/2014
Anners,DouglasKWillman@mailinator.com,eeg6ieSahv,Douglas,Willman,3656 Goosetown Drive,Sylva,NC,28779,Visa,4556230590500099,548,6/2016
Faidelper,AshleyRWirth@dodgit.com,teiciYooC2,Ashley,Wirth,947 Marion Drive,Tampa,FL,33602,MasterCard,5300307225294946,479,12/2017
Cloves,TerryMDemaria@dodgit.com,dof7bia6Ei,Terry,Demaria,1939 Hayhurst Lane,Troy,MI,48098,Visa,4539162280376120,409,11/2015
Motheareeme,JamesMBowden@trashymail.com,teciex0aYeix9,James,Bowden,4892 Melrose Street,Hatton,WA,99344,Visa,4485363872600273,853,8/2013
Wayage90,RobinPMcAfee@spambob.com,OgeiJ6yei,Robin,McAfee,1570 Shearwood Forest Drive,Manchester,NH,03103,Visa,4485153591404697,946,6/2014
Tobile30,DorothyHDempsey@spambob.com,ruuba8Aekoi,Dorothy,Dempsey,873 Andell Road,Watertown,TN,37184,Visa,4556953476390075,148,10/2015
Varmethe,DonaldMWebster@spambob.com,re4Eiyohz1ph,Donald,Webster,4619 Maxwell Street,Hartford,CT,06103,MasterCard,5290667105387488,864,1/2017
Kitn1949,SteveRCrosson@trashymail.com,ohp6Eemayu,Steve,Crosson,171 Lynn Avenue,Florence,WI,54121,MasterCard,5267983410763787,275,10/2016
Deston,GaryRSalter@pookmail.com,ohC3uTheetoo,Gary,Salter,3720 Lewis Street,Wheaton,IL,60187,MasterCard,5119545569219604,817,12/2017
Thests,WilliamKYoung@trashymail.com,Iek7Pahfiiw,William,Young,4481 Sherman Street,Hays,KS,67601,Visa,4539623928933309,338,8/2013
Lignerty,JuneAJames@spambob.com,jo1Aegeej,June,James,2734 Pointe Lane,Miramar,FL,33025,Visa,4716475891870074,571,2/2017
Whiond,MarySTerry@dodgit.com,ohePae9B,Mary,Terry,3519 Quincy Street,Eagleville,PA,19403,Visa,4539849438220602,075,9/2014
Thandsoll,PatMHester@mailinator.com,aiNgoatah7Ah,Pat,Hester,334 Eagle Street,East Saint Louis,IL,62203,Visa,4485984268712214,474,11/2016
Toged1973,ArthurECastro@dodgit.com,ohth0Ru5,Arthur,Castro,238 Fowler Avenue,Bowden,GA,30108,Visa,4532387918377243,465,5/2013
Resat1983,JohnTGraybeal@pookmail.com,gii5Ooneef,John,Graybeal,3410 Broad Street,Birmingham,AL,35203,MasterCard,5458500033257044,965,1/2015
Searmson,TracyCHines@mailinator.com,ohdeeNg6,Tracy,Hines,3324 John Calvin Drive,Chicago,IL,60603,MasterCard,5468936022535008,528,6/2017
Raiddece,StevenJKaufman@pookmail.com,Ie6ooxue3ah,Steven,Kaufman,621 Hilltop Haven Drive,Newark,NJ,07102,MasterCard,5264035159010814,385,12/2014
Colened,DavidBGilbert@trashymail.com,eu3aehoT0r,David,Gilbert,2520 Counts Lane,Cincinnati,KY,45202,Visa,4716219560429543,794,10/2013
Fromork1989,JenniferWDucksworth@dodgit.com,OhQuoo5uree9,Jennifer,Ducksworth,1870 Watson Street,Pleasantville,NJ,08232,MasterCard,5504413383298127,986,1/2017
Gintre76,CarlJDennison@mailinator.com,ie7raeG3Se,Carl,Dennison,1930 Tuna Street,Chandler,IN,47610,MasterCard,5256661550396609,781,1/2013
Stichery,ChristineBGallardo@spambob.com,eerach7SuPa,Christine,Gallardo,4201 Hillcrest Lane,San Diego,CA,92103,MasterCard,5470719721075500,629,2/2017
Preave,DebraJKnowles@spambob.com,oB2Quahz1,Debra,Knowles,433 Emily Renzelli Boulevard,Salinas,CA,93901,MasterCard,5245253298092767,503,3/2015
Everne,SherrieGMichel@pookmail.com,ohj9HaiYoo,Sherrie,Michel,4932 Gladwell Street,Memphis,TN,38117,Visa,4556857726608576,727,1/2015
Hick1971,RolandaRHiggins@pookmail.com,Doo7Fah6,Rolanda,Higgins,1725 Hillhaven Drive,Burbank,CA,91502,MasterCard,5557373146816167,016,5/2016
Abastaid,JohnLArocho@dodgit.com,Shaar0ahyee,John,Arocho,691 Calico Drive,Kennewick,WA,99336,Visa,4485750779189535,079,9/2016
Tilty1952,MatthewSWright@dodgit.com,Shiuzo1Bu,Matthew,Wright,4221 Washington Street,Falfurrias,TX,78355,MasterCard,5211125519333313,966,4/2016
Boboy1975,JoeCBooker@trashymail.com,mae3Ieh9aik,Joe,Booker,772 Neuport Lane,Duluth,GA,30097,Visa,4916230377901408,514,10/2015
Younter,IreneRCollins@pookmail.com,ahGai2Io,Irene,Collins,4773 Saint Marys Avenue,Syracuse,NY,13202,MasterCard,5565920895117880,881,4/2014
Theitheave1968,RoyCDent@mailinator.com,Aezooh2xie,Roy,Dent,4198 Hickman Street,Buffalo Grove,IL,60089,MasterCard,5155740649651307,338,1/2014
Lanold,PatriciaLWalker@spambob.com,Ocai9ie7,Patricia,Walker,1081 Freshour Circle,Pine Crest,CA,95364,MasterCard,5323199234431004,538,6/2015
Heriverch,SandraMBlack@dodgit.com,daesoh2Eid,Sandra,Black,1497 B Street,New Brighton,MN,55112,MasterCard,5270899175375085,183,11/2015
Natied,EmilyHEskridge@trashymail.com,rieShu5rie,Emily,Eskridge,1517 Grove Street,Farmingdale,NY,11735,MasterCard,5258740081190836,315,9/2015
Moseloway,KimberlyNSweet@mailinator.com,ov3phahCai,Kimberly,Sweet,3608 Dovetail Estates,Seiling,OK,73663,Visa,4929607173268733,077,8/2017
Husted90,DavidASteinhauer@pookmail.com,Rubiphae2ei,David,Steinhauer,317 Kerry Way,Whittier,CA,90602,Visa,4556329223715619,880,2/2016
Anated,BobbieWKing@mailinator.com,Ohk8ohNg4ch,Bobbie,King,202 Elliot Avenue,Seattle,WA,98109,Visa,4916948568006493,368,11/2017
Formoush,JamesMDodge@dodgit.com,Nuj7aevei0,James,Dodge,4810 McDonald Avenue,Orlando,FL,32801,MasterCard,5170291125186294,773,11/2015
Sawn1987,ThelmaJJones@spambob.com,lio8iiv5B,Thelma,Jones,2969 Poco Mas Drive,Dallas,TX,75247,MasterCard,5516573739924829,497,8/2017
Sathimpiou,AngelaHWhitaker@dodgit.com,uK6deipaeV,Angela,Whitaker,2043 Boggess Street,Hollansburg,OH,45332,Visa,4716961235488095,821,6/2015
Guideare,BillKBator@mailinator.com,Deith3ohsi1,Bill,Bator,498 Arthur Avenue,Freeport,IL,61032,Visa,4929711434397172,778,9/2013
Terity,JoseKSmith@mailinator.com,Ohd2Chiezi,Jose,Smith,3536 Deer Ridge Drive,Newark,NJ,07102,Visa,4539729702766987,577,5/2015
Finge1939,GordonLBlood@mailinator.com,shu9EhahQu,Gordon,Blood,360 Rogers Street,Cincinnati,OH,45202,MasterCard,5578564852574611,880,12/2017
Plarriving,RaymondORose@dodgit.com,ugh2xi8EeF,Raymond,Rose,4326 Owen Lane,Traverse City,MI,49684,Visa,4532653187727024,373,10/2016
Souble,RobinLRamirez@trashymail.com,pouDosh4eib,Robin,Ramirez,2094 Franklin Avenue,Corpus Christi,TX,78401,MasterCard,5188154998746463,545,1/2017
Obsed1929,ThomasECamacho@mailinator.com,oof1eibuiSh,Thomas,Camacho,3339 Mcwhorter Road,Jackson,MS,39201,MasterCard,5201435122724341,023,7/2017
Dilgin1927,DanielDDavis@dodgit.com,iga7Gohl,Daniel,Davis,2816 Meadowview Drive,Winchester,VA,22638,Visa,4556981015741359,241,2/2017
Justat,ThomasBCraddock@dodgit.com,eeNg2Bu5,Thomas,Craddock,491 Aspen Court,Malden,MA,02148,MasterCard,5546754526359338,335,9/2015
Hadight1976,KimberlyMFox@spambob.com,chaefuNgoh2,Kimberly,Fox,4168 American Drive,Camden,NJ,08102,Visa,4539726609737459,674,7/2016
Wherser,RebeccaDBlack@trashymail.com,Hi1Xai7Oo,Rebecca,Black,4560 Marie Street,Annapolis,MD,21401,MasterCard,5461453175450578,219,3/2016
Leighte,ThurmanDGodwin@pookmail.com,iehahng5Z,Thurman,Godwin,3102 Parker Drive,Independence,OH,44131,MasterCard,5594440631589248,424,7/2014
Angs1952,DonnaBJaimes@mailinator.com,iaHaic3m,Donna,Jaimes,92 Fairway Drive,Fairfield,CA,94533,MasterCard,5148636086484188,151,3/2014
Paropoebacks,HoraceTSims@pookmail.com,Gahv9Ailee,Horace,Sims,2195 Stanley Avenue,Hicksville,NY,11612,MasterCard,5259369858937283,196,12/2013
Wisable,FlorenceMJames@mailinator.com,eeY3quae0,Florence,James,2315 Peaceful Lane,Cleveland,OH,44114,MasterCard,5182293709990907,124,11/2014
Broge1938,DanielPHilson@trashymail.com,eu6zoo9Aer,Daniel,Hilson,3053 Berkshire Circle,Knoxville,TN,37917,Visa,4532434240384065,459,3/2016
Donew1975,DavidSGonzales@spambob.com,eiQuu8thiL3,David,Gonzales,7 Yorkie Lane,Savannah,GA,31401,Visa,4916843789303243,957,4/2013
Hincir,ShirleySBoyce@spambob.com,kiel8Uagh7,Shirley,Boyce,1340 Collins Avenue,Columbus,OH,43215,MasterCard,5141474151996721,877,5/2013
Forint,AlbertLSteward@trashymail.com,OWiexo5qu,Albert,Steward,3676 Broadway Street,Charleston,SC,29424,MasterCard,5405373381481432,612,5/2016
Divictlerner1929,MorrisMMangum@trashymail.com,ta5ahK7eihei,Morris,Mangum,1246 West Drive,Hickory Hills,IL,60457,Visa,4929394088693863,186,2/2017
Lather1937,AnnetteJDavila@pookmail.com,Eeph8duthai,Annette,Davila,2654 Boundary Street,Jacksonville,FL,32246,MasterCard,5299698306404096,042,10/2014
Reents,MyronSMiller@spambob.com,Eku9Eib0ah,Myron,Miller,751 Rainy Day Drive,Cambridge,MA,02142,MasterCard,5541755361974979,352,11/2016
Comead,LisaJConwell@mailinator.com,eeL4kai7ce,Lisa,Conwell,4033 Boring Lane,San Francisco,CA,94108,MasterCard,5439828064271780,682,7/2013
Mexplace,HeatherARodriguez@mailinator.com,aeG5aetei6yee,Heather,Rodriguez,2517 Berkshire Circle,Knoxville,TN,37909,MasterCard,5353121189030253,828,4/2016
Inclaboy,RobertoFCollins@pookmail.com,Shaihoow1,Roberto,Collins,2839 Java Lane,Columbia,SC,29201,Visa,4716314651517783,940,9/2017
Honed1975,JordanRSedgwick@spambob.com,oqu5Aif7,Jordan,Sedgwick,2593 Gandy Street,Syracuse,NY,13224,Visa,4916838703707750,332,9/2015
Bentim,CharlesALogan@trashymail.com,aiZ7sahng8,Charles,Logan,2929 Marcus Street,Centre,AL,35960,Visa,4716911556218704,384,6/2016
Wiltat,MaricelaCWamsley@pookmail.com,Phaiquie3p,Maricela,Wamsley,4459 Harley Brook Lane,Johnstown,PA,15901,MasterCard,5349654484831527,374,10/2017
Quushey,FranciscoJSnell@dodgit.com,zooMaiY3S,Francisco,Snell,1701 Comfort Court,La Crosse,WI,54601,Visa,4929237049035940,157,5/2017
Suicannout,JudyBDominique@dodgit.com,ing9eusheeSh,Judy,Dominique,463 Sand Fork Road,Burrows,IN,46916,Visa,4556490129727916,856,3/2013
Bidisty86,WillieBMcElroy@mailinator.com,aedaiN7oop,Willie,McElroy,644 Brookside Drive,Birmingham,AL,35203,MasterCard,5440769040231158,658,2/2017
Hass1970,LonnieLCarrick@mailinator.com,ahRaiquai2ee,Lonnie,Carrick,900 Dancing Dove Lane,New York,NY,10011,Visa,4716933798693734,162,1/2013
Palier,MichaelKOlive@dodgit.com,aiNg7ga5ai,Michael,Olive,4716 Cunningham Court,Walled Lake,MI,48390,MasterCard,5126617759293367,842,9/2017
Compond,LarryMScott@pookmail.com,Ew6eithoozu,Larry,Scott,3433 South Street,Midland,TX,79703,MasterCard,5424089568235832,220,8/2017
Chreash,DavidMBias@mailinator.com,douse9ao1Yie,David,Bias,751 Fowler Avenue,Denver,IN,46926,Visa,4716404089343405,976,7/2014
Agescits34,StaceyJMichael@dodgit.com,ech6Foh6O,Stacey,Michael,510 Nicholas Street,Fort Riley,KS,66442,MasterCard,5547041540393009,326,10/2014
Asaing,VictoriaRCopeland@pookmail.com,Joob5Eec,Victoria,Copeland,1668 Medical Center Drive,Polk City,FL,33868,MasterCard,5231141779055260,451,2/2016
Diell1938,CandyNFrance@spambob.com,Eecon0phia,Candy,France,3087 Hillhaven Drive,Santa Ana,CA,92705,Visa,4532619335235392,407,11/2017
Hatc1942,JohnJBacon@mailinator.com,Reitai4Oo,John,Bacon,2818 Creekside Lane,Los Angeles,CA,90017,MasterCard,5293717962446419,924,1/2015
Hapat1945,DonaldTOtto@spambob.com,Quan6ohm,Donald,Otto,2969 Lowes Alley,Westerville,OH,43081,MasterCard,5470050217141154,666,5/2015
Whences,JulieHPierre@spambob.com,HamieyiP0ie,Julie,Pierre,2391 Monroe Avenue,Bradenton,FL,34205,Visa,4916604320661634,240,7/2014
Equesions,KellyREly@trashymail.com,yoo0aTh8Hie,Kelly,Ely,4535 Richland Avenue,Sugar Land,TX,77487,MasterCard,5154898288136310,932,11/2017
Diveture1941,MelissaLDunn@dodgit.com,sueh4Gep5ii,Melissa,Dunn,3966 Dovetail Estates,Clinton,OK,73601,MasterCard,5232124076968244,490,5/2014
Hisked,WillieLVillanueva@spambob.com,siiso3eiSh2oo,Willie,Villanueva,2904 Black Oak Hollow Road,Morgan Hill,CA,95037,Visa,4532735404472417,172,1/2014
Wepid1969,TylerVNay@mailinator.com,ooy3iM9owah,Tyler,Nay,643 Heather Sees Way,Muskogee,OK,74401,MasterCard,5502321207260029,813,1/2016
Woughts,HarryCMorales@mailinator.com,be2aeSho,Harry,Morales,324 Whitman Court,Wallingford,CT,06492,Visa,4929201122644531,582,1/2017
Gavy1934,ArturoSMcIntyre@trashymail.com,Ahgh1Fier,Arturo,McIntyre,4819 Star Trek Drive,Monticello,FL,32344,MasterCard,5364440218243803,872,10/2013
Wheed1965,PrestonAStrong@pookmail.com,ui0Aephe,Preston,Strong,2425 Atha Drive,Bakersfield,CA,93301,Visa,4716245283981130,368,8/2013
Forry1948,BrianJMartinez@pookmail.com,koo3Aeghae,Brian,Martinez,2825 Hardman Road,Brattleboro,VT,05301,Visa,4556052840373055,221,6/2016
Sirly1944,MarcyMHarper@pookmail.com,Vi1aaxiesh,Marcy,Harper,4533 Oral Lake Road,Wayzata,MN,55391,MasterCard,5212606257491347,013,9/2017
Prithe52,TiffanyMTaylor@dodgit.com,aiRoo7Thahc,Tiffany,Taylor,1192 Deer Ridge Drive,Morristown,NJ,07960,Visa,4916075062186058,980,11/2016
Evindebethe,StevenVDeleon@spambob.com,poo2ahGoog5,Steven,Deleon,3345 Ferry Street,New Hope,AL,35760,MasterCard,5171668414709739,845,6/2013
Doten1931,JaredCBilodeau@pookmail.com,Chi4vengii,Jared,Bilodeau,310 Cottonwood Lane,Nashville,TN,37203,Visa,4916046031358169,894,7/2017
Eathated1937,MariaHCamarillo@spambob.com,ahThu3ook4,Maria,Camarillo,2443 Bond Street,Newport,RI,02840,Visa,4485026663246198,115,3/2015
Gois1935,AntonioCWallace@dodgit.com,Eitua9eYui,Antonio,Wallace,969 Fieldcrest Road,Westbury,NY,11590,MasterCard,5366064737019102,724,1/2013
Stens1932,JoseMShiver@pookmail.com,ahthiJai9Jo,Jose,Shiver,4889 Nicholas Street,Holyrood,KS,67450,Visa,4539219576962888,319,2/2013
Freg1971,HarveyRCowen@mailinator.com,iTae9lee,Harvey,Cowen,4999 Oakridge Lane,Augusta,GA,30901,MasterCard,5438787363288773,250,10/2016
Liagn1933,RebeccaLReese@pookmail.com,Ohh9beirai,Rebecca,Reese,2933 Levy Court,Framingham,MA,01701,Visa,4556948338704356,812,2/2017
Hather1949,AdamSPride@pookmail.com,Oedee6doh,Adam,Pride,4496 Elk City Road,Indianapolis,IN,46204,MasterCard,5277607327145964,889,7/2016
Penig1938,DennisMSmith@spambob.com,aimueZuo8ieph,Dennis,Smith,833 Ralph Drive,Chardon,OH,44024,MasterCard,5403286841594093,089,7/2016
Gaing1941,DavidMKegler@dodgit.com,aotak0Ie,David,Kegler,869 Deans Lane,Chappaqua,NY,10514,Visa,4485836172550355,668,7/2013
Wereemild72,KennethBSantana@pookmail.com,loh9ooKung,Kenneth,Santana,4046 Romrog Way,Grand Island,NE,68801,Visa,4532522630396598,869,1/2017
Therchappog,WilliamJFerguson@pookmail.com,Eu8DeeTho6ai,William,Ferguson,2762 Blackwell Street,Glennallen,AK,99588,MasterCard,5368291291279578,825,3/2015
Neon1928,DawnELefler@spambob.com,Ceiwae5th,Dawn,Lefler,3831 Maxwell Street,Plainville,CT,06062,MasterCard,5223299738966884,103,12/2017
Entlead,EdwardAHarris@pookmail.com,nie2iaC9zah,Edward,Harris,2292 Airplane Avenue,Stamford,CT,06902,Visa,4929113789773323,246,2/2015
Thoppity,MariaMDavis@dodgit.com,auto3KixeiCh,Maria,Davis,1350 Powder House Road,Boynton Beach,FL,33435,Visa,4916141257207966,665,1/2016
Ansinver,StevenSTryon@pookmail.com,aesh7Iehae,Steven,Tryon,3912 Mapleview Drive,Jackson,TN,38301,Visa,4916533700527836,551,6/2017
Recas1975,RonaldHRedden@pookmail.com,Ahng3woo,Ronald,Redden,542 Maxwell Farm Road,Fredericksburg,VA,22401,MasterCard,5191607176085165,768,1/2013
Iner1949,AnitaCBennett@spambob.com,beiquieT4h,Anita,Bennett,1243 Maple Lane,Massey,AL,35622,MasterCard,5208859494283672,589,6/2013
Beeposent,EdwardDColeman@trashymail.com,ootheng7Ath,Edward,Coleman,219 Mount Olive Road,Gainesville,GA,30501,MasterCard,5126430132083798,770,9/2013
Stery1979,ArthurPBraden@dodgit.com,chauSh5phie,Arthur,Braden,1527 Harley Vincent Drive,Mayfield Heights,OH,44124,Visa,4916269758865709,110,6/2015
Blentoreaday71,LoisREiland@pookmail.com,uew5Ahzos,Lois,Eiland,3754 Walton Street,Provo,UT,84606,Visa,4485714333794206,371,6/2016
Lappency,MarionMFiedler@trashymail.com,ooneik8aiX,Marion,Fiedler,3126 Layman Avenue,Fayetteville,NC,28306,Visa,4716779163313519,066,8/2016
Restlys46,JosephineRColon@pookmail.com,vou5ZooXah,Josephine,Colon,3543 Stoney Lonesome Road,Pittston,PA,18640,MasterCard,5241516928013393,429,8/2017
Brohn1949,RosalindaSJackson@dodgit.com,iH4zooPhein,Rosalinda,Jackson,1459 Golden Street,Miami,FL,33147,Visa,4532150837734542,692,1/2016
Funt1937,PatriceCValdes@dodgit.com,poh5Qui9,Patrice,Valdes,1169 Star Trek Drive,Pensacola,FL,32514,MasterCard,5257728410169333,152,7/2013
Amorne,JohnMLowe@spambob.com,daeph0Lei7oo,John,Lowe,3005 Byrd Lane,Des Moines,NM,88418,Visa,4485879342283226,225,1/2014
Becove,CarolynCBauer@mailinator.com,xahpui5Yae,Carolyn,Bauer,2700 Patton Lane,Garner,NC,27529,MasterCard,5476360964675195,684,12/2014
Graffits,AndreaAWilson@trashymail.com,wapeuN5o,Andrea,Wilson,2115 Rowes Lane,Oak Grove,KY,42223,MasterCard,5124014434609625,639,10/2017
Lonsward,VeraJSnyder@trashymail.com,pahNa3on9,Vera,Snyder,2688 Stroop Hill Road,Atlanta,GA,30329,Visa,4539216270647120,739,4/2016
Lont1980,KarenBReyes@spambob.com,EbaiM8nohl9,Karen,Reyes,2791 Laurel Lane,Odessa,TX,79763,Visa,4485566306221728,952,5/2016
Swily1938,BoydSBuxton@pookmail.com,PeiSoh4eegh,Boyd,Buxton,4699 Highland Drive,Mount Calvary,WI,53057,Visa,4485643005489219,841,2/2013
Drom1936,KathleenMRusso@dodgit.com,EeJi4zoo,Kathleen,Russo,1985 Ashwood Drive,Council Bluffs,IA,51501,MasterCard,5584447537511665,069,10/2016
Fradenurry,PatriciaRLeverett@pookmail.com,yuo2Eihae,Patricia,Leverett,1625 Radford Street,Louisville,KY,40202,MasterCard,5483814792588310,994,4/2014
Ming1932,MarcusDRamirez@trashymail.com,ohth7uHooJ,Marcus,Ramirez,4912 Seth Street,Goldthwaite,TX,76844,MasterCard,5147740740377704,896,7/2017
Burpecto,TylerPHorrell@dodgit.com,EechuoW3,Tyler,Horrell,4721 Ferguson Street,Marlboro,MA,01752,MasterCard,5543464632234556,848,6/2017
Councent,MarionMDelgado@mailinator.com,chaj7AhZ6,Marion,Delgado,1093 Hall Place,Longview,TX,75601,Visa,4532640340422544,234,2/2017
Shooth,GordonAJeffries@pookmail.com,loChoos0ai,Gordon,Jeffries,862 Rogers Street,Cincinnati,OH,45202,MasterCard,5143203928267258,154,4/2016
Whadn1963,MichaelHTaylor@dodgit.com,vai6iDeegae,Michael,Taylor,4475 Sardis Station,Minneapolis,MN,55402,MasterCard,5469303768449861,637,11/2014
Diater89,CourtneyBTate@dodgit.com,ei5ooDeeCai,Courtney,Tate,574 Jacobs Street,Monroeville,PA,15146,Visa,4556843358777848,142,7/2015
Anxing,JustinSSullivan@dodgit.com,Eigai8phei,Justin,Sullivan,3340 Giraffe Hill Drive,Duncanville,TX,75116,MasterCard,5595768796734228,513,3/2016
Nobster,ToddEPugh@trashymail.com,ji4weepa6Ee,Todd,Pugh,1675 Wescam Court,Fernley,NV,89408,Visa,4716994682764783,217,4/2014
Unneville,KristieJMiller@spambob.com,wei5leeTah,Kristie,Miller,489 McKinley Avenue,Centennial,CO,80111,MasterCard,5558266734451174,216,4/2016
Chmervaske,ThomasADavis@trashymail.com,ie5ikulah4J,Thomas,Davis,4223 Pretty View Lane,San Francisco,CA,94103,Visa,4929261205031295,440,10/2016
Exions,CraigSLummus@trashymail.com,eicieRa2guv,Craig,Lummus,3341 Queens Lane,Fork Union,VA,23055,Visa,4916190334476300,779,4/2017
Sects1981,KevinMEmmons@dodgit.com,ooxooNgoh0th,Kevin,Emmons,834 Camden Place,New York,NY,10017,Visa,4485013698972956,180,4/2013
Wholing,HarryJParkerson@dodgit.com,ti2Agovahgh,Harry,Parkerson,3334 Morgan Street,Madison,FL,32340,Visa,4916463301541251,253,4/2017
Samond,RickeyKGleason@mailinator.com,bie1OkeiKa,Rickey,Gleason,4840 Rainbow Drive,Richfield,OH,44286,Visa,4532212562963975,181,1/2017
Stione,JackieJWashington@spambob.com,nieg8heiPoo,Jackie,Washington,2689 Garrett Street,Philadelphia,PA,19108,MasterCard,5183676162366020,617,11/2014
Nots1950,MichelleHBooker@trashymail.com,thei2gooLie,Michelle,Booker,1798 Oak Way,Omaha,NE,68111,Visa,4485304468625266,825,7/2013
Finece,JuliaJAvery@spambob.com,mahS6shie,Julia,Avery,4839 Feathers Hooves Drive,New York,NY,10005,Visa,4716847300935518,804,6/2014
Beepard,FredBSmith@spambob.com,Yohmeid2ph,Fred,Smith,2570 Brown Bear Drive,Riverside,CA,92507,Visa,4539008333654262,928,3/2015
Plents,SamuelDNunez@mailinator.com,eiC0Aeveer2,Samuel,Nunez,1174 Robinson Court,Port Hope,MI,48468,MasterCard,5105165063301828,053,11/2014
Faren1980,MarshallTBattin@spambob.com,Oofah0tei,Marshall,Battin,1481 Sheila Lane,Reno,NV,89501,Visa,4556559048898279,052,2/2015
Onames,BrittneyRMele@trashymail.com,cohPh2uJoo,Brittney,Mele,4538 Jail Drive,Pekin,IL,61554,Visa,4485221925106948,585,4/2013
Knoter,SandraFAbe@spambob.com,aeci0ieGh,Sandra,Abe,3366 Layman Avenue,Dunn,NC,28334,MasterCard,5515959572265639,621,5/2014
Prive1972,RobynCChamberlain@pookmail.com,aiXo4eiWas,Robyn,Chamberlain,269 Brown Bear Drive,Los Angeles,CA,90017,Visa,4532102440017153,512,10/2015
Scon1967,JuliaRMcCarthy@pookmail.com,Namio8Tee,Julia,McCarthy,2425 Scenicview Drive,Longview,TX,75601,Visa,4716353399843325,321,7/2017
Ploven91,PennyCThomas@trashymail.com,Aa9jozaejei,Penny,Thomas,2510 Lincoln Drive,Harrisburg,PA,17116,MasterCard,5194697238840456,788,5/2015
Enisho,ZaneAHambly@pookmail.com,rah3Iemaikoo,Zane,Hambly,4150 Summit Street,Mechanicsville,IA,52306,MasterCard,5276921567039824,200,5/2014
Beeirekee,EdwardKBarden@pookmail.com,thee2Zu6tee,Edward,Barden,2635 Cottonwood Lane,Nashville,TN,37201,MasterCard,5400232397663018,554,9/2017
Stento,DavidSLang@mailinator.com,thi9yiquouQu,David,Lang,1995 Palmer Road,Worthington,OH,43085,MasterCard,5537781705732119,468,7/2014
Amych1984,BarbaraDBergan@dodgit.com,Ahph4eeNg,Barbara,Bergan,2300 Vine Street,Schaumburg,IL,60173,Visa,4539299648502367,061,9/2015
Sheatran,BarbaraJBarboza@pookmail.com,ODu5nung,Barbara,Barboza,1379 Parker Drive,Maple Heights,OH,44137,Visa,4485498795922212,587,5/2013
Artribervill,GregSFane@trashymail.com,ohsaChou0ie,Greg,Fane,4391 Kerry Way,Irvine,CA,92614,MasterCard,5200990671207404,186,12/2017
Therhatim,CarlJWillis@dodgit.com,ieng3Peelai,Carl,Willis,3112 River Road,Pueblo,CO,81003,Visa,4556250266054858,245,2/2017
Hasto1980,LornaPBrown@dodgit.com,Eepeej7tohj,Lorna,Brown,4831 Turkey Pen Road,New York,NY,10016,MasterCard,5583179254942762,959,8/2014
Grothe49,TimothyMArce@pookmail.com,eeB4quahlah,Timothy,Arce,695 Elliot Avenue,Seattle,WA,98115,Visa,4532676251440273,769,4/2014
Viceplaint72,CharlotteEMcKinney@pookmail.com,AhdahPah7,Charlotte,McKinney,1862 Tibbs Avenue,Dillon,MT,59725,MasterCard,5479459591877971,139,3/2015
Sminget,AlexJTaylor@dodgit.com,Jaiv7eeforoo,Alex,Taylor,1935 Neuport Lane,Smyrna,GA,30080,MasterCard,5541987904286856,225,10/2017
Himse1957,RobertHStpeter@pookmail.com,paise7uX,Robert,Stpeter,519 Froe Street,Martinsburg,WV,25401,Visa,4929330656716439,870,2/2014
Wation,DebbieKHodges@trashymail.com,itiB6ve9nai,Debbie,Hodges,4511 Byers Lane,Davis,CA,95616,MasterCard,5348100275693438,353,3/2016
Pentand,MarkJPryor@spambob.com,aka6aMiem3ah,Mark,Pryor,625 Taylor Street,Scarsdale,NY,10583,MasterCard,5132060806650028,834,10/2013
Berneir,JackieBSmith@mailinator.com,iePheer6aix,Jackie,Smith,1705 Bluff Street,Hagerstown,MD,21742,MasterCard,5101310866213150,512,6/2017
Eciou1980,JudyDMcGahey@dodgit.com,EilaeM8EFei,Judy,McGahey,2041 Godfrey Road,New York,NY,10029,MasterCard,5548962013423719,618,6/2014
Liestered,KellyDCurtis@spambob.com,yoo8woeHequ,Kelly,Curtis,3239 Loving Acres Road,Fort Worth,TX,76161,Visa,4539605858324328,442,9/2017
Monce1992,CaseyJPina@spambob.com,Iob0FahD,Casey,Pina,4199 Hillside Street,Tempe,AZ,85281,Visa,4929752664405509,008,10/2016
Bary1986,NathanSCox@dodgit.com,hothoh1Bae,Nathan,Cox,666 Parrish Avenue,San Antonio,TX,78205,MasterCard,5499030450974591,867,3/2014
Ourich,NoraMBooth@trashymail.com,eiX0eeGhohng,Nora,Booth,3799 Hott Street,Oklahoma City,OK,73107,MasterCard,5189954235333135,076,2/2013
Antea1945,SeanJBennett@mailinator.com,chaige6Ph,Sean,Bennett,929 Tator Patch Road,Chicago,IL,60605,MasterCard,5251487810626303,608,5/2014
Whournany,KathyLWhite@pookmail.com,Nii0coew,Kathy,White,1104 Lee Avenue,Hopewell (Mercer),NJ,08525,Visa,4556597474105066,058,4/2017
Imind1963,CharlesGMorehead@dodgit.com,Oomaz2Ecetoo,Charles,Morehead,2361 Randolph Street,Fall River,MA,02720,Visa,4532507229072056,270,5/2013
Ovent1966,SandraTDahl@trashymail.com,zi7Oohei6,Sandra,Dahl,3165 Mandan Road,Deering,MO,63840,MasterCard,5172901222212623,618,2/2017
Exquided,TaneshaRMagoon@pookmail.com,uvee5Ifi,Tanesha,Magoon,4797 Winifred Way,Greencastle,IN,46135,MasterCard,5422270715501779,903,2/2016
Siriand,HaroldDSawyer@pookmail.com,Eimu5Ohs,Harold,Sawyer,1266 Hidden Pond Road,Nashville,TN,37210,MasterCard,5499138735283298,989,9/2014
Whave1937,AndrewNPutnam@spambob.com,iVohGe4ah,Andrew,Putnam,2089 Yorkie Lane,Savannah,GA,31401,Visa,4929461311120004,849,4/2013
Otibitepar,GayleGMillhouse@mailinator.com,Ahfeicei8Ae,Gayle,Millhouse,3279 Masonic Hill Road,Paron,AR,72122,MasterCard,5150232389245792,765,3/2015
Looke1979,JohnCKenney@spambob.com,EexeeJ9thoh,John,Kenney,3548 Davis Avenue,Trinidad,CA,95570,MasterCard,5502984488842052,184,1/2013
Ataked75,TeraESanders@trashymail.com,ogh3Phue,Tera,Sanders,1454 Bell Street,San Antonio,TX,78229,MasterCard,5332742871867532,806,4/2014
Hicithove1949,ConradEKlein@mailinator.com,ahceeYu3chah,Conrad,Klein,3442 Hidden Meadow Drive,Makoti,ND,58756,MasterCard,5593334311700723,917,7/2015
Ressen,DorisCCraddock@trashymail.com,aoBi1Ushin,Doris,Craddock,597 Woodland Terrace,Sacramento,CA,95814,MasterCard,5482311576148610,263,11/2016
Puress1989,SigridRGilbert@trashymail.com,ooxohWee2ei,Sigrid,Gilbert,1401 Metz Lane,San Diego,CA,92121,MasterCard,5305744454804786,019,12/2017
Lonce1940,JeffADejesus@trashymail.com,Eepie4en,Jeff,Dejesus,2813 Gordon Street,Pomona,CA,91766,MasterCard,5262308244898606,481,4/2014
Thaties,ChristopherSArmstead@trashymail.com,Aaphoor0ohp,Christopher,Armstead,1253 Wood Duck Drive,Gladstone,MI,49837,MasterCard,5430901335508782,819,10/2016
Chai1978,JohnBBroussard@spambob.com,heegie7ieTh,John,Broussard,3912 Neville Street,Evansville,IN,47708,MasterCard,5346260861695890,942,4/2014
Thespothe,TannerEAndrews@spambob.com,Taih5aij9,Tanner,Andrews,3271 Lynn Street,Franklin,MA,02038,MasterCard,5489641939840658,594,11/2013
Cappraid,AlineJTourville@trashymail.com,aR2tee8at,Aline,Tourville,3547 Tanglewood Road,Fulton,MS,38843,Visa,4716134475254011,184,5/2015
Deadelay,AllenDBrown@spambob.com,ooGiga5ai,Allen,Brown,2864 Euclid Avenue,San Luis Obispo,CA,93401,MasterCard,5158870501211382,321,9/2014
Ouliff,KeishaJNoah@dodgit.com,Gie8thahs,Keisha,Noah,4654 Oakmound Drive,Hickory Hills,IL,60457,Visa,4916649651245424,142,11/2015
Reents1977,EmmettMBailey@dodgit.com,Achoh0iet2U,Emmett,Bailey,1271 Frederick Street,Sacramento,CA,95814,MasterCard,5190811199897850,257,10/2013
Thoutter36,DanielleKVazquez@trashymail.com,iGeibooHin9,Danielle,Vazquez,4098 Worley Avenue,Lynchburg,VA,24501,MasterCard,5458563246349032,577,2/2015
Awass1949,NathanielEClark@dodgit.com,sabi1Eesh,Nathaniel,Clark,4662 Austin Secret Lane,Salt Lake City,UT,84104,MasterCard,5242233708856996,324,3/2014
Samed1991,CarolLWeber@dodgit.com,Jaighav3oh,Carol,Weber,1392 Emerson Road,Shreveport,LA,71101,Visa,4916761083517047,506,8/2016
Twouthe,MarthaWSanchez@pookmail.com,oKoonaiph1I,Martha,Sanchez,2159 Roane Avenue,Suitland,MD,20746,Visa,4485991921198038,382,8/2013
Miresslemes,RandyMTorres@spambob.com,al3ito4Ei,Randy,Torres,499 Brannon Street,Los Angeles,CA,90071,Visa,4929136810503401,012,3/2016
Themon,PeteBJohnson@mailinator.com,Oofie4oth8v,Pete,Johnson,52 Beeghley Street,Belton,TX,76513,Visa,4556971829209347,881,1/2016
Suls1946,GalenPHaley@spambob.com,deiphu1N,Galen,Haley,2008 Sherwood Circle,Lafayette,LA,70501,MasterCard,5260311991803631,499,3/2013
Fork1931,SigneSRose@mailinator.com,soh3Ailei,Signe,Rose,4516 Lynch Street,New Berlin,WI,53151,Visa,4485480477099311,969,8/2014
Amplike,JuanBQuinn@trashymail.com,Vee0ohraix,Juan,Quinn,1125 Stratford Court,Raleigh,NC,27601,MasterCard,5543235119086754,497,11/2015
Ligem1963,RamonLMossman@dodgit.com,aecooyie4Ah,Ramon,Mossman,955 Crestview Manor,Indianapolis,IN,46241,MasterCard,5497074404381919,367,10/2013
Dulthichuraw,LoraineFBoothe@dodgit.com,ood2Aesh,Loraine,Boothe,3010 Rainbow Road,Los Angeles,CA,90014,Visa,4929578537720406,673,1/2013
Suptiele,AliceFBedford@pookmail.com,aiHoosh7Ohx,Alice,Bedford,2093 Whaley Lane,New Berlin,WI,53151,Visa,4556241159618891,049,10/2013
Theman,DonaldTKeech@dodgit.com,eiM8ievee3,Donald,Keech,1318 Russell Street,Concord,MA,01742,MasterCard,5171108295595550,081,12/2017
Occonever,IrisMFarr@mailinator.com,Diphai3th,Iris,Farr,2497 Renwick Drive,Philadelphia,PA,19103,MasterCard,5203270188590494,859,9/2013
Linsom,ClydeMBurge@pookmail.com,Ohdei4eesh,Clyde,Burge,980 Callison Lane,Newark,DE,19711,Visa,4916475842240151,443,5/2015
Imsexprow,GlennMMichaud@mailinator.com,mouvoi2Ri,Glenn,Michaud,2046 Horner Street,Youngstown,OH,44503,Visa,4556525509896987,866,5/2014
Wagemsed,DonnaDSparling@pookmail.com,oop1aZ9ail0,Donna,Sparling,4728 Aspen Court,Boston,MA,02107,Visa,4916215668293177,579,7/2016
Thenothe52,BenjaminMBradford@pookmail.com,ooGhieg8v,Benjamin,Bradford,35 Short Street,Austin,TX,78723,MasterCard,5449591211653718,254,7/2015
Sathect,BenjaminCMcBee@mailinator.com,jeemooGei6,Benjamin,McBee,3565 Mount Street,Bay City,MI,48706,Visa,4532036682610293,439,9/2013
Fonumene,CynthiaCMiranda@spambob.com,ieYa7reiyu,Cynthia,Miranda,967 Khale Street,Chesterfield,SC,29709,Visa,4716248371644693,185,9/2016
Gazated,MatildaRGipson@trashymail.com,vu5Ien3ai,Matilda,Gipson,2812 Wood Duck Drive,Iron Mountain,MI,49801,Visa,4929514088282611,690,3/2015
Jume1959,RobertMVillanueva@mailinator.com,eeQu2che,Robert,Villanueva,4367 Skinner Hollow Road,Days Creek,OR,97429,Visa,4485678981986630,386,9/2016
Fropecter,EileenTFierro@dodgit.com,eix8iaSoo,Eileen,Fierro,1648 Clement Street,Atlanta,GA,30342,Visa,4929946814144022,317,4/2016
Gooffe,FredSBaker@mailinator.com,oiS6eeGh7,Fred,Baker,732 Brighton Circle Road,St Cloud,MN,56301,MasterCard,5407961645658122,649,8/2013
Butiournin,MatthewSBarcia@mailinator.com,za9ooMeih,Matthew,Barcia,334 Walt Nuzum Farm Road,Castile,NY,14427,Visa,4539795201990840,775,11/2013
Toordon,CalvinMTejada@dodgit.com,gualade4Xoo,Calvin,Tejada,1087 Oliver Street,Frisco,TX,75034,Visa,4929454641654800,414,1/2017
Wareat,MatthewCEngel@dodgit.com,tiu8Iequei,Matthew,Engel,2562 Ruckman Road,Oklahoma City,OK,73162,Visa,4556279599946407,655,1/2016
Froin1971,WandaNKimbrough@trashymail.com,DahC0Oon4ai,Wanda,Kimbrough,3415 Lakeland Terrace,Taylor,MI,48180,MasterCard,5390013606297455,534,4/2017
Thro1929,MildredVCabe@mailinator.com,dieh2Aigh,Mildred,Cabe,1737 Ruckman Road,Oklahoma City,OK,73113,Visa,4539553548038496,838,5/2017
Ortabow,DianeKLewis@trashymail.com,thoh5uoVaej,Diane,Lewis,2351 Apple Lane,Holdrege,NE,68949,Visa,4485120465323378,876,3/2015
Humbeas38,CharlesLCook@pookmail.com,AiXeegah6ee,Charles,Cook,638 Westwood Avenue,Hicksville,NY,11612,MasterCard,5466197406865642,222,4/2017
Hentle,ThomasSJones@trashymail.com,yi2ohNg8m,Thomas,Jones,823 Center Avenue,Fresno,CA,93721,Visa,4929874064174921,540,2/2017
Wens1936,RobertJAshcroft@pookmail.com,ausahK6ee,Robert,Ashcroft,4200 Red Hawk Road,Saint Cloud,MN,56301,Visa,4556517187570737,531,3/2015
Youltas,FrancesARobertson@spambob.com,vahjiV2Lie,Frances,Robertson,328 Woodridge Lane,Mason,TN,38049,MasterCard,5431488481121767,790,1/2014
Hustiles,RobertERucker@trashymail.com,aiv4Aiphuz,Robert,Rucker,1842 Willison Street,Wayzata,MN,55391,MasterCard,5305548512252536,994,4/2014
Thermly,SharlaRBarnes@pookmail.com,gaeNohd9eb,Sharla,Barnes,2347 Nickel Road,City Of Commerce,CA,90040,MasterCard,5450055729736676,596,12/2014
Brimmould,KristinSThompson@spambob.com,focoov0Oh,Kristin,Thompson,428 Rosebud Avenue,Viola,AR,72583,Visa,4916341371672422,905,12/2013
Residuchathe1970,NancySDias@pookmail.com,gaeW8eeloh,Nancy,Dias,4639 Emerson Road,Alexandria,LA,71302,MasterCard,5259445663336232,750,11/2014
Eflete,LesliePMcIntosh@mailinator.com,Os0uphaiki,Leslie,McIntosh,726 Pritchard Court,Worthington,MN,56187,MasterCard,5336661737037484,315,8/2013
Complew,BrianPHobbs@spambob.com,zeugee0S,Brian,Hobbs,3693 Sunny Day Drive,Santa Ana,CA,92705,MasterCard,5568146274636814,652,7/2014
Canuttle,RhondaDNecaise@mailinator.com,eSe8qua7ai,Rhonda,Necaise,4551 Jessie Street,Kingston,OH,45644,MasterCard,5402715813248644,361,7/2013
Maret1984,JesusMCraven@mailinator.com,aC8raey6Quie,Jesus,Craven,1227 Pin Oak Drive,Long Beach,CA,90815,Visa,4929076561390733,554,6/2017
Eank1941,HenryJKraemer@pookmail.com,IeRai5Aib4,Henry,Kraemer,2243 Winding Way,Providence,RI,02904,MasterCard,5161719711444587,681,5/2015
Facepow,JenniferFWickman@trashymail.com,xae5Aethai,Jennifer,Wickman,1028 Scott Street,Chester,NY,10918,Visa,4539601890166959,774,12/2015
Maject,AlbertTFernandez@spambob.com,Chook1ir7,Albert,Fernandez,609 Rhapsody Street,Chassahowitzka,FL,32647,Visa,4929296536976917,139,3/2016
Vaid1972,DanitaRSzabo@pookmail.com,Eiphoo3ae,Danita,Szabo,698 Fairfield Road,Kenosha,WI,53140,MasterCard,5168992542928648,426,8/2014
Mente1969,CharlesJJones@pookmail.com,ahSh8geeg0oo,Charles,Jones,2299 Lowes Alley,Columbus,OH,43215,MasterCard,5150432141321531,472,2/2015
Heyese1928,NedAWallace@trashymail.com,yeo9eeXai,Ned,Wallace,174 Still Pastures Drive,Columbia,SC,29201,Visa,4916940645319833,826,10/2014
Thewene,AlbertoJShockley@spambob.com,chi2ii1Aigh,Alberto,Shockley,2123 Tenmile Road,Waltham,MA,02154,Visa,4929005451200108,400,4/2013
Conflims,MichaelAJimenez@mailinator.com,heR0aequee,Michael,Jimenez,1811 John Daniel Drive,Manchester,MO,63011,MasterCard,5323504865871636,647,2/2013
Guitterotice,PatsyDBrunson@trashymail.com,ohgh1Phei,Patsy,Brunson,4596 Stoney Lane,Richardson,TX,75081,Visa,4539594784503173,775,11/2015
Wastat,DerrickCRice@dodgit.com,Ahhohlee1Wie,Derrick,Rice,439 Shinn Avenue,Crafton,PA,15205,Visa,4532132271878134,967,6/2013
Tromis,CarlEPriester@trashymail.com,xoogi8Oo,Carl,Priester,3638 Horseshoe Lane,Portland,PA,97205,MasterCard,5204572145742293,566,1/2017
Obse1982,JettieMMoss@dodgit.com,heichoh8AN,Jettie,Moss,2390 Bee Street,Grand Rapids,MI,49503,Visa,4532967258976629,707,10/2013
Huren1927,CharityHEstrada@dodgit.com,Aey7Eika,Charity,Estrada,2586 Kimberly Way,Grand Rapids,MI,49546,MasterCard,5342703482266934,312,11/2016
Hompsed,TeresaDLucas@mailinator.com,iy0He3Ye,Teresa,Lucas,337 Stark Hollow Road,Haxtun,CO,80731,Visa,4539517692537215,134,3/2015
Wifeeminly,JennyJStafford@dodgit.com,chaebeVe7Nah,Jenny,Stafford,1080 Twin House Lane,Noel,MO,64854,MasterCard,5590760156891198,027,5/2013
Withis1951,MatthewSCobbs@trashymail.com,Boo6Chah9,Matthew,Cobbs,4438 Hope Street,Tigard,OR,97223,Visa,4539216135869786,416,4/2015
Allontention,MollieFCamp@spambob.com,eaxuSh5choh,Mollie,Camp,2867 Hummingbird Way,Boston,MA,02110,Visa,4485840116956884,290,1/2016
Thentoa,ElizabethTMobley@trashymail.com,oNg3enga,Elizabeth,Mobley,3046 Shinn Street,New York,NY,10029,Visa,4716015631153975,738,1/2014
Abouldis,JosieVJensen@mailinator.com,Jae2Rahyam,Josie,Jensen,4721 Frank Avenue,Hatfield,MA,01038,Visa,4556493123802644,076,2/2014
Berighbour1981,StephanieWBarras@dodgit.com,Tae8OoFah,Stephanie,Barras,2739 Dark Hollow Road,Stoughton,WI,53589,Visa,4929021829620562,312,9/2015
Incion1942,LeolaNLe@pookmail.com,IeXei7ie,Leola,Le,4709 Lena Lane,Taylorsville,MS,39168,MasterCard,5435815643074946,326,9/2016
Congs1960,PaulineRMartz@pookmail.com,rei7wahT9,Pauline,Martz,2357 Laurel Lane,Sanderson,TX,79848,MasterCard,5235446463490673,797,2/2017
Uselp1993,GreggMRobison@mailinator.com,Aichogh2,Gregg,Robison,2995 Cessna Drive,Fort Wayne,IN,46802,MasterCard,5502321807165495,161,1/2015
Nathe1963,JohnKHatten@spambob.com,Phah2iMei,John,Hatten,2416 Sigley Road,Lawrence,KS,66044,MasterCard,5169333756062379,122,8/2015
Namintaid,EasterCBurns@pookmail.com,ooVa7chie,Easter,Burns,1940 Broadcast Drive,Reston,VA,22091,Visa,4716338125074162,117,11/2016
Gramptude,MelissaRTucker@trashymail.com,eib6The4pee,Melissa,Tucker,1178 Chapel Street,Sugar Land,TX,77487,Visa,4539561749109693,978,5/2014
Thout1972,MarvinKSweeny@pookmail.com,cae8xi1B,Marvin,Sweeny,3920 Asylum Avenue,Cheshire,CT,06410,MasterCard,5255164503895976,834,4/2015
Withestable,PatriciaJSellers@spambob.com,aiquiiB9Ie,Patricia,Sellers,1014 Woodridge Lane,Memphis,TN,38127,Visa,4716686575094886,892,2/2016
Anksembefuld1993,JanetDMartinez@spambob.com,xi2OhFai2ah,Janet,Martinez,4605 Christie Way,Danvers,MA,01923,Visa,4916247623604511,166,7/2014
Vesomply,JeanneDPruett@dodgit.com,bi4Ohlae8,Jeanne,Pruett,334 Collins Street,Tampa,FL,33614,Visa,4556138253020737,077,6/2016
Agoo1935,JasminSHill@trashymail.com,aiYai6Xe,Jasmin,Hill,3807 Rinehart Road,Miami,FL,33179,MasterCard,5169082412121554,678,3/2017
Exper1942,RonnieTBearce@dodgit.com,utheodooK3,Ronnie,Bearce,2547 Benson Park Drive,Oklahoma City,OK,73109,Visa,4556256277097323,144,4/2014
Trieste,BrittneyWWeber@dodgit.com,Ovef9uuGh,Brittney,Weber,4193 Mill Street,Greenville,SC,29601,Visa,4485562450254029,055,3/2013
Beld1963,ClaudiaMFitzgerald@dodgit.com,geirae8uGha,Claudia,Fitzgerald,1960 Milford Street,Chichester,NH,03263,Visa,4929153719635127,342,3/2017
Theyel,DavidGTucker@dodgit.com,eevuiXoo3ie,David,Tucker,4657 Big Elm,Overland Park,MO,64110,Visa,4916818809127194,543,12/2014
Prosis,StephenMGrubb@spambob.com,Ietae8iengo,Stephen,Grubb,585 Reel Avenue,Las Cruces,NM,88001,MasterCard,5220852458701288,161,4/2014
Shicke52,RichardNJones@trashymail.com,leePh3kee7,Richard,Jones,985 Allison Avenue,Norfolk,VA,23502,Visa,4485367547250034,025,9/2017
Ingeng,ShannonJPacheco@pookmail.com,Mai9Ohzae,Shannon,Pacheco,3928 Gandy Street,Auburn,NY,13021,Visa,4916515559242740,102,11/2016
Fixecition,JeremyBParker@dodgit.com,yohy9Le4iegh,Jeremy,Parker,4886 Wiseman Street,Gatlinburg,TN,37738,MasterCard,5325144925285796,882,2/2014
Eatigninge1945,JoannVHayes@trashymail.com,bohJ3Ushah2,Joann,Hayes,393 Hilltop Haven Drive,Passaic,NJ,07055,Visa,4916245218349534,992,11/2013
Histell,TheresaMMinter@mailinator.com,De7uifooNgie,Theresa,Minter,2820 Willison Street,Columbus,GA,31901,Visa,4929364916089493,344,4/2013
Exion1970,JamieDRose@spambob.com,li8Baimoh,Jamie,Rose,300 Long Street,Ocala,FL,34471,MasterCard,5233291582662196,279,2/2016
Mined1982,RubyLJohnson@mailinator.com,eiz6eShae,Ruby,Johnson,3282 Monroe Street,Houston,TX,77063,Visa,4485784188846013,376,1/2016
Satterign,CoreyPThompson@trashymail.com,ahnohBaoV7ch,Corey,Thompson,1607 South Street,Danville,VA,24540,MasterCard,5447913096570498,826,2/2016
Comand,GrahamJBrown@pookmail.com,teyoh0Fee,Graham,Brown,545 Rodney Street,O Fallon,MO,63366,MasterCard,5557555490385290,486,3/2014
Sairt1957,CalvinMMcLaughlin@spambob.com,Ohyea9Ax6A,Calvin,McLaughlin,311 Sundown Lane,Elgin,TX,78621,Visa,4929743667461292,176,6/2017
Humque,MaryDScott@trashymail.com,yieChoo8ei,Mary,Scott,4260 Hornor Avenue,Tulsa,OK,74120,Visa,4929771446368009,109,8/2016
Rosed1951,MikeOColeman@dodgit.com,chai0Ku0ug,Mike,Coleman,4349 Elkview Drive,Hialeah,FL,33012,Visa,4716826779624662,902,1/2017
Dayinceds,JohnKPittman@trashymail.com,Ohph6ohshee,John,Pittman,3050 Hood Avenue,San Diego,CA,92128,Visa,4556277801233267,063,8/2013
Aforessind,JudithRTrojanowski@spambob.com,eefae9Oh,Judith,Trojanowski,1721 Duke Lane,Piscataway,NJ,08854,MasterCard,5346520455691344,972,7/2014
Howboys,ConstanceRKaspar@pookmail.com,sieg8ho0Oh,Constance,Kaspar,1446 Roy Alley,Greenwood Village,CO,80111,MasterCard,5184518465329686,359,4/2014
Knowell,FlorenceHClark@dodgit.com,UoLei2Pha2v,Florence,Clark,3991 Olive Street,Fort Recovery,OH,45846,Visa,4539308475954078,911,9/2013
Thera1957,MichaelDStanley@pookmail.com,yahhiS3d,Michael,Stanley,358 Elk Street,Los Angeles,CA,90017,Visa,4929342143869648,790,10/2017
Hasexce,LyndaWArmstrong@pookmail.com,ooQu4meeCoh,Lynda,Armstrong,1497 Green Gate Lane,Baltimore,MD,21202,Visa,4539318166356251,418,6/2016
Beflue,LauraCHartman@spambob.com,leeZ8aefoch,Laura,Hartman,4118 Ferguson Street,Marlboro,MA,01752,Visa,4916623903714750,103,7/2017
Mearronsid1975,LisaKRoss@pookmail.com,toZ0choQuies,Lisa,Ross,297 High Meadow Lane,Olyphant,PA,18447,MasterCard,5556286567731197,326,6/2013
Trae1985,RichardPSmiley@trashymail.com,ooR1ieneephe,Richard,Smiley,3178 Fieldcrest Road,Huntington,NY,11743,Visa,4532969900860805,999,7/2013
Andming,AllegraBSmalls@pookmail.com,Achoo0eishoh,Allegra,Smalls,1758 Haul Road,Eagan,MN,55121,MasterCard,5229596788827005,490,7/2014
Hurpres,NigelCStetler@mailinator.com,AiPae2vuay4,Nigel,Stetler,260 Hartway Street,Aberdeen,SD,57401,MasterCard,5492618307903099,459,4/2016
Nobece,SteveMBaxter@trashymail.com,Aeroo2Ie,Steve,Baxter,33 Pinchelone Street,Virginia Beach,VA,23452,MasterCard,5307161171952962,167,10/2015
Youring,LizaABrown@dodgit.com,juGaelai4yah,Liza,Brown,4580 Post Farm Road,Duluth,GA,30097,Visa,4916553205290417,392,11/2015
Grops1944,RodgerCBennett@dodgit.com,ia7iYoh8Ah,Rodger,Bennett,181 Wright Court,Seattle,WA,98101,Visa,4485858538868495,760,3/2016
Hemen1939,PaulPWilliams@mailinator.com,Ti1aeyoh7,Paul,Williams,3990 Wyatt Street,West Palm Beach,FL,33411,MasterCard,5453200704634168,741,7/2016
Yoursider,CandaceEBehr@trashymail.com,Eujeeg2uuqu,Candace,Behr,1531 Rivendell Drive,Akron,OH,44312,Visa,4929527659115176,590,2/2014
Paver1966,VictoriaDPhillips@pookmail.com,faas7Omegh,Victoria,Phillips,775 Emma Street,Hale Center,TX,79041,MasterCard,5160390015327026,752,4/2016
Affe1959,JillRAlexander@pookmail.com,Aes7eing,Jill,Alexander,1288 Bombardier Way,Livonia,MI,48150,Visa,4485424966877431,415,5/2017
Janct1952,LenaLGoodwin@mailinator.com,cuaSo7elu3,Lena,Goodwin,4804 Lady Bug Drive,Bronx,NY,10459,MasterCard,5469013864899493,307,2/2017
Goiderink,CarolELawson@pookmail.com,iey6uuwaRae,Carol,Lawson,3140 Roosevelt Street,Oakland,CA,94612,MasterCard,5574280305069604,451,4/2016
Happely,JoanieJMcCoy@mailinator.com,eetieyee6W,Joanie,McCoy,3418 Hillside Drive,West Roxbury,MA,02132,Visa,4556634696839485,127,2/2015
Solkill,MichaelJWinstead@spambob.com,Oev1cigh1ae,Michael,Winstead,995 Elk Rd Little,Tucson,AZ,85701,Visa,4916857060194246,827,8/2015
Muscappend1961,LauraKDiaz@spambob.com,Meshu4Iig,Laura,Diaz,2110 Woodside Circle,Panama City,FL,32401,Visa,4539261605676832,600,9/2017
Hestake,PearlCBrandt@dodgit.com,pho4aiDaph,Pearl,Brandt,2171 Hillhaven Drive,Bellflower,CA,90706,Visa,4929958932080723,894,10/2013
Crimpting,CatherineWShafer@pookmail.com,ahy8aefaiCh,Catherine,Shafer,198 Cody Ridge Road,Lawton,OK,73501,MasterCard,5310691016593279,296,7/2015
Nestandmand,ChristinaDFair@mailinator.com,Le9eeh9sae,Christina,Fair,92 Walt Nuzum Farm Road,Batavia,NY,14020,Visa,4532081682609663,236,10/2016
Soome1968,WilfordJHaggerty@dodgit.com,eo0Meeg7z,Wilford,Haggerty,4258 Liberty Street,Dallas,TX,75247,MasterCard,5392538360405249,384,12/2017
Hing1932,LatashaJGiles@spambob.com,Eizaixohm7,Latasha,Giles,4686 Maxwell Street,Hartford,CT,06103,MasterCard,5571586062815861,976,3/2015
Reflonch,RobertJDuran@spambob.com,Coogh6Emo,Robert,Duran,4088 Tator Patch Road,Burr Ridge,IL,60527,Visa,4485687765431994,145,7/2013
Magery,IvanNChadwick@trashymail.com,thuZuuzee6If,Ivan,Chadwick,2534 Timber Ridge Road,Sacramento,CA,95814,Visa,4556963550483167,257,1/2017
Smonstake,FrankBCoppa@mailinator.com,ieJahpuek5ae,Frank,Coppa,440 Tree Top Lane,Plymouth Meeting,PA,19462,MasterCard,5483451424743706,228,8/2013
Licapeng,NanetteJSherman@spambob.com,Wai5phaL,Nanette,Sherman,880 Lodgeville Road,Minneapolis,MN,55402,MasterCard,5283923949343578,534,7/2014
Whisis,OliviaKFisher@mailinator.com,ieGamoobae9,Olivia,Fisher,977 American Drive,Haddonfield,NJ,08033,MasterCard,5425168683769484,034,5/2015
Golou1984,HaroldNYu@dodgit.com,uWaif6chiche,Harold,Yu,1434 Duncan Avenue,Huntington,NY,11743,MasterCard,5483105765290012,241,8/2016
Owlening,JamesHTsan@pookmail.com,aegohN3koo,James,Tsan,2016 Fidler Drive,San Antonio,TX,78229,Visa,4716523845379302,542,6/2014
Dayere,GlenTRife@pookmail.com,Egijoo7th,Glen,Rife,3229 Brentwood Drive,Liberty Hill,TX,78642,MasterCard,5442066563133053,640,11/2017
Wariuld,KathleenLRodriguez@dodgit.com,Hoh4coov9ai,Kathleen,Rodriguez,4304 Scenicview Drive,Tukwila,WA,98168,MasterCard,5502655605414807,921,2/2013
Witimpet,BradleyPWilson@trashymail.com,chah4vuz7Oe,Bradley,Wilson,512 Arthur Avenue,Freeport,IL,61032,MasterCard,5462534953397625,518,11/2016
Trin1986,RonaldDRaines@spambob.com,oilohtee1Ae,Ronald,Raines,2127 Summit Park Avenue,Southfield,MI,48075,MasterCard,5116725012554566,237,10/2016
Noblits,MillardNGragg@spambob.com,peiJee2Shi,Millard,Gragg,3076 Mount Street,Alma,MI,48801,MasterCard,5470189146448197,739,10/2015
Waystand,CarlosMBolinger@mailinator.com,RaiN5eeMee,Carlos,Bolinger,1505 Harrison Street,San Rafael,CA,94909,MasterCard,5292468356325691,829,10/2015
Youslovis,LewisJCanty@mailinator.com,Ahc4Ui1iew2,Lewis,Canty,3089 Oak Avenue,Vernon Hills,IL,60061,MasterCard,5594140206736030,109,8/2013
Ciss1965,BrandonKVolker@pookmail.com,ooyien2om6Ch,Brandon,Volker,2478 Morris Street,Fredericksburg,TX,78624,Visa,4556887387330970,159,4/2016
Obscou,LisaDMcCracken@mailinator.com,Eexoh7waph,Lisa,McCracken,1785 Clover Drive,Colorado Springs,CO,80903,Visa,4556189383253821,597,5/2013
Quan1930,DeloresMScott@mailinator.com,eig6sha9L,Delores,Scott,4637 Tully Street,Dearborn,MI,48124,MasterCard,5552615117157699,127,2/2013
Yead1932,PatDLangston@spambob.com,iBai3Dohw,Pat,Langston,472 Juniper Drive,Saginaw,MI,48607,Visa,4539448498618852,864,9/2015
Scollwas,TomKMcGhee@spambob.com,ohch9iTh9,Tom,McGhee,3571 Harter Street,Urbana,OH,43078,MasterCard,5564721708577034,464,7/2017
Coutered,NicoleFEscobar@spambob.com,tu5queiY8,Nicole,Escobar,2062 Five Points,Columbia,MD,21046,Visa,4916204522140014,323,11/2016
Litarly,ElizabethTHoch@mailinator.com,Aikaic3chu8ie,Elizabeth,Hoch,132 Saint Francis Way,Hartland,WI,53029,MasterCard,5417813217103185,432,7/2017
Prosevorce,KarenJDykema@pookmail.com,aeZuR3feev,Karen,Dykema,1897 Jarvisville Road,Adrian,MI,49221,Visa,4716201494942452,032,3/2014
Vally1954,DennisJNurse@trashymail.com,eiY4dei5soh,Dennis,Nurse,282 Hall Street,Las Vegas,NV,89108,MasterCard,5107306226428086,085,3/2014
Upast1983,GeorgeABoard@dodgit.com,ahqu3Ahdoo,George,Board,3366 Ingram Street,Dayton,OH,45402,Visa,4532640827012867,612,4/2017
Frouths,RobertaEPlatz@trashymail.com,ooYai2uch5Ei,Roberta,Platz,2706 Coplin Avenue,Phoenix,AZ,85034,Visa,4532192693593653,157,1/2017
Paracouls,TrevorHFields@dodgit.com,Nahn5eem8ie,Trevor,Fields,1346 Stockert Hollow Road,Lynnwood,WA,98036,Visa,4916253841823024,215,6/2015
Formselly,ElaneJRandolph@dodgit.com,bohl4Eiph,Elane,Randolph,2271 Bedford Street,Birmingham,AL,35203,Visa,4916684817962000,814,7/2013
Facconly,LynseyAMascarenas@trashymail.com,Ue3Eisiso,Lynsey,Mascarenas,3570 Broadway Avenue,Johnson City,TN,37601,Visa,4485916771512053,271,3/2014
Layme1990,BruceLSmith@dodgit.com,eiWee5Aiph,Bruce,Smith,2008 Briarwood Road,Monett,MO,65708,MasterCard,5278267805746426,183,1/2016
Forad1965,EnriqueEKuhns@dodgit.com,nohg7zaCie,Enrique,Kuhns,298 Hart Ridge Road,Grand Rapids,MI,49503,MasterCard,5252261141442881,235,6/2017
Theager92,JacquelineKSchild@mailinator.com,Bu6luwohj2,Jacqueline,Schild,2947 Lowes Alley,Columbus,OH,43215,Visa,4539185044072461,041,3/2017
Thithe1927,HollyJCastro@pookmail.com,pe6Quaege,Holly,Castro,3412 Harley Brook Lane,State College,PA,16803,Visa,4916959100971946,338,8/2017
Momp1955,AbeRFaust@dodgit.com,phoshong3feV,Abe,Faust,597 White Avenue,Corpus Christi,TX,78476,MasterCard,5224504365351733,926,6/2015
Gaver1943,TimothyVBrackett@trashymail.com,Leig6aet1d,Timothy,Brackett,1235 Richison Drive,Forsyth,MT,59327,Visa,4916808423165118,463,1/2016
Whousens,MarkCGabriel@dodgit.com,ePhex2xoo,Mark,Gabriel,1566 Turkey Pen Road,New York,NY,10016,MasterCard,5466075290772696,447,2/2017
Plaricany1936,FrancesDSmith@dodgit.com,Veb5uneep,Frances,Smith,3045 Corpening Drive,Pontiac,MI,48342,Visa,4532099041138307,507,6/2014
Sweld1933,KimberlyJLiddell@trashymail.com,johm8phe1Sh,Kimberly,Liddell,3737 Pleasant Hill Road,Los Angeles,CA,90017,MasterCard,5168872937465325,194,2/2015
Anderpried,VirgilJNance@mailinator.com,naepeeP5e,Virgil,Nance,1630 Lunetta Street,Siesta Key,FL,34242,Visa,4532537653134635,328,2/2017
Mycrally,MarionEPinero@dodgit.com,aeb0Ech0,Marion,Pinero,2899 Frum Street,Nashville,TN,37201,Visa,4539280538760067,558,10/2014
Frowleall,RhodaMHarris@spambob.com,eiya8yeeT,Rhoda,Harris,629 Owagner Lane,Seattle,WA,98119,Visa,4916358374299482,798,8/2015
Lationd67,CatherineCThomas@dodgit.com,Phep2siew,Catherine,Thomas,415 Commerce Boulevard,Lincoln,NE,68501,Visa,4556755716384192,852,3/2016
Hercerays,DaleSKugler@pookmail.com,Hahmiaqu5,Dale,Kugler,1692 Keyser Ridge Road,Greensboro,NC,27401,Visa,4929686951578745,261,9/2016
Thamen,KatiaACarlson@mailinator.com,Ohn6fae2ae,Katia,Carlson,2548 Hidden Meadow Drive,Edmore,ND,58330,Visa,4716161680339113,860,9/2017
Deversere88,BeverlyESoares@dodgit.com,goo1seeLu7a,Beverly,Soares,2854 Breezewood Court,Wichita,KS,67202,Visa,4539995148002960,475,3/2013
Thaus1956,JohnLWells@pookmail.com,oi5aiY6ai,John,Wells,1269 Clair Street,Morgan,TX,76671,Visa,4556075394037818,385,9/2017
Ideprosed,VanessaKParker@mailinator.com,aec6see0Woh,Vanessa,Parker,4673 Maxwell Street,Stamford,CT,06902,MasterCard,5566628436829694,563,2/2015
Undich,LauraJHamilton@pookmail.com,suseB6wa,Laura,Hamilton,235 Vineyard Drive,Elyria,OH,44035,Visa,4485493291031998,871,12/2013
Rether,MamieLEvans@pookmail.com,Woh2ohnahsh,Mamie,Evans,4004 Harley Vincent Drive,Cleveland,OH,44113,MasterCard,5253859741552022,090,5/2015
Makee1976,LisaLBaxter@dodgit.com,Le5ojeimae9,Lisa,Baxter,1331 Trails End Road,Hollywood,FL,33023,MasterCard,5175852661149205,463,11/2015
Thaddle,DemetriusDJones@trashymail.com,neir7bae1AC,Demetrius,Jones,4648 University Hill Road,Mattoon,IL,61938,MasterCard,5323639987324153,565,2/2015